chart_id,table_icon,table_level
C19d35e1260b8d5b84ee,★,11
C19d35e12615f34e0171,ln,6
C19d35e12615f34e0171,◆,6
C19d35e126197447d377,▼,9
C19d35e1261b1365c4dc,▼,13
C19d35e1261c917b54c0,▽,10
C19d35e1261fb5860387,▽,6
C19d35e126200861be32,st,2
C19d35e12627eacf124e,st,3
C19d35e12628deb827a9,dy,2
C19d35e12628deb827a9,st,7
C19d35e12629563d0f19,▼,11
C19d35e1262a691afc6d,▽,3
C19d35e1262bd5bab57b,▽,11
C19d35e1262c650a4ea4,▽,6
C19d35e1263e250e15cb,ξ,4
C19d35e1263f2bfcc283,SB,-1
C19d35e12640d79c4205,SB,0
C19d35e12641e9e4e652,SB,1
C19d35e12641e9e4e652,sr,?
C19d35e126423bdae60b,sr,9
C19d35e126437c89d8b9,SB,4
C19d35e1264637b7f01c,SB,6
C19d35e1264637b7f01c,fr,6
C19d35e126480513d462,SB,4
C19d35e126524b57a458,ln,17
C19d35e126524b57a458,◆◆,2
C19d35e12658ea90e586,sr,?
C19d35e12658ea90e586,▽,9
C19d35e12659909012a8,★,23
C19d35e12659909012a8,★★,3
C19d35e126642dc41c86,▽,9
C19d35e1266688e30fed,sr,?
C19d35e1266688e30fed,▽,11
C19d35e126708e5477b7,▼,6
C19d35e1267817e88c21,★,11
C19d35e1272efa5a427f,dl,9
C19d35e1272efa5a427f,st,9
C19d35e1272fbb09140d,★★,3
C19d35e127336552ec6d,ξ,12
C19d35e12736c94d73e5,sr,10
C19d35e1273902a7c019,st,3
C19d35e1273902a7c019,重発狂,3
C19d35e1273aa2aae59f,dl,7
C19d35e1273aa2aae59f,dy,2
C19d35e1273aa2aae59f,st,7
C19d35e1273b2c5ad9be,sl,6
C19d35e12745bdeb5914,sl,6
C19d35e12745bdeb5914,乱打,6
C19d35e1274d33c42df5,☆,10
C19d35e1276e05964108,▼,2
C19d35e1276e05964108,乱打,3
C19d35e1276f502aec43,乱打,5
C19d35e1277fe70a3725,☆,8
C19d35e1278691834dee,★,5
C19d35e127a4331e4e14,▽,2
C19d35e127ab5341d330,sr,10
C19d35e127ab5341d330,▽,11
C19d35e127ab5341d330,☆,11
C19d35e127aef1b18dda,★,5
C19d35e127b035de085c,sr,0
C19d35e127b035de085c,▽,6
C19d35e127b26eb3046c,sl,12
C19d35e127b809ab4c67,st,1
C19d35e127c03abc7764,sl,2
C19d35e127c467c05af9,sr,5
C19d35e127c5b6933d0d,sr,11
C19d35e127cc87321f01,ln,15
C19d35e127cc87321f01,◆,15
C19d35e127d090dcac1f,sr,7
C19d35e127d15395b103,ξ,5
C19d35e127d2fdccbe05,sl,0
C19d35e127d2fdccbe05,sr,11
C19d35e127d2fdccbe05,乱打,0
C19d35e127d4dcf194cc,sr,1
C19d35e127f7953dbc70,sl,0
C19d35e127f7953dbc70,乱打,0
C19d35e127fc01fc5259,sr,10
C19d35e127fea9f41e7d,sr,2
C19d35e1280052755749,st,7
C19d35e12801081fe4e5,sl,2
C19d35e12802359aa0a3,sl,1
C19d35e12804854f2ab5,sr,7
C19d35e1280583f022a4,sr,0
C19d35e1280b543185de,ξ,7
C19d35e12818d79d72bb,sl,0
C19d35e12818d79d72bb,乱打,0
C19d35e1281b68d6b96f,st,3
C19d35e1281e5e485425,▽,6
C19d35e1281fcbf58fb1,▽,9
C19d35e1282027f38223,SB,4
C19d35e128216ea36c13,SB,6
C19d35e12822edf8cf17,▼,15
C19d35e128379289d63d,▼,10
C19d35e128381d1651a9,dl,10
C19d35e128381d1651a9,st,10
C19d35e128426cfd0361,dl,12
C19d35e128426cfd0361,dy,7
C19d35e128426cfd0361,st,12
C19d35e128426cfd0361,重発狂,12
C19d35e12849fb198a3c,dl,8
C19d35e12849fb198a3c,st,8
C19d35e12849fb198a3c,重発狂,8
C19d35e1284e34679d67,dl,6
C19d35e1284e34679d67,st,6
C19d35e12853a3230124,so,9
C19d35e12853a3230124,▼,14
C19d35e128579a67b8d6,sr,?
C19d35e12858b3def186,sr,0
C19d35e128740a4e9f89,重発狂,4
C19d35e1287c766242f4,▼,19
C19d35e1287c766242f4,重発狂,0
C19d35e12887b914a03b,ξ,8
C19d35e12888ccd451a0,st,5
C19d35e12888ccd451a0,双,4
C19d35e1288c0f6d0d4a,sl,11
C19d35e1288d4bbc0fd0,▽,4
C19d35e1288e60d17d18,▽,7
C19d35e1288f30c37382,▽,10
C19d35e1289085e3d5f4,▽,12+
C19d35e128b1fcfea773,SB,-1
C19d35e128b1fcfea773,h◎,-1
C19d35e128c5f4168e88,h◎,2
C19d35e1294747657947,▽,6
C19d35e1294747657947,☆,6
C19d35e1294b2bdef089,sr,6
C19d35e1294b2bdef089,▽,10
C19d35e1294d05c16ce2,▽,3
C19d35e1294d05c16ce2,☆,3
C19d35e129869cb61577,sl,0
C19d35e129869cb61577,sr,12
C19d35e129869cb61577,▽,11+
C19d35e12987c40d5a85,sr,1
C19d35e12987c40d5a85,▽,7
C19d35e129887dc5179e,▽,3
C19d35e1298a09f6bf3d,ξ,1
C19d35e1298a09f6bf3d,▽,1
C19d35e1299860ea0d5f,▼,3
C19d35e129a57496aa42,SB,7
C19d35e129a57496aa42,h◎,11
C19d35e129ca80c82000,fr,8
C19d35e129ca80c82000,sn,2
C19d35e129ca80c82000,★,22
C19d35e129e0b5980df8,★,22
C19d35e129e0b5980df8,★★,2
C19d35e129fc8ef5c52f,★,2
C19d35e12a01185c7dd0,★,7
C19d35e12a03ff2e0c22,sr,10
C19d35e12a03ff2e0c22,☆,11
C19d35e12a07ee57eae2,sr,3
C19d35e12a0f55a5634b,★★,2
C19d35e12a0f55a5634b,双,2
C19d35e12a203021c497,sr,7
C19d35e12a22cc2b43aa,ξ,4
C19d35e12a33aa03a36d,dy,3
C19d35e12a33aa03a36d,st,8
C19d35e12a3b1475d815,▽,6
C19d35e12a3fd94f8faf,▽,8
C19d35e12a404f2038ab,ξ,7
C19d35e12a4c4e4df992,dl,9
C19d35e12a4c4e4df992,st,9
C19d35e12a4fee0a189a,sl,3
C19d35e12a5136ae763b,sr,4
C19d35e12a52726e99ec,sr,13
C19d35e12a5c37e3f124,乱打,2
C19d35e12a612c2fb65d,dl,dl6 (sub)
C19d35e12a612c2fb65d,★★,4
C19d35e12a6577138bb6,dl,dl1 (sub)
C19d35e12a6577138bb6,★,21
C19d35e12a6577138bb6,★★,1
C19d35e12a760d6e82bc,▼,21
C19d35e12a760d6e82bc,重発狂,1
C19d35e12a89a3ce8d7f,★,6
C19d35e12a89a3ce8d7f,乱打,3
C19d35e12a8bcbe47163,★,8
C19d35e12a8bcbe47163,乱打,7
C19d35e12a8d9283a7a4,★,16
C19d35e12a8d9283a7a4,乱打,12
C19d35e12a9165980f5a,重発狂,2
C19d35e12a9c6266ddfa,sl,11
C19d35e12a9c6266ddfa,乱打,11
C19d35e12a9de4696d31,sr,13
C19d35e12aa5ed543c17,sr,6
C19d35e12aa66a95fa83,ln,16
C19d35e12aaaeec3dfb6,ln,21
C19d35e12aaaeec3dfb6,◆,21
C19d35e12aaddd701165,h◎,6
C19d35e12aae8bad5ddd,h◎,6
C19d35e12ab0b869e9b7,ln,15
C19d35e12ac3d40d0f45,h◎,3
C19d35e12ad87894ebe8,☆,3
C19d35e12adada08d689,☆,9
C19d35e12adc7f88a4ff,Ude,1
C19d35e12ae0954bef54,▽,2
C19d35e12ae682768e25,▽,5
C19d35e12ae7b2396af2,sr,9
C19d35e12ae7b2396af2,▽,10
C19d35e12ae8b76d381a,sr,12
C19d35e12ae8b76d381a,▽,11+
C19d35e12ae974a67bd2,▼,6
C19d35e12aec9ff745df,▼,17
C19d35e12aed17cce571,sl,6
C19d35e12aed17cce571,▼,9
C19d35e12aed17cce571,乱打,6
C19d35e12af0bd87b9ea,sr,?
C19d35e12af1e94123d4,sr,?
C19d35e12af2f286f543,sr,?
C19d35e12af39f47d852,sr,?
C19d35e12af39f47d852,ξ,3
C19d35e12b0d69ccc7d8,Ude,11
C19d35e12b0d69ccc7d8,sl,11
C19d35e12b0ea465c881,Ude,2
C19d35e12b0ea465c881,sl,2
C19d35e12b0f04c277ac,Ude,0
C19d35e12b0f04c277ac,▼,0
C19d35e12b1c96b989b4,▽,6
C19d35e12b1d3ddc6629,ln,10
C19d35e12b1e92689b94,sr,1
C19d35e12b1e92689b94,▽,8
C19d35e12b1f88bcb0c8,sr,7
C19d35e12b1f88bcb0c8,▽,10
C19d35e12b273b5ffb24,Ude,3
C19d35e12b3ab911361c,ξ,3
C19d35e12b3bf345fc70,ξ,8
C19d35e12b3c80358b1b,sr,0
C19d35e12b3d5cd97397,sr,4
C19d35e12b43709ab110,sr,11
C19d35e12b4e14ee6b86,SB,1
C19d35e12b4f37cc3891,SB,2
C19d35e12b50503aa4d3,dy,0
C19d35e12b50503aa4d3,双,4
C19d35e12b5cf63a5344,sr,9
C19d35e12b5cf63a5344,☆,10
C19d35e12b5fa30b872a,sl,6
C19d35e12b60c7779bf8,sr,3
C19d35e12b66683bfc8c,★,3
C19d35e12b68b5d4378a,sl,1
C19d35e12b68b5d4378a,▼,2
C19d35e12b6af1a11d94,st,4
C19d35e12b6af1a11d94,双,4
C19d35e12b716c85e643,st,2
C19d35e12b7258158001,sr,8
C19d35e12b7458669f05,sl,5
C19d35e12b77a8676654,dy,1
C19d35e12b782e19878a,sl,2
C19d35e12b7a9fc4229f,sr,8
C19d35e12b8635753825,★,3
C19d35e12b87d476e353,sr,?
C19d35e12b88cb99396c,sr,6
C19d35e12b895b44ac8b,▼,13
C19d35e12b895b44ac8b,乱打,8
C19d35e12b93e42b5b51,▼,13
C19d35e12ba4abf8f9a1,★★,1
C19d35e12bafdd965c32,ξ,7
C19d35e12bb52cc1d22c,★,5
C19d35e12bb52cc1d22c,乱打,4
C19d35e12bb8d5703083,★,9
C19d35e12bb8d5703083,乱打,8
C19d35e12bba5e61f5a4,★,13
C19d35e12bba5e61f5a4,乱打,10
C19d35e12bbcedfb39f2,so,0
C19d35e12bbe553f81ce,双,4
C19d35e12bbfa7fa75d9,双,5
C19d35e12bd90ed43dc3,▼,13
C19d35e12bda5978268d,★,3
C19d35e12bdc9ea22ff7,乱打,12
C19d35e12bdee6a76b0e,ξ,12
C19d35e12bdf8ac90eb8,ln,13
C19d35e12c05ad3f9246,sr,10
C19d35e12c05ad3f9246,▽,10
C19d35e12c0df0802a69,▼,3
C19d35e12c0df0802a69,★,3
C19d35e12c117f2e0942,▼,12
C19d35e12c117f2e0942,乱打,7
C19d35e12c128b5b362f,▼,14
C19d35e12c128b5b362f,乱打,9
C19d35e12c13b7d1f6b5,fr,12
C19d35e12c1460d215bb,★,16
C19d35e12c1460d215bb,乱打,11
C19d35e12c19ad37bb6a,▼,23
C19d35e12c24f614a040,▽,12
C19d35e12c31e0c3902c,◆,6
C19d35e12c490dea2f74,dl,6
C19d35e12c4a403eac34,dl,10
C19d35e12c4bab0fecd7,dl,12
C19d35e12c4bab0fecd7,dy,7
C19d35e12c4bab0fecd7,st,12
C19d35e12c4fc4fc8a05,★,10
C19d35e12c57e95225ac,st,2
C19d35e12c57e95225ac,▼,22
C19d35e12c57e95225ac,重発狂,3
C19d35e12c5ba52c95d3,ξ,6
C19d35e12c5e5f92a19f,★,9
C19d35e12c75d7f5f3fe,双,5
C19d35e12c77cb0343b9,st,0
C19d35e12c77cb0343b9,重発狂,0
C19d35e12c7cf49d83ec,st,7
C19d35e12c7d0efe38d6,sl,0
C19d35e12c7d0efe38d6,sr,12
C19d35e12c7d0efe38d6,乱打,0
C19d35e12c7ed306f610,st,0
C19d35e12c7ed306f610,▼,18
C19d35e12c7ed306f610,乱打,12
C19d35e12c7f9f8f1e76,sr,9
C19d35e12c9ab5686c61,☆,5
C19d35e12cacd61c69d5,dl,6
C19d35e12cacd61c69d5,st,6
C19d35e12cb341445750,◆,15
C19d35e12cbad70d2d39,★★,2
C19d35e12cf775580757,sr,0
C19d35e12cf8e03c7da3,sr,8
C19d35e12cf9abac9fca,Ude,2
C19d35e12cf9abac9fca,sl,2
C19d35e12cfbfe69d702,Ude,10
C19d35e12cfbfe69d702,sl,10
C19d35e12cfc3753ccee,st,1
C19d35e12cfc3753ccee,双,1
C19d35e12cfdbad4128b,双,6
C19d35e12d0fcfde659c,fr,9
C19d35e12d0fcfde659c,★★,3
C19d35e12d20adf50f87,★,4
C19d35e12d221715cf42,◆◆,2
C19d35e12d7441eeb39f,sl,3
C19d35e12d75e4e98693,sr,10
C19d35e12d75e4e98693,▽,11
C19d35e12d76672b72aa,ξ,10
C19d35e12d76672b72aa,▽,5
C19d35e12d77b70616f5,sl,1
C19d35e12d7f1ad2c1f5,sl,6
C19d35e12d80e6fc6af5,sl,3
C19d35e12d80e6fc6af5,乱打,3
C19d35e12d829f5db947,st,1
C19d35e12d829f5db947,重発狂,1
C19d35e12d833beb68f2,sl,0
C19d35e12d833beb68f2,sr,10
C19d35e12d8453ba47aa,st,4
C19d35e12d8453ba47aa,重発狂,4
C19d35e12d8590e3317d,sl,10
C19d35e12d8590e3317d,乱打,10
C19d35e12d87e7f7b2ef,▼,7
C19d35e12d8899f40ef6,▽,4
C19d35e12d89379d0baf,▽,11
C19d35e12d8abf504796,dy,0
C19d35e12d8abf504796,st,5
C19d35e12d8abf504796,重発狂,5
C19d35e12d8b1e9f7d24,▼,21
C19d35e12d8c9291ab47,▼,18
C19d35e12d8d2185c963,▽,7
C19d35e12dac1155fbd7,▽,4
C19d35e12dafbb95cbb1,◆,9
C19d35e12db2e0e32d65,★★,4
C19d35e12dbce82be238,★★,2
C19d35e12dce5671e48b,▽,9
C19d35e12dcf48512e3b,▽,11
C19d35e12dcf48512e3b,☆,10
C19d35e12dd1a474911a,★,9
C19d35e12dda44bfaf6c,▼,2
C19d35e12ddbfa3a7a34,▼,19
C19d35e12deb48ddf406,ξ,3
C19d35e12deb48ddf406,▽,3
C19d35e12dec5d902119,▽,7
C19d35e12ded8d95fb98,▽,11
C19d35e12dee18bb2465,▽,12+
C19d35e12defa485d8a9,▼,11
C19d35e12defa485d8a9,乱打,7
C19d35e12dfd715c4196,sr,13
C19d35e12e0228322c7e,sr,10
C19d35e12e06733e2ccd,★,12
C19d35e12e06733e2ccd,乱打,8
C19d35e12e0bab304f3b,★,1
C19d35e12e0bab304f3b,乱打,1
C19d35e12e11a39f98ba,ln,15
C19d35e12e2a5baf564d,SB,2
C19d35e12e2a5baf564d,h◎,2
C19d35e12e2c9f5aa15b,SB,0
C19d35e12e2dcbabf256,▼,5
C19d35e12e441501c949,SB,3
C19d35e12e49184411df,SB,0
C19d35e12e4abc09151c,SB,-1
C19d35e12e4bff4ef60b,SB,8
C19d35e12e7817754042,▽,6
C19d35e12e7b7d780a47,◆,13
C19d35e12e986636002d,sr,4
C19d35e12e997b585632,sr,7
C19d35e12e9adee1fe46,sr,11
C19d35e12ea10cfe523d,★,3
C19d35e12ea225f14486,st,3
C19d35e12ea225f14486,双,3
C19d35e12eb5b28b6e39,ln,16
C19d35e12eb5b28b6e39,◆◆,3
C19d35e12ec2d31fc361,ln,18
C19d35e12ec3d1dd68ff,sr,7
C19d35e12ec3d1dd68ff,▽,10
C19d35e12ec5177cb83d,sr,0
C19d35e12ec5177cb83d,▽,7
C19d35e12ec5177cb83d,☆,7
C19d35e12ec658156b48,▽,12
C19d35e12ec94a97a1e7,▽,5
C19d35e12eca34fc8d9b,★,4
C19d35e12eeddae3be28,ξ,7
C19d35e12eefb94f72b1,ξ,13
C19d35e12efcbe445f56,SB,6
C19d35e12f11da276819,☆,4
C19d35e12f6ae05d7343,▽,9
C19d35e12f6b1b8a8bd5,▽,12+
C19d35e12f6c998138c9,st,1
C19d35e12f6c998138c9,双,1
C19d35e12f6daf0bd14f,双,3
C19d35e12f6e91b87697,st,6
C19d35e12f6e91b87697,双,5
C19d35e12f85c69d6146,sl,4
C19d35e12f8ab29d504f,sr,8
C19d35e12f8c5f51f2dd,sr,0
C19d35e12f8f69658098,ln,15
C19d35e12f95f62067e2,st,0
C19d35e12fb829535728,sl,9
C19d35e12fb829535728,▼,14
C19d35e12fbf311f8129,sl,0
C19d35e12fbf311f8129,sr,10
C19d35e12fbf311f8129,▽,11
C19d35e12fbf311f8129,☆,11
C19d35e12fc71d921ee2,sr,3
C19d35e12fc71d921ee2,▽,8
C19d35e12fcc077ab255,sl,1
C19d35e12fcc077ab255,▽,12+
C19d35e12fcc077ab255,★,2
C19d35e12fcd5d8d482e,▽,5
C19d35e12fce0dc89f1a,▽,12-
C19d35e12fd1f0c371df,◆,8
C19d35e12fd29ca1229b,h◎,2
C19d35e12fd3b86221db,h◎,0
C19d35e12fddeac26116,★,3
C19d35e12fe66390646e,sl,10
C19d35e12fe66390646e,乱打,10
C19d35e12ffcd6f27853,sl,3
C19d35e12ffcd6f27853,▼,3
C19d35e13004ee72d2f9,sr,6
C19d35e13004ee72d2f9,▽,10
C19d35e1301c5215234a,★,9
C19d35e13022abb047ae,▽,6
C19d35e13024c12f57f5,sl,11
C19d35e130287f35815e,fr,11
C19d35e130287f35815e,st,6
C19d35e1302e82e491c0,ξ,10
C19d35e1303bdbab8781,▼,1
C19d35e1303f20c48ad1,Ude,6
C19d35e1303f20c48ad1,sl,6
C19d35e1305167c20c22,☆,10
C19d35e130551f113f95,☆,4
C19d35e1305cde8dbacf,▽,7
C19d35e1305d0bbdc761,▽,2
C19d35e1305eddb06522,▽,6
C19d35e1305fd8bf18af,▽,4
C19d35e13061ae526f18,▼,2
C19d35e1306c5eaf9d87,sr,7
C19d35e1306de6253cef,sr,1
C19d35e1306fe5cbb1df,sl,1
C19d35e13070a1f0eaea,▼,5
C19d35e13071863eb0f3,▽,11+
C19d35e1307308259ac3,▽,11
C19d35e13074addf906e,▽,4
C19d35e130750de31a36,▼,12
C19d35e1307f79a20094,◆,1
C19d35e130881adae50d,乱打,7
C19d35e1308909d3a676,重発狂,0
C19d35e1308d9a2087b6,★★,3
C19d35e13091aa86a016,▽,1
C19d35e13091aa86a016,☆,1
C19d35e130921c5fc1ca,▽,4
C19d35e13093ead7c5e5,sr,1
C19d35e13093ead7c5e5,▽,7
C19d35e130949fd6a000,ln,5
C19d35e130949fd6a000,sr,9
C19d35e130949fd6a000,▽,10
C19d35e130957582d45b,ln,13
C19d35e130980bebf614,Ude,3
C19d35e130980bebf614,sl,3
C19d35e130ca52c99501,☆,9
C19d35e130cc3f97e4ed,双,4
C19d35e130ce99dd00b6,sl,7
C19d35e130ce99dd00b6,乱打,7
C19d35e130d5325d7dd4,◆,5
C19d35e130d9333755c5,★,4
C19d35e130e3dc79225c,☆,10
C19d35e130e6f6507d73,dy,0
C19d35e130e6f6507d73,st,5
C19d35e130e6f6507d73,双,4
C19d35e130f147546a0c,★★,3
C19d35e131174cf51670,sr,6
C19d35e131174cf51670,☆,9
C19d35e1311abecd30a4,★,8
C19d35e1311f4864b140,fr,2
C19d35e1311f4864b140,◆,5
C19d35e1312561d9c080,★,12
C19d35e1312561d9c080,乱打,7
C19d35e13128dbb1ef78,fr,8
C19d35e13129870f7bf4,dl,6
C19d35e13129870f7bf4,dy,？
C19d35e13129870f7bf4,fr,10
C19d35e1312b608ef54f,fr,7
C19d35e1312b608ef54f,st,1
C19d35e1312b608ef54f,★,20
C19d35e1312b608ef54f,重発狂,1
C19d35e1313227d40e87,st,2
C19d35e1313227d40e87,重発狂,2
C19d35e131391c436ba6,sr,0
C19d35e131391c436ba6,▽,7
C19d35e1313d9ec12288,★,6
C19d35e1313d9ec12288,乱打,3
C19d35e1314d5ece8cf2,ln,14
C19d35e1314e82f1dde2,ln,5
C19d35e131509686cd13,★,2
C19d35e131509686cd13,乱打,1
C19d35e13151f93c07ed,★,3
C19d35e13151f93c07ed,乱打,2
C19d35e1315d397ea5ac,乱打,10
C19d35e13163e5fc340b,ln,4
C19d35e13164d956d606,ln,11
C19d35e131694f4f8f2e,◆,23
C19d35e131713404419e,sl,1
C19d35e131713404419e,▼,1
C19d35e131713404419e,乱打,1
C19d35e131a611cc4c6a,▼,19
C19d35e131a8e348e7ab,▽,7
C19d35e131aaaca6bfb7,▽,9
C19d35e131aaaca6bfb7,☆,8
C19d35e131ab731b44f3,▽,11+
C19d35e131c5497d998d,sr,1
C19d35e131c6e98ed4c1,sr,8
C19d35e131c738b52eef,sl,0
C19d35e131c738b52eef,sr,11
C19d35e131ca4a1f0c56,sl,10
C19d35e131fb661027b9,▼,9
C19d35e131fe569f91d0,▼,1
C19d35e131fe569f91d0,☆,13
C19d35e13200c18f3691,▽,10
C19d35e13201e284b55c,▼,17
C19d35e13204e24d91b3,▽,6
C19d35e13204e24d91b3,☆,6
C19d35e1320a8ceda228,▽,12
C19d35e1320a8ceda228,☆,12
C19d35e1320eb194551d,sr,11
C19d35e1320eb194551d,▽,11
C19d35e1320f1cefcfcc,▽,6
C19d35e1321baf7f06b6,Ude,12
C19d35e1321baf7f06b6,sl,12
C19d35e1321baf7f06b6,双,0
C19d35e1321c09ac1d2a,dl,5
C19d35e1321fc2a8e425,ξ,10
C19d35e13220f51a8d59,st,8
C19d35e13220f51a8d59,双,5
C19d35e1322d9636f7c5,Ude,4
C19d35e1322d9636f7c5,sl,4
C19d35e1323b2e609815,◆,14
C19d35e1323fe0968f39,sl,7
C19d35e1323fe0968f39,乱打,7
C19d35e13245ccf1b9de,st,3
C19d35e13245ccf1b9de,重発狂,3
C19d35e1324ee6c7c0f5,▽,12
C19d35e1324ee6c7c0f5,★,1
C19d35e1324ee6c7c0f5,乱打,1
C19d35e1325032ee9925,sr,11
C19d35e1325032ee9925,▽,11
C19d35e13259b97ed996,sr,6
C19d35e13259b97ed996,▽,9
C19d35e1325bb61f7875,ln,18
C19d35e1325bb61f7875,◆,18
C19d35e1325bb61f7875,◆◆,6
C19d35e132608a70bf9d,sr,0
C19d35e132608a70bf9d,▽,7
C19d35e132635a36a95a,▼,9
C19d35e13264ed34573d,sl,12
C19d35e13264ed34573d,▼,19
C19d35e13264ed34573d,乱打,12
C19d35e1326fdf82c9ce,▽,3
C19d35e13277e9a4bfae,▽,3
C19d35e132786f981f94,▽,6
C19d35e132796c812398,sr,8
C19d35e132796c812398,▽,10
C19d35e1327a3e78feca,sr,13
C19d35e1327a3e78feca,▽,12
C19d35e1327b87485575,▼,6
C19d35e1328efd9aae45,ln,21
C19d35e1328efd9aae45,◆,22
C19d35e132937b76f071,sr,10
C19d35e132942e01553e,st,3
C19d35e132942e01553e,双,3
C19d35e1329650e3b112,sl,6
C19d35e1329d0874756b,sl,3
C19d35e1329d0874756b,乱打,3
C19d35e1329e71755f47,st,0
C19d35e132a187008320,fr,4
C19d35e132a3f3105435,st,4
C19d35e132a4abdd4520,dy,4
C19d35e132a4abdd4520,st,9
C19d35e132a5206b55ed,sl,6
C19d35e132a5206b55ed,乱打,6
C19d35e132a8e65b3ba1,▽,9
C19d35e132b09d7f3eed,★,23
C19d35e132b09d7f3eed,★★,3
C19d35e132b30a8d0e98,st,1
C19d35e132b30a8d0e98,重発狂,1
C19d35e132ba5181dd4d,dl,dl8 (sub)
C19d35e132bb4379ecfe,★,11
C19d35e132bb4379ecfe,乱打,8
C19d35e132c643646d60,sl,5
C19d35e132c643646d60,乱打,5
C19d35e132c97eb74aab,◆,25
C19d35e132ca56f39c27,ln,19
C19d35e132d56cc18b1d,ln,23
C19d35e132d56cc18b1d,◆◆,11
C19d35e132e24b0ea3b8,dl,6
C19d35e133140f9b3517,sr,10
C19d35e133140f9b3517,▽,11
C19d35e13316e554048b,▽,3
C19d35e1331cc485dd12,sr,5
C19d35e1331cc485dd12,▽,9
C19d35e1331ec7a5538b,sl,9
C19d35e1331ec7a5538b,▼,16
C19d35e1331ec7a5538b,乱打,9
C19d35e133203a1aff6a,▽,6
C19d35e1333f52a84c05,st,0
C19d35e1335b3b2a5145,▼,5
C19d35e1335e16152535,sr,1
C19d35e1335e16152535,▽,8
C19d35e133609568c554,st,1
C19d35e133609568c554,▼,20
C19d35e1336231fbad18,▼,23
C19d35e133638ad8a9aa,ξ,4
C19d35e133638ad8a9aa,▽,3
C19d35e13364ddc688e9,sl,5
C19d35e13365140e6664,ln,23
C19d35e13365140e6664,◆,23
C19d35e13374edf771ca,sl,4
C19d35e133875174951b,so,10
C19d35e1338b17b9063f,▽,9
C19d35e13398369528db,▽,7
C19d35e13399077adc98,sr,3
C19d35e13399077adc98,▽,8
C19d35e13399077adc98,☆,8
C19d35e1339b5f43ed53,sr,8
C19d35e1339b5f43ed53,▽,10
C19d35e1339b5f43ed53,☆,10
C19d35e1339cb4443f0b,◆,9
C19d35e1339f8242b030,★,1
C19d35e1339f8242b030,乱打,1
C19d35e133a0b48a105c,★,4
C19d35e133a0b48a105c,乱打,3
C19d35e133a189595f90,★,10
C19d35e133a189595f90,乱打,6
C19d35e133a62d90ac1d,st,3
C19d35e133a62d90ac1d,双,3
C19d35e133a87a254cad,dl, BEGINNER
C19d35e133a87a254cad,▼,8
C19d35e133b750322b89,st,2
C19d35e133ba860898c7,sr,7
C19d35e133bb563523fe,sr,13
C19d35e133d3e4e1105e,▽,11
C19d35e133d75a045039,▽,9
C19d35e133d89b63f4e6,ln,15
C19d35e133dab7606c0f,▽,9
C19d35e133dbdbed64ff,☆,11
C19d35e133dc81be8885,◆,6
C19d35e133de2328228a,★,9
C19d35e133e83804b9ce,◆,3
C19d35e133f0d7557530,▽,9
C19d35e133f40b0104e9,dy,2
C19d35e133f40b0104e9,st,7
C19d35e133f40b0104e9,双,4
C19d35e133f6604a4ba6,双,3
C19d35e133ffdfd6e2a3,st,4
C19d35e133ffdfd6e2a3,双,4
C19d35e13402309c6cf5,sl,1
C19d35e13402309c6cf5,▼,1
C19d35e1341ca10d5ba6,so,0
C19d35e1341ca10d5ba6,☆,12
C19d35e1341f5f2dcad4,★,12
C19d35e13420c86bd6e8,st,5
C19d35e13426f00f3a3c,ln,22
C19d35e13436a96c1f2b,ξ,6
C19d35e13437d6f395f1,sr,1
C19d35e13438855dd07f,sr,9
C19d35e134393b1ff91a,sl,0
C19d35e134393b1ff91a,sr,12
C19d35e134393b1ff91a,乱打,0
C19d35e1343ad1dbe98c,SB,1
C19d35e1343b47bef231,sl,3
C19d35e1343c9aa0ebe9,sr,9
C19d35e1343e7a987d66,ξ,10
C19d35e1344b58730627,☆,12
C19d35e13452149297f2,sl,8
C19d35e134540b32367c,sl,1
C19d35e13456cf25008a,sr,13
C19d35e13458d51295b8,sr,3
C19d35e1345db59b04b3,▽,11+
C19d35e1345e23e3cc4a,▽,10
C19d35e1345f1e5ea591,▽,6
C19d35e13480bb75baad,sl,1
C19d35e13480bb75baad,▽,11+
C19d35e13480bb75baad,乱打,1
C19d35e134829159e245,▽,2
C19d35e13484002900b1,▽,9
C19d35e1348654181fa3,▼,8
C19d35e134888445b281,▽,6
C19d35e1348f41487d27,☆,2
C19d35e134957e4c5687,sr,10
C19d35e13496a8b85840,sr,2
C19d35e13499619bbb3e,Ude,10
C19d35e13499619bbb3e,sl,10
C19d35e1349ed81497ff,★,5
C19d35e134aa4b0d9ca4,▽,11+
C19d35e134abaf972a67,▽,4
C19d35e134ac4d2621fe,▽,10
C19d35e134ad4e006065,▽,6
C19d35e134bc007dbb57,▽,4
C19d35e134c1209d2fd8,☆,6
C19d35e134c9f07f1def,双,2
C19d35e134d2d4b2a143,sl,0
C19d35e134e10049d16d,Ude,9
C19d35e134e10049d16d,sl,9
C19d35e134ed19efe876,双,3
C19d35e134ee9d5dad45,st,7
C19d35e134ee9d5dad45,双,4
C19d35e1350a27df0c09,☆,12
C19d35e13516e1d8db44,▽,11
C19d35e13516e1d8db44,☆,11
C19d35e135196ea4c69f,▼,3
C19d35e1351affa08ff5,▼,12
C19d35e1351affa08ff5,★,12
C19d35e1351b03958dbe,▽,9
C19d35e1351df5ff393b,ξ,11
C19d35e1351df5ff393b,▽,6
C19d35e1351f880341d3,st,5
C19d35e1352242fc8e75,双,4
C19d35e1352cc86f53ac,▽,12+
C19d35e1353734431bcf,sr,8
C19d35e1353734431bcf,▽,10
C19d35e13539bb6afb91,★,12
C19d35e1353cb130768f,▽,6
C19d35e1353f8f8ca6ac,dy,3
C19d35e135408354d93d,dl,7
C19d35e135408354d93d,st,7
C19d35e135410f28ce7e,dl,3
C19d35e135410f28ce7e,★,22
C19d35e13542c238dd6f,h◎,14
C19d35e135433bd184dd,sl,4
C19d35e13546653af4b9,◆,25
C19d35e13548e5ffea99,ξ,4
C19d35e135563b1ef3c6,sr,11
C19d35e135563b1ef3c6,☆,11
C19d35e1355bcf215ff2,sr,5
C19d35e1355d8f17c821,ξ,10
C19d35e1355e60c6e2ab,h◎,10
C19d35e1356288222f2a,★,1
C19d35e135721d3110ca,☆,9
C19d35e135780a18bdc7,★,4
C19d35e13592738ee810,sr,7
C19d35e13592738ee810,▽,9
C19d35e13595e9ef0263,sr,4
C19d35e13595e9ef0263,▽,8
C19d35e13596cd4cf8ec,▼,4
C19d35e1359819614e68,▽,4
C19d35e135a3dc1376b7,sr,13
C19d35e135a4d31cc709,sl,5
C19d35e135a5ccd8f819,sr,7
C19d35e135a65899edd3,sr,1
C19d35e135aabc442186,dy,1
C19d35e135aabc442186,重発狂,6
C19d35e135b0029a803c,☆,5
C19d35e135b30aa9a241,★,7
C19d35e135b535f947f4,sn,0
C19d35e135e8ce2ff521,sl,4
C19d35e135e8ce2ff521,乱打,4
C19d35e135e9610aaa31,sl,0
C19d35e135e9610aaa31,乱打,0
C19d35e135f122b04103,☆,8
C19d35e135f57cace711,▽,9
C19d35e135f688569572,Ude,3
C19d35e135f688569572,sl,3
C19d35e13603bc6de22f,◆,15
C19d35e13604ebb82360,☆,1
C19d35e1360763f9f4f3,st,4
C19d35e1360763f9f4f3,双,3
C19d35e136104dedb594,dy,3
C19d35e13611d81483d3,st,6
C19d35e13611d81483d3,重発狂,6
C19d35e1361513c43c8b,▽,12+
C19d35e136188462300d,Ude,11
C19d35e136188462300d,sl,11
C19d35e136188462300d,乱打,11
C19d35e136197edccadf,sr,7
C19d35e136197edccadf,▽,10
C19d35e1361ad7d5999e,▼,17
C19d35e1361ce0918558,dy,4
C19d35e1361dd05bccff,ξ,12
C19d35e1361dd05bccff,▽,7
C19d35e1362004e602d1,st,5
C19d35e136251e9f727c,重発狂,5
C19d35e1362644f1fc1d,st,9
C19d35e1362644f1fc1d,重発狂,9
C19d35e13627e1354c4b,st,1
C19d35e13627e1354c4b,重発狂,1
C19d35e13639278d7310,sl,0
C19d35e13639278d7310,sr,11
C19d35e13639278d7310,乱打,0
C19d35e1363c0869b849,★,18
C19d35e1364572a4d87c,ξ,2
C19d35e136468fd1e4b7,sr,8
C19d35e13648269ec3fb,ξ,8
C19d35e1364c14c7485a,★★,1
C19d35e1364dad9205a9,ξ,9
C19d35e1364ec9f2d965,ξ,13
C19d35e1365707fb367e,dy,3
C19d35e1365707fb367e,st,8
C19d35e1365707fb367e,双,5
C19d35e1365a0fb5b69e,sl,11
C19d35e1365a0fb5b69e,▼,17
C19d35e13660837fb896,sr,9
C19d35e13660837fb896,☆,10
C19d35e13662869262f8,ξ,12
C19d35e136702eb586ce,sr,12
C19d35e136717942c138,sr,6
C19d35e13672d8448573,ξ,8
C19d35e13673cc3fb35a,▼,2
C19d35e13673cc3fb35a,★,2
C19d35e1367a723ac9a5,sl,8
C19d35e1367b7db5e584,sr,8
C19d35e1367cf976e224,ξ,11
C19d35e1367dd7e12299,sl,5
C19d35e136ab54fef006,★,11
C19d35e136bf3498ab67,ln,15
C19d35e136c4620e0363,ln,11
C19d35e136c4620e0363,◆,11
C19d35e136c5a792e381,sl,7
C19d35e136c7dffe6385,st,1
C19d35e136eb827e9491,▽,10
C19d35e136f2db257986,★,12
C19d35e136f6ddfa7510,▽,8
C19d35e136fd6dd1deec,▽,4
C19d35e1370205e2d2ee,★,17
C19d35e1370525aad72a,▼,2
C19d35e13706bd918cce,▼,7
C19d35e1370a404e0a8d,▼,4
C19d35e1370bb0d9ac67,h◎,11
C19d35e1370c2e945744,h◎,5
C19d35e1370da82b75f1,h◎,0
C19d35e1370f7a221012,st,4
C19d35e1370f7a221012,重発狂,3
C19d35e1372ad07f4645,ξ,3
C19d35e1372c1a98604a,sl,3
C19d35e1372d7dd9432e,st,0
C19d35e137328fbb4a6d,sr,!
C19d35e13745fb8324c3,dy,1
C19d35e13745fb8324c3,st,6
C19d35e13746f29df06f,sl,9
C19d35e1374ac581a0c3,st,10
C19d35e137562f728ada,dy,0
C19d35e137562f728ada,重発狂,5
C19d35e137576e9cbbce,▼,4
C19d35e13759462b6ee1,sr,8
C19d35e13759462b6ee1,▽,10
C19d35e1375bebd08b6b,▽,5
C19d35e1375c79e25acb,sl,11
C19d35e1375c79e25acb,▼,16
C19d35e1375c79e25acb,乱打,11
C19d35e137600d60ac9f,▼,12
C19d35e137600d60ac9f,乱打,8
C19d35e137611d67ce15,▼,2
C19d35e137620fa55ae8,ξ,8
C19d35e13763d85500ae,乱打,5
C19d35e13839e81eb530,sr,12
C19d35e13839e81eb530,▽,11+
C19d35e13839e81eb530,☆,11
C19d35e1383e89d50d0c,◆,12
C19d35e138436119240b,sl,4
C19d35e138436119240b,乱打,4
C19d35e13848ff897b7b,st,1
C19d35e13848ff897b7b,重発狂,1
C19d35e1384b7b6b6c6f,st,1
C19d35e1384e274a15de,▽,5
C19d35e138522df4f22b,◆,10
C19d35e138549dd72648,★,18
C19d35e138574e66362a,★,10
C19d35e138574e66362a,乱打,6
C19d35e1385c76612feb,sr,7
C19d35e1385c76612feb,▽,10
C19d35e138678f07c91b,重発狂,2
C19d35e1386b5ad41fd4,dl,削除
C19d35e1386b5ad41fd4,★,24
C19d35e1386b5ad41fd4,★★,4
C19d35e138953c81dbf6,双,4
C19d35e1389f278b8581,◆,24
C19d35e138a0f84dd9a2,fr,10
C19d35e138a43ecea30d,st,1
C19d35e138b74a06312b,双,5
C19d35e138b9b589af49,Ude,9
C19d35e138b9b589af49,sl,9
C19d35e138b9b589af49,★,13
C19d35e138bab1c7502c,st,0
C19d35e138bab1c7502c,双,0
C19d35e138bebfa1bd8f,双,1
C19d35e138bfa0bccc8f,sr,11
C19d35e138c08c989a62,sr,1
C19d35e138c08c989a62,☆,7
C19d35e138c3074c7fa4,sl,0
C19d35e138c3074c7fa4,sr,12
C19d35e138c5985854f9,sr,1
C19d35e138c63f85f5ba,dy,4
C19d35e138c8a715d35d,dl,dl3 (sub)
C19d35e138c8a715d35d,st,3
C19d35e138c9922c5a25,ξ,12
C19d35e13903120354b0,sr,8
C19d35e13903120354b0,▽,10
C19d35e13907cbd80ef3,sl,3
C19d35e13907cbd80ef3,★,4
C19d35e13907cbd80ef3,乱打,2
C19d35e1390b541e9a6b,★★,4
C19d35e1390b541e9a6b,双,4
C19d35e139185b3c331c,★,12
C19d35e139185b3c331c,乱打,8
C19d35e1391e1110ba54,◆◆,8
C19d35e1391fb837c3ce,sr,2
C19d35e1391fb837c3ce,▽,8
C19d35e13927b2afbfb3,双,3
C19d35e1392885dda665,dl,5
C19d35e13929e526e9c1,▼,7
C19d35e1392f9e453943,dl,2
C19d35e1392f9e453943,★★,1
C19d35e139342656e34a,dl,2
C19d35e139370cce012b,ξ,7
C19d35e13939f6643bce,★,5
C19d35e13939f6643bce,乱打,3
C19d35e1393c1bc8e835,h◎,8
C19d35e1395afe560226,☆,4
C19d35e139639b9699dc,sr,5
C19d35e139639b9699dc,▽,9
C19d35e139668996c4ee,sl,4
C19d35e139668996c4ee,乱打,4
C19d35e13967dc083ce5,★,14
C19d35e13967dc083ce5,乱打,10
C19d35e1396c95cfc6c4,▽,2
C19d35e1396e9bdb0d1b,dl,dl-2 (sub)
C19d35e13974ff722085,sr,0
C19d35e13974ff722085,▽,7
C19d35e1397f6d7871c4,▽,5
C19d35e13980f9b3337b,st,9
C19d35e13980f9b3337b,双,6
C19d35e1398cae9826b3,sr,8
C19d35e1398ef2dfb1b3,sr,2
C19d35e13991445f9c44,sr,12
C19d35e13991445f9c44,▼,0-
C19d35e13991445f9c44,乱打,1
C19d35e139a016ee764f,ξ,1
C19d35e139a4a4354aae,sr,8
C19d35e139c5b79ae186,▼,2
C19d35e139d0c75a44c8,▼,16
C19d35e139d19389e6cb,▽,6
C19d35e139d2f570735a,▼,4
C19d35e139d407fed1d2,▼,24
C19d35e139d6799fb182,▽,10
C19d35e139d75c329eb3,▼,18
C19d35e139d8da81e5b7,st,2
C19d35e139d8da81e5b7,▼,22
C19d35e139d9cfbb86f9,▼,13
C19d35e139e514f8e53e,▽,6
C19d35e139ebf6ab8ff9,☆,3
C19d35e139efe4d935a4,▽,9
C19d35e139f24c14f1de,sl,6
C19d35e139f9c33f0246,so,0
C19d35e139fa122cf522,ξ,2
C19d35e139fd6177da78,ξ,9
C19d35e13a0765363535,▼,14
C19d35e13a094f04ae97,▼,13
C19d35e13a256269911b,st,2
C19d35e13a256269911b,重発狂,2
C19d35e13a30552d948b,★,7
C19d35e13a43a3efcbc6,☆,8
C19d35e13a44783cc894,☆,6
C19d35e13a465df1aa07,ξ,2
C19d35e13a4ada4bf49c,★★,3
C19d35e13a4f956f5ff1,dl, BEGINNER
C19d35e13a4f956f5ff1,sl,7
C19d35e13a50d4d335e2,sl,1
C19d35e13a5f7fe5b245,▼,12
C19d35e13a60ecf2bfdf,ln,15
C19d35e13a60ecf2bfdf,◆,15
C19d35e13a61487e848f,▽,6
C19d35e13a6259157c41,▽,10
C19d35e13a6259157c41,☆,10
C19d35e13a6306c778cf,▽,11
C19d35e13a64ec73e4c9,▼,15
C19d35e13a68714d7e8f,▼,21
C19d35e13a6b787ed89e,★★,1
C19d35e13a70d5bbbf15,ln,12
C19d35e13a70d5bbbf15,◆,12
C19d35e13a71256e8ef3,▼,10
C19d35e13a7292fdb8cb,▼,22
C19d35e13a731164ae90,▼,19
C19d35e13a89a567e9a8,★,5
C19d35e13a905f50a140,ξ,9
C19d35e13aae36cc9ad9,st,0
C19d35e13aae36cc9ad9,双,1
C19d35e13aaf2f4b4b05,▽,7
C19d35e13ab00c33d2a6,▽,10
C19d35e13ab12b2fd815,sl,3
C19d35e13ab12b2fd815,▼,5
C19d35e13ab225f4ca34,▼,17
C19d35e13ab37c2b00e2,★★,5
C19d35e13ab99e47daf2,SB,6
C19d35e13ac0e990600d,▼,3
C19d35e13ac2bc5c1c84,▼,5
C19d35e13ac6f436b484,★★,6
C19d35e13aca8bd6df29,dl,dl1 (sub)
C19d35e13aca8bd6df29,st,1
C19d35e13ace1f9b00d4,dl,5
C19d35e13ad3b9daeafa,★★,4
C19d35e13ada71fb32f9,▼,22
C19d35e13adc7d8caeb3,▼,10
C19d35e13ade91490bc8,sl,2
C19d35e13ade91490bc8,▼,3
C19d35e13adf21227df6,▽,11
C19d35e13ae01ef164e4,▽,6
C19d35e13af4cf2f58b0,sl,2
C19d35e13af4cf2f58b0,乱打,2
C19d35e13af75a096027,sr,9
C19d35e13afbb26e0a71,ξ,9
C19d35e13b04f8cfffb9,重発狂,3
C19d35e13b09edd98cd2,◆,21
C19d35e13b0b05cbd223,h◎,15
C19d35e13b0f43080a36,重発狂,3
C19d35e13b121bdbd307,ξ,4
C19d35e13b121bdbd307,▽,2
C19d35e13b1483d5fb90,sr,7
C19d35e13b166667c79b,▼,16
C19d35e13b19c28483ff,▼,22
C19d35e13b19c28483ff,★,22
C19d35e13b19c28483ff,双,2
C19d35e13b1a5a521c98,dl,5
C19d35e13b1c9f41a0f6,★,14
C19d35e13b1de7f303e2,st,6
C19d35e13b1de7f303e2,双,4
C19d35e13b1f0df2f643,fr,7
C19d35e13b203c02403c,双,3
C19d35e13b21e6e32158,sl,12
C19d35e13b22608e041c,sl,4
C19d35e13b22608e041c,▼,5
C19d35e13b23c144f428,fr,11
C19d35e13b23c144f428,★★,5
C19d35e13b28688d0adb,★★,4
C19d35e13b3087387ebf,◆,22
C19d35e13b3087387ebf,◆◆,10
C19d35e13b42fa021445,sl,2
C19d35e13b4d71af6118,h◎,1
C19d35e13b5012832b41,▼,3
C19d35e13b51b0159e83,dl,保留
C19d35e13b51b0159e83,★,12
C19d35e13b5a03657f79,ξ,7
C19d35e13b5c020773cc,sl,1
C19d35e13b5d15f49a54,sl,3
C19d35e13b65bda2fd3e,ln,15
C19d35e13b6634f1e39a,ln,8
C19d35e13b677b70d463,ln,5
C19d35e13b7370784a6a,sr,11
C19d35e13b74a30d244b,乱打,10
C19d35e13b75f95f53f9,sr,6
C19d35e13b78a043a15c,ξ,10
C19d35e13b7acfa94dec,▼,5
C19d35e13b8e3ef6ac52,▽,12+
C19d35e13b907866896b,★,16
C19d35e13b91a92f1283,so,7
C19d35e13b91a92f1283,▼,11
C19d35e13b9a24b47ef4,dy,2
C19d35e13b9c676b5e7a,sr,10
C19d35e13b9c676b5e7a,▽,11
C19d35e13badcca38d36,sr,0
C19d35e13badcca38d36,▽,7
C19d35e13baffe57498e,▼,20
C19d35e13bb2f4b5030e,★,23
C19d35e13bb4c2fc5ea1,h◎,10
C19d35e13bb94f6138aa,◆,17
C19d35e13bb94f6138aa,◆◆,5
C19d35e13bd57d9c04e4,sr,1
C19d35e13bd7c1ec9797,sr,7
C19d35e13bdd91419a87,★,1
C19d35e13bdfcc8a95a5,双,1
C19d35e13be288cea31c,sl,9
C19d35e13be9effed293,乱打,7
C19d35e13beaa04180c0,重発狂,0
C19d35e13bedca89fd30,▼,9
C19d35e13bef974b094a,sr,11
C19d35e13bf0880c2785,st,1
C19d35e13bf38ed76648,st,4
C19d35e13bf38ed76648,★★,4
C19d35e13bf5c6cc29c6,▼,17
C19d35e13bf5c6cc29c6,乱打,12
C19d35e13bfd685535ac,dl,dl9 (sub)
C19d35e13c0c2b012286,▽,10
C19d35e13c0dea1c698f,▽,1
C19d35e13c10526bf5d3,▽,8
C19d35e13c11cb86cfae,▽,4
C19d35e13c1e68e259cb,▽,11+
C19d35e13c1f8de4d506,▽,9
C19d35e13c200d60682a,▼,8
C19d35e13c218cf4ab9a,▽,6
C19d35e13c22ee3d454e,▼,5
C19d35e13c23bdebe62c,sl,4
C19d35e13c2415ffee75,st,1
C19d35e13c2cb036a2c5,ξ,8
C19d35e13c3208c76569,▽,3
C19d35e13c3b7f962313,▼,3
C19d35e13c4171b03870,sr,?
C19d35e13c423faf07a9,sr,3
C19d35e13c4386dcb07d,ξ,10
C19d35e13c5d76fea93c,▼,12
C19d35e13c5f70189617,sr,?
C19d35e13c5f70189617,▽,11
C19d35e13c60b4778928,▼,24
C19d35e13c6365858c9f,▽,7
C19d35e13c647c789369,st,9
C19d35e13c67f742ec4b,sl,3
C19d35e13c67f742ec4b,乱打,3
C19d35e13c69a2967f5d,st,2
C19d35e13c69a2967f5d,重発狂,2
C19d35e13c6c8833dd8b,st,5
C19d35e13c6c8833dd8b,重発狂,5
C19d35e13c6dcbf8afbc,sl,9
C19d35e13c6dcbf8afbc,乱打,9
C19d35e13c6e4a468aea,dy,3
C19d35e13c6e4a468aea,重発狂,8
C19d35e13c782635db62,Ude,1
C19d35e13c782635db62,★,1
C19d35e13c8346cb5e04,▽,6
C19d35e13c85d7b67aa2,◆,3
C19d35e13c963a3be193,▽,10
C19d35e13c972760ed39,▽,6
C19d35e13c98c9dd95fa,st,4
C19d35e13c98c9dd95fa,双,3
C19d35e13c99edb6f9fb,▽,2
C19d35e13c9a176b9ee6,Ude,5
C19d35e13c9a176b9ee6,sl,5
C19d35e13ca8a126c3b5,▼,1
C19d35e13cac1684985a,▽,9
C19d35e13caef25f81a9,▽,6
C19d35e13caf5adddd99,乱打,12
C19d35e13cb056630868,sl,9
C19d35e13cb056630868,乱打,9
C19d35e13cb1a308b826,乱打,7
C19d35e13ccc06af41f6,sr,8
C19d35e13cce7af57806,ln,16
C19d35e13cce7af57806,◆,16
C19d35e13cd21efc5e64,sl,8
C19d35e13cd21efc5e64,▼,14
C19d35e13cd21efc5e64,乱打,8
C19d35e13cd7c60d8b59,乱打,4
C19d35e13cd9d0f4585c,st,1
C19d35e13cd9d0f4585c,★,21
C19d35e13cd9d0f4585c,重発狂,0
C19d35e13cddc1f9a47a,◆◆,5
C19d35e13d0407144616,◆,11
C19d35e13d0804cb4098,Ude,5
C19d35e13d0804cb4098,▼,7
C19d35e13d10474d31ee,fr,11
C19d35e13d10474d31ee,ln,23
C19d35e13d18136d9def,▼,11
C19d35e13d2324ceb028,◆,23
C19d35e13d2324ceb028,◆◆,11
C19d35e13d29d21a8fe6,▼,8
C19d35e13d3dbcd52287,★,7
C19d35e13d3dbcd52287,乱打,3
C19d35e13d4032718f21,st,8
C19d35e13d41bef0a241,sr,9
C19d35e13d41bef0a241,▽,11
C19d35e13d41bef0a241,☆,10
C19d35e13d46145573aa,ξ,6
C19d35e13d46145573aa,▽,4
C19d35e13d4793ecbde0,◆,6
C19d35e13d4af00ca470,★,21
C19d35e13d4af00ca470,重発狂,2
C19d35e13d4ddc5fc7f6,★★,3
C19d35e13d4e31eff82a,sr,0
C19d35e13d4e31eff82a,▽,7
C19d35e13d52be34884c,sl,1
C19d35e13d52be34884c,▼,2
C19d35e13d52be34884c,乱打,1
C19d35e13d536ea069c9,▼,16
C19d35e13d56d88a369c,重発狂,6
C19d35e13d5e55c624f3,sl,1
C19d35e13d5f972f748f,sl,1
C19d35e13d657f24381b,SB,1
C19d35e13d67d1264792,SB,3
C19d35e13d67d1264792,so,3
C19d35e13d6a561d0715,双,5
C19d35e13d6b5ab3c730,st,7
C19d35e13d6f9879338e,sl,4
C19d35e13d7fda21a367,sr,6
C19d35e13d7fda21a367,▽,9
C19d35e13d84c4ae13d8,▼,5
C19d35e13d874c3e8398,sr,0
C19d35e13d874c3e8398,▽,7
C19d35e13d8977510314,▽,4
C19d35e13d8977510314,☆,4
C19d35e13d8fbe2d8dba,▽,7
C19d35e13d91dcd85f15,▽,4
C19d35e13d928f38c89d,▽,3
C19d35e13d992d5bec84,★,18
C19d35e13d9b8c82c6cf,dy,4
C19d35e13dafa6987fd2,sl,4
C19d35e13dafa6987fd2,乱打,4
C19d35e13db37580a664,st,4
C19d35e13db37580a664,重発狂,4
C19d35e13db8fb8e70bf,st,1
C19d35e13db8fb8e70bf,重発狂,1
C19d35e13dba602d771b,dy,0
C19d35e13dba602d771b,重発狂,5
C19d35e13dc18b5294fd,so,5
C19d35e13dc3f7eca27c,▼,13
C19d35e13dcdb6159b1b,ξ,8
C19d35e13deb5232ef4c,▼,11
C19d35e13dffb189233a,ξ,13
C19d35e13e00d8135534,sr,5
C19d35e13e039f59f719,fr,8
C19d35e13e0afca4377b,★,7
C19d35e13e0e8fc9e42a,▽,12
C19d35e13e0fbb9269d9,▽,10
C19d35e13e0fbb9269d9,☆,10
C19d35e13e119356928e,ξ,4
C19d35e13e119356928e,▽,2
C19d35e13e17097e6dda,▽,8
C19d35e13e189da075be,乱打,4
C19d35e13e19725ae588,ξ,8
C19d35e13e19725ae588,▽,5
C19d35e13e1d6164f1ee,sl,7
C19d35e13e299435b034,h◎,6
C19d35e13e2fb8abf16c,★,7
C19d35e13e32173b625a,★,22
C19d35e13e5aa98d90d8,★★,5
C19d35e13e621813c525,sl,5
C19d35e13e621813c525,▼,7
C19d35e13e640565fe89,dl,8
C19d35e13e640565fe89,st,8
C19d35e13e655274120d,sr,5
C19d35e13e655274120d,▽,9
C19d35e13e669e60f887,★,18
C19d35e13e68f2f44e5d,▽,4
C19d35e13e98c5260bc4,▽,9
C19d35e13e9a4f615a7d,▽,5
C19d35e13e9cbc3c45a2,▽,7
C19d35e13e9e4d89b511,Ude,12
C19d35e13ea11ce86176,Ude,4
C19d35e13ea11ce86176,★,5
C19d35e13eab551f8628,Ude,12
C19d35e13eab551f8628,sl,12
C19d35e13ec241dab1a2,▽,11
C19d35e13ec3eb358f2f,sl,4
C19d35e13ec6bbd30afc,▽,8
C19d35e13ec902080bc2,▽,3
C19d35e13ecc770b48f6,▼,15
C19d35e13ed2118a23ec,双,6
C19d35e13ed5200f34be,▽,11+
C19d35e13ed647325627,▽,2
C19d35e13eda7c1f9d2d,▽,8
C19d35e13edc96f47a1c,ln,13
C19d35e13edde2534a83,ln,21
C19d35e13edec0e7dfa3,▽,5
C19d35e13eea087fc66f,☆,8
C19d35e13ef825ced44c,sl,0
C19d35e13ef825ced44c,sr,13
C19d35e13ef825ced44c,▽,11+
C19d35e13ef825ced44c,乱打,0
C19d35e13ef9aee6a158,st,5
C19d35e13efa51929c7e,sl,12
C19d35e13efa51929c7e,乱打,12
C19d35e13efb33e9f184,▽,2
C19d35e13efc8f616aa8,sr,7
C19d35e13efc8f616aa8,▽,10
C19d35e13efd947b8f9a,sl,4
C19d35e13efd947b8f9a,乱打,4
C19d35e13efed1667cb4,▽,6
C19d35e13f001055f2ed,sl,10
C19d35e13f001055f2ed,乱打,10
C19d35e13f07537bed13,sl,9
C19d35e13f090afc2768,ξ,12
C19d35e13f0ab6cbc367,★,5
C19d35e13f0c027df4df,dl,3
C19d35e13f0c027df4df,★,23
C19d35e13f0c027df4df,★★,3
C19d35e13f1bf62c5800,ln,17
C19d35e13f1bf62c5800,◆◆,5
C19d35e13f4652a54d23,▽,12-
C19d35e13f4652a54d23,☆,12
C19d35e13f4b62af9b93,★,18
C19d35e13f4fa70a4a57,★,4
C19d35e13f5500af0839,★,23
C19d35e13f583a6a66bd,▽,6
C19d35e13f5b16513c49,▼,3
C19d35e13f5d8d06df35,▽,9
C19d35e13f6626513172,◆◆,3
C19d35e13f67d0c4e75f,◆,5
C19d35e13f69784db10c,◆,11
C19d35e13f708f94fa8e,h◎,11
C19d35e13f7108f88a72,h◎,-1
C19d35e13f893dc1db46,sr,?
C19d35e13f893dc1db46,☆,10
C19d35e13f8b30a12c7e,fr,1
C19d35e13f8b30a12c7e,▼,1
C19d35e13f8b30a12c7e,▽,12
C19d35e13f8f484e33f2,so,9
C19d35e13f8f484e33f2,★,13
C19d35e13fae02efe093,st,3
C19d35e13faf066a32a8,▼,20
C19d35e13faf066a32a8,★,20
C19d35e13fb85834d90c,▼,14
C19d35e13ff40a444cb4,sr,8
C19d35e13ff40a444cb4,▽,10
C19d35e13ff5905c6526,sr,11
C19d35e13ff65fb274f2,st,1
C19d35e13ff65fb274f2,重発狂,1
C19d35e13ff798bd4225,▽,12
C19d35e13ff871e9223f,ξ,7
C19d35e13ff871e9223f,▽,5
C19d35e13ff903e1b534,ξ,3
C19d35e13ff903e1b534,▽,2
C19d35e13ffbaba3666c,sl,6
C19d35e13ffbaba3666c,▼,10
C19d35e13ffbaba3666c,乱打,6
C19d35e1400ed4755c15,双,2
C19d35e14035c17f38db,▽,2
C19d35e14044e50f6a5a,◆,14
C19d35e14047cda0e792,▽,12+
C19d35e14049842ae487,sl,12
C19d35e1404c5a7fe073,★★,4
C19d35e1405884c766a5,★★,2
C19d35e1405b44666297,sr,8
C19d35e1405b44666297,▽,10
C19d35e1405c4ab3496c,sr,11
C19d35e1405c4ab3496c,▽,11
C19d35e1405c4ab3496c,☆,11
C19d35e1405e3e1ec1fd,★,9
C19d35e14068a46d6223,◆,15
C19d35e1406bf63300a9,▽,6
C19d35e140754abfeb99,▼,18
C19d35e1408084ceca79,sl,8
C19d35e1408084ceca79,乱打,8
C19d35e1408f7b9e898f,st,4
C19d35e1408f7b9e898f,双,3
C19d35e140a666ebedaa,▽,2
C19d35e140a7eb0b4070,▽,8
C19d35e140a93d7df8e9,▽,10
C19d35e140ad32760c8d,h◎,2
C19d35e140b17b80ebae,☆,11
C19d35e140bc7d44f8c7,sl,1
C19d35e140dfbdd7d497,▽,6
C19d35e140f17d7b6c46,sl,1
C19d35e140f17d7b6c46,▽,12
C19d35e140f3f5514574,st,2
C19d35e140f3f5514574,重発狂,2
C19d35e140f46a1eda8f,▼,18
C19d35e140f59c883c89,sr,5
C19d35e140f59c883c89,▽,9
C19d35e140f64c1e6b88,▼,24
C19d35e140f7e90db085,▽,6
C19d35e140f8d59dc0e8,sl,7
C19d35e140f8d59dc0e8,乱打,7
C19d35e140f9e264f982,sl,11
C19d35e140f9e264f982,▼,16
C19d35e140f9e264f982,乱打,11
C19d35e141059a8cb993,★,11
C19d35e1411ccd619a0b,ξ,9
C19d35e1411dd19ddef9,ξ,11
C19d35e1412fa47aabc1,双,1
C19d35e141347a71aafb,★,3
C19d35e141369f90ce81,sl,4
C19d35e1413b86e4fee0,ln,12
C19d35e1413cced6ebff,h◎,3
C19d35e14149096d2fda,sr,12
C19d35e14149096d2fda,▽,11
C19d35e14149096d2fda,☆,11
C19d35e14158dae088ca,sr,0
C19d35e14158dae088ca,▽,7
C19d35e1415a914890da,◆,12
C19d35e1415d40448a6a,▽,5
C19d35e14169d8f31fe9,h◎,6
C19d35e1416ab6458d76,▼,18
C19d35e1417a2d3786dd,SB,4
C19d35e1417c8460dc5c,ξ,4
C19d35e1417efccdf025,☆,10
C19d35e1418e28767c15,sl,3
C19d35e141951914db33,sl,7
C19d35e141951914db33,乱打,7
C19d35e14197827820ce,st,1
C19d35e14197827820ce,重発狂,1
C19d35e141987a8134b7,sl,0
C19d35e141987a8134b7,sr,13
C19d35e141987a8134b7,▽,11+
C19d35e141987a8134b7,乱打,0
C19d35e1419a9b61b222,sl,4
C19d35e1419dacfc002b,dl,6
C19d35e1419ee8c56ec3,sr,8
C19d35e1419ee8c56ec3,▽,10
C19d35e141a0f52e8947,sr,0
C19d35e141a0f52e8947,▽,7
C19d35e141b34dfe803e,★,21
C19d35e141b5d358595d,sl,2
C19d35e141b65d26e188,★,13
C19d35e141b7083cd1a1,h◎,12
C19d35e141c157cbfa60,★,2
C19d35e141d5f690eb3f,◆,14
C19d35e141d7dd79dc5a,st,0
C19d35e141d7dd79dc5a,重発狂,0
C19d35e141e33e63aeca,☆,11
C19d35e141e54d07c43a,重発狂,0
C19d35e141e72d75a321,★,9
C19d35e141e72d75a321,乱打,6
C19d35e141f01081c67b,★,2
C19d35e141fec91dfde8,dl,dl8 (sub)
C19d35e1421d8b817059,★,6
C19d35e14220dc9435f7,SB,2
C19d35e14220dc9435f7,h◎,1
C19d35e14223e89dd42a,ξ,11
C19d35e14228f5942142,st,3
C19d35e14228f5942142,双,3
C19d35e14236a375a7ee,ξ,5
C19d35e1425dc1e556e7,双,5
C19d35e14262b8001249,双,4
C19d35e1426b5832dfbd,双,1
C19d35e142967aee685e,sr,13
C19d35e14297f3dd0530,双,6
C19d35e1429868f53411,sr,8
C19d35e1429c7c5ac797,sl,6
C19d35e1429c7c5ac797,乱打,6
C19d35e1429d6f7d5b04,dl,-1
C19d35e1429d6f7d5b04,sl,12
C19d35e1429e3e1db75d,sl,6
C19d35e1429f5c820d45,dy,3
C19d35e1429f5c820d45,st,8
C19d35e142a527aa8508,ξ,13
C19d35e142a76192f34f,sr,13
C19d35e142ac2c730130,sr,6
C19d35e142b0fbb0bd8e,sl,3
C19d35e142b3c527b134,Ude,4
C19d35e142b3c527b134,sl,4
C19d35e142b41a83144a,▽,4
C19d35e142b5eb0bfbcb,▽,11+
C19d35e142b68445f1f1,▽,9
C19d35e142b904004f9b,☆,4
C19d35e142bc898ee1fc,◆◆,4
C19d35e142d080ced0ee,sl,5
C19d35e142d080ced0ee,▼,7
C19d35e142d8a40e0e63,▽,7
C19d35e142d93e488323,▽,9
C19d35e142dbd71732df,▽,11+
C19d35e142dc45be7474,dl,1
C19d35e142dc45be7474,★,20
C19d35e142e77f9689c8,▽,5
C19d35e1430ff27aae5e,st,1
C19d35e14310a6217e26,st,4
C19d35e14310a6217e26,重発狂,5
C19d35e1431185d1044b,st,7
C19d35e1431185d1044b,重発狂,7
C19d35e1431268b5e811,sr,4
C19d35e14314e0d60b1e,Ude,8
C19d35e14314e0d60b1e,sl,8
C19d35e1431808d044cc,ξ,5
C19d35e1431de2a49258,st,0
C19d35e1431de2a49258,重発狂,0
C19d35e1432524ec0194,sl,4
C19d35e14349d50b9dc1,SB,1
C19d35e1434b034efb5b,SB,3
C19d35e1434dbb36669c,SB,5
C19d35e1434f6592bb1e,双,4
C19d35e143534db538ba,ξ,5
C19d35e14354705dc933,双,1
C19d35e1435522e993a9,ξ,12
C19d35e14356375bdc5d,ξ,7
C19d35e1435c6f722da0,st,0
C19d35e143b4a8b4c86c,sr,5
C19d35e143b4a8b4c86c,▽,9
C19d35e143b4a8b4c86c,☆,8
C19d35e143b7b042294d,★,1
C19d35e143b7b042294d,乱打,1
C19d35e143d42e8cc910,◆◆,9
C19d35e143f6d7b8023d,▽,10
C19d35e14408e23f060b,★,11
C19d35e14408e23f060b,乱打,8
C19d35e144984c7e655b,SB,4
C19d35e1449f25a3c3e1,st,5
C19d35e1449f25a3c3e1,重発狂,5
C19d35e144a55b5d20ea,st,0
C19d35e144a55b5d20ea,重発狂,0
C19d35e144b241440fcd,sl,1
C19d35e144b241440fcd,▽,12-
C19d35e144b393c714b1,▽,9
C19d35e144b4a1937be8,▽,4
C19d35e144b553541806,▼,4
C19d35e144c71c1734e4,fr,2
C19d35e144c71c1734e4,▼,5
C19d35e144cc3dbde4c9,ln,16
C19d35e144cc3dbde4c9,◆◆,2
C19d35e144d7120d09fc,双,3
C19d35e144d9be2ca816,▽,2
C19d35e144da65767ebc,▽,5
C19d35e144dbe25ca335,▽,8
C19d35e144e3ee24b836,▼,12
C19d35e144e47c763a38,▽,4
C19d35e144e8c5d813ac,▽,10
C19d35e144e9d3dc1782,▽,11
C19d35e144ea6a5a1d25,▼,24
C19d35e144ebaa41009d,dl,11
C19d35e144ebaa41009d,st,11
C19d35e144ec6ecb21b6,▽,7
C19d35e1450cf327a549,sl,0
C19d35e1450cf327a549,sr,13
C19d35e1450da33ef8fa,sr,4
C19d35e1450fd0f70470,★,10
C19d35e14510b60cb017,ξ,12
C19d35e14518715a58a4,h◎,2
C19d35e14522c2911e8c,☆,6
C19d35e14524777890da,SB,0
C19d35e14533ea70285f,sl,2
C19d35e1454dd95862f6,ξ,12
C19d35e1454f510b1716,▼,2
C19d35e145679a4cffed,▼,1
C19d35e145679a4cffed,乱打,0
C19d35e145689d65a513,★,6
C19d35e145689d65a513,乱打,4
C19d35e1456a23d93f19,dl,dl5 (sub)
C19d35e1456b2709e4ab,dl,dl3 (sub)
C19d35e1457a462cfc7d,☆,8
C19d35e1459eb3786a45,sl,5
C19d35e145a2d46a4966,☆,11
C19d35e145b608807421,▼,6
C19d35e145b771ed89bf,▼,4
C19d35e145b8857be4e9,▽,4
C19d35e145b99e78d05c,▽,6
C19d35e145b99e78d05c,☆,6
C19d35e145bad8057a79,▽,10
C19d35e145bc51b3d6c5,▼,2
C19d35e145c0258009b1,sl,3
C19d35e145c0258009b1,▼,5
C19d35e145c11ce7f043,▽,10
C19d35e145c21fb95926,▽,5
C19d35e145c4216782b1,▼,21
C19d35e145c4216782b1,重発狂,0
C19d35e145c6db38f656,sl,11
C19d35e145c6db38f656,▼,15
C19d35e145c6db38f656,乱打,11
C19d35e145c7d00f1843,▼,5
C19d35e145d216a69a9e,h◎,0
C19d35e14a0de13980ec,▼,16
C19d35e14a1d7bcc1bea,sl,10
C19d35e14a1d7bcc1bea,▼,16
C19d35e14a1d7bcc1bea,乱打,10
C19d35e14a20830a5b2c,st,3
C19d35e14a219b1b65f1,fr,1
C19d35e14a25149464dc,sr,10
C19d35e14a25149464dc,▽,11
C19d35e14a265311dcfc,ξ,4
C19d35e14a265311dcfc,▽,3
C19d35e14a33e0b43d0d,sl,1
C19d35e14a33e0b43d0d,▼,1
C19d35e14a34a00bd265,sr,4
C19d35e14a34a00bd265,▽,9
C19d35e14a35c29bc2bc,▽,6
C19d35e14a366683ec3f,st,2
C19d35e14a366683ec3f,重発狂,2
C19d35e14a3f6c9815c4,sl,4
C19d35e14a41579d9d64,sl,0
C19d35e14a41579d9d64,乱打,0
C19d35e14a438b9719a4,fr,9
C19d35e14a444856d50b,fr,7
C19d35e14a562ccfbae7,sr,12
C19d35e14a59aeb77eef,sr,8
C19d35e14a5faf721e1b,sr,1
C19d35e14a61b84e5026,★,11
C19d35e14a7f36f36888,ln,15
C19d35e14a8ea57f9499,▽,12
C19d35e14a9585efe800,重発狂,3
C19d35e14a9764627bc1,sr,4
C19d35e14a9764627bc1,▽,8
C19d35e14a997beb0e8e,sl,5
C19d35e14a997beb0e8e,乱打,5
C19d35e14a9cd27b1312,ξ,10
C19d35e14a9cd27b1312,▽,5
C19d35e14aa50e865eba,sl,2
C19d35e14aa50e865eba,▽,12+
C19d35e14aa6bdb410f3,dl,12
C19d35e14aa6bdb410f3,fr,12
C19d35e14aa6bdb410f3,重発狂,12
C19d35e14aa78f9e09ef,st,7
C19d35e14aa78f9e09ef,双,4
C19d35e14aa85e393046,▽,9
C19d35e14aab933a4ca5,ξ,9
C19d35e14aab933a4ca5,▽,6
C19d35e14ac449f372bb,▽,5
C19d35e14ac602e9e1c4,sr,0
C19d35e14ac602e9e1c4,▽,6
C19d35e14ac873efd8de,★,7
C19d35e14acbbf1c00f6,sr,12
C19d35e14acbbf1c00f6,▽,11+
C19d35e14ae1540a2249,sl,0
C19d35e14ae1540a2249,sr,11
C19d35e14ae4e2bf62fa,sr,5
C19d35e14aeac3a7a920,ξ,7
C19d35e14afa27745d10,◆,14
C19d35e14afbd9802113,★,12
C19d35e14b0bf5f51f2c,ξ,13
C19d35e14b1179ae8fe9,ξ,10
C19d35e14b157679dd9f,★,4
C19d35e14b1e2b25b7e4,★,13
C19d35e14b1e2b25b7e4,乱打,9
C19d35e14b27c5264208,st,1
C19d35e14b3124f29810,▼,3
C19d35e14b53406a6a74,sn,4
C19d35e14b59d4e8a46c,★,11
C19d35e14b59d4e8a46c,乱打,8
C19d35e14b5f2c95fbb9,h◎,5
C19d35e14b6058696f0b,ξ,2
C19d35e14b67483bc019,ξ,11
C19d35e14b6bbf7110ec,▼,20
C19d35e14b6c9d4518b5,h◎,15
C19d35e14b6d8ed4a273,☆,11
C19d35e14b70c8aaaa5b,sl,6
C19d35e14b7360003aff,ξ,6
C19d35e14b7b31b89e57,◆,17
C19d35e14b8365ae68d9,ξ,13
C19d35e14b8ba5e92a75,★,16
C19d35e14b90512d8d20,h◎,10
C19d35e14ba4110d2b05,sl,6
C19d35e14bab281b90d7,ξ,2
C19d35e14baebe9e450e,☆,7
C19d35e14bb71f4fb914,◆◆,5
C19d35e14bc28f9a724b,st,2
C19d35e14bc28f9a724b,重発狂,2
C19d35e14bd20b07239e,▼,7
C19d35e14be4c15a2095,sl,0
C19d35e14be4c15a2095,乱打,0
C19d35e14bef0c3c7587,sl,11
C19d35e14bef0c3c7587,乱打,11
C19d35e14bfacb92e28a,▼,1
C19d35e14bfd5fe59dfe,乱打,4
C19d35e14c01842c7dff,sr,7
C19d35e14c03b62bc762,ln,22
C19d35e14c075e7247fa,★,12
C19d35e14c075e7247fa,乱打,7
C19d35e14c1609279f3b,☆,8
C19d35e14c17b282f7f2,sr,7
C19d35e14c18c3c5d398,★,1
C19d35e14c18c3c5d398,乱打,1
C19d35e14c1dcbf7513c,★,3
C19d35e14c1dcbf7513c,乱打,2
C19d35e14c20c6734c46,★,8
C19d35e14c20c6734c46,乱打,5
C19d35e14c2b51bd1506,sn,2
C19d35e14c5231017bb4,h◎,14
C19d35e14c53b12e34b9,h◎,1
C19d35e14c5d2e3651e7,st,4
C19d35e14c5d2e3651e7,双,3
C19d35e14c5f072bd28d,sr,2
C19d35e14c6044d9620e,sl,2
C19d35e14c6044d9620e,乱打,2
C19d35e14c6100d2256c,sr,10
C19d35e14c66a482df43,▼,2
C19d35e14c6f586c2454,☆,5
C19d35e14c7bda217f64,☆,5
C19d35e14c97a255c870,sl,1
C19d35e14c97a255c870,▽,12
C19d35e14c9f67fc6120,sl,11
C19d35e14ca1908b428a,sr,7
C19d35e14ca1908b428a,▽,10
C19d35e14ca321258f4f,★,6
C19d35e14ca54e9763ac,◆,13
C19d35e14ca89154c772,sr,0
C19d35e14ca89154c772,▽,7
C19d35e14cae780dcd47,◆◆,5
C19d35e14cb01ca902c0,★,11
C19d35e14cb1e4ace52c,▼,15
C19d35e14cc354762dd0,▼,7
C19d35e14cc6b62c93c3,st,11
C19d35e14cc789ca95cf,st,2
C19d35e14cc8131eb240,sl,12
C19d35e14cce5beed86b,sr,?
C19d35e14cce5beed86b,▽,11+
C19d35e14cd2c26b6d63,sr,0
C19d35e14cd2c26b6d63,▽,7
C19d35e14cd97196432f,dy,1
C19d35e14cd97196432f,st,7
C19d35e14cd97196432f,★★,5
C19d35e14ce910ff536d,▼,18
C19d35e14ceabe62810c,▼,24
C19d35e14cedd1fbbe7c,★,22
C19d35e14cef8d51f295,dy,5
C19d35e14cef8d51f295,st,10
C19d35e14cf07c999b3d,dy,0
C19d35e14d0c3f27c759,st,3
C19d35e14d0c3f27c759,重発狂,3
C19d35e14d1033e7a156,st,5
C19d35e14d14d1700efb,sr,12
C19d35e14d15128dcd9b,fr,8
C19d35e14d16e3309c4d,st,0
C19d35e14d16e3309c4d,重発狂,0
C19d35e14d17a8289206,sr,6
C19d35e14d28e43f47cb,▽,1
C19d35e14d2ae641eda4,▽,6
C19d35e14d2c3fbc71de,▽,11
C19d35e14d38ce79e353,▽,4
C19d35e14d396a795222,sr,2
C19d35e14d396a795222,▽,8
C19d35e14d3a92bbd955,sr,11
C19d35e14d3a92bbd955,▽,11
C19d35e14d3a92bbd955,☆,11
C19d35e14d3b62bd4d7b,st,2
C19d35e14d3b62bd4d7b,双,2
C19d35e14d630dbd3e63,sr,12
C19d35e14d64ec56d81d,sr,8
C19d35e14d6a2a047db4,▼,2
C19d35e14d7b79d55ad5,★,13
C19d35e14d7b79d55ad5,乱打,8
C19d35e14d7e7c9954ca,▼,8
C19d35e14d8690c340e1,乱打,1
C19d35e14d8fa43af5d8,ξ,3
C19d35e14d937f4b39ba,sl,0
C19d35e14d937f4b39ba,▽,11+
C19d35e14d9555b87567,SB,7
C19d35e14d9555b87567,★,20
C19d35e14d99847ff36d,▽,8
C19d35e14d9a9c9d7073,▽,12+
C19d35e14d9cdcef065d,▽,3
C19d35e14d9d60d53da9,st,5
C19d35e14d9d60d53da9,双,4
C19d35e14da327470644,SB,5
C19d35e14da327470644,h◎,5
C19d35e14dfa8b1ad6a5,dl,3
C19d35e14dfa8b1ad6a5,st,3
C19d35e14dfc69fffecd,dl, BEGINNER
C19d35e14dfed0db0133,dl,1
C19d35e14e00709a2807,▽,11+
C19d35e14e012ac3e961,▽,9
C19d35e14e036150adc8,▽,7
C19d35e14e0b30c9b492,☆,11
C19d35e14e0e4054ffc8,ξ,12
C19d35e14e1a19bd2bca,ξ,11
C19d35e14e1cf491cc88,sr,6
C19d35e14e1e9429beb8,sl,0
C19d35e14e1e9429beb8,sr,12
C19d35e14e1e9429beb8,☆,11
C19d35e14e1e9429beb8,乱打,0
C19d35e14e2069ab7997,★,13
C19d35e14e2069ab7997,乱打,7
C19d35e14e21e3a76aef,st,0
C19d35e14e2ea6ec186b,dl,削除
C19d35e14e3a31c1db6d,sr,10
C19d35e14e3a31c1db6d,▽,11
C19d35e14e3ed3fbbe45,sr,5
C19d35e14e3ed3fbbe45,▽,9
C19d35e14e4048a19f62,▽,5
C19d35e14e472ef9356f,▼,6
C19d35e14e53dad4e4d2,▽,11+
C19d35e14e54d0922503,▽,9
C19d35e14e55cda53c19,▽,5
C19d35e14e56d20f662f,sl,4
C19d35e14e56d20f662f,乱打,4
C19d35e14e6c9fb70ab0,sr,8
C19d35e14e6c9fb70ab0,▽,10
C19d35e14e6d3c4fd383,▽,12
C19d35e14e6d3c4fd383,★,2
C19d35e14e6d3c4fd383,乱打,1
C19d35e14e75e55e124d,sr,5
C19d35e14e75e55e124d,▽,9
C19d35e14e765a0a9dcd,▽,6
C19d35e14e91c078f773,st,1
C19d35e14e91c078f773,双,1
C19d35e14e925fa11ff1,st,8
C19d35e14e925fa11ff1,双,5
C19d35e14e93b27927a5,双,3
C19d35e14eac206fa753,sl,0
C19d35e14eac206fa753,乱打,0
C19d35e14ead1f0d3259,sl,3
C19d35e14eba95694a8d,☆,8
C19d35e14ec83c414d16,★,9
C19d35e14eca54a2f78d,◆,19
C19d35e14ee4438d1248,sl,4
C19d35e14ee4438d1248,▼,7
C19d35e14ee4438d1248,乱打,4
C19d35e14eea070d888a,ln,25
C19d35e14ef6b1d2a694,★★,1
C19d35e14efac3339c7b,sl,11
C19d35e14efd34941270,ln,27
C19d35e14efe44f0ea7e,ln,24
C19d35e14f1b5c13689d,sl,0
C19d35e14f1b5c13689d,sr,11
C19d35e14f1b5c13689d,▽,11
C19d35e14f1b5c13689d,☆,11
C19d35e14f1c23e3d655,★,13
C19d35e14f1c23e3d655,乱打,5
C19d35e14f1dc9189df7,sr,2
C19d35e14f1dc9189df7,▽,8
C19d35e14f1e2987c362,ln,14
C19d35e14f1fe8fcae85,▽,5
C19d35e14f20c13d19cb,sl,2
C19d35e14f218c2c6247,st,2
C19d35e14f218c2c6247,重発狂,2
C19d35e14f2828505ace,ln,6
C19d35e14f2828505ace,◆,6
C19d35e14f2c3d753940,st,1
C19d35e14f2c3d753940,重発狂,1
C19d35e14f2d7cf6fc3e,st,4
C19d35e14f2d7cf6fc3e,重発狂,4
C19d35e14f2ea5455faf,重発狂,2
C19d35e14f30fb6faea6,sl,2
C19d35e14f33f82af06c,dy,3
C19d35e14f33f82af06c,st,8
C19d35e14f38f1b03a5e,sl,9
C19d35e14f38f1b03a5e,乱打,9
C19d35e14f70444115c9,▼,8
C19d35e14f733a0058be,▼,6
C19d35e14f733a0058be,★,6
C19d35e14f733a0058be,乱打,4
C19d35e14f741ba9ab87,dl,8
C19d35e14f741ba9ab87,st,8
C19d35e14f755f17812e,dy,3
C19d35e14f755f17812e,双,5
C19d35e14f7654027dfb,sr,12
C19d35e14f7654027dfb,▽,11+
C19d35e14f79e9d61377,▽,4
C19d35e14f79e9d61377,☆,4
C19d35e14f7b31991f9e,st,3
C19d35e14f7fb24ca330,st,5
C19d35e14f7fb24ca330,双,4
C19d35e14f8125f0fdfe,dl,0
C19d35e14f8125f0fdfe,▼,18
C19d35e14f9dae4e723d,☆,9
C19d35e14fa642f7c979,ξ,10
C19d35e14fab14459310,▽,11
C19d35e14fb300829a0f,☆,11
C19d35e14fb759f9bc38,▼,3
C19d35e14fbd3abe6128,st,4
C19d35e14fbd3abe6128,双,3
C19d35e14fc9def608d6,sl,12
C19d35e14fc9def608d6,▼,18
C19d35e14fc9def608d6,乱打,12
C19d35e14fcee2bbdaf4,★★,3
C19d35e14fcee2bbdaf4,双,3
C19d35e14fe05e58e099,◆◆,10
C19d35e14fe5b7543a72,dl, BEGINNER
C19d35e14fe5b7543a72,★,9
C19d35e14fe85b4ed6fa,dl,-1
C19d35e14fe85b4ed6fa,★,19
C19d35e14fe85b4ed6fa,乱打,12
C19d35e14ff3919bef79,★,23
C19d35e14ff3919bef79,重発狂,3
C19d35e14ff5eac146a0,★★,5
C19d35e14ff5eac146a0,重発狂,6
C19d35e14ff7207e43cd,st,10
C19d35e14ff7207e43cd,重発狂,10
C19d35e14ffe45f45761,dl,12
C19d35e14fff4778ee20,dl, DELAYMASTER
C19d35e15000805c2452,dl,11
C19d35e150011b51e680,dl,4
C19d35e150011b51e680,★★,2
C19d35e150026da9b8e0,dl,-2
C19d35e150026da9b8e0,sl,11
C19d35e150035afdfaca,dl,-2
C19d35e15004ec941460,dl,4
C19d35e150114a892869,sr,5
C19d35e15024cccb7cab,双,4
C19d35e15026ba780654,Ude,3
C19d35e15026ba780654,sl,3
C19d35e15027695e0913,ξ,6
C19d35e15028111e5fef,ξ,4
C19d35e1503405dc2c13,☆,9
C19d35e150358e9114df,h◎,6
C19d35e15038e8b9b5db,◆◆,7
C19d35e150398f6b5762,★★,4
C19d35e1503a14bf7d66,★★,1
C19d35e1503b7acbbc8c,★★,6
C19d35e1503f81aac348,sl,7
C19d35e1503f81aac348,乱打,7
C19d35e1504028485724,▼,19
C19d35e1504028485724,乱打,12
C19d35e15048c3cead99,st,2
C19d35e15048c3cead99,重発狂,2
C19d35e15051c93eec5e,双,1
C19d35e1505fa6ed75cf,双,4
C19d35e15062625555ac,▼,0
C19d35e150638f9524d1,st,1
C19d35e1506597cffda3,☆,10
C19d35e15066682978f1,h◎,12
C19d35e150681606978f,▽,6
C19d35e1506e4e7ce18c,★,14
C19d35e150833876abd3,★,7
C19d35e1508aaf25124a,★,20
C19d35e150900e682457,sr,7
C19d35e150900e682457,☆,9
C19d35e15095fff85bdf,ln,18
C19d35e1509791d8fdc8,sr,13
C19d35e1509791d8fdc8,▼,0
C19d35e15099e889eb46,sr,1
C19d35e15099e889eb46,▽,7
C19d35e150b66bd66e7b,☆,8
C19d35e150c4636eb300,Ude,10
C19d35e150c4636eb300,sl,10
C19d35e150c500bd8cd8,st,1
C19d35e150c500bd8cd8,双,2
C19d35e150c666363e20,sl,4
C19d35e150c666363e20,乱打,4
C19d35e150c7ce7a42c8,st,6
C19d35e150c7ce7a42c8,双,5
C19d35e150c8830fe909,sl,0
C19d35e150c8830fe909,乱打,0
C19d35e150d16de91496,☆,7
C19d35e150d847f38b6a,◆,1
C19d35e150f965e57ea9,◆,4
C19d35e151095d42a585,★,13
C19d35e15111e0605268,▼,11
C19d35e1512855987f39,ξ,7
C19d35e1512a8ed62d26,▼,15
C19d35e1512b228664fe,★★,2
C19d35e1512d18f68b88,▼,8
C19d35e1512d18f68b88,☆,13
C19d35e15131101b8125,sl,5
C19d35e1513ccf52e7cb,乱打,2
C19d35e1513da4c2230b,乱打,7
C19d35e1514c34142e99,▽,9
C19d35e1515157b34259,▼,7
C19d35e151535b52186f,ξ,11
C19d35e151535b52186f,▽,5
C19d35e1515491a41db2,▽,12+
C19d35e15155a9854fbc,▼,23
C19d35e15155a9854fbc,双,3
C19d35e151561afc9b65,ξ,4
C19d35e151561afc9b65,▽,2
C19d35e15157fc6bc5e4,Ude,Ude5 (sub)
C19d35e15157fc6bc5e4,▼,9
C19d35e1516dc0fe0f84,Ude,Ude8 (sub)
C19d35e1516dc0fe0f84,★,8
C19d35e1516f4642283e,st,3
C19d35e1516f4642283e,重発狂,3
C19d35e1518d8f5d30b6,sl,0
C19d35e1518d8f5d30b6,☆,11
C19d35e1518d8f5d30b6,乱打,0
C19d35e1519eea4dfe89,sl,9
C19d35e1519ffad99b22,st,2
C19d35e1519ffad99b22,双,2
C19d35e151affd49b9cd,☆,8
C19d35e151b6634b9b54,SB,1
C19d35e151bb734ac594,SB,0
C19d35e151bddb58c0b1,ξ,6
C19d35e151d06452799a,★,12
C19d35e151dc1c2c6b7d,▽,11
C19d35e151ddb0281d59,★,16
C19d35e151e41ecb23a9,▽,9
C19d35e151e5a0fa3c30,st,2
C19d35e151e73f211431,▽,8
C19d35e152068c414c5c,☆,10
C19d35e15207b7569f11,SB,6
C19d35e15207b7569f11,h◎,9
C19d35e1520a3c577a4f,ξ,2
C19d35e1520b3ff21f3d,sr,0
C19d35e1520cb37de74e,sr,9
C19d35e1520d26374baa,sl,1
C19d35e1520eb65a05f8,sl,2
C19d35e1520eb65a05f8,乱打,2
C19d35e1520fcfddb4eb,sl,5
C19d35e1521bca89bdd2,so,9
C19d35e1521df28197ff,sr,12
C19d35e1521eb845b6e0,sl,2
C19d35e1521f6c080bc8,sr,7
C19d35e15222ea846748,dl,11
C19d35e15222ea846748,dy,6
C19d35e15222ea846748,st,11
C19d35e1522345df79ff,dl,-2
C19d35e1522345df79ff,sl,10
C19d35e1522405c6776d,st,2
C19d35e152293fef7115,sl,0
C19d35e152293fef7115,乱打,0
C19d35e15235152eae81,st,3
C19d35e1523647ecc201,ξ,9
C19d35e152372055b20e,dy,2
C19d35e152372055b20e,双,5
C19d35e1524622148feb,fr,4
C19d35e1524622148feb,★,10
C19d35e1524945b01139,dl,dl9 (sub)
C19d35e1524b68ed5ed6,fr,8
C19d35e1526484ffa4b8,SB,9
C19d35e15265f2325994,SB,4
C19d35e1526d70bab465,双,4
C19d35e1527cc6d08c9d,SB,5
C19d35e1527cc6d08c9d,▼,10
C19d35e1527e5762d1c2,SB,1
C19d35e1527e5762d1c2,▽,12-
C19d35e152809e7b5801,SB,0
C19d35e152809e7b5801,▽,8
C19d35e1528258a3623b,▽,8
C19d35e152991c6ee7ab,乱打,4
C19d35e1529aa4ba915e,乱打,6
C19d35e1529e432bbb9a,▽,3
C19d35e1529ff8e5fb68,▽,5
C19d35e152a083a2fe1c,sr,0
C19d35e152a083a2fe1c,▽,7
C19d35e152a1dcdfcde9,sr,5
C19d35e152a1dcdfcde9,▽,9
C19d35e152a297477e9f,sl,0
C19d35e152a297477e9f,sr,10
C19d35e152a297477e9f,▽,11
C19d35e152a297477e9f,乱打,0
C19d35e152a350e51cb2,▽,12
C19d35e152c6f1642492,★★,3
C19d35e152c95263fd89,sr,13
C19d35e152c95263fd89,▽,12
C19d35e152ca091ba399,▽,4
C19d35e152cb70e397f7,sl,12
C19d35e152cb70e397f7,▼,18
C19d35e152cb70e397f7,乱打,12
C19d35e152ccbe3da3fc,sl,1
C19d35e152d4b0873e15,sr,3
C19d35e152d4b0873e15,▽,9
C19d35e152d78703a360,▽,6
C19d35e152e66bf25e6b,▼,7
C19d35e152eb9c629973,so,12
C19d35e152fd895ae85a,dl,dl3 (sub)
C19d35e1530d91621d04,so,4
C19d35e1530ec393b8d8,sl,0
C19d35e153128a7b11b0,重発狂,3
C19d35e15316a8c2bd17,▼,14
C19d35e1531f5687b82d,ξ,3
C19d35e15325ceee8209,sl,5
C19d35e1532760b15554,ξ,5
C19d35e1532e68b2ea78,sl,2
C19d35e1532e68b2ea78,▼,4
C19d35e1532f46afeaa6,ξ,4
C19d35e1532f46afeaa6,▽,2
C19d35e15331edce8d57,sr,5
C19d35e15331edce8d57,▽,9
C19d35e153325a489282,▽,6
C19d35e15333a4af2246,st,6
C19d35e15333a4af2246,双,5
C19d35e15334f9edcfb8,sr,10
C19d35e15334f9edcfb8,▽,11
C19d35e15335f4a69857,双,?
C19d35e15342c1fef1d5,dl,7
C19d35e1535073c78b32,乱打,11
C19d35e1536895dff475,▽,1
C19d35e1537b8962cb54,▽,7
C19d35e1537b8962cb54,☆,7
C19d35e1537cc35cd601,sl,1
C19d35e1537cc35cd601,▼,1
C19d35e1537cc35cd601,乱打,1
C19d35e153c0658a0407,sr,4
C19d35e153c1aa2d9006,sr,8
C19d35e153c3625046ed,★,2
C19d35e153c3625046ed,乱打,1
C19d35e153c79db7f001,st,1
C19d35e153c79db7f001,双,1
C19d35e153ce39e04a11,sl,3
C19d35e153ce39e04a11,乱打,3
C19d35e153d3252598db,乱打,3
C19d35e153ee193e715a,☆,X
C19d35e154134ebc5f68,dl,1
C19d35e15420d292cd73,sn,5
C19d35e1544ccf07addd,st,7
C19d35e1544dc0e8c310,★,11
C19d35e1544e58888ca6,ξ,10
C19d35e15460b9ae6388,st,5
C19d35e15460b9ae6388,重発狂,6
C19d35e15461442f764a,▼,13
C19d35e154667ef3bb15,▽,1
C19d35e15474d782e728,▼,4
C19d35e15476e6716432,▼,0-
C19d35e15477015ec9ac,sr,!
C19d35e15477015ec9ac,▽,11
C19d35e15478c971f203,▼,6
C19d35e1547941e07ed8,sr,!
C19d35e1547941e07ed8,ξ,?
C19d35e1547941e07ed8,▽,7
C19d35e1547e9cd7467b,sr,4
C19d35e15481f932dcf0,h◎,0
C19d35e1549dcd551b60,ξ,8
C19d35e154a1b79de347,sl,1
C19d35e154a519199985,ξ,12
C19d35e154ab2f157b99,SB,0
C19d35e154ad0e09c42b,SB,4
C19d35e154b3b7066f9a,☆,10
C19d35e154c9276ff4ff,▼,14
C19d35e154cae6db0b48,▽,11
C19d35e154cb798a62aa,▽,6
C19d35e154dcd07e6264,sr,10
C19d35e154dcd07e6264,▽,11
C19d35e154ddfad0377d,sr,4
C19d35e154ddfad0377d,▽,9
C19d35e154de5ee008a2,▽,5
C19d35e154df876efeaf,▼,13
C19d35e154e2fbe2d03d,ξ,3
C19d35e154e35626c968,ξ,8
C19d35e154e5934cb035,☆,10
C19d35e154e6d02ca2f2,sl,4
C19d35e154fdc251d660,st,4
C19d35e154ff703f6b5e,★,10
C19d35e15501e2254159,ξ,11
C19d35e15502d29976f5,st,9
C19d35e155214c29f0ba,▽,7
C19d35e155236ae4ff25,▽,10
C19d35e155252049eafc,▽,11
C19d35e155276ef35b68,▼,7
C19d35e155296aaffa47,▼,14
C19d35e1553bf7284181,dy,2
C19d35e1554e9382baca,sr,3
C19d35e15550da7b93f5,▼,0
C19d35e15552d6654735,▼,11
C19d35e15553fcfbe629,▽,9
C19d35e155551cf56daf,▼,2
C19d35e155585d8b03f5,▼,7
C19d35e1555948e960c1,▽,10
C19d35e1555da19bfdc7,▽,11
C19d35e1555f61d958ba,▽,7
C19d35e155601e10bf13,▽,4
C19d35e1556228b2a2eb,sr,13
C19d35e1556228b2a2eb,▽,12-
C19d35e15563896df20f,▽,2
C19d35e1556573e42223,▼,14
C19d35e1556b8f756dee,sr,7
C19d35e1556b8f756dee,▽,10
C19d35e1556fa614aafe,sl,12
C19d35e1557098a36687,ξ,11
C19d35e1557098a36687,▽,6
C19d35e15574fedbadf0,st,1
C19d35e15574fedbadf0,▼,21
C19d35e15574fedbadf0,重発狂,1
C19d35e15575e5f47997,▼,4
C19d35e15576d5ff2b4a,sr,10
C19d35e15576d5ff2b4a,▽,11+
C19d35e1557709433b1a,▽,7
C19d35e15594e8753da6,sl,6
C19d35e15594e8753da6,乱打,6
C19d35e155959a67b7d4,乱打,6
C19d35e1559730c45300,★,4
C19d35e155a89c7e9918,▼,10
C19d35e155aae5c2383c,ξ,5
C19d35e155ad6e7820fd,sr,5
C19d35e155b2e6da35c0,sr,11
C19d35e155b4404beb03,★,1
C19d35e155b988a293aa,st,0
C19d35e155b988a293aa,重発狂,0
C19d35e155d7faee8cce,★,4
C19d35e155e4adb1b3d5,sl,11
C19d35e155e4adb1b3d5,乱打,11
C19d35e155e5c9ec8e38,st,4
C19d35e155e5c9ec8e38,★★,4
C19d35e155ec8635ae61,sl,2
C19d35e155ec8635ae61,▼,3
C19d35e155ec8635ae61,★,4
C19d35e155ec8635ae61,乱打,2
C19d35e155f7637c711b,★,7
C19d35e155fac859e7e9,◆,23
C19d35e155fac859e7e9,◆◆,11
C19d35e15604a81c79f3,ln,17
C19d35e156053276a5f3,sl,6
C19d35e156053276a5f3,乱打,6
C19d35e156071fd448f3,st,10
C19d35e156163c9aef39,sr,5
C19d35e156163c9aef39,▽,9
C19d35e156176dbd85e3,sl,0
C19d35e156176dbd85e3,sr,12
C19d35e156176dbd85e3,▽,11+
C19d35e156176dbd85e3,乱打,0
C19d35e1561bd2e03076,ln,11
C19d35e1561f366073b8,▽,5
C19d35e15620b7bbe28f,◆,17
C19d35e15620b7bbe28f,◆◆,4
C19d35e15623ce61a33d,st,0
C19d35e15623ce61a33d,▼,20
C19d35e1562e4857d8c4,sr,12
C19d35e1562fea41d13f,sr,5
C19d35e15630ea982518,sl,3
C19d35e156355f816326,重発狂,4
C19d35e1566e2c0c5c63,▽,9
C19d35e1566f70cfc4b1,▽,6
C19d35e1567031689c25,▽,7
C19d35e15682737cb0ed,ξ,13
C19d35e1569ebdf85eb2,☆,10
C19d35e156a8bcbbe14e,sl,10
C19d35e156a8bcbbe14e,▼,17
C19d35e156a8bcbbe14e,乱打,10
C19d35e156b10ff79ded,▽,5
C19d35e156b400dbabda,▽,8
C19d35e156b60da964f7,▽,11
C19d35e156b858124dc0,★,8
C19d35e156c69354f111,so,2
C19d35e156c7110eea4e,ln,9
C19d35e156c8967cde0a,◆◆,7
C19d35e156e7c3cd9898,sr,10
C19d35e156e7c3cd9898,▽,11
C19d35e156e7c3cd9898,☆,10
C19d35e156e8ce16b9ed,◆,12
C19d35e156ec4b1327c0,▽,12-
C19d35e156ec4b1327c0,★,1
C19d35e156ec4b1327c0,乱打,0
C19d35e156ef6ae86f14,sr,5
C19d35e156ef6ae86f14,▽,9
C19d35e156f74fbf80e9,◆,5
C19d35e156fc118b3206,▽,6
C19d35e156ffc1b8f9d4,dl,1
C19d35e156ffc1b8f9d4,st,1
C19d35e15716da25575c,ln,8
C19d35e15717905b593a,ξ,8
C19d35e1571ff006d687,dl,1
C19d35e1571ff006d687,st,1
C19d35e15720dc2b0b61,sr,1
C19d35e15720dc2b0b61,▽,7
C19d35e15723314ac7c1,sr,7
C19d35e15723314ac7c1,▽,10
C19d35e1572450033885,sr,13
C19d35e1572450033885,▼,0
C19d35e157266c651e2d,sl,4
C19d35e157297351b467,sl,3
C19d35e157297351b467,乱打,3
C19d35e1572c8452407c,★,8
C19d35e1572ee2cf7964,▽,12+
C19d35e15734c3fa6b5c,▽,11
C19d35e15735304cb81c,▽,6
C19d35e15735304cb81c,☆,6
C19d35e157369b9a91af,双,3
C19d35e157498377fcb9,☆,10
C19d35e15761d7c5bc52,▽,11+
C19d35e15762d03c42b1,▽,10
C19d35e157630d0b4023,▽,7
C19d35e1576eb9702ccb,◆,3
C19d35e15784b5adb256,▼,1
C19d35e15784b5adb256,乱打,2
C19d35e1578577e28665,▽,10
C19d35e15786f86bba8a,▼,14
C19d35e157873ff5fbb6,▽,4
C19d35e157883d98f690,▽,2
C19d35e1578b6ba13db1,st,1
C19d35e1578b6ba13db1,重発狂,1
C19d35e157912ac43670,▼,18
C19d35e157912ac43670,乱打,12
C19d35e157925ec03c56,st,10
C19d35e15793dc100a84,▼,24
C19d35e157975c084eb2,▼,13
C19d35e15798b794c81e,重発狂,7
C19d35e15799d61f601b,▽,11
C19d35e1579a0eea85cc,▽,9
C19d35e1579bd12a6f7d,▼,11
C19d35e1579cdda20890,▼,21
C19d35e1579d265442ef,ξ,7
C19d35e1579d265442ef,▽,4
C19d35e1579eb13f0853,▼,5
C19d35e157a069c70a2b,sl,0
C19d35e157a069c70a2b,▽,11
C19d35e157a5be1684ee,▽,9
C19d35e157a821040057,ξ,8
C19d35e157a821040057,▽,5
C19d35e157a9a562777f,▼,7
C19d35e157aa28225415,sl,3
C19d35e157aa28225415,▼,6
C19d35e157aa28225415,乱打,3
C19d35e157ab3ca6c863,▽,4
C19d35e157ac87c44267,sr,1
C19d35e157ac87c44267,▽,8
C19d35e157ad22e39aad,sr,8
C19d35e157ad22e39aad,☆,10
C19d35e157af3426a26d,sl,12
C19d35e157b0077b9794,▼,8
C19d35e157b1474bd1af,sr,13
C19d35e157b1474bd1af,▽,12-
C19d35e157bc309d2c7f,★,9
C19d35e157cf15829c58,▼,13
C19d35e157d1097efb02,sr,13
C19d35e157d1097efb02,▽,12-
C19d35e157d3fc3d4495,sr,6
C19d35e157d3fc3d4495,▽,9
C19d35e157d52fb04720,▼,22
C19d35e157d73a9b71dd,ξ,12
C19d35e157d73a9b71dd,▽,6
C19d35e157d8ec15b03f,st,7
C19d35e157d8ec15b03f,重発狂,7
C19d35e157dcb15222ee,ξ,11
C19d35e157e09977cfb0,sl,6
C19d35e157e5ece9c5fe,h◎,1
C19d35e157e644c35134,SB,-1
C19d35e157e644c35134,h◎,-1
C19d35e157e644c35134,▽,8
C19d35e157fca633e317,▼,3
C19d35e15802f9e30ed3,☆,8
C19d35e15813c2a481d1,SB,0
C19d35e158157e97ea8d,SB,1
C19d35e1581bda743b99,sl,1
C19d35e1581f2a02e51c,dl,-1
C19d35e1581f2a02e51c,sl,12
C19d35e15820ff9cbcc1,▼,4
C19d35e15821ccbcf6f5,▽,10
C19d35e15822a0680640,▽,6
C19d35e15827f4395ca7,sr,13
C19d35e15828c7a84723,ξ,5
C19d35e158297da52441,sr,8
C19d35e1582ac1a40ef7,sr,0
C19d35e1582b57b577df,sl,0
C19d35e1582b57b577df,sr,11
C19d35e1582f8b8d4741,sr,10
C19d35e158314483df68,sr,1
C19d35e1583bd01b1b1b,sr,?
C19d35e15840b37c8d9a,ξ,10
C19d35e15847b752c9d6,st,2
C19d35e15847b752c9d6,重発狂,2
C19d35e158498f3504a6,st,5
C19d35e158498f3504a6,重発狂,5
C19d35e1584aee30f7cf,sl,2
C19d35e1584b959ce394,sl,11
C19d35e1584b959ce394,乱打,11
C19d35e1584e39b8a375,st,11
C19d35e1584e39b8a375,重発狂,11
C19d35e1584f2511b724,st,8
C19d35e1584f2511b724,重発狂,8
C19d35e15850aadc5b32,重発狂,8
C19d35e1587cf48750d3,dl,2
C19d35e1587cf48750d3,★★,2
C19d35e1587d91af8497,sl,2
C19d35e158803c1bf4f5,▼,1
C19d35e15881af7eeea8,▼,8
C19d35e15881af7eeea8,乱打,5
C19d35e158827dd636b7,▼,9
C19d35e1588558c4eb17,sr,11
C19d35e1588558c4eb17,▽,11
C19d35e15886ae228598,▼,5
C19d35e1588981dc32ad,▼,16
C19d35e1588aa5ee8c80,★,11
C19d35e1588bd21e505a,▼,21
C19d35e1588d3ccd33eb,sl,10
C19d35e158918c7fb649,sr,2
C19d35e158918c7fb649,▽,8
C19d35e158918c7fb649,☆,8
C19d35e15892c3824c81,▼,10
C19d35e15893823d367f,▼,3
C19d35e15895995d41ef,◆,19
C19d35e15895995d41ef,◆◆,7
C19d35e15896ea2b5039,▽,4
C19d35e15896ea2b5039,☆,4
C19d35e15897f0736d8d,◆,13
C19d35e1589927869f5d,双,6
C19d35e1589fcb8c6fc2,▼,12
C19d35e158a14d0aad10,dl,6
C19d35e158a14d0aad10,★★,4
C19d35e158b273c89641,ln,16
C19d35e158b4af63d250,sr,6
C19d35e158b5126d5ca1,sr,10
C19d35e158bdf076f436,双,4
C19d35e158c1089ca656,ξ,13
C19d35e158c2edbea6fa,sr,8
C19d35e158c3bf830ed0,▼,3
C19d35e158cfafa1b38b,★,10
C19d35e158d07ff7e886,sl,11
C19d35e158f74ddaf56b,sr,!
C19d35e158f8ff24a799,sr,!
C19d35e159047dd6df50,▼,1
C19d35e15906c47a2e5d,▽,9
C19d35e1590886d2c884,▽,6
C19d35e1591a695baf0a,▽,6
C19d35e1591deb2dacb1,sr,1
C19d35e1591deb2dacb1,▽,8
C19d35e1591deb2dacb1,☆,7
C19d35e15920bc6476c5,★,1
C19d35e15920bc6476c5,乱打,1
C19d35e159253bc5e438,▼,10
C19d35e1592737a1bb43,so,2
C19d35e1592737a1bb43,▼,2
C19d35e1592af62e91cd,ln,12
C19d35e1592bd4671803,fr,11
C19d35e1592f8bb69fc4,▼,11
C19d35e159448fb72c2b,st,2
C19d35e159448fb72c2b,双,2
C19d35e1594e29394104,sl,8
C19d35e15951fb6a4cdb,◆,10
C19d35e15952f660f58a,▽,9
C19d35e15957f4bfcf7f,▽,7
C19d35e15958a15dfa21,▼,11
C19d35e15959865ff1b1,▽,11+
C19d35e1595b69638e56,▽,4
C19d35e1595c714bec9b,双,2
C19d35e159610a4e96c7,sl,2
C19d35e1596cee755421,st,4
C19d35e1596cee755421,双,3
C19d35e159834d8016af,☆,8
C19d35e159a011de43ba,▼,10
C19d35e159ad013c7fd1,dy,4
C19d35e159ad013c7fd1,st,9
C19d35e159b1357d51d4,sr,9
C19d35e159b2595757ea,sr,13
C19d35e159b4f69040ec,dy,0
C19d35e159b4f69040ec,st,5
C19d35e159b4f69040ec,重発狂,5
C19d35e159be62b7c4e8,sl,2
C19d35e159be62b7c4e8,▼,2
C19d35e159be62b7c4e8,乱打,2
C19d35e159bf6333b9a1,▽,11+
C19d35e159c06b65482a,sl,11
C19d35e159c06b65482a,乱打,11
C19d35e159c1579f4654,▽,9
C19d35e159c2ab2ebb28,▽,5
C19d35e159c3a5515b98,st,1
C19d35e159c3a5515b98,重発狂,1
C19d35e159cb612278c0,▼,8
C19d35e159d4ad005428,▽,6
C19d35e159d86f6d5ca4,sl,8
C19d35e159d86f6d5ca4,▼,12
C19d35e159d86f6d5ca4,乱打,8
C19d35e159e6491b13ac,◆,5
C19d35e159ec8723cc0d,Ude,12
C19d35e159ec8723cc0d,sl,12
C19d35e159ed28f27baa,sr,10
C19d35e159efae75b304,sr,4
C19d35e159fab1d3bc01,sl,12
C19d35e159fab1d3bc01,乱打,12
C19d35e15a034ce95c96,h◎,11
C19d35e15a0a6561f13d,▼,10
C19d35e15a0b00c13c3e,sr,13
C19d35e15a0b00c13c3e,▼,0
C19d35e15a0b00c13c3e,☆,11
C19d35e15a0b00c13c3e,乱打,0
C19d35e15a0c5db65daa,dl,9
C19d35e15a0c5db65daa,st,9
C19d35e15a0e37517afa,sr,6
C19d35e15a1231ca75ea,★,10
C19d35e15a1231ca75ea,乱打,6
C19d35e15a2170f11430,st,3
C19d35e15a2170f11430,双,2
C19d35e15a25a1424eed,ln,7
C19d35e15a2725137f5b,Ude,1
C19d35e15a2725137f5b,sl,1
C19d35e15a2a372a4ba5,st,0
C19d35e15a2a372a4ba5,重発狂,0
C19d35e15a35fe5fa073,双,4
C19d35e15a3bb8666374,☆,6
C19d35e15a3d8a695335,Ude,12
C19d35e15a3d8a695335,sl,12
C19d35e15a3e0ac1bf64,st,2
C19d35e15a3e0ac1bf64,双,2
C19d35e15a3f6838ce52,st,4
C19d35e15a3f6838ce52,双,4
C19d35e15a4aad1ed937,▽,12+
C19d35e15a4c599c1f84,▽,10
C19d35e15a4dbc99b91d,▽,5
C19d35e15a60cbc21743,h◎,9
C19d35e15a6a3ca751d3,sr,10
C19d35e15a6e5e2f0b5b,sr,3
C19d35e15a6f7a29d1ef,★,3
C19d35e15a750169c3a8,ξ,6
C19d35e15a750169c3a8,☆,4
C19d35e15a76aaf01d8c,h◎,4
C19d35e15a8ee7f67075,ξ,3
C19d35e15a944914322f,sr,8
C19d35e15a944914322f,▽,10
C19d35e15a9614359cca,sr,12
C19d35e15a9614359cca,▽,11
C19d35e15a99593ac41c,sr,1
C19d35e15a99593ac41c,▽,8
C19d35e15a99593ac41c,☆,8
C19d35e15a9e3b0551b3,▽,3
C19d35e15aa14f4d76f6,▼,5
C19d35e15aa14f4d76f6,★,4
C19d35e15ac040eead70,▼,12
C19d35e15ac10679d07d,▽,10
C19d35e15ac3843fcb22,▽,5
C19d35e15ac97fd35886,sr,2
C19d35e15acaabab7801,sr,9
C19d35e15acb2bb6e8fe,sl,1
C19d35e15acb2bb6e8fe,sr,13
C19d35e15ad0eb493564,SB,0
C19d35e15ad146749066,SB,-1
C19d35e15ad2d070ab4e,ξ,7
C19d35e15ad36be98331,sl,3
C19d35e15ae25d8c0ca9,ln,15
C19d35e15af053060dac,h◎,7
C19d35e15af3d133eff4,Ude,0
C19d35e15af3d133eff4,sl,0
C19d35e15afe3bc88975,▼,10
C19d35e15afe3bc88975,乱打,5
C19d35e15afff6154d58,▽,4
C19d35e15b003cee50bc,sr,13
C19d35e15b003cee50bc,▽,11+
C19d35e15b040817cbcf,sr,2
C19d35e15b040817cbcf,▽,7
C19d35e15b0ad9f42870,st,8
C19d35e15b0baa9dbf55,◆,21
C19d35e15b0c3a82a7c1,★,21
C19d35e15b0c3a82a7c1,重発狂,1
C19d35e15b0da8b54ffe,▼,8
C19d35e15b0da8b54ffe,乱打,5
C19d35e15b1bffa6ede9,★★,4
C19d35e15b202c8a4a10,dl,-2
C19d35e15b202c8a4a10,sl,11
C19d35e15b2633506bc5,▽,9
C19d35e15b272d85ec80,▼,5
C19d35e15b2af9049505,▽,12
C19d35e15b2d4f8ab3d1,dl,0
C19d35e15b2d4f8ab3d1,★,20
C19d35e15b5fa3989b48,乱打,12
C19d35e15b66710fe878,★,11
C19d35e15b66710fe878,乱打,9
C19d35e15b67854ae2bc,▼,5
C19d35e15b67854ae2bc,乱打,3
C19d35e15b6db110f012,sr,9
C19d35e15b718a2271c8,Ude,2
C19d35e15b7ba118c6e7,sl,2
C19d35e15b7ba118c6e7,▼,4
C19d35e15b84c251cf16,ξ,7
C19d35e15b84c251cf16,▽,4
C19d35e15b8542d1de04,st,5
C19d35e15b8542d1de04,重発狂,5
C19d35e15b88d5520015,◆,17
C19d35e15b890255f838,sr,7
C19d35e15b890255f838,▽,10
C19d35e15b8ac7636cb6,▼,15
C19d35e15b8b8d01e113,sl,5
C19d35e15b8c90186a85,st,7
C19d35e15b8c90186a85,重発狂,7
C19d35e15b8dfe2a0202,▼,5
C19d35e15b8f3edf95fa,sr,1
C19d35e15b8f3edf95fa,▽,7
C19d35e15b8f3edf95fa,☆,7
C19d35e15b91e19d1129,st,0
C19d35e15b91e19d1129,重発狂,0
C19d35e15b9275e60776,★,23
C19d35e15b9275e60776,重発狂,3
C19d35e15b9f3641db9f,sr,11
C19d35e15ba02c0569fa,sl,11
C19d35e15ba178d2c170,ln,26
C19d35e15ba23c1c6586,sr,3
C19d35e15ba41d7b524e,st,1
C19d35e15ba58dd99a17,dy,2
C19d35e15ba58dd99a17,st,7
C19d35e15bc7dcf646ad,★,14
C19d35e15bc8d62736ca,st,0
C19d35e15bc8d62736ca,▼,19
C19d35e15bc8d62736ca,重発狂,0
C19d35e15bd03c11c376,st,0
C19d35e15bd03c11c376,重発狂,0
C19d35e15bd16e0c8959,st,3
C19d35e15bd9cab93a96,st,2
C19d35e15bd9cab93a96,双,2
C19d35e15be5a20c635d,★,6
C19d35e15bfe0d63f77e,双,3
C19d35e15c0be5e1ea8c,☆,11
C19d35e15c2b39394c7a,双,4
C19d35e15c487934c725,ξ,10
C19d35e15c4d3b4c17cc,sl,2
C19d35e15c4e1bbb27e2,sl,7
C19d35e15c4e1bbb27e2,乱打,7
C19d35e15c5b6f4e829b,dy,1
C19d35e15c5b6f4e829b,st,6
C19d35e15c5b6f4e829b,双,5
C19d35e15c9efbdaf154,sl,0
C19d35e15c9efbdaf154,sr,11
C19d35e15c9f28d8b5eb,★,13
C19d35e15ca0d0c81b3f,sr,6
C19d35e15ca0d0c81b3f,☆,9
C19d35e15ca108aa4127,ln,16
C19d35e15ca3d6978842,ξ,11
C19d35e15ca8fa12ad0e,★★,1
C19d35e15ca8fa12ad0e,双,1
C19d35e15caeb506a56f,sl,3
C19d35e15cb026645c7c,ξ,4
C19d35e15cb973bb43c7,☆,12
C19d35e15cbead9a65bf,sl,9
C19d35e15cbead9a65bf,乱打,9
C19d35e15cc2d36bbfb6,乱打,7
C19d35e15cc371dcf418,▼,8
C19d35e15cd3b1495c51,Ude,5
C19d35e15cd3b1495c51,sl,5
C19d35e15cdda4544164,双,3
C19d35e15ce0d1a98b54,▼,8
C19d35e15ce192642ee5,乱打,2
C19d35e15ce2dd57e3df,▽,8
C19d35e15ce393cbdfeb,乱打,4
C19d35e15ce4e96b6291,▼,5
C19d35e15ce62c58703e,乱打,2
C19d35e15cf660e11b1d,▽,12-
C19d35e15cf7db320b58,▽,2
C19d35e15cfac27515a4,▽,9
C19d35e15cff16d9428a,★,11
C19d35e15d068c605826,▽,6
C19d35e15d0889d735d1,h◎,4
C19d35e15d13eb995c1d,SB,7
C19d35e15d13eb995c1d,h◎,8
C19d35e15d149d7f0b59,dl,6
C19d35e15d149d7f0b59,dy,2
C19d35e15d157d72775c,h◎,13
C19d35e15d1e18f0d2cb,▽,12+
C19d35e15d1f911ce6c8,▽,10
C19d35e15d2093f9a92f,▽,5
C19d35e15d23ba7ee3a4,SB,8
C19d35e15d23ba7ee3a4,▼,21
C19d35e15d24bd9ed65b,SB,10
C19d35e15d24bd9ed65b,▼,24
C19d35e15d260b77c652,sr,11
C19d35e15d260b77c652,▽,11
C19d35e15d27f2d54837,▽,12+
C19d35e15d2e12c18421,sr,6
C19d35e15d2e12c18421,▽,9
C19d35e15d2f2fabee3b,sl,1
C19d35e15d3001c4a251,ln,10
C19d35e15d33e180d6c0,▽,4
C19d35e15d3a257c4a4e,sl,5
C19d35e15d3a257c4a4e,★,9
C19d35e15d3d4ba4f0ff,sl,1
C19d35e15d3d4ba4f0ff,▽,12
C19d35e15d3efbbae377,sr,4
C19d35e15d3efbbae377,▽,9
C19d35e15d3f13addd0d,▽,4
C19d35e15d41b8662556,sr,11
C19d35e15d43434bf746,sr,7
C19d35e15d444d3144f6,dl,2
C19d35e15d4632a51c7b,ln,16
C19d35e15d4b25c4a0cb,sl,4
C19d35e15d4b25c4a0cb,乱打,4
C19d35e15d4cf1c0b4ba,乱打,8
C19d35e15d713865a9b5,★★,4
C19d35e15d713865a9b5,重発狂,6
C19d35e15d73ce941ca4,◆,19
C19d35e15d747527cfff,重発狂,2
C19d35e15d7701555880,重発狂,0
C19d35e15d7c43fe42fd,st,3
C19d35e15d7c43fe42fd,重発狂,3
C19d35e15d87c7fdb98b,☆,8
C19d35e15d8bd2617872,★,7
C19d35e15d9995bf3f4d,ξ,4
C19d35e15dac1d78fd27,★,12
C19d35e15dac1d78fd27,乱打,6
C19d35e15dad58bcbf28,★,20
C19d35e15dad58bcbf28,乱打,12
C19d35e15dc148c0c25e,st,6
C19d35e15dc148c0c25e,重発狂,6
C19d35e15dd040d62dc2,sr,12
C19d35e15dd040d62dc2,▽,11+
C19d35e15dd040d62dc2,☆,11
C19d35e15dd20f43c27f,▽,4
C19d35e15ddab69e1760,★,3
C19d35e15ddab69e1760,乱打,2
C19d35e15ddda9758beb,★,12
C19d35e15de6d487ca40,ξ,5
C19d35e15de9cd28e901,st,3
C19d35e15df4fd8d11a6,sl,12
C19d35e15df4fd8d11a6,乱打,12
C19d35e15df555a00e5d,sr,6
C19d35e15df555a00e5d,▽,9
C19d35e15df555a00e5d,☆,8
C19d35e15dfcc720af15,▽,6
C19d35e15e11a745d913,☆,7
C19d35e15e16d8033638,◆,1
C19d35e15e1ac73ac98d,▼,8
C19d35e15e1f8e57893a,sr,6
C19d35e15e203fc5ade5,sr,9
C19d35e15e4d609e55ef,▽,1
C19d35e15e4e8cde0f4d,▽,4
C19d35e15e4febd34149,▽,8
C19d35e15e50aefe292c,▽,11+
C19d35e15e5865cdad2a,乱打,3
C19d35e15e64bcd9c11b,ln,4
C19d35e15e6c8f30e6ca,▼,0
C19d35e15e7051c1f4d5,Ude,0
C19d35e15e7051c1f4d5,sl,0
C19d35e15e73696b2edd,st,4
C19d35e15e73696b2edd,双,3
C19d35e15e7a1546f648,☆,7
C19d35e15ea950561b5d,sl,1
C19d35e15eb8abe664ca,sl,1
C19d35e15eb9b9c89f8b,sr,10
C19d35e15eb9b9c89f8b,▽,10
C19d35e15eba69fb8229,sr,3
C19d35e15eba69fb8229,▽,8
C19d35e15ebcf942ba5f,▽,4
C19d35e15ec6227ac010,▽,11+
C19d35e15ec8c3c7f092,Ude,0
C19d35e15ecb114e73f6,▽,10
C19d35e15ecccd43f0e9,▼,3
C19d35e15ecd91d5e5ee,▽,3
C19d35e15ece0320ab98,乱打,3
C19d35e15ecfc64640ba,sl,10
C19d35e15ecfc64640ba,乱打,10
C19d35e15ed047785d55,st,1
C19d35e15ed047785d55,重発狂,1
C19d35e15ed1f8658cf5,Ude,1
C19d35e15ee3e2e84573,★,6
C19d35e15eed78d9a47e,sr,10
C19d35e15eeef6d03696,sl,3
C19d35e15eeef6d03696,▼,4
C19d35e15eefd25faacb,sr,2
C19d35e15ef2b9c36f25,st,5
C19d35e15ef2b9c36f25,双,5
C19d35e15f062d9c40cc,st,4
C19d35e15f18e2aa7e51,sl,1
C19d35e15f1eafaea010,st,3
C19d35e15f1eafaea010,重発狂,3
C19d35e15f29cc4806e7,▽,3
C19d35e15f2aa9fbd3e2,▽,9
C19d35e15f2b419b5409,▽,10
C19d35e15f662ef517f1,▽,7
C19d35e15f67004c6c19,▽,10
C19d35e15f68417b04c4,▽,12-
C19d35e15f6ec9df9c84,sl,8
C19d35e15f7cfc593d2f,st,8
C19d35e15f7cfc593d2f,双,5
C19d35e15f7ff7889112,dl,3
C19d35e15f7ff7889112,st,3
C19d35e15f807de63554,★,20
C19d35e15f8509335a11,★,12
C19d35e15f892c82a0f8,★,15
C19d35e15fa4ba40ba2f,◆,17
C19d35e15fa4ba40ba2f,◆◆,4
C19d35e15fa5a4db7625,h◎,11
C19d35e15fa6f0a03d54,★★,7
C19d35e15fb0b3f199af,▽,11+
C19d35e15fb1d56b1d57,双,2
C19d35e15fb28b33ec17,▽,2
C19d35e15fb4b5b6a9a7,▽,9
C19d35e15fb5ab2da409,▽,5
C19d35e15fee866f1bfd,★★,3
C19d35e15ff86a2ad8ce,sr,!
C19d35e15ffa7ae5f25b,sr,0
C19d35e15ffa7ae5f25b,▽,7
C19d35e15ffb6b264f7e,sr,6
C19d35e15ffb6b264f7e,▽,10
C19d35e15ffd101f8bb7,sr,12
C19d35e15ffd101f8bb7,▽,11+
C19d35e15ffd101f8bb7,☆,11
C19d35e1600124ce5b76,▼,6
C19d35e1600124ce5b76,★,6
C19d35e160028cbd3f1b,★,19
C19d35e1600db9c8edcb,◆,20
C19d35e1600db9c8edcb,◆◆,8
C19d35e160205816d206,sl,8
C19d35e160258ae17d9d,h◎,1
C19d35e160335956f007,fr,11
C19d35e16035a2bf48bb,▽,5
C19d35e16036493b2f5d,▽,10
C19d35e1603737ff9251,▽,12-
C19d35e160394b055351,dl,6
C19d35e1603c617f9d39,▼,5
C19d35e16042f8b9c111,☆,11
C19d35e1604da71ebe1e,◆,17
C19d35e16051345a4158,▼,17
C19d35e16052722b5b40,sr,9
C19d35e16054bfdcfaa2,sr,1
C19d35e1606a1b0d613d,▽,6
C19d35e160837f3e6cca,sr,12
C19d35e160837f3e6cca,▽,11+
C19d35e160837f3e6cca,☆,11
C19d35e160877892f97f,sr,2
C19d35e160877892f97f,▽,8
C19d35e16089bf93f6d2,▽,5
C19d35e1609bec2927ca,▼,21
C19d35e160ab33ad77c9,dl,4
C19d35e160ab33ad77c9,st,4
C19d35e160ad6f7f0698,dl, BEGINNER
C19d35e160ad6f7f0698,★,11
C19d35e160b2c419a160,☆,9
C19d35e160b3af91a719,dl,5
C19d35e160b3af91a719,st,5
C19d35e160bda7939fdc,★,10
C19d35e160cd3e6fd151,▽,8
C19d35e160ceb804ebf0,▽,10
C19d35e160cf78b63fa5,▼,3
C19d35e160e7811c6002,★,13
C19d35e160e8adaeec15,dl,削除
C19d35e160e8adaeec15,st,4
C19d35e160ec5d420f1c,dl,9
C19d35e160ec5d420f1c,st,9
C19d35e160ec5d420f1c,★★,5
C19d35e160eebc5f0842,sl,1
C19d35e1610d07ce6d28,★,7
C19d35e161123ded4ebc,Ude,10
C19d35e1611b65d83157,sl,4
C19d35e161227d27bc9f,◆◆,2
C19d35e1612541786e21,ln,13
C19d35e1612664c3ee4d,双,0
C19d35e1612e5686ad9d,st,2
C19d35e1612e5686ad9d,重発狂,2
C19d35e1612f9464a36c,sl,12
C19d35e1612f9464a36c,乱打,12
C19d35e1613022910cd4,sr,13
C19d35e16132fa505d7b,sr,9
C19d35e1613f885f13b5,sr,7
C19d35e16144e67de6c6,★,5
C19d35e1614662624bc2,ξ,9
C19d35e161576e3c1003,sl,8
C19d35e1616b2c171d23,☆,11
C19d35e161a7c45f6249,h◎,12
C19d35e161c9154293ca,▼,21
C19d35e161c9154293ca,★★,1
C19d35e161cb4c6f7bd2,☆,7
C19d35e161d3242b9e29,SB,2
C19d35e161d4e855e17b,h◎,0
C19d35e161e2b84ab9d5,▽,9
C19d35e161e3ad2e9831,▽,7
C19d35e161e4ec031349,▽,5
C19d35e161edb3ab89d4,sl,7
C19d35e161ee0e2361cd,▽,12+
C19d35e161f3316a917d,▽,9
C19d35e161f4eb9a27c8,SB,4
C19d35e161f5abb1dd9c,▼,9
C19d35e161f675cabf04,▽,5
C19d35e161f834f0126c,▼,14
C19d35e161f918464842,▼,21
C19d35e162086b57ec6c,▼,12
C19d35e16238097d2b04,sl,3
C19d35e16239a45ca9d4,sr,5
C19d35e1623b681e5562,乱打,3
C19d35e1623ea332715d,sl,1
C19d35e16248aeafa51e,sl,12
C19d35e16248aeafa51e,乱打,12
C19d35e1625228d128b9,sl,1
C19d35e1625228d128b9,▼,2
C19d35e1625228d128b9,乱打,1
C19d35e162535293a42d,st,1
C19d35e162535293a42d,重発狂,1
C19d35e16257a86d17c3,乱打,6
C19d35e1625ad7d158ce,★,16
C19d35e1625ad7d158ce,乱打,8
C19d35e1626256493be0,★★,2
C19d35e1626ee0d44823,sr,?
C19d35e1626f5c9988ff,sr,!
C19d35e162757d170a9e,sr,13
C19d35e16276ba41496c,sr,8
C19d35e16277f2b879d7,sr,0
C19d35e1627f19b36153,☆,11
C19d35e162834f5294f2,★,5
C19d35e16288a3f7f314,dl,-2
C19d35e1628b07f02bc8,st,5
C19d35e162949c806f40,sl,9
C19d35e1629981b3c3cf,sr,12
C19d35e1629ab804b8fc,sr,2
C19d35e1629d6340f96b,st,2
C19d35e1629d6340f96b,重発狂,2
C19d35e1629e8805a186,乱打,7
C19d35e162a389fc0d99,st,5
C19d35e162a389fc0d99,重発狂,5
C19d35e162ac588f27b2,▼,10
C19d35e162c9ffc6e93c,▼,10
C19d35e162c9ffc6e93c,乱打,7
C19d35e162cc192c4bfc,★★,1
C19d35e162ce463123f5,sr,10
C19d35e162ce463123f5,▽,11
C19d35e162dc900d5d74,sr,2
C19d35e162dc900d5d74,▽,8
C19d35e162dc900d5d74,☆,8
C19d35e162ddcfffcb7b,★,2
C19d35e162ddcfffcb7b,乱打,1
C19d35e162de72b99102,乱打,4
C19d35e162e06866b484,sl,12
C19d35e162e06866b484,乱打,12
C19d35e162e19e8639fe,st,2
C19d35e162e19e8639fe,重発狂,2
C19d35e162e24713d8e8,sl,10
C19d35e162e24713d8e8,乱打,10
C19d35e162e40fea2fed,sr,0
C19d35e162e40fea2fed,▽,7
C19d35e162e64e2d77d9,h◎,14
C19d35e16301c8f3869f,SB,1
C19d35e163027d513fe8,SB,6
C19d35e163027d513fe8,▼,16
C19d35e16307c7a6b6dd,▽,6
C19d35e16309b2ba3997,▽,9
C19d35e1630b339060e2,▽,11
C19d35e1630c15a681ac,▼,9
C19d35e163131d36d635,st,7
C19d35e163131d36d635,双,4
C19d35e1631698000164,☆,10
C19d35e1631e82ca632d,乱打,3
C19d35e1631fb29831b4,sl,1
C19d35e16323047d0618,sr,8
C19d35e16326074f83f1,st,2
C19d35e16326074f83f1,双,2
C19d35e16329499ee00b,ξ,7
C19d35e1632ec2512ad1,sr,6
C19d35e1632ec2512ad1,▽,10
C19d35e1633148a532b1,sl,1
C19d35e1633148a532b1,★,1
C19d35e16338258445ac,sl,3
C19d35e1633926e5ad5d,sr,8
C19d35e1635df141245e,☆,8
C19d35e16365025c6e61,★,10
C19d35e1637707e868bc,sl,2
C19d35e1637707e868bc,▼,3
C19d35e1637707e868bc,乱打,2
C19d35e163799a6ba6d8,st,0
C19d35e163799a6ba6d8,重発狂,0
C19d35e1637b20c78c7e,★,11
C19d35e1637b20c78c7e,乱打,8
C19d35e1637c79ba0b4b,▽,10
C19d35e1637dec2b6441,▽,4
C19d35e1638f49baee12,▽,10
C19d35e16391e8b9d96d,▽,8
C19d35e16393c20b4d5a,▽,4
C19d35e16394004d57df,▼,8
C19d35e1639cf2d46efb,ln,25
C19d35e163bb31af9cae,ln,19
C19d35e163bb31af9cae,◆,19
C19d35e163bb31af9cae,◆◆,8
C19d35e163c0bcba96cd,▼,14
C19d35e163c0bcba96cd,★,14
C19d35e163c0bcba96cd,乱打,8
C19d35e163c44f55bc66,☆,8
C19d35e163d012744987,▼,22
C19d35e163d012744987,重発狂,5
C19d35e163d1483df782,▼,12
C19d35e163d27f7edc79,▽,10
C19d35e163d37eb560a6,▼,19
C19d35e163d4b1bbd7de,▽,5
C19d35e163def1505bbf,sr,10
C19d35e163def1505bbf,▽,11
C19d35e163dff2a1d5bf,▽,3
C19d35e163e4ae1ad200,▽,9
C19d35e163e5b0f2b061,sl,0
C19d35e163e5b0f2b061,▽,12
C19d35e163e5b0f2b061,乱打,0
C19d35e163e65f90f8bc,▽,7
C19d35e163ecef7b01db,乱打,2
C19d35e163ffc646729f,▽,7
C19d35e16401ae970f8e,▽,9
C19d35e164033effdd4c,SB,2
C19d35e1640e7442676f,sl,2
C19d35e1640e7442676f,乱打,2
C19d35e1641124e2287e,sr,6
C19d35e16431c7dacb8e,★★,1
C19d35e16431c7dacb8e,双,0
C19d35e16434931121e9,★★,3
C19d35e16434931121e9,双,3
C19d35e1644033ff0b07,ln,12
C19d35e16446ba34e2b2,▽,6
C19d35e16448c38ddb05,ln,9
C19d35e16448c38ddb05,◆,8
C19d35e1645bc2c5d7bc,sl,0
C19d35e1645c0e794eff,ξ,1
C19d35e16460dc7e4ff4,sl,4
C19d35e16461c8e5a19c,sr,3
C19d35e16462361b7188,st,4
C19d35e16462361b7188,双,3
C19d35e16463dad6ef4c,st,9
C19d35e16463dad6ef4c,双,6
C19d35e1646d49a8128c,sl,1
C19d35e164719079e568,☆,8
C19d35e164725cf4833b,SB,1
C19d35e164725cf4833b,h◎,1
C19d35e1647761331c51,SB,2
C19d35e1647761331c51,h◎,1
C19d35e1647adb87676d,双,0
C19d35e1647b8c4e5597,双,2
C19d35e1647d2d84fab9,ξ,4
C19d35e1647d2d84fab9,▽,3
C19d35e1647e564c72dc,▽,7
C19d35e1647fdd2775d2,sr,8
C19d35e1647fdd2775d2,▽,10
C19d35e1648094c32b41,▽,12
C19d35e1648121751194,▽,12+
C19d35e1648680c07f59,sl,4
C19d35e1648da78d4130,ξ,12
C19d35e1648ff71228bf,▼,9
C19d35e16495ed7f5fe0,乱打,8
C19d35e164a14eb43b7b,st,2
C19d35e164bafe26fd25,▽,11
C19d35e164bf2485fa0a,▽,9
C19d35e164c19c8da0f9,▽,6
C19d35e164c61da29435,双,5
C19d35e164cba1320145,双,1
C19d35e164daeac34255,so,5
C19d35e164db5ab46f53,sl,11
C19d35e164db5ab46f53,乱打,11
C19d35e164edcd965942,st,3
C19d35e164edcd965942,双,3
C19d35e164f2095d17c0,st,10
C19d35e164f2095d17c0,双,6
C19d35e164f4f4f0b842,★,1
C19d35e164f4f4f0b842,乱打,1
C19d35e164f5b3df9523,sr,12
C19d35e164f6bf6fd6bf,sr,3
C19d35e164f8561dd5d6,sl,3
C19d35e164f9bec27620,ξ,11
C19d35e165098b1db902,▽,？
C19d35e1650dddb3b87b,★,14
C19d35e165102596553e,▽,8
C19d35e16511c560aea3,ln,23
C19d35e16513ac8b69d7,sl,10
C19d35e16515fc469443,▽,9
C19d35e16519a1cb7317,★,22
C19d35e16519a1cb7317,★★,2
C19d35e1652b80c36281,h◎,14
C19d35e1652cfbc7c138,▽,10
C19d35e1652cfbc7c138,☆,10
C19d35e1653c14df6712,st,6
C19d35e1655662ac2801,☆,11
C19d35e1655712d2e752,★,12
C19d35e1655712d2e752,乱打,5
C19d35e16559b788ae4e,★,2
C19d35e1655adf02416e,◆,10
C19d35e1655c647fb84f,ξ,11
C19d35e1655e395af1d7,st,0
C19d35e165784833e0a7,◆,1
C19d35e16579d7ef5822,◆,5
C19d35e165a8bc1a6474,▼,1
C19d35e165b326e28212,sl,11
C19d35e165cc80d9ccaa,SB,0
C19d35e165cdb62a6164,SB,2
C19d35e165ce1c6c8d28,SB,5
C19d35e165cf9124da5d,SB,9
C19d35e165cf9124da5d,★★,3
C19d35e165db2e96bbff,Ude,0
C19d35e165db2e96bbff,sl,0
C19d35e165db2e96bbff,▽,11
C19d35e165dc1bff94bb,▽,2
C19d35e165dd5551a264,▽,9
C19d35e165de8e793d60,▽,5
C19d35e165e11193f283,Ude,4
C19d35e165e11193f283,★,5
C19d35e165ef9bdacc34,▽,7
C19d35e165f0123ed4e4,▽,9
C19d35e165f117a00f0a,▽,3
C19d35e165f924346274,▼,0
C19d35e165fcbd8fb4b5,sl,0
C19d35e165fcbd8fb4b5,▽,11+
C19d35e165fcbd8fb4b5,乱打,0
C19d35e165fd454f6003,st,1
C19d35e165ff2f706eb9,sl,9
C19d35e1660084329b85,▽,9
C19d35e1660146490a29,▽,12+
C19d35e16602bb6bcf25,▽,4
C19d35e16613f4720fba,▼,0
C19d35e166142d7a248b,sl,10
C19d35e166193f789a8a,重発狂,5
C19d35e16621989eccf0,sr,6
C19d35e16621989eccf0,▽,9
C19d35e16622ff6f8f6b,▽,2
C19d35e166262bbd051d,sr,0
C19d35e166262bbd051d,▽,7
C19d35e16627559b42e7,Ude,1
C19d35e16627559b42e7,sl,1
C19d35e16628ee6db0e7,▽,5
C19d35e1662a8026dba2,Ude,3
C19d35e1662a8026dba2,★,4
C19d35e1662b36fbb000,Ude,5
C19d35e1662b36fbb000,sl,5
C19d35e166338e631680,★,7
C19d35e166393dcf109a,◆,24
C19d35e1663fa90fcf2c,▼,0-
C19d35e1665a652818e8,☆,4
C19d35e1665f22665656,h◎,7
C19d35e16675d9c7ff3f,st,3
C19d35e166a535f1f4ec,★★,3
C19d35e166a60706ff90,h◎,13
C19d35e166b59a65b495,SB,2
C19d35e166b93612203e,st,1
C19d35e166b93612203e,双,1
C19d35e166badad864de,st,4
C19d35e166badad864de,双,4
C19d35e166ca31d3d0fc,★,2
C19d35e166d2f731637d,sr,9
C19d35e166d2f731637d,▽,11
C19d35e166d455ca06ad,sr,0
C19d35e166d455ca06ad,▽,7
C19d35e166d5517c16ec,▽,2
C19d35e166d65dcef431,★,7
C19d35e166d94bd588b6,★★,2
C19d35e166db15d21351,▽,2
C19d35e166dcba7ea519,▽,7
C19d35e166dda50c6185,▽,9
C19d35e166de933f84fe,▽,11
C19d35e166e18b552f6f,dl,7
C19d35e166e18b552f6f,st,7
C19d35e1671749e4a793,ξ,4
C19d35e167196d13dd02,st,3
C19d35e167196d13dd02,重発狂,3
C19d35e1671a2aee284a,乱打,7
C19d35e1671fc9346015,sl,9
C19d35e167208f84cca2,ξ,12
C19d35e1672363457a35,st,1
C19d35e1672363457a35,重発狂,1
C19d35e1674a7da4a1e9,▼,1
C19d35e1674bbaa88c18,▼,?
C19d35e1674c92f1f81b,▽,7
C19d35e1674d9e7ff2c2,▽,2
C19d35e1674e74281ec3,▽,5
C19d35e1674f415cb43a,▽,9
C19d35e167507eaa94dc,▽,3
C19d35e167514ed79e11,SB,4
C19d35e16752d92ec763,SB,8
C19d35e1675ba54036cc,fr,10
C19d35e1675e51f4ddbf,sr,12
C19d35e1675e51f4ddbf,▽,11+
C19d35e1675f85a8ca95,ξ,1
C19d35e1675f85a8ca95,▽,1
C19d35e1676028bb1a30,▼,17
C19d35e16761273cce8d,sr,8
C19d35e16761273cce8d,▽,10
C19d35e1676287240f7b,sl,4
C19d35e1676287240f7b,▼,8
C19d35e16766956892c7,▽,5
C19d35e16768aa7db26f,▼,13
C19d35e16773058b8a20,dy,6
C19d35e167789984171d,★★,2
C19d35e167797b54b991,sl,3
C19d35e1677a00f70d2e,▼,20
C19d35e16780260a3109,★,9
C19d35e167a875a693e4,▽,6
C19d35e167a9decb8411,▽,10
C19d35e167aa3d2b1c67,▽,11+
C19d35e167b455f36120,▼,14
C19d35e167b455f36120,乱打,11
C19d35e167b576245d6a,▼,2
C19d35e167b71698f81d,▽,11
C19d35e167b8b0d3e9c7,▽,8
C19d35e167c3f50f00aa,dl,7
C19d35e167c3f50f00aa,★★,6
C19d35e167c64a1c89c2,sl,9
C19d35e167c64a1c89c2,乱打,9
C19d35e167c9cfba1b8c,st,5
C19d35e167c9cfba1b8c,双,4
C19d35e167d75e256486,sr,13
C19d35e167d92befd370,sr,8
C19d35e167dd73172b6a,ξ,13
C19d35e167e973559831,sl,12
C19d35e167e973559831,乱打,12
C19d35e167ea60f9d229,★,6
C19d35e167ea60f9d229,乱打,4
C19d35e167fb33f78127,☆,4
C19d35e167fe765db96f,☆,10
C19d35e167ffdfbc95d2,▼,10
C19d35e1680ef6dde2f4,dl,8
C19d35e1680ef6dde2f4,★★,6
C19d35e168263ad2e76b,★★,5
C19d35e1682aff4006f4,★★,3
C19d35e1685aee762919,sr,7
C19d35e1685b7f2216a5,sr,1
C19d35e1685cc76ef043,ξ,9
C19d35e16871331916eb,Ude,9
C19d35e168725a55f245,双,2
C19d35e1688f7dd63889,▽,11
C19d35e168a425b6cfb1,SB,4
C19d35e168b8334fe929,sl,0
C19d35e168b8334fe929,乱打,0
C19d35e168bade9366fb,ξ,11
C19d35e168edde8a0f15,fr,10
C19d35e168edde8a0f15,★★,4
C19d35e168f75fc47be2,st,1
C19d35e168f75fc47be2,重発狂,1
C19d35e168fadbc83d53,st,5
C19d35e168fadbc83d53,重発狂,5
C19d35e168fba28b5066,sl,7
C19d35e168fba28b5066,乱打,7
C19d35e168fc970e098f,st,8
C19d35e168fc970e098f,重発狂,8
C19d35e169024f32f50c,sr,9
C19d35e169033827761b,sl,12
C19d35e169033827761b,▼,17
C19d35e16905c6aa458a,乱打,3
C19d35e1690676a9e741,乱打,12
C19d35e169182edf7585,st,4
C19d35e1691ac58b5908,sl,10
C19d35e1691d8043e578,st,6
C19d35e16925eb170448,◆,11
C19d35e1692c34e7fe43,sl,7
C19d35e1692e0b2de710,★,3
C19d35e16944d9da2a53,ξ,2
C19d35e16944d9da2a53,▽,2
C19d35e169451125b692,ξ,8
C19d35e169451125b692,▽,6
C19d35e1694608504664,▽,8
C19d35e16947c7189f21,▽,10
C19d35e169481e03dd96,▽,12-
C19d35e16949066861fe,▽,12+
C19d35e1694a566a17c5,sl,10
C19d35e1694bff0415b5,st,2
C19d35e16960ad199d11,sl,3
C19d35e16960ad199d11,▼,4
C19d35e16960ad199d11,乱打,3
C19d35e16961a69fbba8,▼,0
C19d35e16961a69fbba8,乱打,1
C19d35e16962891df902,▽,9
C19d35e16966d5a0d4fa,▽,6
C19d35e1696806141f4d,▽,2
C19d35e1696806141f4d,☆,2
C19d35e169788994a540,▽,10
C19d35e16979902ed784,▽,5
C19d35e16988d89424fa,Ude,6
C19d35e16990236c029e,Ude,5
C19d35e16990236c029e,★,7
C19d35e1699156757068,双,1
C19d35e1699573193773,Ude,8
C19d35e1699ad5629adc,▼,11
C19d35e1699b568667a2,▼,14
C19d35e169b007e41bfd,sl,0
C19d35e169b007e41bfd,乱打,0
C19d35e169c16426f05d,sr,13
C19d35e169c36d1c1765,st,11
C19d35e169c36d1c1765,双,6
C19d35e169c494c76f1f,sr,6
C19d35e169c5a44f076f,sl,10
C19d35e169c5a44f076f,乱打,10
C19d35e169c6565cc39b,ξ,8
C19d35e169d167f60146,重発狂,4
C19d35e169d229142f86,sl,4
C19d35e169d229142f86,乱打,4
C19d35e169d3523a00f4,sl,1
C19d35e169d3523a00f4,▽,11+
C19d35e169d4062eae9a,▽,2
C19d35e169d56cd5725a,sr,7
C19d35e169d56cd5725a,▽,9
C19d35e169d696585b9f,▽,5
C19d35e169d7ecf32157,▼,13
C19d35e169dc1183e43d,h◎,4
C19d35e169e7e4780f83,ln,20
C19d35e169edee35f517,h◎,5
C19d35e169f5eddd74b8,▽,9
C19d35e169f7258505eb,▼,8
C19d35e16a23eaf20f32,sl,11
C19d35e16a25c59d818c,sl,3
C19d35e16a31e6616d59,st,0
C19d35e16a3a021a8c80,▼,5
C19d35e16a4afcab5400,▼,9
C19d35e16a4cb2d1f1e3,★★,2
C19d35e16a4d0d6acf6f,★,13
C19d35e16a4f7b576355,★★,5
C19d35e16a67229027ad,▽,3
C19d35e16a696d5b9e37,▽,9
C19d35e16a696d5b9e37,☆,9
C19d35e16a6aa00c7ed7,▽,10
C19d35e16a6c76c52b34,▼,3
C19d35e16a6df9f98b2c,▽,11+
C19d35e16a6ebc291836,st,5
C19d35e16a6ebc291836,双,4
C19d35e16a6f96839c19,▼,20
C19d35e16a7059941fb1,▼,20
C19d35e16a7059941fb1,双,1
C19d35e16a75959d3373,▽,5
C19d35e16a7619eaf4ca,sr,7
C19d35e16a7619eaf4ca,▽,10
C19d35e16a7ad45b3933,▼,1
C19d35e16a7ad45b3933,▽,12
C19d35e16a7ad45b3933,☆,12
C19d35e16a7c290dbefa,▼,15
C19d35e16a7e72d86d27,★,7
C19d35e16a9cb4619c7c,★★,3
C19d35e16aa87d8cd4aa,★★,5
C19d35e16ae182ba2463,dy,4
C19d35e16ae182ba2463,st,9
C19d35e16ae182ba2463,双,5
C19d35e16aec352ecec6,ξ,3
C19d35e16af209ce9584,Ude,5
C19d35e16af209ce9584,sl,5
C19d35e16b028512d8f2,▽,11
C19d35e16b036ae526cf,双,4
C19d35e16b05d14b3192,ln,16
C19d35e16b064694571f,▽,5
C19d35e16b16b5874a78,☆,10
C19d35e16b24d1a6820f,◆,13
C19d35e16b2c3df37af5,◆◆,10
C19d35e16b31bdd675ec,▼,6
C19d35e16b31bdd675ec,★,6
C19d35e16b381cb24b3e,ln,5
C19d35e16b40150eda26,◆◆,8
C19d35e16b4256a4894a,▽,12-
C19d35e16b4450a5b46f,▼,13
C19d35e16b45244010e5,▽,10
C19d35e16b460444020c,▼,4
C19d35e16b47dc33a4c3,▽,4
C19d35e16b5eb801cf5c,▽,12+
C19d35e16b6396aeacfc,★,4
C19d35e16b685fa20936,▽,9
C19d35e16b6bf75c9419,▼,12
C19d35e16b6bf75c9419,乱打,7
C19d35e16b6f67cefb64,▽,6
C19d35e16b73520fbcfe,sl,9
C19d35e16b73520fbcfe,乱打,9
C19d35e16b7a99b8d045,▽,5
C19d35e16b7b40e75b90,▽,8
C19d35e16b7c5e2def58,▽,10
C19d35e16b7dda70f121,▽,11+
C19d35e16b7e3addb1e7,▼,6
C19d35e16b7f0a69bf20,▼,24
C19d35e16b9e4748918e,★,1
C19d35e16bc13807d804,▽,12
C19d35e16bc13807d804,☆,12
C19d35e16bcdedd421b8,▽,9
C19d35e16bce3292be88,◆,3
C19d35e16bcf6ffb29b8,▽,5
C19d35e16bd21bdbb084,▼,6
C19d35e16bd62d262ce6,▽,12+
C19d35e16bd7034f0f1f,dl,dl7 (sub)
C19d35e16bd9fe0a73da,▼,8
C19d35e16bdcea4614f9,sr,6
C19d35e16bdcea4614f9,▽,10
C19d35e16bdd43a9a223,▼,11
C19d35e16bdf8bd197ea,st,1
C19d35e16bdf8bd197ea,▼,21
C19d35e16be063bd4221,sl,4
C19d35e16be063bd4221,▼,7
C19d35e16be27986f2d6,▽,5
C19d35e16bf6f07dd089,st,3
C19d35e16bf6f07dd089,重発狂,3
C19d35e16bfa268fd32b,dy,5
C19d35e16bfa268fd32b,st,10
C19d35e16bfea28f0c3c,st,4
C19d35e16bfea28f0c3c,重発狂,4
C19d35e16c0c8d73b500,sl,5
C19d35e16c0c8d73b500,乱打,5
C19d35e16c0d5e5d065a,sl,12
C19d35e16c0d5e5d065a,乱打,12
C19d35e16c0ebd4cbd2e,st,4
C19d35e16c0ebd4cbd2e,重発狂,4
C19d35e16c0ff802ff23,▽,10
C19d35e16c13259b8271,▽,6
C19d35e16c14b0a88359,★★,3
C19d35e16c155dc81056,dl,11
C19d35e16c155dc81056,st,11
C19d35e16c20db8a680b,ln,22
C19d35e16c374400b673,◆,22
C19d35e16c387eda4aed,乱打,5
C19d35e16c4bdde3dd1c,◆◆,2
C19d35e16c4ca325b37f,▼,14
C19d35e16c5505573705,so,1
C19d35e16c56602f24f9,★,15
C19d35e16c6af1c5ec77,st,3
C19d35e16c6af1c5ec77,双,2
C19d35e16c7a9bf05eff,so,1
C19d35e16c9e256ba9db,ln,11
C19d35e16cc253bd7baf,dl,削除
C19d35e16ccacfc84669,◆◆,8
C19d35e16ccf8d5c888c,◆◆,5
C19d35e16ce1d2c2eac4,☆,9
C19d35e16ce7438bdc5f,▽,9
C19d35e16cec3e91241b,▽,10
C19d35e16cee6b7e3277,h◎,2
C19d35e16cefccd79127,▽,6
C19d35e16cfea6bd24ba,so,8
C19d35e16d0083935729,SB,4
C19d35e16d0083935729,h◎,4
C19d35e16d560a5ba0e6,ξ,10
C19d35e16d5829f9f7a1,Ude,6
C19d35e16d5829f9f7a1,sl,6
C19d35e16d59108713c0,st,3
C19d35e16d59108713c0,双,2
C19d35e16d5a549df664,双,4
C19d35e16d64f122508b,★,18
C19d35e16d65738b89f5,双,7
C19d35e16d69a2844a43,▽,12+
C19d35e16d69a2844a43,☆,13
C19d35e16d89d76c0fe0,ln,17
C19d35e16d89d76c0fe0,◆,17
C19d35e16d89d76c0fe0,◆◆,5
C19d35e16d8ea1df88b8,sl,7
C19d35e16d93d532be9c,sl,6
C19d35e16da13222cdd7,sl,1
C19d35e16da3185dff04,sr,7
C19d35e16dadee094e37,▼,5
C19d35e16dd341bc9f13,st,4
C19d35e16dd82824c068,h◎,3
C19d35e16dd9022e5963,h◎,5
C19d35e16dda5a9accca,h◎,1
C19d35e16de60831d94f,SB,9
C19d35e16de60831d94f,fr,9
C19d35e16de60831d94f,h◎,15
C19d35e16de60831d94f,★★,3
C19d35e16de771891384,SB,11
C19d35e16de771891384,fr,11
C19d35e16de771891384,★★,5
C19d35e16de999171a22,ξ,2
C19d35e16decfb700d8f,SB,3
C19d35e16decfb700d8f,▼,7
C19d35e16df0a883e835,▼,18
C19d35e16df7f29c317d,sl,8
C19d35e16df9a8788d59,★,12
C19d35e16df9a8788d59,乱打,7
C19d35e16dffab1489cf,h◎,16
C19d35e16e0834ea6b49,sr,8
C19d35e16e0834ea6b49,▽,10
C19d35e16e0834ea6b49,☆,10
C19d35e16e0e9ffd9f59,sr,3
C19d35e16e0e9ffd9f59,☆,8
C19d35e16e25106c08db,▼,3
C19d35e16e262e96bf30,▽,4
C19d35e16e28b88dc51c,▼,8
C19d35e16e29c0923a7e,sr,8
C19d35e16e29c0923a7e,▽,10
C19d35e16e2a5c0a9b6e,sr,0
C19d35e16e2a5c0a9b6e,▽,7
C19d35e16e4a638c62f0,sl,3
C19d35e16e4a638c62f0,▼,5
C19d35e16e4ccee1dbc5,sr,10
C19d35e16e4ccee1dbc5,▽,11
C19d35e16e4e5662ee85,sr,2
C19d35e16e4e5662ee85,▽,8
C19d35e16e5472cdf538,st,3
C19d35e16e55e41fe898,st,2
C19d35e16e55e41fe898,重発狂,2
C19d35e16e72433eb2ff,sl,6
C19d35e16e7311028a17,sl,10
C19d35e16e7443f58aab,st,7
C19d35e16e79f3bd7ee2,★★,3
C19d35e16e7fcc831dd5,ξ,13
C19d35e16ea1e50cf2d8,▼,6
C19d35e16eab7639e6ba,sr,3
C19d35e16eac46afbb1b,sr,9
C19d35e16eb4a5e8b458,▽,12+
C19d35e16eb587ddf862,▽,9
C19d35e16eb63523ea55,▼,23
C19d35e16eb7207cf75c,▽,6
C19d35e16eb87ad44c94,▼,16
C19d35e16eb9e5343ee7,so,1
C19d35e16eb9e5343ee7,▽,12
C19d35e16eba1e6ecc4e,dl,9
C19d35e16eba1e6ecc4e,st,9
C19d35e16ebbfb1a3534,▽,9
C19d35e16ebc0de83e38,▽,4
C19d35e16ec051d22fbe,sl,5
C19d35e16ec210f0a5bd,ξ,13
C19d35e16ee51d73edae,▽,12
C19d35e16ee656dc0584,▽,3
C19d35e16eebe5e30b97,▽,10
C19d35e16eed86d05711,◆,18
C19d35e16ef0c6fb3a40,▽,5
C19d35e16ef36122935a,▼,13
C19d35e16ef4d2bb4f07,▽,5
C19d35e16ef687fdd3fc,▽,10
C19d35e16ef735c73132,▽,12
C19d35e16efbc1d5afe9,sl,6
C19d35e16efbc1d5afe9,▼,10
C19d35e16efbc1d5afe9,乱打,6
C19d35e16efcf7aed7d3,sl,10
C19d35e16efcf7aed7d3,乱打,10
C19d35e16efd15bc68be,st,2
C19d35e16efd15bc68be,重発狂,2
C19d35e16f1442cc5ed4,h◎,2
C19d35e16f1cdc2fa716,sn,8
C19d35e16f22be63200a,◆,9
C19d35e16f252bea913f,sr,12
C19d35e16f2936268101,sr,3
C19d35e16f3a509ad7d7,☆,11
C19d35e16f42cd89c88b,sr,5
C19d35e16f43a9955703,Ude,1
C19d35e16f43a9955703,sl,1
C19d35e16f4c49c301e2,☆,10
C19d35e16f6392ffe93c,▼,4
C19d35e16f6a861153ef,sl,2
C19d35e16f6a861153ef,乱打,2
C19d35e16f7682529876,st,4
C19d35e16f7682529876,重発狂,4
C19d35e16f772dd12f08,重発狂,3
C19d35e16f7d78037567,★,12
C19d35e16f7d78037567,乱打,7
C19d35e16f8134359c3f,sr,6
C19d35e16f821a4457f7,sr,12
C19d35e16f872c843053,st,1
C19d35e16f95280e284c,sl,9
C19d35e16f9a1f001a1f,st,2
C19d35e16f9a1f001a1f,重発狂,2
C19d35e16fbb19204898,SB,1
C19d35e16fbd8cbcc897,SB,0
C19d35e16fbe8449dde7,SB,-1
C19d35e16fbf08428787,st,1
C19d35e16fc0a118b3af,SB,2
C19d35e16fc8d5667e0d,SB,4
C19d35e16fc9a784d6b0,SB,6
C19d35e16fce325191ce,st,7
C19d35e16fe59b4bc053,▼,3
C19d35e16fe7e09f75d6,▽,5
C19d35e16fe99f8c2b64,▽,12-
C19d35e16febb4101b95,▽,9
C19d35e16ff7dd8567a8,▽,11+
C19d35e16ff8c14a299d,▽,9
C19d35e16ff919002205,▼,1
C19d35e16ffaf4631904,▽,6
C19d35e1701fef8785e9,dy,6
C19d35e1701fef8785e9,st,11
C19d35e170283ce7d2ef,★,5
C19d35e1702d2fc02d88,sl,7
C19d35e17039fd400fe2,sr,10
C19d35e17039fd400fe2,▽,11
C19d35e1703a2174a270,h◎,6
C19d35e1703cd6ed2983,★,23
C19d35e170419ad3dfd4,sr,1
C19d35e170419ad3dfd4,▽,8
C19d35e1705f0281acfa,▽,10
C19d35e17060e4bcfda9,▽,7
C19d35e1706555adb788,ξ,5
C19d35e17066cf78fbef,ξ,10
C19d35e1707406bb18e0,★,9
C19d35e17079e8116d2c,dl,削除
C19d35e17079e8116d2c,★,20
C19d35e170824654ed77,★,13
C19d35e17088ed5f1569,★★,4
C19d35e1708bdf875f25,h◎,15
C19d35e170cffb095119,ξ,7
C19d35e170f4f5b0ef40,sr,9
C19d35e170f55dc91653,双,1
C19d35e170f6e66143e1,dl,0
C19d35e170f6e66143e1,st,0
C19d35e170f78c6b24f7,★,4
C19d35e170fb212c8ee2,sr,3
C19d35e170fb212c8ee2,▽,8
C19d35e170ff04aa1277,st,4
C19d35e170ff04aa1277,双,2
C19d35e17102a4e692fb,★,14
C19d35e17106e4a5d065,▼,11
C19d35e17128ba6b93e3,双,4
C19d35e1713e7f788a11,ξ,9
C19d35e1713f8f145439,双,6
C19d35e17140309204c8,h◎,0
C19d35e17149c90f6c49,ξ,3
C19d35e1714a23b92c92,SB,3
C19d35e1714b2cfb172a,ln,18
C19d35e171596d22f29a,sr,1
C19d35e1715a0059ef5d,fr,1
C19d35e1715a0059ef5d,ln,8
C19d35e1715a0059ef5d,sr,!
C19d35e1715be7121ef1,sl,4
C19d35e17165cccade94,★,18
C19d35e17165cccade94,乱打,11
C19d35e17167bee0c0de,sr,11
C19d35e17169f7db231a,st,1
C19d35e17169f7db231a,重発狂,1
C19d35e1717d012389af,st,9
C19d35e1717fda07c5f9,ξ,7
C19d35e17181aabc9d31,dl,dl6 (sub)
C19d35e171e4fe7dd1f1,ln,14
C19d35e171ea867961f0,▽,5
C19d35e171eb065a32e9,sr,9
C19d35e171eb065a32e9,▽,10
C19d35e171eb065a32e9,☆,10
C19d35e171f1609edc5a,sr,6
C19d35e171f1609edc5a,▽,8
C19d35e171f1609edc5a,☆,8
C19d35e171f2ad478362,◆,9
C19d35e171f31c2c7bc3,▽,12-
C19d35e171f31c2c7bc3,★,1
C19d35e171f31c2c7bc3,乱打,0
C19d35e1721a264d37ba,ln,16
C19d35e1721a264d37ba,◆◆,3
C19d35e17228e7ab09ec,▼,5
C19d35e1722a12d0da83,乱打,7
C19d35e1722b013869e4,★,22
C19d35e1722b013869e4,重発狂,2
C19d35e1723216eaa9a2,◆,22
C19d35e1723216eaa9a2,◆◆,10
C19d35e17235196ed38f,sl,6
C19d35e17235196ed38f,乱打,6
C19d35e172407dec8b1a,sr,9
C19d35e17242c4ab0820,ξ,12
C19d35e17251491afff1,▽,4
C19d35e172546d700163,▽,7
C19d35e17255f31b0af3,▽,11
C19d35e1726c895005c9,☆,11
C19d35e1726e12b6ffb7,☆,4
C19d35e1728ea492ddb9,st,0
C19d35e1729a627bef06,Ude,6
C19d35e1729a627bef06,★,10
C19d35e172a292746709,sl,1
C19d35e172dbd80d2042,dl,1
C19d35e172ea7ee31014,★,10
C19d35e172edd344b916,☆,8
C19d35e172f761b6206b,▼,2
C19d35e172f9e748e9c5,▼,9
C19d35e1730e937d4629,★,2
C19d35e1731dda23c41f,Ude,2
C19d35e1732316970ec9,fr,12
C19d35e1732436124097,st,3
C19d35e1732436124097,▼,23
C19d35e1732436124097,重発狂,3
C19d35e17325891f473a,▽,11
C19d35e1732606b966a6,▽,2
C19d35e17329c0695459,▽,9
C19d35e1732ab2cf5295,sl,4
C19d35e1732ab2cf5295,▼,5
C19d35e1732ab2cf5295,乱打,4
C19d35e1732b13cfb1a9,▽,7
C19d35e1732f966c3855,乱打,6
C19d35e17333906de1f3,☆,9
C19d35e17337a01cbf44,dl,dl7 (sub)
C19d35e17337a01cbf44,st,7
C19d35e17337a01cbf44,双,5
C19d35e173388c0953d4,dl,-1
C19d35e173388c0953d4,sl,12
C19d35e1736af751dd59,sl,4
C19d35e1736e6dcbde5f,▽,3
C19d35e1736f29eadc80,▽,7
C19d35e1736f29eadc80,☆,7
C19d35e17370ae0da148,▽,11+
C19d35e173743b4dbdfa,★,4
C19d35e1737686b95655,dy,3
C19d35e1737686b95655,st,8
C19d35e173780fbedeee,dl,5
C19d35e173780fbedeee,st,5
C19d35e1738452eb8ae5,st,3
C19d35e1738452eb8ae5,重発狂,3
C19d35e173897dc10141,★,7
C19d35e1738df9566790,dl,8
C19d35e1738df9566790,st,7
C19d35e17390d7eab5c7,▽,11
C19d35e17396f0ac604e,▽,6
C19d35e173994ca9e7cf,★★,3
C19d35e173a96f308dc1,ξ,2
C19d35e173bf06a83f57,sr,6
C19d35e173c0cf6ada19,sr,12
C19d35e173c18c5203f5,▼,9
C19d35e173c54a0bff9d,st,8
C19d35e173c54a0bff9d,双,5
C19d35e173c66124e8be,★,4
C19d35e173c885bb5795,▽,5
C19d35e173ca49cfa686,▽,9
C19d35e173e11088b85d,▽,5
C19d35e173e28b61e5e7,▽,10
C19d35e173e3a09ed81d,▽,12
C19d35e173e5acc81315,▼,1
C19d35e173e69c5f2f60,▼,8
C19d35e173e7512ec8ce,dl,12
C19d35e173e7512ec8ce,st,12
C19d35e173e8e778ebaf,▼,12
C19d35e173ee0cb7c65c,▼,7
C19d35e173f02b5b2ac4,▼,5
C19d35e173fd215adcde,▽,5
C19d35e173feb64ac040,▽,8
C19d35e173fff902fc9e,▽,11
C19d35e173fff902fc9e,☆,11
C19d35e174009f534da8,▽,12
C19d35e174009f534da8,★,1
C19d35e17402c9f8eb62,st,0
C19d35e17402c9f8eb62,双,0
C19d35e17403bc3d5813,dy,1
C19d35e17403bc3d5813,★★,5
C19d35e17403bc3d5813,双,5
C19d35e1741bbd2327ac,st,6
C19d35e1741bbd2327ac,双,4
C19d35e17420ae83048a,☆,X
C19d35e17427b81ce7ed,ξ,6
C19d35e1742c56596238,sl,4
C19d35e1742c56596238,乱打,4
C19d35e1743759b7c10e,ξ,12
C19d35e17448d1becf25,sl,11
C19d35e17448d1becf25,乱打,11
C19d35e17451b9417513,★,14
C19d35e174531b58c5e2,★,9
C19d35e174531b58c5e2,乱打,7
C19d35e174620b9e0d9c,双,3
C19d35e17463706930da,双,4
C19d35e174730eb51648,dl,dl8 (sub)
C19d35e1748ad633f10f,▼,12
C19d35e174ba99bb198c,h◎,12
C19d35e174cbc9ccc032,st,1
C19d35e174d78cea1183,SB,2
C19d35e174d78cea1183,h◎,2
C19d35e174d80cb5f202,SB,5
C19d35e174da8e2a0326,▽,7
C19d35e174df7226e32d,☆,5
C19d35e174e19c52a466,▽,7
C19d35e174e28a0268d2,▽,10
C19d35e174e3a4aa2d12,▽,11+
C19d35e174e4ed29ca87,▼,11
C19d35e174e50da5d9ec,▼,21
C19d35e174f9cea64ac7,▽,11
C19d35e1750f92f5c552,sr,12
C19d35e1751057138bbf,sr,9
C19d35e17511276b3256,ξ,13
C19d35e1751f2960bf9e,☆,12
C19d35e175209830be4a,☆,7
C19d35e17521afab4ab9,★,12
C19d35e17523c43e614d,◆,5
C19d35e1752b41a1f3a9,★,4
C19d35e17556522907fd,▼,4
C19d35e17558a012078b,dl,2
C19d35e1755921b5fbe9,so,4
C19d35e1755bbd3cddb0,dl,-1
C19d35e1755ca140b360,dl,dl6 (sub)
C19d35e1756a2058b6ad,st,3
C19d35e1756a2058b6ad,重発狂,3
C19d35e1756b6355116f,sr,0
C19d35e1756cdbac9427,sr,6
C19d35e1756d672796b5,sr,10
C19d35e1756fd3fef755,Ude,0
C19d35e1756fd3fef755,sl,0
C19d35e1756fd3fef755,sr,13
C19d35e17575650cf9d0,sl,8
C19d35e1757661543ad0,Ude,4
C19d35e1757661543ad0,sl,4
C19d35e175858aafb6c1,sn,2
C19d35e175861a23a157,◆,8
C19d35e1758c5f6b7036,☆,11
C19d35e175ad738617c9,乱打,5
C19d35e175ae9076084a,sl,0
C19d35e175b26a645d42,dl,4
C19d35e175b26a645d42,st,4
C19d35e175b3cfb31fb2,dl,5
C19d35e175b41f547eb5,▼,0-
C19d35e175bcbaded257,ξ,13
C19d35e175c157ea3ba0,st,7
C19d35e175c157ea3ba0,双,4
C19d35e175c40fa323d0,so,2
C19d35e175c57a431037,ξ,6
C19d35e175c6688b8bb2,★,8
C19d35e175c7da37be0f,h◎,8
C19d35e175e67d439156,st,0
C19d35e175e67d439156,★,19
C19d35e175e67d439156,乱打,12
C19d35e175ee937a2dd7,so,8
C19d35e175ee937a2dd7,▼,13
C19d35e175ee937a2dd7,乱打,7
C19d35e175ef760f01db,▼,1
C19d35e175f22ea05dd1,☆,12
C19d35e175f6f31aea30,重発狂,4
C19d35e1760173979f3d,★★,6
C19d35e17606b664f783,sr,11
C19d35e17606b664f783,▽,11
C19d35e1760e6ff80a0f,ln,15
C19d35e17614fac1486c,sl,4
C19d35e17614fac1486c,乱打,4
C19d35e1762cfae069fc,dl,3
C19d35e1762cfae069fc,st,3
C19d35e176312b5ac3e9,st,1
C19d35e176312b5ac3e9,重発狂,1
C19d35e1763562cc5711,dy,4
C19d35e1763562cc5711,st,9
C19d35e1763aabf17950,sl,3
C19d35e1763fac0ee9f3,sr,7
C19d35e176405a7ddc2d,ξ,9
C19d35e176467c13a64e,▼,10
C19d35e17649c3a678d5,dl,7
C19d35e17649c3a678d5,fr,11
C19d35e17649c3a678d5,st,7
C19d35e176500e7a237a,sl,3
C19d35e176500e7a237a,乱打,3
C19d35e176797f1794c3,▼,5
C19d35e1767a7e1345bd,sl,2
C19d35e1767a7e1345bd,▽,12+
C19d35e1767c914ef221,ξ,3
C19d35e1767c914ef221,▽,2
C19d35e17680c75ea619,sr,5
C19d35e17680c75ea619,▽,9
C19d35e17680c75ea619,☆,9
C19d35e1768185c28e0b,sl,9
C19d35e1768185c28e0b,▼,15
C19d35e1768185c28e0b,乱打,9
C19d35e17684f6104696,▽,5
C19d35e176869700b636,▼,7
C19d35e17689925f848e,★,13
C19d35e17689925f848e,乱打,8
C19d35e1768a5eabce0a,◆,21
C19d35e1768da8c33e6a,h◎,11
C19d35e1768e0622c180,乱打,2
C19d35e1768fcf41448b,st,4
C19d35e176b7a6c1e38b,st,4
C19d35e176b7a6c1e38b,双,3
C19d35e176ba99f71bff,▽,2
C19d35e176bb962860e1,▽,5
C19d35e176bc20df9986,▽,9
C19d35e176bd0da59b13,▽,11+
C19d35e176c42c1278a8,▽,5
C19d35e176c7b673cae1,sr,3
C19d35e176c7b673cae1,▽,8
C19d35e176c8a7f109fd,ln,13
C19d35e176cb95343001,sr,9
C19d35e176cb95343001,▽,10
C19d35e176d44b0b0112,▼,15
C19d35e176d72b431d32,★,3
C19d35e176d72b431d32,乱打,2
C19d35e176e0f732fc44,双,5
C19d35e176e1a60ca09e,双,5
C19d35e176e23c145894,★★,1
C19d35e176e23c145894,双,1
C19d35e176e4dd09eee3,ξ,4
C19d35e176ead85c6329,ξ,7
C19d35e176f0ae417cf6,★,1
C19d35e176f38746255e,☆,11
C19d35e1770f3e13d41b,ξ,5
C19d35e1771112b87b9e,sr,5
C19d35e17712d8b048ab,fr,1
C19d35e17712d8b048ab,sr,12
C19d35e1771b5c59c029,st,1
C19d35e1771b5c59c029,重発狂,1
C19d35e1771ead7c2eb5,dy,3
C19d35e1771f0cb35af5,st,5
C19d35e1771f0cb35af5,重発狂,5
C19d35e1772408629561,★,1
C19d35e177259fe30356,dl, BEGINNER
C19d35e177259fe30356,sl,6
C19d35e177260d27b8aa,dl,0
C19d35e177260d27b8aa,st,0
C19d35e177394fd07a53,◆,16
C19d35e177394fd07a53,◆◆,1
C19d35e1773fe7260e1f,st,6
C19d35e17741aa4478cb,Ude,Ude2 (sub)
C19d35e17741aa4478cb,sl,2
C19d35e17742698c8bee,☆,3
C19d35e1774f637059e6,so,2
C19d35e1775005def39a,▼,15
C19d35e17769d9047c18,☆,5
C19d35e177a408dcff3a,dl,8
C19d35e177a408dcff3a,dy,3
C19d35e177a408dcff3a,st,8
C19d35e177a663477aab,sl,11
C19d35e177a663477aab,乱打,11
C19d35e177a702d12aae,dl,4
C19d35e177a702d12aae,st,4
C19d35e177a8217c33a1,dl,11
C19d35e177a8217c33a1,st,11
C19d35e177c1be190764,sl,1
C19d35e177c39aaf0f34,sr,10
C19d35e177c4ea7ed340,sr,0
C19d35e177d3395c778f,so,1
C19d35e177eb32bc7e0a,dl, BEGINNER
C19d35e177eb32bc7e0a,sl,8
C19d35e177ec6dbe32f0,dl,3
C19d35e177ec6dbe32f0,st,3
C19d35e177f364178971,★,17
C19d35e177f54664428a,乱打,7
C19d35e177f6e9df397c,st,1
C19d35e177f6e9df397c,重発狂,1
C19d35e177f7d0f9d98d,st,4
C19d35e177f886ef5df5,ln,18
C19d35e17802c4f38547,st,3
C19d35e17803a16c9e95,sl,10
C19d35e1782b74ea5374,★,11
C19d35e1782e0332506b,▽,10
C19d35e17836e7daf1a5,▼,12
C19d35e178435d0d6965,▼,1
C19d35e17844c8149f75,▼,9
C19d35e17844c8149f75,乱打,5
C19d35e1784710e41b3d,sl,5
C19d35e17848329d0a0b,ξ,9
C19d35e1785288895159,sr,12
C19d35e1785288895159,▽,11
C19d35e17856353b7876,sr,4
C19d35e17856353b7876,▽,9
C19d35e17857536efbc2,▽,5
C19d35e1785e556c0e61,☆,9
C19d35e1788224a25032,▽,1
C19d35e1789caf15e3ca,▽,4
C19d35e1789feba4dc78,▽,6
C19d35e178a003206d04,▽,7
C19d35e178a1efd770af,▼,22
C19d35e178a2aff8f58d,st,6
C19d35e178a2aff8f58d,▼,24
C19d35e178a2aff8f58d,双,5
C19d35e178a5ca22a9c8,ξ,9
C19d35e178abd7bb654b,st,3
C19d35e178abd7bb654b,重発狂,3
C19d35e178ac3ebef8fd,sl,5
C19d35e178ac3ebef8fd,▼,7
C19d35e178c39167952b,▼,6
C19d35e178c54707651a,▼,1
C19d35e178c54707651a,▽,12
C19d35e178c644445949,dl,12
C19d35e178c644445949,fr,12
C19d35e178c86e2a540e,dl,8
C19d35e178c86e2a540e,★★,5
C19d35e178cd23f41a6e,dl,9
C19d35e178cd23f41a6e,★★,6
C19d35e178d48f00fc7f,st,2
C19d35e178d48f00fc7f,重発狂,2
C19d35e178d5e01f8bc1,dl,0
C19d35e178d5e01f8bc1,st,0
C19d35e178d7cff22d91,ξ,4
C19d35e178dc2d5e085f,dl,0
C19d35e178dc2d5e085f,★,19
C19d35e178eddca40a29,★,10
C19d35e178f3da8728f9,sr,11
C19d35e178f3da8728f9,▽,11
C19d35e178f3da8728f9,☆,11
C19d35e178fd4795cdf0,ln,16
C19d35e178fd4795cdf0,◆◆,2
C19d35e178ff330a6119,ln,14
C19d35e17905111e0634,sr,0
C19d35e17905111e0634,▽,7
C19d35e1790bf944bb46,h◎,14
C19d35e179206dc54562,dl,削除
C19d35e179206dc54562,▼,?
C19d35e1792cbe944068,▼,18
C19d35e1793d99ce82c1,★,18
C19d35e1794540244b76,★★,1
C19d35e1794a64669ab3,dl,削除
C19d35e1795d4d1132ba,★,13
C19d35e1795fa4110b50,sl,12
C19d35e1795fa4110b50,乱打,12
C19d35e17964a7bba85f,ξ,5
C19d35e1796588629b6f,ln,26
C19d35e1796588629b6f,◆,26
C19d35e17980ca7d1262,重発狂,1
C19d35e179836da18e86,st,3
C19d35e179836da18e86,重発狂,3
C19d35e1799a77439f7f,fr,5
C19d35e1799a77439f7f,★,15
C19d35e179a26724dcd8,st,3
C19d35e179a26724dcd8,重発狂,3
C19d35e179b1df15148a,★,8
C19d35e179b1df15148a,乱打,5
C19d35e179d3ed5a7348,★,10
C19d35e179db1879e175,▼,2
C19d35e179f469802f8e,▽,8
C19d35e179f9a829142c,▽,7
C19d35e179fa5d66fd50,▽,5
C19d35e179fcf3b64d4e,乱打,3
C19d35e179ffb11cae12,so,10
C19d35e17a09cd763336,双,3
C19d35e17a0d329ecc6d,◆,9
C19d35e17a0e3b69bbbd,★,15
C19d35e17a111943210c,dl,10
C19d35e17a111943210c,dy,5
C19d35e17a111943210c,st,10
C19d35e17a177d9cb50e,▼,2
C19d35e17a2b98e57e4b,st,8
C19d35e17a2b98e57e4b,双,5
C19d35e17a2efc9f885f,sl,7
C19d35e17a2efc9f885f,乱打,7
C19d35e17a415a9d3f2e,st,1
C19d35e17a46857142e4,★★,2
C19d35e17a47d2557c87,sl,3
C19d35e17a47d2557c87,▼,3
C19d35e17a4a80a2dc26,sl,9
C19d35e17a4a80a2dc26,乱打,9
C19d35e17a4cc27a6fe4,sr,7
C19d35e17a4cc27a6fe4,▽,10
C19d35e17a4e0e8e7f42,▽,6
C19d35e17a4f94709068,sr,10
C19d35e17a4f94709068,▽,11+
C19d35e17a50dbe9056a,▼,3
C19d35e17a52371b8444,▽,7
C19d35e17a53a6cde323,sr,6
C19d35e17a53a6cde323,▽,9
C19d35e17a55c121782c,▼,9
C19d35e17a565bc9a66f,ξ,7
C19d35e17a565bc9a66f,▽,5
C19d35e17a5705c24af9,dy,3
C19d35e17a5705c24af9,st,8
C19d35e17a5705c24af9,双,5
C19d35e17a58e7461a41,▼,4
C19d35e17a5ba1cfc600,sr,12
C19d35e17a6175c1edd5,sr,7
C19d35e17a6228d253cc,★,6
C19d35e17a7249813082,fr,1
C19d35e17a7249813082,sr,!
C19d35e17a7249813082,☆,X
C19d35e17a7e39deabc4,双,0
C19d35e17a962138dc89,◆,3
C19d35e17aba7175a87e,◆,23
C19d35e17abd9cceac1c,h◎,2
C19d35e17abe5b6e9cac,▼,6
C19d35e17ac0e10baf9c,dl,保留
C19d35e17ac56a16db03,sr,8
C19d35e17acc91c379f0,▽,5
C19d35e17acdaba66db8,▽,9
C19d35e17ace973c3b15,▽,11+
C19d35e17acfc0593e22,▼,13
C19d35e17ad0ce962eaf,◆,17
C19d35e17ad0ce962eaf,◆◆,5
C19d35e17ad143160929,▼,9
C19d35e17ad20467c503,sn,3
C19d35e17ad3b29894da,▼,19
C19d35e17ad4da64daba,★★,2
C19d35e17ae71f7ca3cd,▽,4
C19d35e17af541ad8178,dl,2
C19d35e17af69b689f80,dl,dl5 (sub)
C19d35e17af69b689f80,★★,3
C19d35e17b0040004684,sr,7
C19d35e17b0040004684,▽,10
C19d35e17b0040004684,☆,10
C19d35e17b0ea4db12a2,sl,4
C19d35e17b0ea4db12a2,▼,7
C19d35e17b0ea4db12a2,乱打,4
C19d35e17b1214ae4930,▽,5
C19d35e17b14b76c2263,sl,10
C19d35e17b14b76c2263,乱打,10
C19d35e17b165e9b8bc8,st,0
C19d35e17b165e9b8bc8,重発狂,0
C19d35e17b18e2df6636,SB,5
C19d35e17b18e2df6636,so,7
C19d35e17b18e2df6636,▼,13
C19d35e17b1b6ec7f05b,h◎,13
C19d35e17b24f61bd837,ln,10
C19d35e17b2b92bb991d,ln,5
C19d35e17b2d309349e5,ξ,4
C19d35e17b3508e71c8a,st,7
C19d35e17b3508e71c8a,重発狂,7
C19d35e17b3627a90b6d,sl,7
C19d35e17b3627a90b6d,乱打,7
C19d35e17b3838205575,st,2
C19d35e17b3838205575,重発狂,2
C19d35e17b41f5f6d7fa,★,19
C19d35e17b459f717b6c,★,24
C19d35e17b52f2b05494,ln,16
C19d35e17b52f2b05494,◆◆,5
C19d35e17b536b066a6b,双,2
C19d35e17b5e03c7c09b,sr,6
C19d35e17b5fe8aeba60,sr,12
C19d35e17b60e8803743,sl,2
C19d35e17b617d7f8949,sl,10
C19d35e17b62e9e9355a,st,1
C19d35e17ba66943b00e,★,7
C19d35e17baab4da2efb,dl,1
C19d35e17baff11835fd,★,17
C19d35e17bbe8298b250,▼,2
C19d35e17bd6932a0963,▼,7
C19d35e17bdbd88d1e52,★,9
C19d35e17bdd594bd79f,sr,12
C19d35e17bdd594bd79f,▽,11
C19d35e17be792e98e4d,sr,2
C19d35e17be792e98e4d,▽,8
C19d35e17bf04e7503d3,sl,1
C19d35e17bf04e7503d3,▽,12
C19d35e17bf04e7503d3,★,1
C19d35e17bf2c1a82913,▽,5
C19d35e17bf642a91e8b,◆◆,10
C19d35e17bf88be5bbf9,Ude,Ude7 (sub)
C19d35e17bf88be5bbf9,★,13
C19d35e17bfcf06d8746,dy,1
C19d35e17bfcf06d8746,双,4
C19d35e17bfdf343459f,h◎,10
C19d35e17bfe5e31f95f,h◎,0
C19d35e17bffe8101041,◆,9
C19d35e17c03b129cd37,★,20
C19d35e17c112abd8617,▽,11
C19d35e17c135ac133f4,▽,3
C19d35e17c15395271d2,▽,9
C19d35e17c17a99cf21b,▼,5
C19d35e17c19a49ac6a4,▽,6
C19d35e17c1c1234444a,dy,1
C19d35e17c1c1234444a,st,6
C19d35e17c2b19543c68,ξ,9
C19d35e17c2ee237baa5,双,1
C19d35e17c2f10a7ac8c,双,3
C19d35e17c30da4098fd,dy,3
C19d35e17c30da4098fd,双,5
C19d35e17c4ceb031d9e,dy,0
C19d35e17c674851ba84,dy,0
C19d35e17c674851ba84,st,5
C19d35e17c674851ba84,双,4
C19d35e17c78fe39e242,SB,4
C19d35e17c7cdfd3af0d,SB,6
C19d35e17c7cdfd3af0d,fr,6
C19d35e17c7cdfd3af0d,h◎,8
C19d35e17c840a7d0143,SB,1
C19d35e17c840a7d0143,fr,1
C19d35e17c840a7d0143,★,1
C19d35e17c8896c45a43,st,1
C19d35e17c8896c45a43,重発狂,1
C19d35e17c8a6a588207,☆,9
C19d35e17c8bb6183a21,ln,23
C19d35e17c8bb6183a21,◆,23
C19d35e17c920df2ae70,ξ,9
C19d35e17c94ba5dc57f,sl,0
C19d35e17c94ba5dc57f,乱打,0
C19d35e17ca54d253a5f,fr,8
C19d35e17cb44881bf6f,sl,0
C19d35e17cb44881bf6f,sr,13
C19d35e17cb44881bf6f,▽,11+
C19d35e17cb44881bf6f,乱打,0
C19d35e17cb6c66b4076,dl,-1
C19d35e17cb6c66b4076,sl,12
C19d35e17cb6c66b4076,▼,17
C19d35e17cb7156149e3,dl,1
C19d35e17cb7156149e3,★★,1
C19d35e17cb8c6ed7853,dl,dl5 (sub)
C19d35e17cb8c6ed7853,▼,24
C19d35e17cc3e9622f10,sr,4
C19d35e17cc3e9622f10,▽,9
C19d35e17cc3e9622f10,☆,8
C19d35e17cc91aeee76e,▽,4
C19d35e17ccacd368c82,◆,5
C19d35e17ccb72906274,h◎,4
C19d35e17ccfe0b3b85f,乱打,10
C19d35e17cd0ddce6017,乱打,4
C19d35e17cd12b54296c,▼,7
C19d35e17cd12b54296c,★,7
C19d35e17cd12b54296c,乱打,4
C19d35e17cd55eeb0b0e,◆,10
C19d35e17d08534dfa3a,st,10
C19d35e17d3ea7f2e4d7,dl,1
C19d35e17d3ea7f2e4d7,st,1
C19d35e17d40384dc412,▽,6
C19d35e17d41c7ab4802,▽,10
C19d35e17d42c055463e,so,1
C19d35e17d42c055463e,▽,11+
C19d35e17d4622c62256,▼,1
C19d35e17d4777ebc653,dl,-1
C19d35e17d4777ebc653,sl,12
C19d35e17d4b623aac75,◆◆,12
C19d35e17d5335706575,dl,削除
C19d35e17d5678df0ecc,fr,9
C19d35e17d5701e9569c,so,7
C19d35e17d59d603a9be,▼,14
C19d35e17d59d603a9be,★,14
C19d35e17d5e728cb6ca,★★,3
C19d35e17d765e0a125f,▼,6
C19d35e17d7f2e3649aa,▽,10
C19d35e17d846b640634,▽,11
C19d35e17d859f05409b,▼,5
C19d35e17d8779a9f476,▽,8
C19d35e17d8822302550,▽,4
C19d35e17d901e894b24,sl,0
C19d35e17d901e894b24,sr,12
C19d35e17d901e894b24,▽,11+
C19d35e17d901e894b24,乱打,0
C19d35e17d920c11258c,sr,1
C19d35e17d920c11258c,▽,7
C19d35e17d958d492095,▽,4
C19d35e17d9dd9e58615,▼,1
C19d35e17d9ecfbf5f01,▽,6
C19d35e17d9faa7160df,▽,8
C19d35e17da1e9bf15ad,◆,2
C19d35e17dbbc58e381b,sr,11
C19d35e17dbbc58e381b,☆,11
C19d35e17dbdf710f2fc,st,3
C19d35e17dc668141530,sr,0
C19d35e17dc668141530,▽,7
C19d35e17dc738a1a604,▼,20
C19d35e17dca477bbdd9,▽,5
C19d35e17dcb97394b96,sl,9
C19d35e17dcb97394b96,▼,15
C19d35e17dd559bef35b,▽,1
C19d35e17dd559bef35b,☆,1
C19d35e17dd86a4d31c7,st,4
C19d35e17dd86a4d31c7,双,2
C19d35e17dd91ccf4907,★,1
C19d35e17dd91ccf4907,乱打,1
C19d35e17df72b2ef9e6,sr,10
C19d35e17df72b2ef9e6,▽,11
C19d35e17df72b2ef9e6,☆,11
C19d35e17dfa16d24c9a,★,12
C19d35e17dfb936f1b6d,★,19
C19d35e17e028b0fa1b1,sr,1
C19d35e17e028b0fa1b1,▽,8
C19d35e17e05dde4466c,▽,5
C19d35e17e0ba456aa2f,ln,7
C19d35e17e0ba456aa2f,◆,8
C19d35e17e16c1ae98e0,▼,8
C19d35e17e35adc2fc5c,▼,3
C19d35e17e3aacda9d63,▽,4
C19d35e17e3b94263b4e,▽,7
C19d35e17e3cd69ed359,▽,9
C19d35e17e3ddb1d10af,ln,16
C19d35e17e3e7a096d61,★,6
C19d35e17e450ae36226,ξ,5
C19d35e17e64d584aa0a,sl,12
C19d35e17e64d584aa0a,乱打,12
C19d35e17e669aa0c87a,ξ,7
C19d35e17e6c79863483,Ude,10
C19d35e17e6c79863483,乱打,10
C19d35e17e6d7ab6f411,sl,2
C19d35e17e6d7ab6f411,★,2
C19d35e17e6d7ab6f411,乱打,3
C19d35e17e729f88c463,乱打,8
C19d35e17e74df9000ae,sr,1
C19d35e17e76b747f128,sr,8
C19d35e17e83f32b6b13,▽,7
C19d35e17e9936822fd8,◆,17
C19d35e17e9f5e19ca18,sl,2
C19d35e17e9f5e19ca18,▽,12+
C19d35e17ea09166b27f,dl,5
C19d35e17ea09166b27f,st,5
C19d35e17ea09166b27f,重発狂,5
C19d35e17ea11fa43a8a,st,3
C19d35e17ea11fa43a8a,重発狂,3
C19d35e17ea7a20d093b,sr,6
C19d35e17ea7a20d093b,▽,9
C19d35e17ea8dfd49784,dl,-2
C19d35e17ea8dfd49784,sl,10
C19d35e17ea8dfd49784,▼,15
C19d35e17ea8dfd49784,乱打,10
C19d35e17ea9b4a2b4af,ln,15
C19d35e17eaa733c3793,dl,8
C19d35e17eaa733c3793,st,8
C19d35e17eaa733c3793,重発狂,8
C19d35e17eabafbe5bec,dl,11
C19d35e17eabafbe5bec,重発狂,11
C19d35e17eac105d9a1b,▽,5
C19d35e17ead6e84495d,dl,7
C19d35e17ead6e84495d,st,7
C19d35e17ead6e84495d,重発狂,7
C19d35e17eae80b0bcd8,dl,6
C19d35e17eae80b0bcd8,重発狂,6
C19d35e17eb9ddf338af,st,3
C19d35e17eb9ddf338af,双,2
C19d35e17ebb129f9a83,◆,22
C19d35e17ebcb639ff23,sl,5
C19d35e17eda280eb8e4,st,1
C19d35e17eda280eb8e4,双,2
C19d35e17eeba7934d23,乱打,7
C19d35e17ef003dd5c89,▼,7
C19d35e17ef201b92ff5,st,4
C19d35e17ef201b92ff5,重発狂,4
C19d35e17ef6a999f1b3,st,2
C19d35e17ef6a999f1b3,重発狂,2
C19d35e17effaebf897c,SB,3
C19d35e17f067f031e86,sl,3
C19d35e17f075a92296b,sr,13
C19d35e17f08cb065630,ξ,4
C19d35e17f09fc2a322f,sr,10
C19d35e17f0a0cfe8a2f,sr,1
C19d35e17f36c0a51671,▼,4
C19d35e17f42e5c9d881,sr,9
C19d35e17f4fb23b16bf,★,19
C19d35e17f4fb23b16bf,重発狂,0
C19d35e17f513213d671,乱打,12
C19d35e17f58eb1f0f97,st,10
C19d35e17f5c8c07072d,dl,7
C19d35e17f5c8c07072d,▼,24
C19d35e17f5defba4f7e,dl,9
C19d35e17f6177c6ad9a,sl,9
C19d35e17f6177c6ad9a,乱打,8
C19d35e17f67aa246d20,▼,4
C19d35e17f6af10f49c8,◆,4
C19d35e17f6d1c46ace9,dl,0
C19d35e17f6d1c46ace9,▼,19
C19d35e17f6e6d5b24bd,dl, BEGINNER
C19d35e17f71b687c549,dl,6
C19d35e17f71b687c549,st,5
C19d35e17f79282669fe,sl,2
C19d35e17f79282669fe,▼,3
C19d35e17f79282669fe,乱打,2
C19d35e17f7a0d6b0427,▽,11+
C19d35e17f7a0d6b0427,☆,11
C19d35e17f7b301728b8,▼,2
C19d35e17f80a501c194,▽,9
C19d35e17f81c67f732d,ξ,10
C19d35e17f81c67f732d,▽,6
C19d35e17f84422abf0c,▽,4
C19d35e17f8583027ad2,sr,1
C19d35e17f8583027ad2,▽,8
C19d35e17f866fd45061,sr,9
C19d35e17f866fd45061,▽,11
C19d35e17f87d9c653c7,sr,13
C19d35e17f87d9c653c7,▽,12-
C19d35e17f88d4c9f422,sl,7
C19d35e17f88d4c9f422,乱打,7
C19d35e17f8ad7b1de19,st,1
C19d35e17f8ad7b1de19,★,21
C19d35e17f8ad7b1de19,重発狂,1
C19d35e17f8c3524937b,◆,24
C19d35e17fa056795e2c,★,5
C19d35e17fa11747dbd4,st,0
C19d35e17fa43bbb3382,dl,0
C19d35e17fa50943774d,dl,6
C19d35e17fa8c5537fe8,重発狂,3
C19d35e17fa9f27ac92f,sl,7
C19d35e17fa9f27ac92f,乱打,7
C19d35e17fb337a8f73e,ξ,13
C19d35e17fbd59366298,◆◆,7
C19d35e17fc26455449d,◆,8
C19d35e17fc7c612593c,sl,11
C19d35e17fc7c612593c,乱打,11
C19d35e17fc8019053ec,st,3
C19d35e17fc8019053ec,重発狂,3
C19d35e17feda1021206,sl,7
C19d35e17fef76834fa6,ξ,7
C19d35e17ff414ff02a3,sl,8
C19d35e17ff414ff02a3,▼,11
C19d35e17ff557303fb6,▽,10
C19d35e17ff6e3e5f181,▽,3
C19d35e17ff72f9cac28,st,7
C19d35e17ff72f9cac28,双,5
C19d35e17ff8c1db6b92,▽,8
C19d35e17ff91309784e,▼,5
C19d35e17ffa928bea1e,▼,7
C19d35e17ffbb8b41487,▽,6
C19d35e180067182a9e8,sr,11
C19d35e180067182a9e8,☆,11
C19d35e18008433964cd,sr,5
C19d35e1801121e880b6,▽,7
C19d35e1801288a98076,▽,10
C19d35e180130fa09137,▽,11+
C19d35e18014be535d92,★,5
C19d35e18017317705ad,so,9
C19d35e18017317705ad,★,13
C19d35e180194cb89d50,★★,4
C19d35e18021cf4b76fb,◆,12
C19d35e180506746a850,sl,8
C19d35e1805bfe4a7e54,☆,10
C19d35e1805f2900f263,★,17
C19d35e1805f2900f263,乱打,10
C19d35e180636ec0b639,☆,10
C19d35e1807665c8b80b,▽,11
C19d35e18077648c79be,▼,16
C19d35e18078c7af5654,▽,9
C19d35e1807949878335,▽,6
C19d35e180853c681d7f,▼,7
C19d35e18086dc4a7c45,ln,7
C19d35e18094915a53fe,★,3
C19d35e18096ed664496,◆,15
C19d35e18096ed664496,◆◆,1
C19d35e18097165d8e0a,☆,7
C19d35e1809dda4915d6,sl,2
C19d35e1809dda4915d6,乱打,2
C19d35e180cd14df590d,st,8
C19d35e180cd14df590d,重発狂,8
C19d35e180ce3aa071de,ξ,3
C19d35e180cffdb3702d,ln,27
C19d35e180d07d9376ad,ξ,12
C19d35e180d4382d4bbd,st,6
C19d35e180d4382d4bbd,重発狂,6
C19d35e180d5b7a39a73,Ude,5
C19d35e180d5b7a39a73,★,11
C19d35e180d7db3c42ec,st,5
C19d35e180d7db3c42ec,重発狂,5
C19d35e180d885e2604e,st,3
C19d35e180d885e2604e,重発狂,3
C19d35e180dc3ced0f55,▼,8
C19d35e180df83bf620e,st,10
C19d35e180df83bf620e,重発狂,10
C19d35e180e2fc3ec734,h◎,15
C19d35e180e34677cea0,h◎,0
C19d35e180e5e5dd3765,▽,12-
C19d35e180e64731140d,▽,10
C19d35e180e773ceea54,▽,5
C19d35e1811263b207db,☆,1
C19d35e1811b42320cfc,★,2
C19d35e18120d4954d49,sr,9
C19d35e1812113e51336,sl,6
C19d35e1812113e51336,乱打,6
C19d35e18126eca13f4a,sr,3
C19d35e18128ed8fb2f6,◆,6
C19d35e181353abc2a8f,▽,8
C19d35e1813681748108,▽,7
C19d35e1813707cd0c97,▽,4
C19d35e1813cc0f54f00,fr,7
C19d35e1813cc0f54f00,双,2
C19d35e181411b199ce5,Ude,2
C19d35e181411b199ce5,sl,2
C19d35e1814761a05a0e,☆,6
C19d35e1814bf4be81a5,sr,12
C19d35e1814c1d8aca96,★,15
C19d35e1814db7d3083c,sr,8
C19d35e1814f06668762,ξ,9
C19d35e1815661b003ec,ln,16
C19d35e18158d4d96c1d,h◎,8
C19d35e1815d52cf4904,☆,11
C19d35e1815f8050cf99,★,3
C19d35e1815f8050cf99,乱打,3
C19d35e18170f8baa10f,乱打,1
C19d35e181726183898d,sl,2
C19d35e181744b3deb66,sr,4
C19d35e18175af30f9ba,ξ,7
C19d35e181761da42820,sl,10
C19d35e18184833c075c,☆,4
C19d35e1818f8d110fcc,☆,2
C19d35e181905290af6b,SB,4
C19d35e181905290af6b,h◎,3
C19d35e181aa3c62a45e,h◎,6
C19d35e181ab4a2c1b92,h◎,0
C19d35e181bbd20391d5,☆,4
C19d35e181c437a13338,st,2
C19d35e181c437a13338,双,2
C19d35e181c6cf9a28aa,fr,6
C19d35e181caaf779487,sl,0
C19d35e181caaf779487,乱打,0
C19d35e181cbdc3fbc85,st,6
C19d35e181cd823a9dc4,☆,10
C19d35e181ebb3a0d5d4,ln,6
C19d35e181ebb3a0d5d4,◆,6
C19d35e181ee53491c18,ξ,13
C19d35e181ef94a0c9ed,sr,3
C19d35e181f04f094c2e,sr,10
C19d35e181f19164c792,sl,2
C19d35e181f868b19bb7,sl,7
C19d35e18202ffd3ae85,ξ,6
C19d35e1820354346859,sl,5
C19d35e1820354346859,乱打,5
C19d35e18208eb57190c,ln,15
C19d35e1820b00210a3f,▽,3
C19d35e182104b60faed,▽,12+
C19d35e1821380097914,▽,9
C19d35e1821380097914,☆,8
C19d35e18216d643e5ff,▽,11
C19d35e1821775bcf0f3,◆,6
C19d35e1821b79bdac50,▽,5
C19d35e1821c8e14a05b,▼,1
C19d35e1821d5a238e34,▼,12
C19d35e1821d5a238e34,乱打,7
C19d35e1821e4b321f14,★,10
C19d35e1821e4b321f14,乱打,6
C19d35e18220b426328d,▼,4
C19d35e1822b99cf681e,ln,9
C19d35e1822c1d27f7cb,★★,4
C19d35e182369af1254f,▼,4
C19d35e18238a658f94c,◆,20
C19d35e1823e5fca9bd9,st,1
C19d35e1823e5fca9bd9,重発狂,1
C19d35e1823fdf0849f4,sl,10
C19d35e1823fdf0849f4,乱打,10
C19d35e182413dd4c17b,★★,4
C19d35e182512fb17bba,☆,11
C19d35e1825d1b4f3796,▼,3
C19d35e1825e6cac6907,▼,7
C19d35e18269c36979ed,▼,8
C19d35e1826a838c802a,▽,9
C19d35e1826e3416cfe3,▽,7
C19d35e18270803f7be5,▽,6
C19d35e182716f907051,sl,1
C19d35e18272a518e42e,st,3
C19d35e182787be1f755,★,14
C19d35e1827adfc42948,sn,10
C19d35e1827adfc42948,★★,6
C19d35e18283200ca3fd,▼,11
C19d35e182866a934d4d,▼,15
C19d35e18291a5637c92,▽,10
C19d35e182929f14b6c8,▽,2
C19d35e1829706e98ce9,▽,7
C19d35e1829bf1638c07,▽,5
C19d35e182a0c4ac7d43,▽,12+
C19d35e182a1228a8df8,▽,3
C19d35e182a213ff00d3,▽,9
C19d35e182a335c072dc,▽,5
C19d35e182a4f4b07ded,sl,8
C19d35e182afafd82a43,h◎,4
C19d35e182b89fc57189,★,15
C19d35e182bc7d18bf46,ξ,10
C19d35e182cd05d76a1a,sl,0
C19d35e182cd05d76a1a,乱打,0
C19d35e182d49a04791c,SB,3
C19d35e182d523aaa8a7,SB,4
C19d35e182da029008fa,★,14
C19d35e182dccee33411,SB,3
C19d35e1830180d46564,sr,10
C19d35e1830413593c45,sr,6
C19d35e1830572b7aca6,★,10
C19d35e1830757ea7e51,★,14
C19d35e1830d8fa461c8,h◎,-1
C19d35e1830ee14c24ee,sl,10
C19d35e1830f0d0f3f16,sr,13
C19d35e1831012ff4eb1,st,5
C19d35e1831119be6c84,sr,1
C19d35e183136ff044dd,sl,12
C19d35e183136ff044dd,乱打,12
C19d35e183217b9255b0,☆,3
C19d35e1833523d8f5a7,sl,2
C19d35e1833c213c70b8,▼,0
C19d35e1833dc0264b83,▽,10
C19d35e1833e67248279,▽,7
C19d35e1835a6a5cceb8,sl,2
C19d35e1835a6a5cceb8,▼,3
C19d35e1835a6a5cceb8,乱打,2
C19d35e18364f19001eb,sl,11
C19d35e1836f79457d94,▽,11+
C19d35e1837097712336,▽,9
C19d35e1837187083c72,▽,4
C19d35e1837297b0864b,▼,6
C19d35e18377c226f775,☆,3
C19d35e183a8f55aabf9,fr,10
C19d35e183c0684c3057,★,1
C19d35e183c0684c3057,乱打,1
C19d35e183c359d5b1e6,★,6
C19d35e183caa93f027a,sr,6
C19d35e183caa93f027a,▽,9
C19d35e183d4ad8a15b0,st,0
C19d35e183d4ad8a15b0,重発狂,0
C19d35e183d6fcaa47e4,sl,9
C19d35e183d6fcaa47e4,乱打,9
C19d35e183d8c0970da7,重発狂,4
C19d35e183db61e2c21a,▼,8
C19d35e183dc00541395,dl,0
C19d35e183f5169e2862,▽,9
C19d35e183f7fb2383e7,▽,5
C19d35e183f802db7a75,▽,2
C19d35e183fd51de6f4c,sl,12
C19d35e18402a6209e0c,ξ,13
C19d35e1842c5deba40a,◆,12
C19d35e18438c853e2fb,h◎,0
C19d35e1843d69e2d64e,dl,0
C19d35e1843f437c8a64,dl,-2
C19d35e184457fd2c9ec,h◎,3
C19d35e1844bc87930b0,dl,保留
C19d35e1844cef5a67f2,dl,1
C19d35e1847480597d2e,ln,15
C19d35e1847cf10ffc51,▼,18
C19d35e1848598ee3e01,dl,査定中
C19d35e184861128dc71,▼,9
C19d35e184876a2dd118,▼,18
C19d35e184973cd22278,☆,11
C19d35e18499df197043,SB,9
C19d35e184b3cad0b1a2,▼,23
C19d35e184e036c26aaf,乱打,9
C19d35e184e667bea3f4,ln,13
C19d35e184e667bea3f4,◆,13
C19d35e184ea030c0403,sl,12
C19d35e184ea030c0403,乱打,11
C19d35e184ebb24a3173,st,5
C19d35e184ebb24a3173,双,4
C19d35e18508e61b92ad,☆,7
C19d35e18532a7fedcb3,☆,9
C19d35e185337a930616,▼,4
C19d35e1853d6fd01baf,ξ,4
C19d35e1853d6fd01baf,▽,3
C19d35e1853e66ed06cb,▽,5
C19d35e1853f9749208b,▽,10
C19d35e185408bc94652,sl,7
C19d35e185408bc94652,▼,12
C19d35e185408bc94652,乱打,7
C19d35e185455e64730e,dy,2
C19d35e185455e64730e,st,7
C19d35e185455e64730e,重発狂,7
C19d35e18551bfc6c76b,st,0
C19d35e18551bfc6c76b,重発狂,0
C19d35e185520e8ebc63,st,4
C19d35e185520e8ebc63,重発狂,5
C19d35e1855347ca1068,▼,13
C19d35e1855347ca1068,乱打,4
C19d35e18554a342a834,dy,2
C19d35e18554a342a834,重発狂,7
C19d35e18555b94274c3,st,9
C19d35e18555b94274c3,重発狂,9
C19d35e185626fadebb3,dl,3
C19d35e185626fadebb3,st,3
C19d35e185633a6b86ce,dl,12
C19d35e1856466280b20,dl,-1
C19d35e1856466280b20,★,19
C19d35e1856b7a118bd0,▽,4
C19d35e1856df4a39b73,▽,8
C19d35e1856f6d60c02d,▽,11+
C19d35e1857232dea26d,sl,2
C19d35e1857232dea26d,▼,2
C19d35e1857814cb336d,▽,3
C19d35e18579c310aea2,▽,6
C19d35e18579c310aea2,☆,6
C19d35e1857a6d9d2bb3,sr,6
C19d35e1857a6d9d2bb3,▽,9
C19d35e1857bea3c1d9f,sr,13
C19d35e1857bea3c1d9f,▽,12-
C19d35e1857ce5df36dc,▼,8
C19d35e1857f659d8e1a,dy,3
C19d35e1857f659d8e1a,st,8
C19d35e1857f659d8e1a,双,5
C19d35e185807af4ed15,st,0
C19d35e185869b556c28,sl,2
C19d35e1858c10112b83,◆◆,4
C19d35e185915f02e4d2,sr,5
C19d35e18592575d9198,sr,11
C19d35e185993bcf73a5,dl,10
C19d35e185993bcf73a5,st,10
C19d35e1859b08ab31c4,dl,1
C19d35e1859b08ab31c4,st,1
C19d35e185b53d9f7661,★,4
C19d35e185b6731a0a1f,ξ,7
C19d35e185c11da2bf2c,SB,0
C19d35e185c11da2bf2c,sr,?
C19d35e185c2a7b968f8,h◎,10
C19d35e185c326b542e0,SB,1
C19d35e185c326b542e0,sr,?
C19d35e185c4cd75435f,SB,7
C19d35e185c4cd75435f,▼,17
C19d35e185c532abd34f,SB,8
C19d35e185c532abd34f,★★,2
C19d35e185c77c21c0f0,▽,5
C19d35e185c8dfd9f66b,▽,10
C19d35e185c92a04302e,▼,3
C19d35e185cd39a752e2,sl,7
C19d35e185cd39a752e2,乱打,7
C19d35e185cea1a8f3ac,乱打,4
C19d35e185cfbed62b13,st,0
C19d35e185cfbed62b13,重発狂,0
C19d35e185d403fde989,st,2
C19d35e185d58de1dff2,sl,0
C19d35e185d58de1dff2,sr,11
C19d35e185d73a3e26af,sr,7
C19d35e185d83f59874d,dy,4
C19d35e185d83f59874d,st,9
C19d35e185daeb713088,sl,4
C19d35e185dd4ed3f5df,▽,5
C19d35e1860337adb449,st,6
C19d35e1860337adb449,双,5
C19d35e18666c973d4f0,h◎,5
C19d35e1866b9f7613b3,☆,10
C19d35e1867504a28a70,Ude,9
C19d35e1867504a28a70,sl,9
C19d35e18677b6d35494,sr,2
C19d35e186784b4d22c7,sr,6
C19d35e1867ad8085059,Ude,10
C19d35e1867ad8085059,sl,10
C19d35e1867c55354541,st,1
C19d35e1867c55354541,双,1
C19d35e18682fce90793,☆,4
C19d35e1868528109085,st,0
C19d35e1868528109085,双,0
C19d35e18693d8451d80,st,4
C19d35e18693d8451d80,双,4
C19d35e186a526303467,▽,12+
C19d35e186a8af2ee73e,▽,4
C19d35e186b01964113e,▽,11
C19d35e186b01964113e,☆,11
C19d35e186b13723b7fd,▽,9
C19d35e186b13723b7fd,☆,9
C19d35e186b687e322ce,★,4
C19d35e186b8789f149f,▽,7
C19d35e186b95dd14e01,双,5
C19d35e186ba5e5876ce,★,14
C19d35e186bcb16e85f5,sl,3
C19d35e186bdb3aa56ae,h◎,5
C19d35e186c1b414f560,h◎,4
C19d35e186c2741291f7,◆,5
C19d35e186c3865192a3,◆,13
C19d35e186c4fe83ccae,◆,3
C19d35e186c62108a8aa,★,5
C19d35e186c82972fc31,sl,5
C19d35e186c9f5138d8d,☆,11
C19d35e186df85f8c652,☆,8
C19d35e1870c99c2e0e8,sr,7
C19d35e1870ddafe239b,ξ,2
C19d35e187147696548b,sl,4
C19d35e187158d1d9e29,☆,12
C19d35e18716bc793bcc,ln,15
C19d35e1871e6abc5798,双,1
C19d35e18724ff6235fb,sr,5
C19d35e18725a8461f63,sr,3
C19d35e187264b00842d,so,3
C19d35e187574a2562d8,双,5
C19d35e18758dec79b90,sl,8
C19d35e1875917ae17e8,▽,10
C19d35e1875a022654d6,▽,12
C19d35e18764bdbbf964,★,16
C19d35e187750ca6dad1,▼,1
C19d35e187abe53f07ae,★,10
C19d35e187e4512fdd2d,sl,3
C19d35e187f232cd4d4f,st,6
C19d35e187f232cd4d4f,重発狂,6
C19d35e187f3b2875cae,st,4
C19d35e187f3b2875cae,重発狂,4
C19d35e187ff2ea42d8a,☆,6
C19d35e1880890ed2916,▽,6
C19d35e1880983dafb09,sr,11
C19d35e1880983dafb09,▽,11
C19d35e1880a22c4676c,▼,3
C19d35e1880b8337b371,★,11
C19d35e18824fd903cc6,▽,6
C19d35e18825d9a95bb5,▽,9
C19d35e18826c511bda4,▽,11+
C19d35e1882858a39e9f,sl,3
C19d35e1882858a39e9f,▼,5
C19d35e1882858a39e9f,乱打,3
C19d35e1884367180a1a,▽,1
C19d35e18844e98e1da9,▽,4
C19d35e18845812cf78d,▽,8
C19d35e1884689576c6b,▽,10
C19d35e1884864c35713,sl,4
C19d35e1884864c35713,▼,5
C19d35e1884864c35713,乱打,3
C19d35e18849d90916df,st,2
C19d35e18849d90916df,重発狂,2
C19d35e1884da1a76845,ln,11
C19d35e188648742e0a9,◆,3
C19d35e18870aec539bd,SB,3
C19d35e188928022724d,SB,1
C19d35e188928022724d,h◎,0
C19d35e188928022724d,so,1
C19d35e188caf5cd135f,dl,1
C19d35e188caf5cd135f,st,1
C19d35e188cd9f8fdc2c,h◎,15
C19d35e188ce355a0f0c,h◎,16
C19d35e188e2429a1865,sl,2
C19d35e188e31f2622b3,sr,11
C19d35e188e94cc476e5,sr,5
C19d35e188eb9de243f5,ln,14
C19d35e188f9986c2567,sl,1
C19d35e1891a342720e5,sl,4
C19d35e1891a342720e5,▼,4
C19d35e18929b50fcc1e,★,23
C19d35e18929b50fcc1e,★★,3
C19d35e1892cbed59f31,▽,8
C19d35e189311b385b7c,★,12
C19d35e189332ca4e988,▽,11
C19d35e1893b3e1a581b,dl, BEGINNER
C19d35e1893b3e1a581b,▼,10
C19d35e18941b4ccb195,★★,5
C19d35e1896f7f2e0bc9,☆,4
C19d35e1897b80481e2e,▽,4
C19d35e1897fef808054,▼,3
C19d35e1898b49d6bb11,sr,9
C19d35e1898eb4e9ba88,sr,1
C19d35e189a523afbc83,▼,3
C19d35e189a648bac0d5,sr,13
C19d35e189a648bac0d5,▽,12-
C19d35e189a7119c14aa,▽,3
C19d35e189a87963e97c,▼,18
C19d35e189a93085be35,sr,1
C19d35e189a93085be35,▽,7
C19d35e189aa5285cc62,sr,8
C19d35e189aa5285cc62,▽,9
C19d35e189ab52c089ab,▼,8
C19d35e189ac27758d45,▽,5
C19d35e189ada8a3f154,▼,6
C19d35e189b64db5b18c,so,4
C19d35e189c4e4c93146,sr,2
C19d35e189c62ff95845,sr,?
C19d35e189d2a4180306,sl,0
C19d35e189d2a4180306,sr,12
C19d35e189d2a4180306,▽,12-
C19d35e189d2a4180306,乱打,0
C19d35e189d34393ec31,▼,4
C19d35e189d403d10793,▽,3
C19d35e189d5fd96f069,sr,6
C19d35e189d5fd96f069,▽,9
C19d35e189d6fd1b7fd3,▽,5
C19d35e189e2d79d1707,sr,9
C19d35e189e3a231d4a8,sr,1
C19d35e189eb802dd795,▽,1
C19d35e189ed6a96dc40,▽,4
C19d35e189ef0b7b7d87,▽,8
C19d35e189f06ba078a9,h◎,2
C19d35e189f17e0ec01d,▽,10
C19d35e189f255524dbf,▽,12
C19d35e189f5a0496120,▽,11+
C19d35e189f7601409d1,▽,2
C19d35e189f861cf7ad9,▽,10
C19d35e189f90f1d365a,▼,15
C19d35e189fa8caa61e9,▽,6
C19d35e189fbc45beac1,▼,22
C19d35e18a03a6cdbbfc,st,0
C19d35e18a03a6cdbbfc,重発狂,0
C19d35e18a0408969de8,★★,4
C19d35e18a07ca3823e4,☆,7
C19d35e18a0def728568,st,2
C19d35e18a17ec2e5d02,fr,0
C19d35e18a17ec2e5d02,ln,10
C19d35e18a309bc484b6,ξ,6
C19d35e18a323d7b430e,sr,4
C19d35e18a33ac77e725,sr,9
C19d35e18a34c33497a2,ξ,8
C19d35e18a3ec03ad6a2,sl,2
C19d35e18a47100c46fc,▽,11+
C19d35e18a494402d5fe,▼,1
C19d35e18a4c9758df96,▽,9
C19d35e18a501ef10adf,▽,5
C19d35e18a54a2d7c548,st,2
C19d35e18a5584bc09d1,st,6
C19d35e18a70cb7ce5d6,▽,3
C19d35e18a71ce162f77,ξ,3
C19d35e18a73dad04ca2,▽,8
C19d35e18a7469da6f7a,▽,11
C19d35e18a75f0585fbd,▼,12
C19d35e18a78e0681e36,ln,16
C19d35e18a7a72eafb99,▽,12+
C19d35e18a7a72eafb99,★,2
C19d35e18a87ff7fef4f,ln,17
C19d35e18a88ed6af862,st,1
C19d35e18a89df1452d5,◆,14
C19d35e18a9456eeb060,☆,13
C19d35e18a9a5146db2b,fr,9
C19d35e18a9a5146db2b,★★,3
C19d35e18aaf4289fb43,★,1
C19d35e18aaf4289fb43,乱打,1
C19d35e18ab099bb0c71,sr,7
C19d35e18ab099bb0c71,▽,10
C19d35e18ab28523491a,★,5
C19d35e18ab28523491a,乱打,3
C19d35e18ab44aac0124,sr,5
C19d35e18ab44aac0124,▽,9
C19d35e18ab50c99c5fe,重発狂,3
C19d35e18ab7a54c8232,ln,19
C19d35e18ab82cd0f8fa,sl,9
C19d35e18ab82cd0f8fa,乱打,9
C19d35e18ab9a083fb93,ξ,6
C19d35e18ab9a083fb93,▽,3
C19d35e18abadd70127f,sr,12
C19d35e18abadd70127f,▽,11+
C19d35e18abbab8e6e7c,h◎,6
C19d35e18abd26c9e848,dy,3
C19d35e18abd26c9e848,st,8
C19d35e18abd26c9e848,双,5
C19d35e18abe4fb6b3cb,st,4
C19d35e18abe4fb6b3cb,双,3
C19d35e18ad89a4c8981,★,6
C19d35e18ae0ac367669,◆,9
C19d35e18af015462c4a,sl,9
C19d35e18af015462c4a,▼,15
C19d35e18af16daa517d,★,2
C19d35e18b317029ad24,fr,10
C19d35e18b3a3d2b02ec,★,13
C19d35e18b3a3d2b02ec,乱打,8
C19d35e18b3c7fd6dc20,★,17
C19d35e18b3c7fd6dc20,乱打,11
C19d35e18b3e00fd53c5,★,23
C19d35e18b3e00fd53c5,★★,3
C19d35e18b3e00fd53c5,重発狂,3
C19d35e18b3fd4ef5677,dy,1
C19d35e18b3fd4ef5677,重発狂,6
C19d35e18b42c565bcd9,dy,3
C19d35e18b42c565bcd9,st,8
C19d35e18b42c565bcd9,★,25
C19d35e18b42c565bcd9,★★,5
C19d35e18b42c565bcd9,重発狂,8
C19d35e18b61fdb97bf1,重発狂,4
C19d35e18b63d502077d,dy,6
C19d35e18b650d8e8fe5,h◎,15
C19d35e18b6c6b5d67c2,sr,?
C19d35e18b6c6b5d67c2,▽,11+
C19d35e18b6feb59f307,ln,15
C19d35e18b7382d2a569,乱打,11
C19d35e18b76f428398f,★,4
C19d35e18b78aa8e0d31,▽,6
C19d35e18b7db5765c14,sr,4
C19d35e18b7db5765c14,▽,9
C19d35e18b82742a8e54,◆◆,13
C19d35e18b83ed12777e,▼,8
C19d35e18b83ed12777e,乱打,4
C19d35e18b883d160cf6,h◎,16
C19d35e18b96acfccf8f,dl,12
C19d35e18b97448e7cc5,dl,dl6 (sub)
C19d35e18b9858a02da4,▼,10
C19d35e18b99c957b183,▼,21
C19d35e18b9a4128b132,fr,5
C19d35e18b9ff7e05446,dl,10
C19d35e18bad87d311ab,st,5
C19d35e18bad87d311ab,重発狂,5
C19d35e18bc222cb0c89,SB,1
C19d35e18bc3b8a8de40,sr,10
C19d35e18bc56c195f81,sr,4
C19d35e18bc6cb358759,sr,13
C19d35e18bcfb8e03a0d,☆,6
C19d35e18bd14bffc50f,☆,11
C19d35e18be3593e6ef3,▽,2
C19d35e18be455a7fd2e,▽,4
C19d35e18be5500bb1ca,▽,7
C19d35e18be64996e234,▽,9
C19d35e18c05d865379d,☆,4
C19d35e18c07a9d80405,▼,1
C19d35e18c0de0ac9b97,◆◆,4
C19d35e18c1d9f18119d,▽,5
C19d35e18c1e9e81466e,▽,11+
C19d35e18c1e9e81466e,☆,11
C19d35e18c1f38106d4b,▽,12+
C19d35e18c1f38106d4b,★,2
C19d35e18c209450d74c,★★,2
C19d35e18c209450d74c,双,2
C19d35e18c42b97bca58,▼,7
C19d35e18c45c367bd02,◆,6
C19d35e18c4613d12d3b,sr,7
C19d35e18c8515e23065,☆,10
C19d35e18c8ea9c143a4,ξ,5
C19d35e18c9decbbb86c,dy,0
C19d35e18c9decbbb86c,重発狂,5
C19d35e18cb62296f281,dl,7
C19d35e18cb62296f281,st,7
C19d35e18cdeaf67d9ff,▽,5
C19d35e18cdf7b7584c6,sr,3
C19d35e18cdf7b7584c6,▽,8
C19d35e18cdf7b7584c6,☆,7
C19d35e18ce0f0c5fa18,SB,1
C19d35e18ce0f0c5fa18,h◎,2
C19d35e18ce0f0c5fa18,▽,12-
C19d35e18ce0f0c5fa18,☆,11
C19d35e18cf957c1dc41,ln,14
C19d35e18d0928fb44a6,sl,7
C19d35e18d0928fb44a6,乱打,7
C19d35e18d108a82851b,fr,6
C19d35e18d2d2a4dc8bd,▼,5
C19d35e18d2d2a4dc8bd,乱打,3
C19d35e18d3a84315964,sl,4
C19d35e18d3a84315964,乱打,4
C19d35e18d416e3cc023,h◎,3
C19d35e18d460a8ee497,☆,5
C19d35e18d4fa357be4f,★,2
C19d35e18d4fa357be4f,乱打,2
C19d35e18d6608f8a46a,SB,2
C19d35e18d6abc836ed5,st,4
C19d35e18d76408f70c2,st,3
C19d35e18d76408f70c2,重発狂,3
C19d35e18d7f2fe1fb93,SB,7
C19d35e18d8385d16226,SB,2
C19d35e18d8385d16226,h◎,1
C19d35e18d84fbdabe34,SB,4
C19d35e18d9445027f95,sr,11
C19d35e18d9445027f95,☆,11
C19d35e18d955b2d8d23,sl,4
C19d35e18d98dd1a8caa,sr,5
C19d35e18d9a0841ad77,ξ,12
C19d35e18d9befc95520,sl,7
C19d35e18d9c1df16ce4,★,5
C19d35e18d9d045c04e8,st,3
C19d35e18d9d045c04e8,双,3
C19d35e18dbe05ff629c,▼,5
C19d35e18dc00503634e,▽,11+
C19d35e18dc00503634e,☆,11
C19d35e18dc877062671,▼,23
C19d35e18dcbcfc27a45,▽,10
C19d35e18dcc3f2799ec,◆,22
C19d35e18dce36cce347,▽,6
C19d35e18dd6e9674c7b,★,16
C19d35e18de36f010c8a,▽,9
C19d35e18de45fce461f,▽,6
C19d35e18de53342adf5,fr,6
C19d35e18de53342adf5,ln,15
C19d35e18de53342adf5,◆,15
C19d35e18de73004a16f,dl,4
C19d35e18de73004a16f,▼,19
C19d35e18de8c7e16585,st,7
C19d35e18deacd0e94be,ξ,13
C19d35e18deed5e68480,dl,4
C19d35e18deed5e68480,st,4
C19d35e18deed5e68480,重発狂,4
C19d35e18df017b3433e,双,5
C19d35e18df5f69cfacb,st,1
C19d35e18df69c0053ac,st,2
C19d35e18df69c0053ac,双,2
C19d35e18dfaedf4abd2,▽,11
C19d35e18dfb461aa27b,▽,10
C19d35e18dfc1339f2f6,▽,7
C19d35e18dfdf4f8c599,▼,18
C19d35e18e097e491e36,sr,11
C19d35e18e097e491e36,▼,0-
C19d35e18e097e491e36,乱打,0
C19d35e18e114e045298,▽,4
C19d35e18e12b24b6ba3,sr,1
C19d35e18e12b24b6ba3,▽,7
C19d35e18e13d91dfedc,sr,4
C19d35e18e13d91dfedc,▽,9
C19d35e18e1498269c01,sr,8
C19d35e18e1498269c01,▽,10
C19d35e18e16e366ab46,▼,7
C19d35e18e18893e177d,sl,0
C19d35e18e18893e177d,sr,12
C19d35e18e18893e177d,乱打,0
C19d35e18e1f2c7533f6,sn,1
C19d35e18e219db1c34c,ξ,7
C19d35e18e32d95be170,☆,11
C19d35e18e35c9145ffb,▽,10
C19d35e18e38b120fe1e,▽,9
C19d35e18e3a9f84ec24,▽,7
C19d35e18e44fe5a0aab,st,1
C19d35e18e44fe5a0aab,▼,21
C19d35e18e44fe5a0aab,重発狂,1
C19d35e18e467c00c9f1,SB,6
C19d35e18e48f580acd4,★,19
C19d35e18e64fafdfc9f,dl, BEGINNER
C19d35e18e698eee8622,st,2
C19d35e18e6b59c1349f,sr,8
C19d35e18e6b59c1349f,▽,10
C19d35e18e7484232948,fr,2
C19d35e18e763fdd710c,▽,12+
C19d35e18e7e695e04b4,★,4
C19d35e18e7e695e04b4,乱打,3
C19d35e18e8336f50a0f,★,12
C19d35e18e8336f50a0f,乱打,9
C19d35e18e8638393aa3,重発狂,2
C19d35e18e87d9e37f50,重発狂,4
C19d35e18e88e61a98fe,重発狂,7
C19d35e18e898ebf520d,重発狂,12
C19d35e18e8a5ac37b11,★★,6
C19d35e18e8a5ac37b11,重発狂,11
C19d35e18e93d5faf153,★,4
C19d35e18e93d5faf153,乱打,3
C19d35e18ea7a8c8bf0e,dl,9
C19d35e18ea7a8c8bf0e,st,9
C19d35e18eaed80469b9,★,14
C19d35e18ec6f46445bb,▼,4
C19d35e18ec6f46445bb,乱打,3
C19d35e18ec8d82d45b3,◆,22
C19d35e18ed3afe6af94,dl,7
C19d35e18edcad7341d5,st,5
C19d35e18edda025b6ac,dl,9
C19d35e18edfa20baadb,dl,dl5 (sub)
C19d35e18ee1bbbaba19,★,24
C19d35e18ee1bbbaba19,★★,4
C19d35e18ee368f13899,★★,7
C19d35e18eea1d128aa2,sl,12
C19d35e18eea1d128aa2,乱打,12
C19d35e18eeb7af912d5,▼,5
C19d35e18eecaba44d14,dl, BEGINNER
C19d35e18efa310e0b4c,sr,4
C19d35e18efa310e0b4c,▽,8
C19d35e18f000e6fd790,fr,0
C19d35e18f010a2c3838,◆◆,6
C19d35e18f0dfa9e3588,◆◆,3
C19d35e18f1296aaab1a,◆◆,13
C19d35e18f1633b017ea,fr,8
C19d35e18f23fa6565eb,fr,12
C19d35e18f359cf9e989,dl,4
C19d35e18f391389c988,sl,5
C19d35e18f4ed4b6d532,dl,2
C19d35e18f4ed4b6d532,st,2
C19d35e18f5091d61037,sr,4
C19d35e18f51f6451938,sr,13
C19d35e18f6946ea024a,sl,6
C19d35e18f7cb3400f56,Ude,11
C19d35e18f7cb3400f56,sl,11
C19d35e18f8973bdc0b3,sr,3
C19d35e18f8be8599408,sr,9
C19d35e18f8be8599408,☆,10
C19d35e18f91a2ef8314,★,2
C19d35e18f93773063d1,★,6
C19d35e18f95ebfd24ee,★,17
C19d35e18f97c05d7b53,★★,5
C19d35e18f9aa714005f,h◎,16
C19d35e18f9b64c8560e,dl,4
C19d35e18f9b64c8560e,★,24
C19d35e18f9d2fd4b89b,fr,11
C19d35e18f9d2fd4b89b,◆,22
C19d35e18fa36bac3e63,◆,9
C19d35e18fa5438a4b18,★★,6
C19d35e18faf67361b60,☆,9
C19d35e18febdeaebdc9,▽,11+
C19d35e18fecf7b8ad1e,▼,7
C19d35e18fecf7b8ad1e,☆,13
C19d35e18ff09c6e5e45,st,4
C19d35e18ff09c6e5e45,双,4
C19d35e190079f41dd1d,★,14
C19d35e1901ecbc927ee,so,9
C19d35e19026119fb508,▽,11
C19d35e1902799b77d55,▽,9
C19d35e19028334fc6c6,▽,6
C19d35e1902a0417ec87,so,4
C19d35e1902a0417ec87,▼,7
C19d35e19035537324ea,ξ,3
C19d35e19035537324ea,▽,1
C19d35e190361a97f252,▽,4
C19d35e190382c801c28,▽,7
C19d35e1903a1a55ccd5,sr,6
C19d35e1903a1a55ccd5,▽,10
C19d35e1903bb506910c,Ude,0
C19d35e1903bb506910c,sl,0
C19d35e19041826feb69,st,1
C19d35e19041826feb69,双,1
C19d35e19047bee2035c,双,1
C19d35e19058f32e984c,双,2
C19d35e1905a26fbd11c,SB,5
C19d35e1905a26fbd11c,h◎,5
C19d35e1905cdc203700,▼,1
C19d35e1905f99ac42ea,sr,12
C19d35e1905f99ac42ea,▽,11+
C19d35e1905f99ac42ea,☆,11
C19d35e19062fe24ff7e,sr,5
C19d35e19062fe24ff7e,▽,9
C19d35e1906608223f97,双,0
C19d35e19067e0af5f67,★,6
C19d35e190684185cce7,▽,3
C19d35e1906a45bc9edb,★,14
C19d35e19077e2105f47,st,0
C19d35e19092e72d3d09,▼,15
C19d35e19092e72d3d09,乱打,7
C19d35e1909d3e0e2ce7,★,21
C19d35e190a124652b36,sl,11
C19d35e190a124652b36,乱打,11
C19d35e190a3ea06d7bf,★★,4
C19d35e190aa3359beb9,▼,9
C19d35e190aeea430595,sl,12
C19d35e190af7391599f,Ude,0
C19d35e190af7391599f,sl,0
C19d35e190af7391599f,☆,11
C19d35e190c0e751b9af,SB,4
C19d35e190cd0c091fac,dl,5
C19d35e190cd0c091fac,st,5
C19d35e190e0315f09de,ξ,?
C19d35e190e34f4330a8,双,?
C19d35e190e513c26f48,Ude,0
C19d35e190e513c26f48,sl,0
C19d35e190e513c26f48,sr,13
C19d35e190e6a844a5a1,Ude,4
C19d35e190e6a844a5a1,▼,6
C19d35e190e730dad50b,Ude,11
C19d35e190e730dad50b,sl,11
C19d35e190e730dad50b,★,17
C19d35e190e864780953,st,4
C19d35e190e864780953,双,4
C19d35e190e97d10fa26,dl,3
C19d35e190e97d10fa26,st,3
C19d35e190e97d10fa26,重発狂,3
C19d35e190ea119fea79,h◎,4
C19d35e190eb098df037,sr,2
C19d35e190ec477dfa8d,Ude,2
C19d35e190ec477dfa8d,sl,2
C19d35e190efac639637,dl,dl3 (sub)
C19d35e190f0cf20c4f6,重発狂,2
C19d35e190fb7935a632,sl,9
C19d35e190feb12a94b8,▼,23
C19d35e190ff28faa8e0,SB,1
C19d35e190ff28faa8e0,▽,12-
C19d35e19100dcc35f31,SB,0
C19d35e19100dcc35f31,▽,10
C19d35e19101a3d1dd03,▽,4
C19d35e1912c944e6618,dy,1
C19d35e191529a270fea,ln,22
C19d35e1915768768511,fr,1
C19d35e1917dd3e2bd4a,▼,6
C19d35e1917e393c3066,ξ,4
C19d35e1917e393c3066,▽,3
C19d35e1917f6808929a,sr,7
C19d35e1917f6808929a,▽,10
C19d35e19180be8531a4,sl,1
C19d35e19180be8531a4,▽,12+
C19d35e191811a41f8be,sr,2
C19d35e191811a41f8be,▽,8
C19d35e19182b5df795c,ξ,8
C19d35e19182b5df795c,▽,5
C19d35e19183da9b57be,sl,9
C19d35e19183da9b57be,▼,15
C19d35e19192f1209897,▼,18
C19d35e191942d57c63c,dl,5
C19d35e191942d57c63c,st,5
C19d35e191baa8f0cfa0,ξ,10
C19d35e191d58209cb3b,▽,12+
C19d35e191d6713fd451,▼,24
C19d35e191d7a866aec5,▽,10
C19d35e191d8e14af22a,▼,20
C19d35e191d9440d6786,▽,7
C19d35e191dab9465365,sl,4
C19d35e191dab9465365,▼,7
C19d35e191ec9f6d315c,▽,12-
C19d35e191f3010917c9,dl,9
C19d35e191f3010917c9,dy,4
C19d35e191f3010917c9,st,9
C19d35e192170ffaa2d8,☆,11
C19d35e19218f1757721,SB,2
C19d35e19218f1757721,h◎,3
C19d35e19218f1757721,★,4
C19d35e19225059f5c4b,SB,5
C19d35e1922f22c2ed99,sl,0
C19d35e1922f22c2ed99,▽,11
C19d35e1922f22c2ed99,乱打,0
C19d35e19230a4985057,▽,9
C19d35e192319b954d8d,st,2
C19d35e192326344bf32,▽,2
C19d35e1924342739c80,sl,11
C19d35e1924568aa6478,sr,12
C19d35e1924a6c7a7e67,sr,6
C19d35e1924ee93226d4,sl,3
C19d35e19280706fee11,▼,3
C19d35e19286cfb4e166,so,3
C19d35e1928cc3045511,★★,1
C19d35e19292d5cd00b2,sr,13
C19d35e19292d5cd00b2,▽,12-
C19d35e19293c737af6d,▽,12+
C19d35e192946213ab6e,▼,5
C19d35e192989a0c288a,sr,7
C19d35e192989a0c288a,▽,10
C19d35e192992897706c,▽,6
C19d35e1929ab3da688e,sl,2
C19d35e1929ab3da688e,▼,3
C19d35e192a2e68aed0b,sl,3
C19d35e192a2e68aed0b,▼,3
C19d35e192a35564e791,st,2
C19d35e192a35564e791,重発狂,2
C19d35e192a4e558dd66,▽,3
C19d35e192a74f465b54,▽,10
C19d35e192a8006b0f90,▽,11+
C19d35e192a9ee1a5b84,st,0
C19d35e192a9ee1a5b84,重発狂,0
C19d35e192ab6f206488,▽,6
C19d35e192c3ca39e067,▽,10
C19d35e192c52ed9835b,▽,7
C19d35e192c62f3b8a7d,sl,3
C19d35e192c62f3b8a7d,▼,5
C19d35e192c76d14660e,▽,5
C19d35e192c8f28d5770,▼,23
C19d35e192c9db3b5623,▼,7
C19d35e192d127aae4b4,▼,18
C19d35e192de48ca64ba,◆,16
C19d35e192de48ca64ba,◆◆,3
C19d35e192e053d532cd,dl,3
C19d35e192e053d532cd,st,3
C19d35e192ec01c7a5c5,☆,8
C19d35e192f9fc45416b,▽,11
C19d35e192fa9a5cda10,▼,6
C19d35e192fbfd54307f,▽,6
C19d35e192fc8ae4a64f,▽,9
C19d35e192fe61f34243,h◎,5
C19d35e19307901bafa2,▽,12+
C19d35e1930fbcbe6d6e,sl,7
C19d35e1930fbcbe6d6e,乱打,7
C19d35e193108751a592,sr,6
C19d35e193108751a592,▽,9
C19d35e193108751a592,☆,9
C19d35e19317b7557c42,▽,3
C19d35e1931831f9cb08,▼,17
C19d35e193211b7072d3,▽,1
C19d35e1932c5bf0d7b7,dl,-2
C19d35e1932e2f1f41ea,dl,3
C19d35e1933ababf6c32,h◎,13
C19d35e1933b343dd73f,h◎,8
C19d35e19340f0c67185,▽,12-
C19d35e1934146f2df5b,▽,9
C19d35e193429c475538,ξ,11
C19d35e193429c475538,▽,6
C19d35e19343f59d4f8e,SB,4
C19d35e19344568c1676,st,4
C19d35e1935a626647e9,▽,9
C19d35e19361d4d57076,▼,1
C19d35e193627c20f589,★,16
C19d35e19376c15227b9,▼,8
C19d35e1939bed1aacf7,sl,2
C19d35e1939bed1aacf7,乱打,2
C19d35e1939fb0593fbc,sn,1
C19d35e193a0aa40a0b9,ln,21
C19d35e193a79be013f7,sr,7
C19d35e193a8184bbdf3,sr,1
C19d35e193a9856fe74f,ξ,12
C19d35e193ab38b9efee,Ude,9
C19d35e193ad48772644,sl,2
C19d35e193cf648ed7d8,重発狂,0
C19d35e193d9306718f2,sr,10
C19d35e193d9306718f2,▽,11
C19d35e193da3e5bfde6,乱打,4
C19d35e193dd224fd985,sr,5
C19d35e193dd224fd985,▽,9
C19d35e193de22af4d12,sl,8
C19d35e193de22af4d12,乱打,8
C19d35e193dfcec96092,sl,10
C19d35e193dfcec96092,乱打,10
C19d35e193e08bdecd6d,▽,6
C19d35e193e29e35a939,st,8
C19d35e193e29e35a939,双,5
C19d35e193e41168e3d8,sl,5
C19d35e193e41168e3d8,乱打,5
C19d35e193e8964e5d29,双,1
C19d35e193e908893237,双,4
C19d35e194094b5f143f,☆,11
C19d35e19412138ed913,ln,20
C19d35e19413778329a3,ξ,11
C19d35e19416f85efb54,▼,20
C19d35e19417d5a24e07,★,7
C19d35e19417d5a24e07,乱打,3
C19d35e1941c49886eb0,▽,12
C19d35e19420343fb880,sr,8
C19d35e19420343fb880,▽,10
C19d35e1942162fa637b,sl,11
C19d35e1942254127080,▽,7
C19d35e194267e119f2e,st,5
C19d35e194267e119f2e,重発狂,5
C19d35e1942eff87c409,sr,11
C19d35e19434ee18b8f5,sr,8
C19d35e1943a1b60f203,★,18
C19d35e1943a1b60f203,乱打,11
C19d35e1943cc1567895,dl,dl6 (sub)
C19d35e1943f55906bbb,sl,7
C19d35e194448bffb208,sl,0
C19d35e194448bffb208,▽,11+
C19d35e19446b7aa1ff9,▽,10
C19d35e194472d8c3ca0,▽,6
C19d35e1944bd84180e8,▼,17
C19d35e1944c137650b7,st,2
C19d35e19456bdfdd315,st,3
C19d35e19481e35c04ae,sl,11
C19d35e19481e35c04ae,乱打,11
C19d35e194a654640865,sr,2
C19d35e194a7215a93e5,sr,10
C19d35e194a8a04a70ec,sl,5
C19d35e194a938f8b9a8,st,3
C19d35e194b40d72348f,▼,20
C19d35e194b40d72348f,重発狂,2
C19d35e194b7254d5847,★,14
C19d35e194b7254d5847,乱打,11
C19d35e194baa99d2659,sl,4
C19d35e194dbcde51c32,▽,11+
C19d35e194e584e7a437,◆,3
C19d35e194ed67d05c59,ξ,6
C19d35e194f2fba3d9d7,★,10
C19d35e194f2fba3d9d7,乱打,4
C19d35e194ff1a7cf2ff,Ude,5
C19d35e194ff1a7cf2ff,sl,5
C19d35e19509fa64376f,◆,6
C19d35e1951234dc8d89,▼,4
C19d35e1951efd154c34,★,???
C19d35e19529ddc9c1ae,★,12
C19d35e19531ac7be7c4,★,19
C19d35e19577c187eb06,▽,9
C19d35e195780c457762,▼,0-
C19d35e195794d9c4383,sn,0
C19d35e19590126ad749,dy,2
C19d35e19590126ad749,st,7
C19d35e195b95ed36d2d,st,4
C19d35e195b95ed36d2d,重発狂,4
C19d35e195ba87927374,sl,10
C19d35e195ba87927374,▼,16
C19d35e195ba87927374,乱打,10
C19d35e195bc633d56ca,▼,9
C19d35e195bd91189ace,ln,26
C19d35e195be39c23f0e,▽,11+
C19d35e195bf72946675,▽,5
C19d35e195c09c9d07f7,★,22
C19d35e195eaaadc6167,▽,3
C19d35e195ebffe85d19,▽,7
C19d35e195ec5790bbcf,▽,9
C19d35e195ed9786eaf9,▽,10
C19d35e195ee40067c57,▼,2
C19d35e195efe9c6154d,▼,8
C19d35e195f0fa8967eb,▼,20
C19d35e195f0fa8967eb,重発狂,0
C19d35e195f41f95c231,▽,1
C19d35e1960ca4eaa1f4,st,3
C19d35e1960ca4eaa1f4,重発狂,3
C19d35e19610df1183ce,sr,13
C19d35e19611af388bf9,sr,6
C19d35e1963d726bedc8,ξ,3
C19d35e1963e46ed3e69,ξ,8
C19d35e1963fab170d8e,sr,7
C19d35e196407fe970d9,sr,12
C19d35e19641df7c3923,sl,3
C19d35e1964727228f8c,dy,1
C19d35e1964727228f8c,重発狂,6
C19d35e1964c37ab17f7,sr,10
C19d35e1964fb9f8fa5f,sr,0
C19d35e196526cb37a58,▽,10
C19d35e19656c72b4c9d,st,2
C19d35e19656c72b4c9d,重発狂,2
C19d35e19658df7cc23d,▽,3
C19d35e196596f15315b,▼,9
C19d35e1965b60a49a43,sl,2
C19d35e1965de572c6f6,▽,9
C19d35e196613a09bfef,▽,6
C19d35e196689dc5db02,重発狂,9
C19d35e1966cef55dee4,sl,6
C19d35e196735f6b8e28,★,15
C19d35e1967cdcfdfcf9,▼,8
C19d35e196807cea02a6,st,8
C19d35e196817bb62092,★★,4
C19d35e196858faa325f,h◎,9
C19d35e196880f8e6833,★★,1
C19d35e1968a131e7487,▼,5
C19d35e1968b3e28970a,▽,10
C19d35e1968c171aa370,▼,21
C19d35e1968d10112282,▽,5
C19d35e1968ee103f480,sl,7
C19d35e1968ee103f480,▼,10
C19d35e196b335c38c73,▽,5
C19d35e196b4868af687,sl,1
C19d35e196b64d35b227,▼,3
C19d35e196b7542b64f3,▽,11
C19d35e196b9793b92ec,★★,2
C19d35e196bbd2e95115,▽,9
C19d35e196bc54a2a766,st,3
C19d35e196bc54a2a766,双,3
C19d35e196bf8216914c,▽,6
C19d35e196c587b3fe23,★★,2
C19d35e196c66c6cf398,h◎,15
C19d35e196c87699c0ac,dl,5
C19d35e196c87699c0ac,dy,0
C19d35e196c87699c0ac,st,5
C19d35e196c87699c0ac,重発狂,5
C19d35e196cd36445814,sl,5
C19d35e196ce5d2b1f19,h◎,10
C19d35e196ce5d2b1f19,★★,1
C19d35e196de62127e74,▼,23
C19d35e196de62127e74,双,3
C19d35e196dfee7cd806,▽,11
C19d35e196e25b3e17c7,▼,6
C19d35e196e569e068a3,fr,11
C19d35e196eb2438bbb8,st,3
C19d35e196f50876e4a4,st,0
C19d35e196f50876e4a4,双,1
C19d35e1970b149fcf9c,st,3
C19d35e19726b60d35aa,sr,13
C19d35e19726b60d35aa,▽,11+
C19d35e1972788ae4180,★,12
C19d35e197282238e634,ξ,10
C19d35e1972af3b639f5,st,1
C19d35e1972ca18c20ee,sr,10
C19d35e1972ca18c20ee,☆,10
C19d35e1972db5a48117,★,19
C19d35e1972f4d1f646e,st,9
C19d35e1973179936361,▼,15
C19d35e1973b52241a0b,ln,23
C19d35e1973b52241a0b,◆,23
C19d35e1973b52241a0b,◆◆,12
C19d35e197460dd22d9d,▽,9
C19d35e197460dd22d9d,☆,9
C19d35e19749ac615bf7,▽,8
C19d35e19749ac615bf7,☆,8
C19d35e1974a9eb782ab,▽,7
C19d35e1975c7e3e0876,★★,3
C19d35e197621e222c0b,★,12
C19d35e197644dec8632,sr,11
C19d35e197644dec8632,▽,11
C19d35e19765c6f15ab3,sr,3
C19d35e19765c6f15ab3,▽,8
C19d35e1976a4bee07ad,▼,20
C19d35e197799dc96614,sl,4
C19d35e197799dc96614,▼,7
C19d35e197799dc96614,★,7
C19d35e1977a72368434,▼,16
C19d35e1977e5568c823,◆,14
C19d35e1977ff1636781,ξ,3
C19d35e19782ef962b9c,◆,22
C19d35e19782ef962b9c,◆◆,10
C19d35e197913c84ba91,sl,10
C19d35e197a8e4edbf5b,h◎,13
C19d35e197ae3f06a9fc,▼,5
C19d35e197af1226db56,▽,9
C19d35e197b24972aa29,▽,6
C19d35e197bc69a1623e,◆◆,8
C19d35e197c2f3516ba4,fr,3
C19d35e197c99cf9c656,▼,6
C19d35e197d79b54c992,★,10
C19d35e197d79b54c992,乱打,7
C19d35e197f0a2645b0c,▼,20
C19d35e197f0a2645b0c,重発狂,2
C19d35e197f261ab9321,sr,9
C19d35e197f261ab9321,▽,10
C19d35e197f4edec0fef,sr,13
C19d35e197f4edec0fef,▽,11+
C19d35e197f4edec0fef,☆,11
C19d35e197f50c3b0b67,st,11
C19d35e197fd0be1eb65,▽,5
C19d35e197fed26c46d9,★★,3
C19d35e197ff6cb410c4,dy,0
C19d35e197ff6cb410c4,重発狂,5
C19d35e19805b5fea155,sr,0
C19d35e19805b5fea155,▽,7
C19d35e1980631df9ac4,★,10
C19d35e1980631df9ac4,乱打,5
C19d35e1980c795b64d6,st,2
C19d35e1980c795b64d6,重発狂,2
C19d35e1980d9f436a6b,ln,26
C19d35e19810ff427d37,乱打,12
C19d35e1981252876b8d,◆,18
C19d35e1981303d92685,◆,6
C19d35e1981d2043083f,SB,0
C19d35e1981d2043083f,▽,10
C19d35e1981f48353c83,so,0
C19d35e1981f48353c83,▽,12-
C19d35e1982024ca4792,h◎,1
C19d35e1982185b1d300,SB,2
C19d35e1982185b1d300,▼,3
C19d35e19824ea42a3d6,SB,8
C19d35e19824ea42a3d6,st,1
C19d35e198267925be53,h◎,-1
C19d35e19828aa6d6f31,☆,2
C19d35e19872232ba477,SB,7
C19d35e19872232ba477,fr,7
C19d35e19873a1c6d779,★,2
C19d35e19876cab83ef4,dl,7
C19d35e198778043eb0f,st,3
C19d35e198778043eb0f,双,4
C19d35e19879cdd92adf,双,5
C19d35e198809a64243b,dl,-1
C19d35e198809a64243b,▼,18
C19d35e198927569fa0d,h◎,5
C19d35e19893f19b284d,SB,2
C19d35e1989937c27e4f,SB,12
C19d35e1989937c27e4f,fr,12
C19d35e1989aab434111,SB,1
C19d35e198a2353ebb57,sr,2
C19d35e198a5c0195134,sr,10
C19d35e198a62a215af9,▼,2
C19d35e198a62a215af9,乱打,2
C19d35e198a725c14820,乱打,9
C19d35e198a8c727e3b1,乱打,12
C19d35e198a96ac5a1e7,▼,24
C19d35e198a96ac5a1e7,重発狂,6
C19d35e198ab0fa03f00,dl,保留
C19d35e198b198848f57,sr,9
C19d35e198b65290829e,重発狂,0
C19d35e198b7cfd7e9b8,重発狂,0
C19d35e198b870c7893a,dy,0
C19d35e198b870c7893a,st,5
C19d35e198b870c7893a,重発狂,5
C19d35e198bfb1baa3a7,乱打,8
C19d35e198c22393cbbb,dy,2
C19d35e198c590d80991,h◎,10
C19d35e198c8977982e5,st,3
C19d35e198c8977982e5,★,22
C19d35e198c8977982e5,重発狂,3
C19d35e198dcac63e209,sr,13
C19d35e198ddb00fb165,重発狂,1
C19d35e198e0036c93f6,sl,8
C19d35e198e0036c93f6,乱打,8
C19d35e198e180f6f82b,sr,7
C19d35e198e6ceb39894,sl,0
C19d35e198e6ceb39894,sr,10
C19d35e198e6ceb39894,▽,11
C19d35e198e7b5bf0ba1,sr,5
C19d35e198e7b5bf0ba1,▽,9
C19d35e198e80ba95541,▼,7
C19d35e198e9f25963fd,▽,6
C19d35e198f256d8d967,◆◆,8
C19d35e198f402791bc9,dl,dl3 (sub)
C19d35e198fb6b5661cd,▽,8
C19d35e19905195019ff,★,1
C19d35e19909751f495b,★,5
C19d35e19946ad9e3037,★★,6
C19d35e199651ff12d8e,重発狂,3
C19d35e19970ad3efa05,sl,6
C19d35e19970ad3efa05,乱打,6
C19d35e19979e95e69e3,fr,7
C19d35e1997c2859a8e6,st,2
C19d35e1997c2859a8e6,重発狂,2
C19d35e19984ffb1a83a,st,4
C19d35e19984ffb1a83a,重発狂,4
C19d35e199ca870bc066,乱打,7
C19d35e199cbcefc2111,▽,11+
C19d35e199cc2303b9f4,▼,6
C19d35e199cd1ee2e66c,▽,7
C19d35e199ce54f26ae2,▽,4
C19d35e199e34dcf694f,dl,7
C19d35e199e4c2d969ec,ln,16
C19d35e199e4c2d969ec,◆◆,2
C19d35e199e830b8cfcd,fr,12
C19d35e199f98b4bd8f2,sl,8
C19d35e199f98b4bd8f2,乱打,9
C19d35e199fd5bc082ba,◆,15
C19d35e19a0c055cc6d0,dl,0
C19d35e19a0f19f5fa2e,★,8
C19d35e19a0f19f5fa2e,乱打,5
C19d35e19a19d285b045,▼,2
C19d35e19a19d285b045,★,2
C19d35e19a19d285b045,乱打,1
C19d35e19a1a1dbfcb01,重発狂,2
C19d35e19a1b690cabb5,★★,2
C19d35e19a1e8c7ac3c6,★,12
C19d35e19a1e8c7ac3c6,乱打,8
C19d35e19a201610ea96,▼,16
C19d35e19a201610ea96,乱打,8
C19d35e19a24c8c5e654,st,5
C19d35e19a24c8c5e654,重発狂,5
C19d35e19a26d92e3f99,乱打,2
C19d35e19a271e862935,dl,9
C19d35e19a566a133889,st,0
C19d35e19a566a133889,双,1
C19d35e19a6683cae1a0,ξ,12
C19d35e19a697a439190,★,11
C19d35e19a7c09985dad,sl,3
C19d35e19a7ed5804b63,ξ,6
C19d35e19a8eab3f5ecd,sr,12
C19d35e19a8eab3f5ecd,▽,11
C19d35e19a8ff12cbe50,h◎,6
C19d35e19a9176fae6fe,h◎,-1
C19d35e19a92161689fb,▼,15
C19d35e19a93a2503585,▼,8
C19d35e19a948b7b123b,▼,4
C19d35e19a948b7b123b,乱打,3
C19d35e19a95f37a5728,sr,6
C19d35e19a95f37a5728,▽,9
C19d35e19a97992522dd,▽,3
C19d35e19a98c1a6851b,st,0
C19d35e19a98c1a6851b,重発狂,0
C19d35e19a9d9acedf0b,▽,12
C19d35e19a9fdcd168f6,ξ,8
C19d35e19a9fdcd168f6,▽,4
C19d35e19aa1246b74d9,▽,10
C19d35e19aa1246b74d9,☆,9
C19d35e19aa2cb6dccd8,★,10
C19d35e19aa2cb6dccd8,乱打,4
C19d35e19aa35e15e7f2,▽,6
C19d35e19aa4fd715b9d,▼,5
C19d35e19aa5f3c702da,st,0
C19d35e19aa5f3c702da,重発狂,0
C19d35e19aa6a6d3f53f,乱打,4
C19d35e19ac2e8c0fb68,☆,11
C19d35e19ad03d365f7a,sl,0
C19d35e19ad03d365f7a,乱打,0
C19d35e19ad167c01962,sl,3
C19d35e19ae5222507e6,sl,2
C19d35e19ae67d3482af,ξ,11
C19d35e19ae67d3482af,▽,6
C19d35e19ae7093821ab,▽,8
C19d35e19ae8f7824c15,▽,11
C19d35e19ae94c5ff636,▼,6
C19d35e19aea98b40d95,▼,22
C19d35e19aea98b40d95,★,22
C19d35e19aea98b40d95,双,2
C19d35e19aeb6dc4fbed,▼,2
C19d35e19aec08157457,▼,19
C19d35e19afb9e55cb01,▽,11
C19d35e19afc741731c9,▽,9
C19d35e19afda4d3d9f9,▼,3
C19d35e19afebaa5beb5,▽,3
C19d35e19aff02003657,dy,0
C19d35e19aff02003657,st,5
C19d35e19aff02003657,双,5
C19d35e19b04d6acdf77,▼,5
C19d35e19b060c1adab7,▽,10
C19d35e19b0770c6d8a2,▽,5
C19d35e19b09cac21077,st,1
C19d35e19b10f04e9971,乱打,2
C19d35e19b17ea3013fa,sl,8
C19d35e19b1a1ac029dd,▼,2
C19d35e19b1be2fd4bd6,◆,14
C19d35e19b2426ac0039,dy,2
C19d35e19b265e32fa75,st,1
C19d35e19b28f64557d8,sl,8
C19d35e19b2ad6a76ac3,h◎,1
C19d35e19b2d7cba5688,SB,4
C19d35e19b2d7cba5688,h◎,3
C19d35e19b2ebf7ddebd,h◎,2
C19d35e19b346dfdf006,▽,9
C19d35e19b346dfdf006,☆,9
C19d35e19b35c8a8028f,★,7
C19d35e19b372f86c793,▽,6
C19d35e19b387689715d,◆,3
C19d35e19b3af1d37d2d,▽,2
C19d35e19b3af1d37d2d,☆,2
C19d35e19b3b085012a2,▽,4
C19d35e19b3c83a8e731,SB,提案
C19d35e19b4b859109b9,★,13
C19d35e19b5fe24390eb,dl,dl1 (sub)
C19d35e19b5fe24390eb,st,1
C19d35e19b6244e3011e,ln,26
C19d35e19b6f6af64659,★★,1
C19d35e19b880e238df7,★★,4
C19d35e19b8d928826d2,▼,9
C19d35e19ba256fec211,双,2
C19d35e19bb2cdcb1dee,Ude,4
C19d35e19bb8b242dfd4,sl,4
C19d35e19bc73d91d9e7,sl,8
C19d35e19bc73d91d9e7,▼,13
C19d35e19bc8fb679ee4,sr,11
C19d35e19bc8fb679ee4,▽,11
C19d35e19bc94a3eabe7,sr,5
C19d35e19bc94a3eabe7,▽,9
C19d35e19bcad5d6d50e,▼,3
C19d35e19bcb08b2c604,▽,5
C19d35e19be22520700f,▽,11+
C19d35e19be623cbfb40,▽,8
C19d35e19bf0883aea2d,so,0
C19d35e19c0df4b73fb6,ln,14
C19d35e19c0df4b73fb6,◆,14
C19d35e19c1c151d3bb1,sl,12
C19d35e19c1c151d3bb1,▼,18
C19d35e19c1c151d3bb1,乱打,12
C19d35e19c28ac767c6e,▽,2
C19d35e19c2997d8b7c4,dy,0
C19d35e19c2ed750037f,▽,5
C19d35e19c31559e1cb5,▽,9
C19d35e19c31559e1cb5,☆,8
C19d35e19c334c8d0a81,◆,7
C19d35e19c35e91b8002,Ude,2
C19d35e19c35e91b8002,★,7
C19d35e19c4cbcefe8d7,h◎,1
C19d35e19c69d059f178,SB,3
C19d35e19c69d059f178,★,4
C19d35e19c6ce61844b6,SB,7
C19d35e19c6ce61844b6,h◎,12
C19d35e19c7ea1de40f9,★,19
C19d35e19c80e0d77d94,st,4
C19d35e19c80e0d77d94,▼,23
C19d35e19c8182f58ec3,dl,8
C19d35e19c8182f58ec3,dy,3
C19d35e19c8182f58ec3,st,8
C19d35e19c8aba4a3159,▼,14
C19d35e19c9028f62826,sr,12
C19d35e19c9028f62826,▽,11
C19d35e19c946f98a49c,sr,0
C19d35e19c946f98a49c,▽,7
C19d35e19c95d8cb7559,◆,18
C19d35e19ca239e94d93,ξ,4
C19d35e19ca351bcfaac,sr,5
C19d35e19ca4567741da,sl,6
C19d35e19ca644d45122,st,0
C19d35e19ca7efeb801d,st,6
C19d35e19ce6a874fc6f,sl,12
C19d35e19ce6a874fc6f,乱打,12
C19d35e19ce9c1693dfb,▽,12-
C19d35e19cebfe93f2ec,so,6
C19d35e19cf7db73935f,乱打,11
C19d35e19d1361d1f5e1,sl,9
C19d35e19d1522d98d7b,st,3
C19d35e19d216ee2abc6,▼,20
C19d35e19d23d4ca368f,★,25
C19d35e19d23d4ca368f,★★,5
C19d35e19d2ad467b224,★,14
C19d35e19d2c3ec79395,▽,12+
C19d35e19d2c3ec79395,★,2
C19d35e19d2ed2ea3c4b,◆,20
C19d35e19d2ed2ea3c4b,◆◆,8
C19d35e19d2fe8d4237d,sr,1
C19d35e19d2fe8d4237d,▽,7
C19d35e19d3151b7c249,st,11
C19d35e19d328bce0593,▼,13
C19d35e19d3580ab97dd,sr,11
C19d35e19d3580ab97dd,▽,11
C19d35e19d4bc2fd7980,▽,10
C19d35e19d4c9dc0b5a8,▽,4
C19d35e19d4d3e9ea7ca,▽,8
C19d35e19d4e5aa82bc9,▽,7
C19d35e19d4f534205af,sl,0
C19d35e19d4f534205af,乱打,0
C19d35e19d518495896f,h◎,3
C19d35e19d5cccbf9b7a,☆,11
C19d35e19d665d77f88c,ξ,6
C19d35e19d6d5ed36cae,双,1
C19d35e19d89f71aacbe,▽,4
C19d35e19d8a1a6b1da0,▽,10
C19d35e19d8b49f0b051,sl,2
C19d35e19d8b49f0b051,▽,12
C19d35e19d9905c9c197,☆,11
C19d35e19dbff4ab2979,SB,1
C19d35e19dcf388cebfa,重発狂,7
C19d35e19dd18e8a781c,sl,8
C19d35e19dd18e8a781c,乱打,8
C19d35e19dd22cd75ccf,st,6
C19d35e19dd22cd75ccf,重発狂,6
C19d35e19dd5d7c161a4,h◎,3
C19d35e19ddf1e6d67a2,sr,10
C19d35e19de0170ab9c5,sl,2
C19d35e19de0170ab9c5,乱打,2
C19d35e19de38f5baab7,▼,0
C19d35e19de7ead66040,sr,4
C19d35e19de97e2c1729,sr,9
C19d35e19de97e2c1729,☆,11
C19d35e19df0d604eca7,sl,1
C19d35e19dfc7753cf63,ξ,2
C19d35e19dfd305122bf,ξ,12
C19d35e19dfedbef5c55,sr,9
C19d35e19dff1c1d6d61,sr,12
C19d35e19e00cad0a3f9,sl,4
C19d35e19e00cad0a3f9,乱打,4
C19d35e19e06c7efdfc3,st,3
C19d35e19e15ad98d30c,☆,10
C19d35e19e18f3d9ffe1,sl,5
C19d35e19e18f3d9ffe1,★,9
C19d35e19e18f3d9ffe1,乱打,5
C19d35e19e2c352d9c60,◆,9
C19d35e19e318f2fd9bf,☆,6
C19d35e19e3885b60ebb,sr,2
C19d35e19e39ed634336,sr,11
C19d35e19e3c31f9d3bf,dl,dl2 (sub)
C19d35e19e3c31f9d3bf,st,2
C19d35e19e588bed5fa5,★,2
C19d35e19e5936da6b85,st,1
C19d35e19e5936da6b85,▼,21
C19d35e19e5936da6b85,双,1
C19d35e19e669179ddb5,Ude,1
C19d35e19e6df9202a6e,★,13
C19d35e19e747843e12e,st,2
C19d35e19e747843e12e,重発狂,2
C19d35e19e766d07a1ed,sl,7
C19d35e19e766d07a1ed,▼,10
C19d35e19e766d07a1ed,乱打,7
C19d35e19e7778bcb7e7,sn,2
C19d35e19e7abc4466f6,sl,5
C19d35e19e94c52e561e,ξ,?
C19d35e19e99d4cc4b2a,sl,10
C19d35e19e99d4cc4b2a,乱打,10
C19d35e19eb1534d56d6,双,1
C19d35e19eb8d5693e68,▽,4
C19d35e19ebc45f5d7c8,▽,11
C19d35e19ebd0f85c61a,▽,8
C19d35e19ebe22043a19,▽,5
C19d35e19ec16e51e5e9,▼,5
C19d35e19ecec7060ed2,h◎,8
C19d35e19ecf0c1b5140,dy,3
C19d35e19ed078de8e77,st,4
C19d35e19ee2364d0f25,☆,5
C19d35e19f1444f330f7,dl,4
C19d35e19f1444f330f7,st,4
C19d35e19f2d67230b80,dl,6
C19d35e19f2d67230b80,dy,0
C19d35e19f2d67230b80,st,5
C19d35e19f3170bb56df,sl,8
C19d35e19f3170bb56df,乱打,8
C19d35e19f3438eb88c2,ln,18
C19d35e19f3438eb88c2,◆◆,6
C19d35e19f45f1ac86b1,★,6
C19d35e19f4e7fdf516e,sr,3
C19d35e19f4f5012aff2,SB,2
C19d35e19f4f5012aff2,sr,?
C19d35e19f502faca1ac,SB,5
C19d35e19f52966584da,sr,9
C19d35e19f53139b9622,dl,8
C19d35e19f53139b9622,dy,3
C19d35e19f53139b9622,st,8
C19d35e19f53139b9622,重発狂,8
C19d35e19f54502534f4,sr,1
C19d35e19f75da553088,ξ,10
C19d35e19f77d251135b,sl,0
C19d35e19f7a8c651c98,sl,12
C19d35e19f7b51e01325,st,4
C19d35e19f883cdcb000,st,7
C19d35e19f8de5f78227,st,6
C19d35e19f8de5f78227,重発狂,6
C19d35e19f955f49e6a6,▼,3
C19d35e19faffb726652,dl,dl6 (sub)
C19d35e19fc6ce9bf8c6,▽,4
C19d35e19fc7c52a1e97,▽,9
C19d35e19fc881fbf773,▽,12-
C19d35e19fc90a4db378,▼,3
C19d35e19fcab5d56bae,乱打,9
C19d35e19fcb14d5e0c7,乱打,5
C19d35e19fec269d3524,▽,5
C19d35e19fedce9953d4,▽,7
C19d35e19fee853c9942,▽,10
C19d35e19ff57c495a66,▼,13
C19d35e1a0136d8574df,sr,12
C19d35e1a014883756e6,sl,10
C19d35e1a015b7ed149b,◆,22
C19d35e1a0162a384637,sr,7
C19d35e1a018b80327ae,st,7
C19d35e1a018b80327ae,重発狂,7
C19d35e1a01a27875577,▼,19
C19d35e1a01a27875577,★,19
C19d35e1a02224878ca1,dy,0
C19d35e1a02224878ca1,st,5
C19d35e1a03d9f592be0,sr,7
C19d35e1a03ec5c82dbb,sl,2
C19d35e1a041f78902f5,▽,7
C19d35e1a042c5919224,▼,20
C19d35e1a042c5919224,★,20
C19d35e1a04303d2f2ae,▽,10
C19d35e1a044e10d3e14,▼,5
C19d35e1a04861e1a36a,双,6
C19d35e1a04f9b3833ee,fr,4
C19d35e1a04f9b3833ee,☆,X
C19d35e1a05085806198,sr,?
C19d35e1a052a93ade11,▼,8
C19d35e1a05a5e8c9e44,sr,?
C19d35e1a06b12a45523,▽,10
C19d35e1a06c3fadfbf0,▽,12-
C19d35e1a06ecd16f7c7,▽,7
C19d35e1a070ba2e4506,★,7
C19d35e1a07d7bcc0f5a,◆,1
C19d35e1a07faf25f07a,◆,10
C19d35e1a0ade0358ad3,st,2
C19d35e1a0ade0358ad3,重発狂,2
C19d35e1a0b2abaf9ead,▽,7
C19d35e1a0b3a3478f97,so,1
C19d35e1a0b3a3478f97,▽,12
C19d35e1a0b4f7dfc237,▼,14
C19d35e1a0b56b633a19,▽,10
C19d35e1a0d5edc0bea7,☆,8
C19d35e1a0dcff2e7793,Ude,7
C19d35e1a0dcff2e7793,sl,7
C19d35e1a0e4e67784c7,so,10
C19d35e1a0f270d36937,sr,11
C19d35e1a0f31a5608b1,sr,4
C19d35e1a0f53d93c380,sl,1
C19d35e1a12834be4a9f,sl,3
C19d35e1a1306456d92f,◆,4
C19d35e1a138fcc11845,sr,5
C19d35e1a138fcc11845,▽,9
C19d35e1a1398f244644,▽,4
C19d35e1a13a5d131801,Ude,0
C19d35e1a13a5d131801,sl,0
C19d35e1a13a5d131801,sr,12
C19d35e1a13a5d131801,乱打,0
C19d35e1a13b28bd48f6,◆,7
C19d35e1a13c6887e881,▼,3
C19d35e1a13d69cbd1a2,sr,0
C19d35e1a13d69cbd1a2,▽,7
C19d35e1a13ebb6ca77c,双,1
C19d35e1a1408cb583da,h◎,1
C19d35e1a154559a58ee,ξ,4
C19d35e1a1551b8a720b,sr,1
C19d35e1a156aa75ead9,sr,10
C19d35e1a1599164cf1e,sn,4
C19d35e1a15a00c46703,st,5
C19d35e1a15a00c46703,★★,4
C19d35e1a15c5cb0571e,dl,3
C19d35e1a15c5cb0571e,st,3
C19d35e1a15e449d8961,sl,8
C19d35e1a15e449d8961,▼,12
C19d35e1a16022fe4426,dl,9
C19d35e1a16022fe4426,st,9
C19d35e1a165bb6c861c,▽,9
C19d35e1a177bfccb485,dy,1
C19d35e1a177bfccb485,st,6
C19d35e1a17c9581ec08,☆,6
C19d35e1a17d6f15eb14,☆,9
C19d35e1a17ed1b765a2,▼,3
C19d35e1a17f35977eb8,◆,15
C19d35e1a18f132fcda4,ξ,10
C19d35e1a18f132fcda4,▽,5
C19d35e1a190f2071294,sr,2
C19d35e1a190f2071294,▽,8
C19d35e1a191f3f09e59,SB,1
C19d35e1a191f3f09e59,▽,12-
C19d35e1a19265011f84,▼,5
C19d35e1a19354a04532,sl,6
C19d35e1a1a08de156cb,so,10
C19d35e1a1eb49d7486a,▽,11+
C19d35e1a1edc49ddf5b,▽,2
C19d35e1a1efc106908b,▽,9
C19d35e1a1f1b2ed8936,▽,6
C19d35e1a1f25980a1eb,乱打,4
C19d35e1a208086108f5,sl,1
C19d35e1a2094b479b96,sl,8
C19d35e1a2094b479b96,乱打,8
C19d35e1a20a4af1ec20,st,0
C19d35e1a20a4af1ec20,重発狂,0
C19d35e1a21093f18619,sl,0
C19d35e1a21093f18619,sr,10
C19d35e1a21093f18619,▽,11
C19d35e1a2127b61c7f6,▽,2
C19d35e1a22133c8ac78,sr,6
C19d35e1a22133c8ac78,▽,9
C19d35e1a225a929d84a,★,16
C19d35e1a225a929d84a,乱打,8
C19d35e1a22ef7983101,▽,5
C19d35e1a2322d074ab4,st,8
C19d35e1a2337f917b89,st,0
C19d35e1a2337f917b89,重発狂,0
C19d35e1a23612bc34f2,乱打,12
C19d35e1a2494114fae3,☆,9
C19d35e1a24bab1201e4,ξ,10
C19d35e1a27814177e3f,◆,21
C19d35e1a27b199f1c75,st,3
C19d35e1a27b199f1c75,重発狂,3
C19d35e1a287bf6fdcfe,sl,1
C19d35e1a2b1d5dbe6e7,▽,9
C19d35e1a2b2a088aba0,▽,7
C19d35e1a2b36888c0e5,▽,3
C19d35e1a2ca8ea3425b,so,6
C19d35e1a2d2e30debe4,dy,0
C19d35e1a2d2e30debe4,st,5
C19d35e1a2d2e30debe4,重発狂,5
C19d35e1a2e1af0f121f,sl,4
C19d35e1a2ee5cb788b7,▼,11
C19d35e1a2f348785ec9,h◎,14
C19d35e1a2ff2df425f5,★,10
C19d35e1a304827bd4f4,◆◆,10
C19d35e1a305314c26b0,◆,24
C19d35e1a30939323a9d,▼,15
C19d35e1a30de91c1f4f,★,3
C19d35e1a31ec05b190f,sr,5
C19d35e1a31ec05b190f,▽,9
C19d35e1a320b18c02fd,dl,4
C19d35e1a320b18c02fd,★,23
C19d35e1a320b18c02fd,★★,3
C19d35e1a3222103b7c2,dl,9
C19d35e1a32c3107ae7d,★,17
C19d35e1a3325889726e,▼,9
C19d35e1a333c2277d43,dl,6
C19d35e1a3354b00eb8a,sl,12
C19d35e1a3354b00eb8a,乱打,12
C19d35e1a34c6927067f,h◎,13
C19d35e1a34f02230cbb,ln,16
C19d35e1a34f02230cbb,◆◆,1
C19d35e1a3546da2d3e6,dl,2
C19d35e1a362fea68671,h◎,9
C19d35e1a36508779f02,▽,5
C19d35e1a366cdb74422,sr,6
C19d35e1a366cdb74422,▽,9
C19d35e1a36788813e30,sr,12
C19d35e1a36788813e30,▽,11+
C19d35e1a3689ee53988,ln,20
C19d35e1a3697bd26d1d,sl,2
C19d35e1a3697bd26d1d,▼,4
C19d35e1a3697bd26d1d,乱打,2
C19d35e1a3700fe85f28,st,3
C19d35e1a371959220d8,sl,10
C19d35e1a371959220d8,乱打,9
C19d35e1a372f10dfac1,sl,4
C19d35e1a372f10dfac1,乱打,4
C19d35e1a37731bb88c1,sl,4
C19d35e1a37731bb88c1,乱打,4
C19d35e1a379da991375,sr,8
C19d35e1a37a0ec642df,sl,7
C19d35e1a384af81148b,双,4
C19d35e1a385732de988,sl,0
C19d35e1a385732de988,sr,10
C19d35e1a3868be8bb64,sr,5
C19d35e1a3875178028c,ξ,8
C19d35e1a389a78b477a,so,9
C19d35e1a38eea93a5a7,ξ,6
C19d35e1a391a11e6c2c,ln,16
C19d35e1a391a11e6c2c,◆◆,3
C19d35e1a392b7ca8e10,★,2
C19d35e1a392b7ca8e10,乱打,2
C19d35e1a3952290e366,乱打,3
C19d35e1a3a6ec381b43,▽,12-
C19d35e1a3aa53a71b2c,▼,1
C19d35e1a3ab93ba9ecd,▽,10
C19d35e1a3acf669f14a,▽,6
C19d35e1a3b1d20f5aaf,sl,9
C19d35e1a3b1d20f5aaf,▼,12
C19d35e1a3b2e2461198,☆,6
C19d35e1a3b5524b362a,ln,8
C19d35e1a3ca35f033d9,ξ,13
C19d35e1a3cc2fc3975c,Ude,7
C19d35e1a3cc2fc3975c,sl,7
C19d35e1a3dc1de5d27f,▽,12
C19d35e1a3de46622ad7,▼,10
C19d35e1a3df4c269679,▽,10
C19d35e1a3e0b7dd221c,▽,6
C19d35e1a3e557869585,★,13
C19d35e1a3fc56f4827b,dl,5
C19d35e1a3fc56f4827b,st,5
C19d35e1a3fc56f4827b,双,4
C19d35e1a40ced107e4b,sr,10
C19d35e1a40dee131d4b,sr,13
C19d35e1a414061cea33,◆,21
C19d35e1a41bcbaada1f,h◎,6
C19d35e1a41d82c79565,★,14
C19d35e1a4247071a74c,st,2
C19d35e1a4247071a74c,★★,2
C19d35e1a425966a434d,sr,11
C19d35e1a42b16346da4,sr,8
C19d35e1a42c8553036b,▼,21
C19d35e1a42e8a2fea72,ξ,6
C19d35e1a43b204e0366,☆,11
C19d35e1a44898a9d451,sl,4
C19d35e1a44898a9d451,乱打,4
C19d35e1a44aebf1aac2,★,11
C19d35e1a44aebf1aac2,乱打,6
C19d35e1a4614afc3402,双,3
C19d35e1a462dc1b7429,双,1
C19d35e1a4879e93d866,▽,12
C19d35e1a488ff57636c,sl,5
C19d35e1a488ff57636c,▼,8
C19d35e1a489c20302fb,▽,2
C19d35e1a48b05752e6f,st,4
C19d35e1a48b05752e6f,▼,23
C19d35e1a48c483a6fac,st,8
C19d35e1a48f84182a8f,sr,9
C19d35e1a48f84182a8f,▽,11
C19d35e1a490e199eaf7,★,17
C19d35e1a4930cec94b7,◆,22
C19d35e1a4954fdfc5f0,▽,6
C19d35e1a4a62691a483,sl,1
C19d35e1a4a62691a483,乱打,1
C19d35e1a4ae04850f5c,▽,8
C19d35e1a4b9a86c4ed9,sl,1
C19d35e1a4f285026ddc,▽,9
C19d35e1a50328a0a6da,h◎,10
C19d35e1a50a26607562,sl,6
C19d35e1a50c7b051cd0,dl,7
C19d35e1a50c7b051cd0,fr,11
C19d35e1a50c7b051cd0,st,7
C19d35e1a50fe2df43a3,st,0
C19d35e1a510ac88772c,▽,12
C19d35e1a511518f70a0,▽,2
C19d35e1a513fe26f229,▽,10
C19d35e1a515f3627e5d,▽,5
C19d35e1a54065ef8c08,h◎,1
C19d35e1a54bd068f8e2,sl,0
C19d35e1a54bd068f8e2,乱打,0
C19d35e1a5653b6835b3,乱打,3
C19d35e1a5714b1ccae3,h◎,6
C19d35e1a5714b1ccae3,☆,X
C19d35e1a573f5877410,fr,8
C19d35e1a573f5877410,★,???
C19d35e1a57f5b2d452f,sl,0
C19d35e1a581f72c74c6,st,5
C19d35e1a581f72c74c6,双,4
C19d35e1a58367bd114c,sl,2
C19d35e1a59dc187ff14,ln,24
C19d35e1a5a3ebaef937,fr,0
C19d35e1a5b89ca099e3,sl,3
C19d35e1a5ba4f45d0c8,sr,9
C19d35e1a5c8c5334dd9,双,2
C19d35e1a5c96aa4bdd8,sl,7
C19d35e1a5c96aa4bdd8,乱打,7
C19d35e1a5cc50bc7e04,ξ,13
C19d35e1a5d2fda29e7c,◆,4
C19d35e1a5d9b7de72be,▼,10
C19d35e1a5dc4fc3d4ad,▼,21
C19d35e1a5e6e6358699,sr,13
C19d35e1a5e79b19dbf9,ξ,9
C19d35e1a5e86d89c06f,sr,8
C19d35e1a5e91b752793,sr,1
C19d35e1a62182a624b8,☆,11
C19d35e1a624ee52a177,★,10
C19d35e1a629f8751989,ln,9
C19d35e1a62e58cfd27e,◆,14
C19d35e1a63790c300a7,ξ,9
C19d35e1a638605838f0,sr,4
C19d35e1a639aedbb07b,sr,12
C19d35e1a63f82b5bcc4,sl,4
C19d35e1a642a28d521d,ξ,13
C19d35e1a648be6ed14e,dy,4
C19d35e1a648be6ed14e,st,9
C19d35e1a648be6ed14e,双,5
C19d35e1a649e2a82ac1,sl,10
C19d35e1a649e2a82ac1,乱打,10
C19d35e1a64a35d1a43f,sl,2
C19d35e1a64a35d1a43f,乱打,2
C19d35e1a64e5d5f6e0b,▽,10
C19d35e1a64f027a3082,▽,6
C19d35e1a6515110642d,▽,12+
C19d35e1a661bc2944d5,h◎,6
C19d35e1a6634ecda7d8,sl,0
C19d35e1a6634ecda7d8,sr,11
C19d35e1a6634ecda7d8,乱打,0
C19d35e1a6665b24213e,sl,11
C19d35e1a6665b24213e,乱打,11
C19d35e1a66e7b1c560f,sr,6
C19d35e1a66e7b1c560f,☆,9
C19d35e1a670c433f0b8,ln,13
C19d35e1a67274f3eafb,st,4
C19d35e1a67274f3eafb,重発狂,4
C19d35e1a6759cc79cde,◆,17
C19d35e1a67f15452a04,h◎,8
C19d35e1a6801682fab7,h◎,1
C19d35e1a688a9737a9c,ln,25
C19d35e1a689dbcc540f,h◎,11
C19d35e1a68f801c0296,▼,16
C19d35e1a69011ba81d4,▼,14
C19d35e1a69011ba81d4,乱打,9
C19d35e1a691c686cfbe,重発狂,2
C19d35e1a692cf4a5250,dy,1
C19d35e1a692cf4a5250,重発狂,6
C19d35e1a6936e53b108,sr,9
C19d35e1a6936e53b108,▽,10
C19d35e1a694f34c4807,st,1
C19d35e1a694f34c4807,★,21
C19d35e1a694f34c4807,重発狂,1
C19d35e1a69676ef55f8,ξ,13
C19d35e1a69676ef55f8,▽,7
C19d35e1a6973d7336a9,st,5
C19d35e1a6973d7336a9,重発狂,5
C19d35e1a6999dbf5a68,▼,12
C19d35e1a69a84aea1a6,◆,26
C19d35e1a69ba1e1d18d,▼,7
C19d35e1a69d86e6df01,dy,0
C19d35e1a69d86e6df01,重発狂,5
C19d35e1a69ed42cb379,▼,23
C19d35e1a69ed42cb379,重発狂,5
C19d35e1a69fa510bebf,ξ,7
C19d35e1a6a007b3fd03,sr,3
C19d35e1a6a1df2459f0,sr,10
C19d35e1a6a25a0e56e0,Ude,5
C19d35e1a6a25a0e56e0,sl,5
C19d35e1a6feb68a947e,★,1
C19d35e1a736eb423fc0,双,5
C19d35e1a743dd240172,▼,18
C19d35e1a750d5c79b96,▽,7
C19d35e1a752b9ba52be,▽,10
C19d35e1a7548f287905,▼,0
C19d35e1a7548f287905,乱打,0
C19d35e1a75629679689,★,3
C19d35e1a75629679689,乱打,2
C19d35e1a7728c90dfd5,乱打,3
C19d35e1a773a73ab921,乱打,6
C19d35e1a79b58219416,h◎,4
C19d35e1a79ecb4a3c25,▽,9
C19d35e1a79ff1945b6e,st,4
C19d35e1a79ff1945b6e,重発狂,4
C19d35e1a7a0ad42c61e,SB,6
C19d35e1a7a3f802642e,重発狂,3
C19d35e1a7acda9a2a9f,▼,4
C19d35e1a7addf833bc1,▼,9
C19d35e1a7b27c518ae0,SB,1
C19d35e1a7b27c518ae0,▽,12+
C19d35e1a7b91c6ec854,▽,10
C19d35e1a7ba1b865c20,SB,2
C19d35e1a7bbd8afaedb,▽,7
C19d35e1a7bc2b910a10,ln,18
C19d35e1a7beca839a19,▽,11
C19d35e1a7bfde2f024e,▼,8
C19d35e1a7c1a1fd0914,乱打,5
C19d35e1a7c270b4311f,▽,7
C19d35e1a7c509626634,ξ,6
C19d35e1a7c509626634,▽,4
C19d35e1a7cd904d821e,sr,12
C19d35e1a7cd904d821e,▽,11+
C19d35e1a7ce4a637294,sr,0
C19d35e1a7ce4a637294,▽,7
C19d35e1a7cf4faf0efe,▼,10
C19d35e1a7d0e9726a28,▽,3
C19d35e1a7d1ab8a5fbc,sl,1
C19d35e1a7df677c16b2,★,10
C19d35e1a7df677c16b2,乱打,5
C19d35e1a7e557d1b78d,▼,8
C19d35e1a7ea4fa4c054,▽,11+
C19d35e1a7ec48773609,▼,5
C19d35e1a7f01955e404,▽,5
C19d35e1a7f2be87cf63,▽,7
C19d35e1a7f2be87cf63,☆,6
C19d35e1a7f46418c09e,◆,5
C19d35e1a7f46418c09e,☆,11
C19d35e1a821de369125,★,7
C19d35e1a826af686dea,◆,14
C19d35e1a827c366b04e,ξ,5
C19d35e1a8289c5da877,ξ,?
C19d35e1a82eb1226dd6,h◎,7
C19d35e1a8322e6c768e,Ude,11
C19d35e1a8322e6c768e,sl,11
C19d35e1a8334272bd45,st,5
C19d35e1a836a01dea44,so,5
C19d35e1a836a01dea44,▼,9
C19d35e1a83f9fea5464,h◎,15
C19d35e1a8400ac6a35f,h◎,0
C19d35e1a84f2ef51f6c,★,3
C19d35e1a8569ee7944e,sr,6
C19d35e1a8569ee7944e,☆,8
C19d35e1a85d64536676,ξ,11
C19d35e1a86b651a1d9e,◆,18
C19d35e1a86b651a1d9e,◆◆,6
C19d35e1a88fa945e911,sl,1
C19d35e1a89a552b3811,sr,7
C19d35e1a89bd7543da9,st,7
C19d35e1a89bd7543da9,双,5
C19d35e1a89ccb15173a,sr,0
C19d35e1a89e50a63e2d,★,2
C19d35e1a8a44f80922e,sl,0
C19d35e1a8cebaf806c6,ξ,11
C19d35e1a8d96340fbdb,乱打,10
C19d35e1a8db60674868,乱打,5
C19d35e1a8f32debbd68,☆,11
C19d35e1a8f47251506e,◆,22
C19d35e1a9004670d0d0,重発狂,2
C19d35e1a901ac42457d,sl,9
C19d35e1a901ac42457d,乱打,9
C19d35e1a9076cd776ba,sl,1
C19d35e1a9107edc1b11,▼,11
C19d35e1a911ce76e3cc,st,2
C19d35e1a911ce76e3cc,重発狂,2
C19d35e1a913bb1c1fbb,乱打,3
C19d35e1a916c44d5fc4,▽,12-
C19d35e1a91b7863ea8d,▽,7
C19d35e1a9206bdf5123,★,23
C19d35e1a9206bdf5123,★★,3
C19d35e1a9221b771da4,▼,16
C19d35e1a9279f01269a,◆,17
C19d35e1a92880302394,sl,1
C19d35e1a934f727ca3a,sl,0
C19d35e1a934f727ca3a,▽,12-
C19d35e1a935c6fca784,▼,2
C19d35e1a936620b169a,▽,9
C19d35e1a937e1f69935,▽,5
C19d35e1a94c8eebc1b6,st,1
C19d35e1a94d07545be3,st,9
C19d35e1a986388deeb7,◆,19
C19d35e1a986388deeb7,◆◆,7
C19d35e1a98a9a0625bd,sl,1
C19d35e1a98a9a0625bd,乱打,1
C19d35e1a99f26623c71,sl,2
C19d35e1a9beb2d3eb33,h◎,7
C19d35e1a9bf9253ae70,h◎,-1
C19d35e1a9c3b9699c20,◆,6
C19d35e1a9c434afaa10,▽,5
C19d35e1a9c434afaa10,☆,5
C19d35e1a9c54d365709,sr,4
C19d35e1a9c54d365709,▽,8
C19d35e1a9c6c73a8253,sr,6
C19d35e1a9c6c73a8253,▽,9
C19d35e1a9c6c73a8253,☆,9
C19d35e1a9c92194527d,sl,1
C19d35e1a9c92194527d,★,1
C19d35e1a9ce27f47d2e,◆◆,1
C19d35e1a9cfb0abe0a1,dy,0
C19d35e1a9cfb0abe0a1,st,5
C19d35e1a9d558d8cea3,sl,0
C19d35e1a9d558d8cea3,sr,13
C19d35e1a9d558d8cea3,乱打,0
C19d35e1a9d7e4402e04,st,0
C19d35e1a9d7e4402e04,双,1
C19d35e1a9d89f81a3d9,双,4
C19d35e1a9da1d8179ee,▽,5
C19d35e1a9db274a226d,sr,3
C19d35e1a9db274a226d,▽,8
C19d35e1a9dc06fe993a,sr,7
C19d35e1a9dc06fe993a,▽,10
C19d35e1a9dd861a1a79,▼,11
C19d35e1a9ee49222d63,★,6
C19d35e1a9ee49222d63,乱打,4
C19d35e1a9f0ee26c988,双,2
C19d35e1a9f14c32349f,dl,1
C19d35e1a9f14c32349f,st,1
C19d35e1a9fecfb3cd25,▼,12
C19d35e1aa04b6b9bbe5,st,4
C19d35e1aa1a43d3b56a,★,15
C19d35e1aa1b9358c36a,▽,10
C19d35e1aa1c4a7d63f2,▽,8
C19d35e1aa1d8681c4d9,▼,4
C19d35e1aa1ff85897ae,▽,5
C19d35e1aa29f1abdf10,☆,9
C19d35e1aa3b3a746a81,ξ,2
C19d35e1aa562edf8a59,sl,9
C19d35e1aa7d8ea8ed24,☆,9
C19d35e1aa82f161caf5,sl,11
C19d35e1aab3866ebad6,双,0
C19d35e1aadb4532d748,▼,5
C19d35e1aadc29609ff4,▽,2
C19d35e1aadf08477ab7,▽,10
C19d35e1aae21286ecf1,◆◆,10
C19d35e1aae375559f5a,▽,6
C19d35e1aaed596e5d44,★★,3
C19d35e1aaf75023462a,双,1
C19d35e1ab09d46fad42,乱打,6
C19d35e1ab0a609ac6a9,sl,3
C19d35e1ab0a609ac6a9,▼,4
C19d35e1ab0b34711c21,▽,3
C19d35e1ab0c81605629,fr,10
C19d35e1ab0dad7722ab,sr,8
C19d35e1ab0dad7722ab,▽,10
C19d35e1ab0e0afe122c,sl,9
C19d35e1ab0e0afe122c,▼,15
C19d35e1ab0fa5a29410,st,4
C19d35e1ab0fa5a29410,双,3
C19d35e1ab106c4d8f4a,ξ,9
C19d35e1ab106c4d8f4a,▽,5
C19d35e1ab11f5eeafb7,fr,12
C19d35e1ab11f5eeafb7,st,10
C19d35e1ab11f5eeafb7,双,6
C19d35e1ab15083248d2,▽,11
C19d35e1ab16c1349ae7,st,6
C19d35e1ab16c1349ae7,双,5
C19d35e1ab18abd84d2f,▽,9
C19d35e1ab19a17c6093,▼,0
C19d35e1ab19a17c6093,乱打,1
C19d35e1ab1b5825e857,▽,4
C19d35e1ab3a2ea897d6,ln,13
C19d35e1ab3f99e1a94f,ξ,?
C19d35e1ab481d0c9ec5,▽,5
C19d35e1ab4aa295ce3e,sr,5
C19d35e1ab4b2f24e952,◆,3
C19d35e1ab4d128649b3,sl,4
C19d35e1ab60d71112d1,h◎,5
C19d35e1ab63d22bfceb,★★,4
C19d35e1ab64df67ffe0,★★,1
C19d35e1ab6a0615b856,▽,4
C19d35e1ab6c9798385a,▼,13
C19d35e1ab6dd6914883,▼,12
C19d35e1ab6e260555bc,▼,18
C19d35e1ab6f4d8409df,▽,10
C19d35e1ab6f4d8409df,☆,10
C19d35e1ab7593ae87bb,SB,8
C19d35e1ab76122f19f4,ln,17
C19d35e1ab78191e099a,▼,10
C19d35e1ab7986ae15fb,▽,6
C19d35e1ab7a168964b1,▼,2
C19d35e1ab7b8e4fb551,▼,11
C19d35e1ab7def12f5f7,▼,16
C19d35e1ab7f3720a6c4,▼,14
C19d35e1ab9bf32c96f2,▽,11+
C19d35e1ab9d909a0758,▽,9
C19d35e1ab9f15524ec5,▽,7
C19d35e1abbd0183bc42,▼,21
C19d35e1abbec6e76ab8,▼,10
C19d35e1abbfbd7e9073,▽,10
C19d35e1abc01d14e56a,▽,5
C19d35e1abc152f36bfb,▽,10
C19d35e1abc2cd80ccf3,▽,8
C19d35e1abc31b09dff4,ξ,9
C19d35e1abc31b09dff4,▽,5
C19d35e1ac097238c84f,dl,10
C19d35e1ac0a3271cf56,dl,6
C19d35e1ac15167d9f7b,sl,2
C19d35e1ac2d4bf92238,★,3
C19d35e1ac59a4b194a4,▽,10
C19d35e1ac5a2efd2bbf,▽,2
C19d35e1ac5bb45986e7,▽,8
C19d35e1ac5c929a0af3,▽,11
C19d35e1ac5d1b649a22,▽,6
C19d35e1ac6134d35d05,st,2
C19d35e1ac6134d35d05,▼,22
C19d35e1ac62ef9dc035,▼,15
C19d35e1ac63234b63ac,☆,4
C19d35e1ac800f074b81,sl,7
C19d35e1aca40917b9dd,▽,11+
C19d35e1acaa7f944f3f,▽,10
C19d35e1acabb7763031,◆◆,6
C19d35e1acae7b5643a3,▽,5
C19d35e1acb1698af17c,sl,11
C19d35e1acb1698af17c,乱打,11
C19d35e1acb5cccea6f8,★,9
C19d35e1acc0ab881db5,sl,3
C19d35e1acc17c30dcc4,st,3
C19d35e1acc17c30dcc4,双,2
C19d35e1ace9eeddd107,sl,1
C19d35e1ace9eeddd107,▽,12
C19d35e1ace9eeddd107,乱打,1
C19d35e1aceb174c1743,▽,2
C19d35e1aced078ca03a,▽,10
C19d35e1acef7b788012,▽,5
C19d35e1acf1499be6fc,sl,12
C19d35e1acf1499be6fc,乱打,12
C19d35e1acf273f9c781,st,3
C19d35e1acf273f9c781,重発狂,3
C19d35e1acffb24f9af2,☆,3
C19d35e1ad0306427558,▽,9
C19d35e1ad058ef6a1e1,dl,dl5 (sub)
C19d35e1ad06ddb05fee,dl,7
C19d35e1ad06ddb05fee,★★,5
C19d35e1ad2593cd3072,◆,20
C19d35e1ad287c3511f6,sr,8
C19d35e1ad2994408497,sr,1
C19d35e1ad3422e2c17a,sl,4
C19d35e1ad3422e2c17a,▼,6
C19d35e1ad3422e2c17a,乱打,4
C19d35e1ad3aaa9bb6c1,▽,7
C19d35e1ad3bd5e9b6a7,▽,10
C19d35e1ad3cbfd834d3,▽,11+
C19d35e1ad3ff066e3af,▽,12-
C19d35e1ad41acc5014c,▽,8
C19d35e1ad429ffb624e,▽,6
C19d35e1ad48f0686828,▽,5
C19d35e1ad496a2c8ca8,▽,9
C19d35e1ad4ad66602a5,▼,3
C19d35e1ad4b65424ab2,SB,6
C19d35e1ad4b65424ab2,h◎,9
C19d35e1ad504f05092b,ln,17
C19d35e1ad679e0e9686,▼,15
C19d35e1ad694d1734d7,SB,0
C19d35e1ad8a695f0f5d,★,16
C19d35e1ad8a695f0f5d,乱打,10
C19d35e1ad8b46b49107,◆,20
C19d35e1ad8b46b49107,◆◆,8
C19d35e1ad8d31cb8566,◆,12
C19d35e1ad8f1a3799f3,sl,1
C19d35e1ad9a51ca91ef,Ude,Ude4 (sub)
C19d35e1ad9a51ca91ef,sl,4
C19d35e1ad9ed58696b4,▼,5
C19d35e1ad9f635be088,dl,0
C19d35e1ada027133371,st,0
C19d35e1ada027133371,重発狂,0
C19d35e1ada3917ae6c0,Ude,8
C19d35e1ada3917ae6c0,▼,14
C19d35e1ada43a8e0c68,sl,10
C19d35e1ada43a8e0c68,乱打,10
C19d35e1ada6449bd499,sr,8
C19d35e1ada7e83cbb43,sl,0
C19d35e1ada7e83cbb43,sr,13
C19d35e1ada7e83cbb43,乱打,0
C19d35e1ada9f55df9cb,sl,4
C19d35e1ada9f55df9cb,乱打,4
C19d35e1adab93b6cde7,st,5
C19d35e1adab93b6cde7,重発狂,5
C19d35e1adb2feb7fa4d,st,2
C19d35e1adb2feb7fa4d,重発狂,2
C19d35e1adb467d156f8,sr,5
C19d35e1adb467d156f8,☆,9
C19d35e1adb58d5e79b0,ξ,8
C19d35e1adb6f5805703,★,18
C19d35e1adb6f5805703,乱打,12
C19d35e1adb83eb92465,sl,2
C19d35e1adbeac70a80b,★,3
C19d35e1adc230f48b7b,sl,9
C19d35e1adc230f48b7b,乱打,9
C19d35e1adc484c95e2d,▼,19
C19d35e1adc843b50173,▼,8
C19d35e1adcec22b5047,sr,10
C19d35e1add2d817972f,sr,2
C19d35e1add4d0c59c45,ln,14
C19d35e1add4d0c59c45,◆,15
C19d35e1adfd4b53952f,so,10
C19d35e1adfe58ce8575,sr,7
C19d35e1ae1e21211f9c,sl,0
C19d35e1ae1e21211f9c,乱打,0
C19d35e1ae2aceb0cdfd,so,3
C19d35e1ae345d5d8633,◆,15
C19d35e1ae4903d909eb,▽,8
C19d35e1ae4903d909eb,☆,8
C19d35e1ae4afc0c32d5,◆,4
C19d35e1ae70c64cbce3,st,4
C19d35e1ae70c64cbce3,双,2
C19d35e1ae7149b081d0,★,17
C19d35e1ae73ebae3d3f,fr,8
C19d35e1ae73ebae3d3f,★,22
C19d35e1ae73ebae3d3f,★★,2
C19d35e1ae73ebae3d3f,双,2
C19d35e1ae772040c226,★,4
C19d35e1ae7aeef7f8c0,sr,11
C19d35e1ae7b67cc6e54,sr,2
C19d35e1ae7c6f07c9d5,ξ,13
C19d35e1ae82b478f69a,◆,5
C19d35e1ae835f120a60,sl,2
C19d35e1ae95e4ce42b5,Ude,2
C19d35e1ae9fcec7523a,☆,10
C19d35e1aea23cf22a1d,★,6
C19d35e1aea23cf22a1d,乱打,3
C19d35e1aea5cc69be71,★,8
C19d35e1aea5cc69be71,乱打,5
C19d35e1aeb2daef4b84,▽,11+
C19d35e1aeb2daef4b84,☆,11
C19d35e1aeb343f40d58,▽,10
C19d35e1aeb4f299b193,▽,4
C19d35e1aeb7e05fa1c3,▼,13
C19d35e1aeb9a26495a3,☆,10
C19d35e1aebb4f2b375f,◆,9
C19d35e1aec8bb9ca718,★★,7
C19d35e1aeefdfab393f,★,8
C19d35e1af075c862256,▽,12
C19d35e1af084051002e,▽,3
C19d35e1af15abb23645,▼,6
C19d35e1af18acd4b006,▽,9
C19d35e1af18acd4b006,☆,9
C19d35e1af1ba8bc06d7,乱打,1
C19d35e1af1d6cf8f4a9,fr,10
C19d35e1af1e78c97faa,▽,6
C19d35e1af34a20680e5,h◎,3
C19d35e1af46ea9b5763,★,12
C19d35e1af5b6920e77c,sl,2
C19d35e1af5d34d744a2,▽,5
C19d35e1af6655602af9,Ude,5
C19d35e1af6655602af9,sl,5
C19d35e1af796978609b,fr,0
C19d35e1af9e4a960a57,★,20
C19d35e1afab48c9f11b,sr,9
C19d35e1afae6b5c33d3,双,5
C19d35e1afb3bfef3ffe,★,15
C19d35e1afb45119508e,双,?
C19d35e1afb77168155e,Ude,1
C19d35e1afb77168155e,★,3
C19d35e1afb93ab758c7,双,3
C19d35e1afbcdaca9d85,★,23
C19d35e1afbcdaca9d85,双,3
C19d35e1afcaa83c7d1f,◆◆,5
C19d35e1afcf17167b57,ξ,3
C19d35e1afd2b3a58900,ξ,11
C19d35e1aff7e2a7b05f,双,2
C19d35e1b01c33794378,☆,8
C19d35e1b0247047b845,双,2
C19d35e1b02e120de078,★,10
C19d35e1b03d8ced944c,☆,2
C19d35e1b03f96fefd19,◆,1
C19d35e1b0423342ef53,◆,5
C19d35e1b04ae9bd000f,so,0
C19d35e1b04ae9bd000f,▽,11+
C19d35e1b04b3174a831,st,4
C19d35e1b04b3174a831,双,3
C19d35e1b04d612a6dc5,双,2
C19d35e1b050f29c2c2b,双,4
C19d35e1b05702d61e08,★,???
C19d35e1b05972aab73f,sr,?
C19d35e1b06017619f8c,sr,?
C19d35e1b065f5857a10,★,6
C19d35e1b065f5857a10,乱打,4
C19d35e1b0690993f0bb,★,17
C19d35e1b0690993f0bb,乱打,8
C19d35e1b06d3bb95dfb,★★,4
C19d35e1b08a9820eef4,☆,11
C19d35e1b0930339d174,ln,13
C19d35e1b0930339d174,◆,13
C19d35e1b0bad1f273c5,sl,1
C19d35e1b0bad1f273c5,▽,12
C19d35e1b0bccbfc95be,sr,4
C19d35e1b0bccbfc95be,▽,9
C19d35e1b0c047476a92,ξ,3
C19d35e1b0c047476a92,▽,2
C19d35e1b0c5987e5db0,▼,7
C19d35e1b0d77a0866ee,dy,6
C19d35e1b0d803cd1f3d,dl,7
C19d35e1b0d803cd1f3d,st,7
C19d35e1b0e2bdcd5730,ξ,12
C19d35e1b0e7df6e066f,Ude,Ude6 (sub)
C19d35e1b0e7df6e066f,★,6
C19d35e1b10918320a88,sl,6
C19d35e1b10918320a88,乱打,6
C19d35e1b11fc7aa91ce,ln,3
C19d35e1b1202f245e5f,▽,9
C19d35e1b121abac6fb3,▽,4
C19d35e1b122570cfbf8,▽,1
C19d35e1b122570cfbf8,☆,1
C19d35e1b126ba0c34ca,☆,10
C19d35e1b13cc1db4986,▼,7
C19d35e1b13cc1db4986,★,6
C19d35e1b13cc1db4986,乱打,4
C19d35e1b142deea3562,◆,17
C19d35e1b142deea3562,◆◆,5
C19d35e1b143ecc23d98,ln,10
C19d35e1b143ecc23d98,◆,10
C19d35e1b144c2499a5d,▼,11
C19d35e1b14507152e7e,dl,1
C19d35e1b14507152e7e,st,1
C19d35e1b146a24ec746,dl,11
C19d35e1b147d81ab129,dl,10
C19d35e1b147d81ab129,st,10
C19d35e1b15453f20a90,☆,7
C19d35e1b160471cbab3,★,11
C19d35e1b160471cbab3,乱打,5
C19d35e1b161f029a59e,dl,dl4 (sub)
C19d35e1b16311d3ecbd,▼,2
C19d35e1b1646b3f60a6,ln,10
C19d35e1b1657ab56a0e,▽,6
C19d35e1b16678e60c92,▽,9
C19d35e1b16af6ca03d0,▽,11+
C19d35e1b16af6ca03d0,☆,11
C19d35e1b16ea56076b3,st,10
C19d35e1b175022da77f,▼,9
C19d35e1b17a45b73f19,so,8
C19d35e1b17be2e8a026,◆◆,9
C19d35e1b17fe9ec2f7e,ln,10
C19d35e1b182bea719e6,▼,16
C19d35e1b184c94c7990,▼,24
C19d35e1b184c94c7990,★★,4
C19d35e1b1855aa686a9,h◎,15
C19d35e1b18d51762bf4,双,0
C19d35e1b18e9ab568a7,双,3
C19d35e1b19432cf9bd6,☆,5
C19d35e1b1a527b644d1,▼,13
C19d35e1b1a871b11f44,st,2
C19d35e1b1ac88610667,★,20
C19d35e1b1b226a693d8,◆,20
C19d35e1b1b226a693d8,◆◆,8
C19d35e1b1c3f4fb5f8c,Ude,0
C19d35e1b1d451a59bc8,h◎,12
C19d35e1b1e48f713b1a,▽,11
C19d35e1b1e580ae47d8,▼,0
C19d35e1b1e758002890,▽,12-
C19d35e1b1e85fd2c64b,▽,10
C19d35e1b1e92085928a,▽,5
C19d35e1b201273e7f69,ln,16
C19d35e1b201273e7f69,◆◆,3
C19d35e1b204e7eb9287,sr,3
C19d35e1b204e7eb9287,▽,8
C19d35e1b205b0db0e5b,★,9
C19d35e1b205b0db0e5b,乱打,6
C19d35e1b2080f65fb6b,sr,7
C19d35e1b2080f65fb6b,▽,10
C19d35e1b2080f65fb6b,☆,10
C19d35e1b2097dab1a01,★,2
C19d35e1b2097dab1a01,乱打,2
C19d35e1b20fd96754ba,▽,3
C19d35e1b20fd96754ba,☆,2
C19d35e1b212ec9be9e0,ξ,11
C19d35e1b212ec9be9e0,▽,6
C19d35e1b2189fa27bf8,▼,14
C19d35e1b224738c7d23,dl,dl3 (sub)
C19d35e1b2250eab318c,◆,9
C19d35e1b22c53e779ea,ξ,7
C19d35e1b22d12717779,ξ,9
C19d35e1b2471cf4e26a,☆,8
C19d35e1b254cf853c7b,st,2
C19d35e1b254cf853c7b,重発狂,2
C19d35e1b2554478ce72,sl,5
C19d35e1b2615938604d,sl,0
C19d35e1b26871b46e71,▼,0
C19d35e1b26871b46e71,乱打,1
C19d35e1b26fe72d78f4,sl,3
C19d35e1b2740627876f,sr,9
C19d35e1b2740627876f,▽,11
C19d35e1b278abac26de,so,10
C19d35e1b28003f136a5,sr,5
C19d35e1b28003f136a5,▽,9
C19d35e1b282b171d4aa,sr,13
C19d35e1b28332d5ba44,▼,6
C19d35e1b28505d77a6b,ξ,13
C19d35e1b28505d77a6b,▽,6
C19d35e1b2892d4d945a,ξ,1
C19d35e1b29b0c5ab47b,sr,8
C19d35e1b29b0c5ab47b,▽,10
C19d35e1b29b0c5ab47b,☆,10
C19d35e1b29cf8ba1bb3,sr,3
C19d35e1b29cf8ba1bb3,▽,8
C19d35e1b29d7a4fc066,▽,5
C19d35e1b29ea8b68471,sl,2
C19d35e1b29ea8b68471,▼,4
C19d35e1b2a10db08af5,☆,13
C19d35e1b2c316978656,★★,2
C19d35e1b2da1038cb7b,双,7
C19d35e1b2dde21a7a88,▼,9
C19d35e1b2e162c6dd17,乱打,11
C19d35e1b2e27cb7001e,双,2
C19d35e1b2e427eae6ee,双,4
C19d35e1b2ebb9680d97,双,5
C19d35e1b2f112546cf3,双,4
C19d35e1b2f2e1325a0d,双,0
C19d35e1b2fbfdf0883d,双,3
C19d35e1b2fef4882d95,★★,8
C19d35e1b3176f6b6db4,sr,11
C19d35e1b3176f6b6db4,▽,11
C19d35e1b3176f6b6db4,☆,11
C19d35e1b318efdf025c,▽,1
C19d35e1b3198798cd81,★★,4
C19d35e1b31ada42575a,sl,6
C19d35e1b31bc676ddc0,sr,3
C19d35e1b31bc676ddc0,▽,8
C19d35e1b31d8630d84d,▽,4
C19d35e1b335204a0ce7,st,4
C19d35e1b335204a0ce7,双,3
C19d35e1b33695408fae,sl,0
C19d35e1b33695408fae,sr,11
C19d35e1b33695408fae,乱打,0
C19d35e1b339b9691474,sr,4
C19d35e1b33a601ada6c,sl,5
C19d35e1b33a601ada6c,乱打,5
C19d35e1b354582380ee,▼,4
C19d35e1b35b235d6ad0,乱打,4
C19d35e1b36240ac06a4,sr,9
C19d35e1b3654d4d7ac7,sr,3
C19d35e1b367899fe606,★,15
C19d35e1b36a3d27b1e3,sr,12
C19d35e1b36a3d27b1e3,▽,11+
C19d35e1b37376945414,sl,1
C19d35e1b391f8728fb2,▽,7
C19d35e1b39367dc8833,▼,5
C19d35e1b39367dc8833,★,5
C19d35e1b39367dc8833,乱打,2
C19d35e1b3971d1aa18a,★,14
C19d35e1b3971d1aa18a,乱打,11
C19d35e1b3991b4fb15d,★,11
C19d35e1b3991b4fb15d,乱打,6
C19d35e1b39c73ec0add,sl,1
C19d35e1b39c73ec0add,▼,0
C19d35e1b3a101459d77,st,1
C19d35e1b3a101459d77,▼,20
C19d35e1b3a101459d77,重発狂,1
C19d35e1b3a2e7ef233a,◆,17
C19d35e1b3a5307b4db6,ξ,6
C19d35e1b3a7246e60e4,▽,10
C19d35e1b3bf3339bba8,★,11
C19d35e1b3c305599193,★,21
C19d35e1b3ce4ec2ee11,☆,5
C19d35e1b3d1debf8f07,乱打,2
C19d35e1b3d4187b5ffa,dl,保留
C19d35e1b3d4187b5ffa,★★,3
C19d35e1b3d588dc875c,▼,17
C19d35e1b3d8f49deb85,▽,12
C19d35e1b3d91778193b,▽,6
C19d35e1b3da07c3d579,dl,8
C19d35e1b3da07c3d579,dy,3
C19d35e1b3da07c3d579,st,8
C19d35e1b3db8cfadf24,▽,10
C19d35e1b3ddeb3552f8,▽,8
C19d35e1b40571f769a8,ξ,6
C19d35e1b41ff9122417,▽,8
C19d35e1b423cdc6a8d5,Ude,0
C19d35e1b423cdc6a8d5,sl,0
C19d35e1b423cdc6a8d5,▼,0
C19d35e1b423cdc6a8d5,乱打,0
C19d35e1b428a12e4143,▽,9
C19d35e1b44b547942a1,st,3
C19d35e1b44b547942a1,双,3
C19d35e1b482e290a5f4,sr,!
C19d35e1b482e290a5f4,☆,10
C19d35e1b483d05e6a84,sr,!
C19d35e1b4860d6e3e99,sl,1
C19d35e1b48a324dbda1,sl,1
C19d35e1b48be3be1d15,sr,5
C19d35e1b48be3be1d15,▽,9
C19d35e1b48c862f7558,▽,7
C19d35e1b49023bd963f,▽,5
C19d35e1b49450869cad,sr,11
C19d35e1b49450869cad,▽,11
C19d35e1b4ba07d2464a,双,0
C19d35e1b4bbcb4a1ab6,双,4
C19d35e1b4c039c6c448,st,0
C19d35e1b4de3c001f59,▽,3
C19d35e1b4dfa478090a,▽,5
C19d35e1b4e51ba38150,sr,8
C19d35e1b4ea9b03d2a1,sr,0
C19d35e1b4ed5354bac1,★,11
C19d35e1b4eed8a8646d,ξ,7
C19d35e1b4fa7a3178d2,★★,1
C19d35e1b4fbf92f8595,st,5
C19d35e1b4fbf92f8595,双,4
C19d35e1b527b2c32dc0,sl,7
C19d35e1b527b2c32dc0,乱打,7
C19d35e1b52b3a9de53c,st,4
C19d35e1b539a7d96917,★,15
C19d35e1b53ac2816ff0,dl, BEGINNER
C19d35e1b53ac2816ff0,sl,7
C19d35e1b53c369f0c40,dl,3
C19d35e1b53c369f0c40,st,3
C19d35e1b543ef6dc0ae,▼,6
C19d35e1b543ef6dc0ae,☆,13
C19d35e1b54478c74a68,▼,17
C19d35e1b5450f526efb,▼,23
C19d35e1b546e03e16e9,dl,9
C19d35e1b546e03e16e9,★★,5
C19d35e1b5497397ff52,★★,1
C19d35e1b54a2cfbe583,sr,9
C19d35e1b54a2cfbe583,▽,10
C19d35e1b54eb5d765c2,▼,13
C19d35e1b54f44378cb4,▼,21
C19d35e1b550f42a3cd3,sr,3
C19d35e1b550f42a3cd3,▽,7
C19d35e1b551bfc155d0,dl,11
C19d35e1b551bfc155d0,dy,6
C19d35e1b55c432e7aa9,ln,25
C19d35e1b55eb0003f15,dl,0
C19d35e1b55eb0003f15,st,0
C19d35e1b55f800f03ea,▽,11
C19d35e1b560896f56b7,▽,2
C19d35e1b56138493f23,▽,8
C19d35e1b56360ea2af2,▽,5
C19d35e1b57087e8a0a4,sr,11
C19d35e1b5736eed405f,★,19
C19d35e1b575b77964c0,sr,0
C19d35e1b577b1485f56,dy,2
C19d35e1b57976dedd99,st,2
C19d35e1b58857a1c981,★,13
C19d35e1b58ae5583fd2,★★,2
C19d35e1b58be22f6856,dl,12
C19d35e1b58cf4fc3794,st,3
C19d35e1b5927603bbf9,dl,7
C19d35e1b5927603bbf9,st,7
C19d35e1b593af5c50d7,sl,1
C19d35e1b594afc4758b,sr,9
C19d35e1b595f9a0e03c,sr,5
C19d35e1b596afdba06e,sl,9
C19d35e1b596afdba06e,★,15
C19d35e1b596afdba06e,乱打,9
C19d35e1b5b09d0d5a76,▼,9
C19d35e1b5b2ff1304cb,▽,12-
C19d35e1b5b3ef43f58d,▽,3
C19d35e1b5b41def7d7a,▽,9
C19d35e1b5b568eb50fc,▽,5
C19d35e1b5bd965ecd7e,dl,3
C19d35e1b5bd965ecd7e,★,21
C19d35e1b5c572aac054,ln,26
C19d35e1b5cb3b8ae255,dy,0
C19d35e1b5cb3b8ae255,重発狂,5
C19d35e1b5f5b789d31f,★★,1
C19d35e1b5f831089eac,★★,2
C19d35e1b5fd266159d0,★,6
C19d35e1b60b44e9f3f0,☆,12
C19d35e1b61639fe2be6,◆,24
C19d35e1b632b7fecbf5,so,8
C19d35e1b64c7e94d9ed,ln,8
C19d35e1b64c7e94d9ed,◆,8
C19d35e1b64f6096780a,▼,10
C19d35e1b64f6096780a,★,10
C19d35e1b64f6096780a,乱打,6
C19d35e1b6504d4eb62a,乱打,0
C19d35e1b6536a3b87b7,▼,1
C19d35e1b662a1009188,ξ,11
C19d35e1b662a1009188,▽,7
C19d35e1b662a1009188,☆,7
C19d35e1b667a8c4b3c5,◆,6
C19d35e1b6692fd80978,▽,9
C19d35e1b66fbcb50ef2,ξ,7
C19d35e1b66fbcb50ef2,▽,5
C19d35e1b6705e3c21a6,重発狂,4
C19d35e1b6742473b7d2,st,4
C19d35e1b6742473b7d2,重発狂,4
C19d35e1b6759d2e711e,sr,10
C19d35e1b6759d2e711e,▽,11
C19d35e1b67659000476,▼,10
C19d35e1b67a317c42fb,Ude,2
C19d35e1b67a317c42fb,▼,6
C19d35e1b67b865adc50,sr,6
C19d35e1b67b865adc50,▽,9
C19d35e1b67c362b66a2,st,0
C19d35e1b67c362b66a2,★,20
C19d35e1b67c362b66a2,乱打,12
C19d35e1b67d98333ec8,▽,5
C19d35e1b67e2fe1f835,▼,1
C19d35e1b67e2fe1f835,乱打,0
C19d35e1b67f6224d1db,◆,18
C19d35e1b68034493cec,重発狂,4
C19d35e1b6864ac21136,▼,12
C19d35e1b6864ac21136,乱打,9
C19d35e1b6922c178dbb,★,4
C19d35e1b695924cf912,▼,1
C19d35e1b69aeb1fbbb7,★★,3
C19d35e1b6a3b9f3a470,h◎,11
C19d35e1b6cca6893dfc,sl,0
C19d35e1b6cca6893dfc,sr,12
C19d35e1b6cca6893dfc,▼,0-
C19d35e1b6cca6893dfc,乱打,0
C19d35e1b6cda2fe8424,◆,17
C19d35e1b6ced955394b,sr,7
C19d35e1b6d0b5cedbb7,▼,16
C19d35e1b6d0b5cedbb7,乱打,11
C19d35e1b6d141b7d699,st,1
C19d35e1b6d141b7d699,重発狂,1
C19d35e1b6d9a8e626b7,▼,19
C19d35e1b6d9a8e626b7,重発狂,1
C19d35e1b6dcc40f8b99,★,4
C19d35e1b6dcc40f8b99,乱打,2
C19d35e1b6e2a6422ba7,h◎,8
C19d35e1b6e9a1e3e0a6,sr,11
C19d35e1b6e9a1e3e0a6,▽,11
C19d35e1b6ea47aa59da,▽,1
C19d35e1b6eb280f629c,sr,1
C19d35e1b6eb280f629c,▽,8
C19d35e1b6ed74f473ba,▽,12+
C19d35e1b6ee68a6bb81,▽,4
C19d35e1b702128a3720,乱打,12
C19d35e1b703f918d946,▼,7
C19d35e1b7044f7fc1d0,▽,12-
C19d35e1b7058a25a14c,▽,5
C19d35e1b707c7e4db41,▽,10
C19d35e1b70823a597a2,▽,7
C19d35e1b7146e79c1b6,sl,0
C19d35e1b7146e79c1b6,sr,13
C19d35e1b7146e79c1b6,乱打,0
C19d35e1b7155d3ec856,乱打,4
C19d35e1b7163115e260,sr,6
C19d35e1b718545406c1,dl,保留
C19d35e1b718545406c1,sl,6
C19d35e1b718545406c1,乱打,5
C19d35e1b71aaeb1a347,st,2
C19d35e1b71aaeb1a347,双,1
C19d35e1b71bb63e1b59,st,5
C19d35e1b71bb63e1b59,双,3
C19d35e1b71d1a4b29bb,ξ,9
C19d35e1b71e82e96f72,dy,3
C19d35e1b71e82e96f72,st,8
C19d35e1b71e82e96f72,双,5
C19d35e1b7221100d9d3,双,0
C19d35e1b72361365b51,sl,4
C19d35e1b72b59492a4d,sl,1
C19d35e1b73a2cc3611a,☆,11
C19d35e1b73bd1c7402d,▼,6
C19d35e1b76a9144876b,ln,26
C19d35e1b76ca4894205,★★,3
C19d35e1b790570ee9f8,sr,5
C19d35e1b7913c043da0,sr,12
C19d35e1b79215aa5100,sl,2
C19d35e1b7a04c17e6bb,dy,3
C19d35e1b7a04c17e6bb,双,5
C19d35e1b7ace72d2466,▽,6
C19d35e1b7ade7f83950,▽,8
C19d35e1b7afa820bb8a,▽,10
C19d35e1b7b011cc0760,▽,11+
C19d35e1b7b12f8c43f0,▼,4
C19d35e1b7b4ad84f391,sl,11
C19d35e1b7be0bec6e48,▽,12
C19d35e1b7bfa55249a8,▽,10
C19d35e1b7c3baeb5672,▽,8
C19d35e1b7c539e95f71,▽,5
C19d35e1b7c539e95f71,☆,5
C19d35e1b7c7d2f34b6b,st,6
C19d35e1b7c7d2f34b6b,双,5
C19d35e1b7cf46960427,Ude,4
C19d35e1b7cf46960427,▼,6
C19d35e1b7db2db49eae,◆,2
C19d35e1b7db2db49eae,☆,9
C19d35e1b7e1f610dfab,Ude,0
C19d35e1b7e1f610dfab,sl,0
C19d35e1b7f6980420fa,▽,7
C19d35e1b803b2e0d482,▼,0-
C19d35e1b80d5eb937af,sl,2
C19d35e1b80fa06d6033,◆,6
C19d35e1b81097f3fe9e,☆,4
C19d35e1b818962d9e5e,sr,13
C19d35e1b81b497602d1,sr,7
C19d35e1b81f81b9d71b,sl,3
C19d35e1b83112f832d8,☆,11
C19d35e1b8530151697e,☆,11
C19d35e1b8591fe585fc,★,4
C19d35e1b86fcecf31fa,▽,4
C19d35e1b86fcecf31fa,☆,4
C19d35e1b87070a1d1e7,▽,10
C19d35e1b871375e99fd,▽,11
C19d35e1b872d3830a49,sl,2
C19d35e1b872d3830a49,▼,3
C19d35e1b872d3830a49,乱打,2
C19d35e1b878f007f454,sl,1
C19d35e1b8896446def3,重発狂,4
C19d35e1b8c802c4d95e,sl,1
C19d35e1b8c802c4d95e,sr,13
C19d35e1b8c802c4d95e,▽,12
C19d35e1b8cbdf1ff20b,ln,17
C19d35e1b8ccf735bc9b,sr,8
C19d35e1b8ccf735bc9b,▽,10
C19d35e1b8cd25292bb5,sl,7
C19d35e1b8cd25292bb5,乱打,7
C19d35e1b8ce470e03ad,▽,6
C19d35e1b8d6c8053e9d,双,3
C19d35e1b8f2645a59b5,★,21
C19d35e1b8f2645a59b5,重発狂,3
C19d35e1b8f75da92998,sl,11
C19d35e1b8f75da92998,乱打,11
C19d35e1b8fd125d47f3,dy,3
C19d35e1b8febc18126f,▽,12+
C19d35e1b8ffee48c9f9,▽,1
C19d35e1b90068c8cd63,▽,11
C19d35e1b901ea863049,▽,6
C19d35e1b902e9aba3db,st,3
C19d35e1b902e9aba3db,重発狂,3
C19d35e1b9057dbad9e8,★,22
C19d35e1b9057dbad9e8,★★,2
C19d35e1b9069ea77a71,fr,6
C19d35e1b90d00fb6348,★,10
C19d35e1b9181062170c,▽,5
C19d35e1b927baa03fc5,★,2
C19d35e1b93b08015343,Ude,5
C19d35e1b93b08015343,sl,5
C19d35e1b94a71ebcbcd,ξ,9
C19d35e1b94c3b8ae782,▼,2
C19d35e1b94c3b8ae782,☆,13
C19d35e1b94ed3bafef7,★★,6
C19d35e1b958ef956303,★,17
C19d35e1b95d94435759,sl,5
C19d35e1b967f015faf0,ξ,6
C19d35e1b9689370111a,sr,8
C19d35e1b96ad7e88baa,st,0
C19d35e1b96ad7e88baa,重発狂,0
C19d35e1b9a722f189b0,SB,2
C19d35e1b9a722f189b0,sl,2
C19d35e1b9abed1b3a50,SB,6
C19d35e1b9abed1b3a50,h◎,6
C19d35e1b9abed1b3a50,▼,14
C19d35e1b9acae350375,h◎,3
C19d35e1b9ade6e4cf95,dl,2
C19d35e1b9b54ffdc5e9,dl,1
C19d35e1b9b6052cac32,h◎,0
C19d35e1b9b6052cac32,sr,?
C19d35e1b9b6052cac32,▽,11
C19d35e1b9b79864b113,▽,6
C19d35e1b9b82bb4eb60,SB,8
C19d35e1b9c3e02f0f07,Ude,0
C19d35e1b9c3e02f0f07,sl,0
C19d35e1b9c3e02f0f07,乱打,0
C19d35e1b9cfc7189d48,◆,16
C19d35e1b9cfc7189d48,◆◆,2
C19d35e1b9d41f0e5f9e,★,2
C19d35e1b9d7a14db62e,sr,13
C19d35e1b9e52da09ace,sr,11
C19d35e1b9e60aa798ed,sr,8
C19d35e1b9e79af322e0,sr,5
C19d35e1b9f506ed52a4,sl,2
C19d35e1ba0cffcb1941,☆,3
C19d35e1ba0e4e61bd03,dl,9
C19d35e1ba0e4e61bd03,dy,4
C19d35e1ba0e4e61bd03,st,9
C19d35e1ba0e4e61bd03,重発狂,9
C19d35e1ba10d645063b,sl,10
C19d35e1ba1ab93ae657,sl,7
C19d35e1ba21e8470c13,☆,9
C19d35e1ba2b9ef92aab,▽,2
C19d35e1ba2c1753f557,▽,4
C19d35e1ba2d2c301fcc,sr,0
C19d35e1ba2d2c301fcc,▽,7
C19d35e1ba2ed0284895,sr,7
C19d35e1ba2ed0284895,▽,10
C19d35e1ba3992cad686,sl,5
C19d35e1ba3992cad686,▼,7
C19d35e1ba3a6319fe4f,sn,2
C19d35e1ba3c593061d7,sl,11
C19d35e1ba3d75e35a30,dy,0
C19d35e1ba3d75e35a30,st,5
C19d35e1ba3e792a7137,sl,2
C19d35e1ba4dbe3d1ef3,▽,12-
C19d35e1ba5011450eb3,sr,8
C19d35e1ba5011450eb3,▽,10
C19d35e1ba521074ef17,双,3
C19d35e1ba541729849a,双,1
C19d35e1ba5691b67784,Ude,9
C19d35e1ba5691b67784,sl,9
C19d35e1ba58610e9966,st,1
C19d35e1ba58610e9966,双,1
C19d35e1ba67450f2670,dl,5
C19d35e1ba67450f2670,st,5
C19d35e1ba6b5e9d8943,st,2
C19d35e1ba6b5e9d8943,重発狂,2
C19d35e1ba7371cad59c,sr,11
C19d35e1ba7371cad59c,▽,10
C19d35e1ba74b19852ac,sr,5
C19d35e1ba74b19852ac,▽,8
C19d35e1ba7550f32cdc,ξ,7
C19d35e1ba7550f32cdc,▽,4
C19d35e1ba761604ed6b,Ude,11
C19d35e1ba761604ed6b,▼,17
C19d35e1ba77350e9ffc,so,5
C19d35e1ba77350e9ffc,▼,8
C19d35e1ba77350e9ffc,乱打,4
C19d35e1ba786e0bcf06,ln,12
C19d35e1ba795f5fcf85,ln,10
C19d35e1ba7caad533ba,◆,8
C19d35e1ba7f6f5e8ba0,◆,6
C19d35e1ba8af3ad00d0,重発狂,3
C19d35e1baa2114aedca,so,11
C19d35e1baa61d347573,ξ,9
C19d35e1baa7003a9e3f,sr,10
C19d35e1baa86417b86d,★★,2
C19d35e1baa998b3ef9b,sl,7
C19d35e1baaa61890e95,sr,1
C19d35e1baac91fd242a,dy,2
C19d35e1bab778a11ef5,双,1
C19d35e1bac64f670190,h◎,13
C19d35e1baf2d4891877,sr,10
C19d35e1baf33baffaf7,sr,4
C19d35e1baf4e2c84066,ξ,10
C19d35e1baf5d9164027,sl,4
C19d35e1bb021ce1c5d9,★,3
C19d35e1bb0811437a32,★,6
C19d35e1bb0bc0e8e370,◆◆,4
C19d35e1bb17acd2d0ee,sl,7
C19d35e1bb19db2b7cc8,dl,7
C19d35e1bb19db2b7cc8,dy,2
C19d35e1bb19db2b7cc8,st,7
C19d35e1bb213496b080,sr,!
C19d35e1bb238f7debd7,sr,!
C19d35e1bb247236a897,☆,X
C19d35e1bb26fcd0c129,sl,2
C19d35e1bb2ca6846280,st,2
C19d35e1bb2ca6846280,重発狂,2
C19d35e1bb2dc7ed312b,dy,0
C19d35e1bb2dc7ed312b,st,5
C19d35e1bb2f9b00c5e3,dy,4
C19d35e1bb43bdd53adc,st,2
C19d35e1bb43bdd53adc,重発狂,2
C19d35e1bb45eef39a37,ln,16
C19d35e1bb45eef39a37,◆,16
C19d35e1bb4d6d9ae2c6,▽,6
C19d35e1bb4e0fd308c4,ln,26
C19d35e1bb501bcfd352,sr,9
C19d35e1bb501bcfd352,▽,10
C19d35e1bb59e4e188e6,h◎,9
C19d35e1bb5a06df373c,h◎,6
C19d35e1bb678712df8b,▼,4
C19d35e1bb678712df8b,★,4
C19d35e1bb678712df8b,乱打,2
C19d35e1bb68c3177f17,▼,12
C19d35e1bb68c3177f17,★,13
C19d35e1bb68c3177f17,乱打,7
C19d35e1bb6ae63177f8,st,1
C19d35e1bb6ae63177f8,▼,21
C19d35e1bb6ae63177f8,★,21
C19d35e1bb6ae63177f8,重発狂,1
C19d35e1bb6c7b112393,dy,0
C19d35e1bb6c7b112393,★,24
C19d35e1bb6c7b112393,★★,4
C19d35e1bb6c7b112393,重発狂,5
C19d35e1bb6e7248fa80,dy,1
C19d35e1bb6e7248fa80,st,6
C19d35e1bb6e7248fa80,重発狂,6
C19d35e1bb737bf25f33,fr,10
C19d35e1bb7c1dadc0be,乱打,5
C19d35e1bb7f35050fb5,▽,2
C19d35e1bb80681fca63,▽,6
C19d35e1bb826d6aad82,sr,10
C19d35e1bb826d6aad82,▽,11
C19d35e1bb826d6aad82,☆,11
C19d35e1bb88dd6082d0,Ude,2
C19d35e1bb88dd6082d0,sl,2
C19d35e1bb89e364595a,Ude,11
C19d35e1bb89e364595a,sl,11
C19d35e1bb8aa24605e4,st,1
C19d35e1bb8aa24605e4,双,1
C19d35e1bba32fce05e0,sl,6
C19d35e1bbb596406259,sl,1
C19d35e1bbb99e0e941e,☆,3
C19d35e1bbce3dfdefbc,★,5
C19d35e1bbcf1a47b0ab,ξ,7
C19d35e1bbd06c5886df,h◎,2
C19d35e1bbe13b671fea,sl,10
C19d35e1bbe50bf4329b,▼,3
C19d35e1bbeed0cbfacc,▽,6
C19d35e1bbf388f94acd,☆,8
C19d35e1bbf5e165a59f,★,7
C19d35e1bbf6238e4cd1,双,5
C19d35e1bbfdae7fbd07,★,5
C19d35e1bc0781e7fcd0,sl,1
C19d35e1bc0781e7fcd0,乱打,1
C19d35e1bc0b35f4819e,◆,15
C19d35e1bc1fe9f86627,乱打,10
C19d35e1bc2039c4b0a2,双,2
C19d35e1bc2998c18012,★★,3
C19d35e1bc323a866f40,▽,12-
C19d35e1bc34d0b7a7cd,▽,9
C19d35e1bc35bc6d8ce1,▽,5
C19d35e1bc39b8941a67,sl,8
C19d35e1bc6958c1cd7b,▽,11
C19d35e1bc6a2ebd81da,▽,8
C19d35e1bc6bff5e37e7,▽,4
C19d35e1bc6c83d8b0c1,▼,15
C19d35e1bc72422bfd88,st,1
C19d35e1bc72422bfd88,双,0
C19d35e1bc8040cc494c,dl,8
C19d35e1bc8a5393f57c,◆,7
C19d35e1bc8f35c960a5,◆◆,6
C19d35e1bc9187440b4f,sl,9
C19d35e1bc9187440b4f,▼,15
C19d35e1bc9187440b4f,乱打,9
C19d35e1bc9215c49b28,★,20
C19d35e1bc9215c49b28,重発狂,1
C19d35e1bc993f79139f,★,8
C19d35e1bc993f79139f,乱打,4
C19d35e1bca869ba6dda,◆,6
C19d35e1bcb2f022b9c4,▼,0-
C19d35e1bcb2f022b9c4,乱打,0
C19d35e1bcba9953324d,st,3
C19d35e1bcba9953324d,重発狂,3
C19d35e1bcc412e66523,h◎,0
C19d35e1bcc5ea3c6e0f,h◎,2
C19d35e1bccb3f0220ce,▽,9
C19d35e1bcd6184b3369,st,1
C19d35e1bcd6184b3369,重発狂,1
C19d35e1bcd7f949fd6c,sl,10
C19d35e1bcd7f949fd6c,乱打,10
C19d35e1bcd8ba6a3e0c,sl,0
C19d35e1bcd8ba6a3e0c,sr,12
C19d35e1bcd8ba6a3e0c,乱打,0
C19d35e1bcd9bc881ae3,dy,？
C19d35e1bce6b9b73737,sr,1
C19d35e1bceb019e4d63,sl,3
C19d35e1bceb019e4d63,乱打,3
C19d35e1bcecced611c8,ξ,5
C19d35e1bcf6baf630cf,sr,12
C19d35e1bcf931f09073,st,5
C19d35e1bcf931f09073,重発狂,5
C19d35e1bcfc3b6efa0b,ξ,7
C19d35e1bd01d62eee67,sr,8
C19d35e1bd02f36ed9a7,Ude,3
C19d35e1bd02f36ed9a7,sl,3
C19d35e1bd0ff8666304,◆,2
C19d35e1bd173f41527b,★,1
C19d35e1bd1a45710de5,st,1
C19d35e1bd1a45710de5,双,1
C19d35e1bd2104288dd8,sl,2
C19d35e1bd22e9b8316a,h◎,5
C19d35e1bd31ac5ef99c,乱打,4
C19d35e1bd3a6adbd320,sr,13
C19d35e1bd3b36408dd1,sr,9
C19d35e1bd3dd3ead8e3,▼,15
C19d35e1bd3e20997ecb,★,9
C19d35e1bd3fc408b9d9,ξ,8
C19d35e1bd4b27006112,★,21
C19d35e1bd4c2678a4ca,★★,5
C19d35e1bd50ab8fdb61,st,0
C19d35e1bd50ab8fdb61,▼,19
C19d35e1bd50ab8fdb61,乱打,12
C19d35e1bd53b3ade9ec,st,6
C19d35e1bd59f10bd09e,ξ,13
C19d35e1bd5c24ead503,乱打,11
C19d35e1bd60fe58ba76,▼,8
C19d35e1bd63409d3f51,sl,4
C19d35e1bd63409d3f51,乱打,4
C19d35e1bd6e67deb398,乱打,3
C19d35e1bd701741406b,☆,12
C19d35e1bd783065a0e7,SB,5
C19d35e1bd783065a0e7,h◎,5
C19d35e1bd9046d2d61b,h◎,5
C19d35e1bd93ba8bfd1a,ξ,5
C19d35e1bda07df74d3f,▼,1
C19d35e1bdba65b1b64c,sl,6
C19d35e1bdc1728a1ace,sl,12
C19d35e1bdc2b6f801b2,sl,2
C19d35e1bdc2b6f801b2,▼,3
C19d35e1bdc3447a7f0e,▽,3
C19d35e1bdc4ba6c4bd8,sr,8
C19d35e1bdc4ba6c4bd8,▽,10
C19d35e1bdc5bbf655d2,▽,5
C19d35e1bdc8d07f3d94,fr,10
C19d35e1bdd2acc98c6d,☆,8
C19d35e1bde49d7dafad,☆,9
C19d35e1bdf0676d6b2b,☆,10
C19d35e1be011bb24dc9,★,15
C19d35e1be011bb24dc9,乱打,12
C19d35e1be15f19a5323,★,5
C19d35e1be1b8995106d,★,9
C19d35e1be20081af0d7,★★,1
C19d35e1be30abc81a24,h◎,6
C19d35e1be43e19341ae,▼,8
C19d35e1be57bb06ee0e,★,9
C19d35e1be58f9f9c268,ξ,11
C19d35e1be5e19abcb35,st,3
C19d35e1be5e19abcb35,双,3
C19d35e1be5f02041555,▽,6
C19d35e1be60ec8c6613,Ude,1
C19d35e1be60ec8c6613,sl,1
C19d35e1be60ec8c6613,▼,1
C19d35e1be617f460738,▽,8
C19d35e1be628d2623c1,st,1
C19d35e1be628d2623c1,双,0
C19d35e1be70b6f3eda0,ξ,7
C19d35e1be70b6f3eda0,☆,5
C19d35e1be7774239d4e,sl,11
C19d35e1be7774239d4e,▼,17
C19d35e1be9c0cc16d23,sl,8
C19d35e1beb23e026fb7,▼,5
C19d35e1bec69e150e35,ln,24
C19d35e1bec69e150e35,◆,24
C19d35e1beca04ba55c6,sl,6
C19d35e1bed59eab53ea,sr,12
C19d35e1bed59eab53ea,▽,11+
C19d35e1beda03b9236f,sr,2
C19d35e1beda03b9236f,▽,8
C19d35e1bedbe224cd59,st,0
C19d35e1bedbe224cd59,▼,20
C19d35e1bedd3ed32f8e,▽,4
C19d35e1bee01ae08527,st,4
C19d35e1bee50585429f,ln,17
C19d35e1bef403a9b1e0,sl,5
C19d35e1bf10025ff9d3,★,6
C19d35e1bf287346c23e,☆,13
C19d35e1bf2d10ebd53c,ξ,5
C19d35e1bf2f43fe215e,dl,6
C19d35e1bf36af91a60c,★,12
C19d35e1bf41d5351a34,★,23
C19d35e1bf4696b4fdea,◆,22
C19d35e1bf474bbb923f,ξ,13
C19d35e1bf4a7632497c,h◎,15
C19d35e1bf4f49d7b889,乱打,3
C19d35e1bf6712dfeecc,▼,1
C19d35e1bf90f58e8e84,st,3
C19d35e1bf90f58e8e84,重発狂,3
C19d35e1bf9338ab9431,h◎,1
C19d35e1bf97681c7904,▽,11
C19d35e1bf9d014543c0,▽,7
C19d35e1bfa05bc497b8,▽,4
C19d35e1bfa7f89e1a1b,★,18
C19d35e1bfb0455a171f,◆,7
C19d35e1bfb409797d2a,☆,11
C19d35e1bfb6b3483052,st,0
C19d35e1bfb6b3483052,重発狂,0
C19d35e1bfbeb8dacd8e,▽,3
C19d35e1bfbf701c11de,▽,7
C19d35e1bfc071390d15,▽,11+
C19d35e1bfc1880c82f3,▼,9
C19d35e1bfc2abff2194,▼,21
C19d35e1bfc30f0ce178,▽,5
C19d35e1bfc411783c7c,▽,10
C19d35e1bfc5a0fdd245,▽,12+
C19d35e1bfc79f05d238,st,6
C19d35e1bfc8cfefd237,▼,21
C19d35e1bfcc3e672081,▽,12
C19d35e1c00aa17c6ff3,sl,0
C19d35e1c00b8c7be449,sl,3
C19d35e1c00f9cd89ca2,☆,12
C19d35e1c01651e9b104,sr,10
C19d35e1c01651e9b104,▽,10
C19d35e1c017cccc55c2,▽,3
C19d35e1c01b31cbe3f8,sr,2
C19d35e1c01b31cbe3f8,▽,7
C19d35e1c01d20689b19,sl,8
C19d35e1c01e4d3f223d,sl,4
C19d35e1c01e4d3f223d,▼,6
C19d35e1c01f148a4869,▽,5
C19d35e1c0204eb37490,▼,18
C19d35e1c03ca17bee8d,★,4
C19d35e1c03ca17bee8d,乱打,2
C19d35e1c04021836fc2,▽,10
C19d35e1c049a160fbf0,▽,7
C19d35e1c0519dd74222,fr,4
C19d35e1c0525091486a,fr,6
C19d35e1c0525091486a,sl,10
C19d35e1c0525091486a,乱打,10
C19d35e1c054b968256a,◆,15
C19d35e1c0570c0c12eb,▽,4
C19d35e1c05b50ead71c,sl,12
C19d35e1c05b50ead71c,乱打,12
C19d35e1c05d54a10e72,fr,4
C19d35e1c05d54a10e72,▼,?
C19d35e1c05e90ef1e0b,★★,4
C19d35e1c05f161c2e87,h◎,5
C19d35e1c091f2a2e5cd,▽,11+
C19d35e1c0938eb6711e,▽,10
C19d35e1c0940aaab213,▽,7
C19d35e1c095c4e29a2c,▽,4
C19d35e1c09ec54ce016,▽,12-
C19d35e1c09ec54ce016,☆,11
C19d35e1c0ca9e598404,so,11
C19d35e1c0ca9e598404,★,18
C19d35e1c0cff9cdff23,ln,17
C19d35e1c0da2afcceaf,★,11
C19d35e1c0dda3ec4daf,st,3
C19d35e1c0e62df94b56,h◎,4
C19d35e1c114c3709899,SB,4
C19d35e1c123e279ab8d,☆,9
C19d35e1c1262bce9756,dy,0
C19d35e1c12817c3e0c4,SB,5
C19d35e1c1369777f56b,sl,12
C19d35e1c1369777f56b,乱打,12
C19d35e1c137069bf875,◆,8
C19d35e1c13c5291763e,dy,1
C19d35e1c13c5291763e,双,4
C19d35e1c13d8aa9259a,▼,9
C19d35e1c145b06e032e,sr,11
C19d35e1c145b06e032e,▽,11
C19d35e1c145b06e032e,☆,11
C19d35e1c1464bde6c2f,sl,4
C19d35e1c1464bde6c2f,▼,6
C19d35e1c148cad156a7,sr,4
C19d35e1c148cad156a7,▽,9
C19d35e1c14a15d1bd37,ξ,9
C19d35e1c14a15d1bd37,▽,5
C19d35e1c14c9b5a2de6,sl,1
C19d35e1c14c9b5a2de6,▼,1
C19d35e1c1684dc776e0,双,7
C19d35e1c173210d2f9c,ln,27
C19d35e1c188cf516e70,★,9
C19d35e1c18c24517ef9,h◎,14
C19d35e1c18f846462f6,ξ,11
C19d35e1c1ae2a39bf4e,☆,9
C19d35e1c1af1e610fe5,☆,4
C19d35e1c1c400faa382,☆,4
C19d35e1c1c80a52005a,☆,11
C19d35e1c1c9f2a1c0e4,so,3
C19d35e1c1cc10b31eb1,h◎,0
C19d35e1c1d27329aef1,▽,4
C19d35e1c1d34ce0b492,sr,4
C19d35e1c1d34ce0b492,▽,9
C19d35e1c1d47af7844b,ln,12
C19d35e1c1d5c7ddba20,sr,10
C19d35e1c1d5c7ddba20,▽,11
C19d35e1c1d6ed9d79c0,▼,6
C19d35e1c1d77a1c4caf,st,8
C19d35e1c1d77a1c4caf,重発狂,8
C19d35e1c1d89e47876d,st,3
C19d35e1c1d89e47876d,重発狂,3
C19d35e1c1d97dfe36e7,sl,8
C19d35e1c1d97dfe36e7,▼,13
C19d35e1c1e7e268bb56,▼,3
C19d35e1c1e86e118894,sl,8
C19d35e1c1ea7be1e2ee,▼,23
C19d35e1c1f330260767,sr,13
C19d35e1c1f330260767,▽,12-
C19d35e1c1f964eeae56,sr,6
C19d35e1c1f964eeae56,▽,9
C19d35e1c1fa37eb1e74,▼,14
C19d35e1c1fc228bad7a,ξ,7
C19d35e1c1fc228bad7a,▽,4
C19d35e1c1feb13994fe,▼,9
C19d35e1c20f5885b0c6,◆,7
C19d35e1c2390fa0be7f,双,3
C19d35e1c23af6f1617e,★,7
C19d35e1c23af6f1617e,乱打,5
C19d35e1c23d3c9bbf10,dl,1
C19d35e1c23d3c9bbf10,st,1
C19d35e1c2504cf65463,▽,8
C19d35e1c2540502d309,▽,12
C19d35e1c262f7986f38,Ude,9
C19d35e1c262f7986f38,sl,9
C19d35e1c262f7986f38,▼,15
C19d35e1c263dcf895b5,▽,7
C19d35e1c26543fa2fa4,sr,9
C19d35e1c26543fa2fa4,▽,10
C19d35e1c26736bc5335,▽,12+
C19d35e1c26736bc5335,★,2
C19d35e1c26c85b871df,st,2
C19d35e1c26dd51d44aa,dl,4
C19d35e1c26dd51d44aa,st,3
C19d35e1c26e02b3a4c8,dl, BEGINNER
C19d35e1c26e02b3a4c8,▼,6
C19d35e1c26fcbec9740,sl,0
C19d35e1c26fcbec9740,▽,11
C19d35e1c26fcbec9740,乱打,0
C19d35e1c270f0f00c9b,ln,20
C19d35e1c272907680f1,◆,16
C19d35e1c272907680f1,◆◆,3
C19d35e1c2876f207d10,▽,4
C19d35e1c2890e7b091d,▽,8
C19d35e1c28a28c36426,▼,4
C19d35e1c292a5a4bf00,dy,1
C19d35e1c292a5a4bf00,st,6
C19d35e1c2939a079d0c,乱打,3
C19d35e1c2952b0b78af,sl,10
C19d35e1c2952b0b78af,▼,16
C19d35e1c29fc2066bd0,SB,1
C19d35e1c2a7353dcdd4,▽,12
C19d35e1c2afa8e64e3f,▽,10
C19d35e1c2b2fbd2272a,▽,5
C19d35e1c2b8868f7319,sl,11
C19d35e1c2b93b459c30,st,4
C19d35e1c2bbd066a7b0,★,5
C19d35e1c2be5c28cc48,ξ,9
C19d35e1c2d887bdadc6,▼,6
C19d35e1c2d887bdadc6,★,6
C19d35e1c2daba3f57c0,双,3
C19d35e1c2db0f362646,★★,2
C19d35e1c2e08ea24c14,▼,0
C19d35e1c2e14e1a9b91,dl,6
C19d35e1c2e14e1a9b91,dy,1
C19d35e1c2f6a6b58ad7,▼,24
C19d35e1c2fde4800bf3,Ude,7
C19d35e1c2fde4800bf3,sl,7
C19d35e1c2ffd60f0ae4,Ude,4
C19d35e1c3004ef2651c,st,0
C19d35e1c3004ef2651c,双,0
C19d35e1c302d3bc91cb,ξ,11
C19d35e1c31854246f86,st,1
C19d35e1c31854246f86,重発狂,1
C19d35e1c31b44a72081,SB,6
C19d35e1c3248819cafd,sl,4
C19d35e1c34b9f1e6a70,sr,8
C19d35e1c3521c18c2a4,Ude,6
C19d35e1c3521c18c2a4,sl,6
C19d35e1c35933ce44b4,st,2
C19d35e1c35933ce44b4,双,2
C19d35e1c35f0525b94a,sr,13
C19d35e1c361d0939898,ξ,2
C19d35e1c363831fda86,sr,!
C19d35e1c368c6334b96,sr,7
C19d35e1c36c61cc29b4,sl,3
C19d35e1c3728c50c6d5,so,4
C19d35e1c375e5cbbc60,SB,-1
C19d35e1c3767e684dd3,SB,1
C19d35e1c3767e684dd3,h◎,1
C19d35e1c377a58c000a,SB,4
C19d35e1c377a58c000a,h◎,4
C19d35e1c3783997cc97,SB,6
C19d35e1c379f5920365,双,5
C19d35e1c37afd5154de,sr,9
C19d35e1c37afd5154de,▽,10
C19d35e1c37d50b035e6,sr,2
C19d35e1c37d50b035e6,▽,7
C19d35e1c37edda2e241,双,2
C19d35e1c37f23202a15,▽,4
C19d35e1c380a02fd821,Ude,2
C19d35e1c380a02fd821,sl,2
C19d35e1c380a02fd821,▼,2
C19d35e1c380a02fd821,乱打,2
C19d35e1c3810736660a,Ude,11
C19d35e1c3810736660a,sl,11
C19d35e1c3810736660a,★,17
C19d35e1c38749e769ce,Ude,4
C19d35e1c39852d741ca,双,3
C19d35e1c3a260c2d6ec,乱打,5
C19d35e1c3aed1563d80,★,11
C19d35e1c3aed1563d80,乱打,8
C19d35e1c3b0cf42caa6,▽,4
C19d35e1c3b16e2d157a,▽,6
C19d35e1c3b2bc7fac5f,▽,9
C19d35e1c3b32664a401,▽,11+
C19d35e1c3c21eb86878,Ude,6
C19d35e1c3c21eb86878,sl,6
C19d35e1c3c4543cdc40,Ude,12
C19d35e1c3c4543cdc40,sl,12
C19d35e1c3c4543cdc40,双,0
C19d35e1c3cacb10069d,Ude,0
C19d35e1c3cacb10069d,sl,0
C19d35e1c3d09f00957a,sl,1
C19d35e1c3d16c43fa4a,ξ,5
C19d35e1c3d934285e9a,★★,4
C19d35e1c3da9291eb02,▼,10
C19d35e1c3e5cbd28db8,◆,1
C19d35e1c3e9141ab5ad,▼,?
C19d35e1c3eee50129a8,▼,10
C19d35e1c3f46b6fcc1a,▼,15
C19d35e1c3f56e82f00a,乱打,5
C19d35e1c3f65de6746c,▼,20
C19d35e1c3f65de6746c,重発狂,0
C19d35e1c405ec1ce082,▽,3
C19d35e1c422fa6df2b9,st,3
C19d35e1c422fa6df2b9,重発狂,3
C19d35e1c42bcf8645fd,▽,1
C19d35e1c42cce2bce53,▽,3
C19d35e1c42d8dcacf0c,▽,6
C19d35e1c42e1f8bf80c,▽,9
C19d35e1c42fadd7812b,▽,11
C19d35e1c430b6e73e4b,▽,12
C19d35e1c4317aee07cd,▼,15
C19d35e1c432f7e66f55,ln,11
C19d35e1c432f7e66f55,▼,?
C19d35e1c433ca1a05c0,▼,18
C19d35e1c43472c5374e,Ude,9
C19d35e1c43472c5374e,sl,9
C19d35e1c43472c5374e,▼,14
C19d35e1c4375f231842,◆,15
C19d35e1c4375f231842,◆◆,1
C19d35e1c43af5373e7e,ln,16
C19d35e1c43e971071e1,☆,10
C19d35e1c43f3658c6cf,▼,0-
C19d35e1c43f3658c6cf,乱打,1
C19d35e1c441f56fff78,▼,9
C19d35e1c44c566f2534,双,2
C19d35e1c451653a07c9,▼,3
C19d35e1c452244f52cb,Ude,6
C19d35e1c452244f52cb,sl,6
C19d35e1c452244f52cb,▼,9
C19d35e1c45c1798dd68,◆,13
C19d35e1c463b947eda4,st,3
C19d35e1c463b947eda4,重発狂,3
C19d35e1c466ed6854bc,so,5
C19d35e1c46c6e37d24d,★,2
C19d35e1c47211c617b7,◆,4
C19d35e1c476456a896f,☆,11
C19d35e1c47da58958a5,sr,2
C19d35e1c47e6f16a96a,sr,7
C19d35e1c47f4f55cbeb,sl,0
C19d35e1c47f4f55cbeb,sr,12
C19d35e1c483c044230e,ξ,5
C19d35e1c48519045c47,sr,0
C19d35e1c4865e8f2239,sr,6
C19d35e1c4872bc3e79d,Ude,0
C19d35e1c4872bc3e79d,sl,0
C19d35e1c4872bc3e79d,sr,11
C19d35e1c48d4fc66c0d,sl,7
C19d35e1c4b3ae9eaa3e,sl,1
C19d35e1c4b3ae9eaa3e,乱打,1
C19d35e1c4d74a7c260e,▽,11+
C19d35e1c4e0a8265b7d,sl,9
C19d35e1c4e0a8265b7d,▼,14
C19d35e1c4e0a8265b7d,乱打,9
C19d35e1c4e206b6533f,▼,3
C19d35e1c4e206b6533f,☆,13
C19d35e1c4e3f1c337e8,★★,1
C19d35e1c4e4e4fe9c21,sr,9
C19d35e1c4e4e4fe9c21,▽,10
C19d35e1c4e536b39e6a,st,5
C19d35e1c4e6ff63fae8,▼,18
C19d35e1c4e96f34a6b1,▽,6
C19d35e1c4f7b0771371,sr,13
C19d35e1c4f859ca031a,sr,7
C19d35e1c4fd9dd12b69,双,1
C19d35e1c4fe74f5b054,ln,19
C19d35e1c5018a9178da,sr,12
C19d35e1c502f67a49ed,★,13
C19d35e1c502f67a49ed,乱打,6
C19d35e1c50561dbb646,sr,1
C19d35e1c5060f283f8f,ξ,5
C19d35e1c50eba8b98df,☆,11
C19d35e1c5200ba19894,★★,4
C19d35e1c527533cfd06,▼,1
C19d35e1c534f3aad4c8,sr,7
C19d35e1c54c3b5c8544,★★,1
C19d35e1c55cfd9db052,★,???
C19d35e1c57346dc1ce5,◆,17
C19d35e1c58ae6c4ddce,ξ,11
C19d35e1c59bd2f23841,★,10
C19d35e1c5a17dbdf27f,h◎,2
C19d35e1c5b101cd5d63,sl,0
C19d35e1c5b101cd5d63,乱打,0
C19d35e1c5b80d25ad2c,★,9
C19d35e1c5b9046d7a91,h◎,2
C19d35e1c5c6ec90ea12,SB,10
C19d35e1c5c782c93fde,SB,8
C19d35e1c5c8e10d3a20,SB,6
C19d35e1c5cc4a838c68,fr,4
C19d35e1c5cd1e5d27c9,sr,12
C19d35e1c5d0b2a1704f,sr,12
C19d35e1c5d18699e40e,SB,5
C19d35e1c5d32abae25c,sr,5
C19d35e1c5d5fdd5289c,st,3
C19d35e1c5d750f038d1,fr,9
C19d35e1c5d750f038d1,★★,2
C19d35e1c5e7a215b01a,sr,12
C19d35e1c5eb53879d71,st,1
C19d35e1c5eb53879d71,重発狂,1
C19d35e1c5ee5ae3305c,sr,7
C19d35e1c5ee5ae3305c,☆,10
C19d35e1c5f84cd205bb,ξ,12
C19d35e1c5f940afe601,◆,21
C19d35e1c5fdf786851b,★,12
C19d35e1c5fdf786851b,乱打,6
C19d35e1c60335b1d46f,st,3
C19d35e1c60335b1d46f,重発狂,3
C19d35e1c605417233e1,sl,9
C19d35e1c605417233e1,乱打,9
C19d35e1c6182482caff,h◎,3
C19d35e1c623479f699f,▽,11+
C19d35e1c6240d492759,▽,2
C19d35e1c6268c1aa349,sr,7
C19d35e1c6268c1aa349,▽,10
C19d35e1c629faa258be,★,7
C19d35e1c62cb058b957,▽,5
C19d35e1c639de799d26,sl,2
C19d35e1c641a4b17796,sl,2
C19d35e1c642cd997b09,SB,2
C19d35e1c643c72ea35c,SB,0
C19d35e1c644df69e712,◆,5
C19d35e1c6459b8baab3,Ude,12
C19d35e1c6459b8baab3,双,0
C19d35e1c64638189e9a,☆,5
C19d35e1c647239a86d5,▼,13
C19d35e1c64f4cfcc471,▽,7
C19d35e1c651a094e186,▽,6
C19d35e1c6522844c055,Ude,3
C19d35e1c6522844c055,▼,3
C19d35e1c6588700d36a,st,3
C19d35e1c6588700d36a,双,3
C19d35e1c659c4f7c33b,ξ,6
C19d35e1c659c4f7c33b,▽,3
C19d35e1c65b3816d891,st,2
C19d35e1c65b3816d891,双,2
C19d35e1c65d35d68c15,双,5
C19d35e1c65e203f9043,st,8
C19d35e1c65e203f9043,双,5
C19d35e1c668d57cb79c,双,1
C19d35e1c677ef933291,h◎,4
C19d35e1c685f517d2de,双,3
C19d35e1c691a207923f,★,2
C19d35e1c691a207923f,乱打,2
C19d35e1c69455a65762,▼,11
C19d35e1c6a598e65ba8,sl,5
C19d35e1c6abe7d98f77,sl,4
C19d35e1c6afa317091e,st,3
C19d35e1c6afa317091e,重発狂,3
C19d35e1c6b2aa04ce92,st,4
C19d35e1c6b84f8582b9,▽,10
C19d35e1c6bf77859ac0,▽,7
C19d35e1c6c01c98d029,▽,11+
C19d35e1c6c228dec252,▽,5
C19d35e1c6c63cb0d389,sl,2
C19d35e1c6c63cb0d389,▼,3
C19d35e1c6dd470ddd00,sr,11
C19d35e1c6e3a70a3ec3,sr,5
C19d35e1c6f3409e9dbf,h◎,4
C19d35e1c6f5d4513ca3,so,8
C19d35e1c6f8c985dd8a,st,0
C19d35e1c6f8c985dd8a,重発狂,0
C19d35e1c6f976f39f30,dl,3
C19d35e1c6fa35380c91,★,12
C19d35e1c6fa35380c91,乱打,7
C19d35e1c6fe33150353,☆,11
C19d35e1c7167b9f1904,sr,7
C19d35e1c7167b9f1904,▽,10
C19d35e1c71876de370d,sr,2
C19d35e1c71876de370d,▽,8
C19d35e1c71bfa491c15,▽,5
C19d35e1c722cd7c2e6c,★,2
C19d35e1c7325ff243d2,▽,7
C19d35e1c738b1523d7d,★,???
C19d35e1c7487f86cc42,st,2
C19d35e1c7487f86cc42,重発狂,2
C19d35e1c74d5da02f3a,h◎,3
C19d35e1c74eb8c30a9e,h◎,2
C19d35e1c755cea21d96,▼,19
C19d35e1c75964585c43,sl,2
C19d35e1c768d3d761c2,▼,4
C19d35e1c769fc64dd5b,▽,11
C19d35e1c76aa0196f2b,▽,6
C19d35e1c7a39fbbd6ae,▽,1
C19d35e1c7a39fbbd6ae,☆,1
C19d35e1c7a4b9b734ba,▽,6
C19d35e1c7a5baede07c,☆,8
C19d35e1c7a6b07cc970,▽,10
C19d35e1c7a7d06ba038,▼,6
C19d35e1c7e2b4dfc4a7,☆,8
C19d35e1c7e7a1d056b5,sr,9
C19d35e1c7e913f2024a,sr,3
C19d35e1c7eea416020b,ξ,10
C19d35e1c8150ec48fca,sl,3
C19d35e1c824e7348265,★,12
C19d35e1c826f4da7210,★,1
C19d35e1c832d34c00c4,sr,9
C19d35e1c832d34c00c4,☆,10
C19d35e1c8382677881a,ln,25
C19d35e1c83918a8e246,sr,4
C19d35e1c83cfcc4d3f8,dl,8
C19d35e1c8438f8540f1,sr,12
C19d35e1c844772fc468,sr,5
C19d35e1c844772fc468,☆,9
C19d35e1c8479522e29b,★,12
C19d35e1c84e1c4fd599,★,3
C19d35e1c8726341d7c0,★,20
C19d35e1c873db1f05e0,双,?
C19d35e1c8775a05502f,ln,14
C19d35e1c8919e305dcd,▼,19
C19d35e1c89227538b4b,sl,9
C19d35e1c89227538b4b,乱打,9
C19d35e1c894d0894e64,▼,0-
C19d35e1c894d0894e64,乱打,1
C19d35e1c897c8a8cc10,▼,15
C19d35e1c89820cf7e7e,▽,8
C19d35e1c89da3864a9e,◆,20
C19d35e1c89f400932b1,▼,21
C19d35e1c89f400932b1,重発狂,2
C19d35e1c8a02659758c,st,10
C19d35e1c8a02659758c,双,5
C19d35e1c8aca70a3040,▽,6
C19d35e1c8aeae90fea4,▽,10
C19d35e1c8b2a91ae40c,Ude,1
C19d35e1c8b2a91ae40c,sl,1
C19d35e1c8b2a91ae40c,▽,12-
C19d35e1c8bd62a4eb48,◆,16
C19d35e1c8bf2a8be068,◆,25
C19d35e1c8bf2a8be068,◆◆,13
C19d35e1c8c28283d6f4,▼,10
C19d35e1c8eda03912e3,▽,11+
C19d35e1c8eeef1efe39,▽,3
C19d35e1c8ef7bdf2b5e,▼,3
C19d35e1c8f0a3506859,▽,9
C19d35e1c8f139913f04,▽,6
C19d35e1c9098f60056f,☆,11
C19d35e1c90a820bb382,sl,4
C19d35e1c9136c796768,sl,10
C19d35e1c9136c796768,乱打,10
C19d35e1c91a71931237,ξ,8
C19d35e1c91cb3f60380,sl,5
C19d35e1c93498c0f68f,双,3
C19d35e1c93988575221,▽,11+
C19d35e1c93b345355de,乱打,12
C19d35e1c93c58e2e58f,▽,10
C19d35e1c93eec89b807,ξ,10
C19d35e1c93eec89b807,▽,7
C19d35e1c93f6cc6e08b,st,4
C19d35e1c93f6cc6e08b,双,4
C19d35e1c946aae8a5e9,▽,8
C19d35e1c947679f6168,▽,11
C19d35e1c948e720d1bf,▼,12
C19d35e1c94def86b08d,▼,21
C19d35e1c94ef75912e5,☆,8
C19d35e1c95079b382f0,dl,-1
C19d35e1c95079b382f0,sl,12
C19d35e1c9540bf241dd,▼,9
C19d35e1c9554c53f785,▼,23
C19d35e1c957bc78cdb6,dl,dl6 (sub)
C19d35e1c957bc78cdb6,fr,11
C19d35e1c958a7de9880,▼,3
C19d35e1c95954363a78,▼,16
C19d35e1c95a48763173,▽,10
C19d35e1c95c1058d051,ξ,12
C19d35e1c95c1058d051,▽,6
C19d35e1c963272b10cc,dl,dl6 (sub)
C19d35e1c963272b10cc,★★,4
C19d35e1c97930b26eb6,dl,-1
C19d35e1c97930b26eb6,sl,12
C19d35e1c97a0f17e044,dl,5
C19d35e1c97a0f17e044,st,5
C19d35e1c982088532e2,☆,9
C19d35e1c9839f1566c7,sl,3
C19d35e1c985266d39f1,★,14
C19d35e1c98e775baef1,▽,7
C19d35e1c98ff2b88048,▼,6
C19d35e1c9c08bddc635,h◎,5
C19d35e1c9c5807624a1,★,7
C19d35e1c9c5807624a1,乱打,4
C19d35e1c9c60a18b70e,乱打,11
C19d35e1c9c7148bb013,重発狂,3
C19d35e1c9c94ea494d7,乱打,2
C19d35e1c9cbd0821993,▼,16
C19d35e1c9cbd0821993,乱打,8
C19d35e1c9e9cfa49600,▼,1
C19d35e1c9f8ffb8b6aa,dl,0
C19d35e1c9f8ffb8b6aa,★,21
C19d35e1c9f977e4bb1c,dl,10
C19d35e1c9f977e4bb1c,st,10
C19d35e1c9fdcae0424e,ξ,8
C19d35e1c9fe91ece062,sr,8
C19d35e1c9ff1ef61bc4,sr,12
C19d35e1ca009dbf3de3,fr,3
C19d35e1ca1f70327518,sl,9
C19d35e1ca30e5669218,☆,10
C19d35e1ca3516ea134f,h◎,2
C19d35e1ca47f7271d00,★,10
C19d35e1ca49dffa455e,★,8
C19d35e1ca55af7074e6,双,5
C19d35e1ca57752db5c7,双,2
C19d35e1ca68c3e590d1,sl,8
C19d35e1ca68c3e590d1,乱打,8
C19d35e1ca6dda8411c2,◆,4
C19d35e1ca804ad1ea5b,☆,10
C19d35e1ca811f47d2e8,▼,3
C19d35e1ca826126ff7b,▼,11
C19d35e1ca8a2fd23baa,so,7
C19d35e1ca95364d2cf3,★,21
C19d35e1ca95364d2cf3,★★,1
C19d35e1ca99c08146be,◆◆,9
C19d35e1ca9a12164823,◆,4
C19d35e1ca9b966e8756,◆,15
C19d35e1caa14daba405,▼,10
C19d35e1caa3c8d68ad9,ξ,7
C19d35e1caa445d40200,▽,10
C19d35e1caa6014e50dd,▽,12-
C19d35e1caa8ec81d789,★,9
C19d35e1caaf609ce580,dl,9
C19d35e1caaf609ce580,st,9
C19d35e1cabd2bea45b8,★★,3
C19d35e1cac4acd77698,☆,2
C19d35e1cacb9dbd47ed,▽,12-
C19d35e1caccdbe9cb00,▽,9
C19d35e1cacdf7a7dd79,▼,7
C19d35e1cace871ede1b,▽,5
C19d35e1caefe01e40e1,h◎,14
C19d35e1caf979ca1534,☆,9
C19d35e1cafbf1983382,ξ,13
C19d35e1cafd8eb0ffff,fr,7
C19d35e1cafd8eb0ffff,双,?
C19d35e1cafeaaebbdff,fr,8
C19d35e1cb00765d9d17,sl,11
C19d35e1cb01241f4aab,★,6
C19d35e1cb03b5359663,双,3
C19d35e1cb13b67f8ada,sl,12
C19d35e1cb13b67f8ada,乱打,12
C19d35e1cb2774584449,so,3
C19d35e1cb2a40edb986,fr,4
C19d35e1cb2a40edb986,▼,?
C19d35e1cb4cab39d6c4,▽,10
C19d35e1cb4d194b4b18,▽,7
C19d35e1cb4f32d69338,▽,12+
C19d35e1cb507e0d7571,▽,4
C19d35e1cb517a729b58,sl,4
C19d35e1cb52c2ca2bda,▼,19
C19d35e1cb5eb7802072,ln,17
C19d35e1cb5eb7802072,◆◆,4
C19d35e1cb639d5ccf7b,h◎,11
C19d35e1cb7f01d9a116,▽,11
C19d35e1cb87066be7c7,▽,9
C19d35e1cb893c1d0223,▽,6
C19d35e1cb8c030d615f,★,12
C19d35e1cb9029739820,▽,11
C19d35e1cb94efd24f16,▽,10
C19d35e1cb9682797080,▽,5
C19d35e1cbbec8a0545e,dy,0
C19d35e1cbbec8a0545e,重発狂,5
C19d35e1cbbf6070ab3f,▼,13
C19d35e1cbc0dd1a5bb8,sr,11
C19d35e1cbc0dd1a5bb8,☆,11
C19d35e1cbc1b014d1a9,sr,5
C19d35e1cbc1b014d1a9,▽,9
C19d35e1cbc2d01bffe2,▽,4
C19d35e1cbc5bae5daf9,sl,4
C19d35e1cbc5bae5daf9,★,7
C19d35e1cbcab3e92ef3,双,3
C19d35e1cbcbb410811c,双,5
C19d35e1cc9bd8fb37ad,★,6
C19d35e1cc9bd8fb37ad,乱打,4
C19d35e1cca152d02ac2,乱打,1
C19d35e1cdd80d04812d,dl,削除
C19d35e1cdd80d04812d,★,23
C19d35e1cdd80d04812d,★★,3
C19d35e1cddf60cdfc97,★,16
C19d35e1cde496e89e46,ln,23
C19d35e1cde496e89e46,◆◆,10
C19d35e1d0218a620518,★,5
C19d35e1d036666cfac1,ln,13
C19d35e1d05073fe809d,dl,dl5 (sub)
C19d35e1d05073fe809d,★★,4
C19d35e1d0642fcc6f84,dl, BEGINNER
C19d35e1d272353ca4f4,▽,10
C19d35e1d2736992f698,▽,8
C19d35e1d27529949e6a,▽,5
C19d35e1d27d9734850c,SB,4
C19d35e1d2af582e7ca1,◆,16
C19d35e1d2d077c42b91,▼,16
C19d35e1d2d2917504b1,ln,21
C19d35e1d2d2917504b1,◆◆,9
C19d35e1d2e9c7a6fb89,sl,5
C19d35e1d2eab9cb0ef2,ξ,9
C19d35e1d2fd82903d8c,重発狂,2
C19d35e1d2ffb44a595e,乱打,9
C19d35e1d300e0ff3580,▽,4
C19d35e1d301fcb9141c,▽,8
C19d35e1d30239ba48a7,▽,11
C19d35e1d303f7ecb0de,SB,3
C19d35e1d305e09e4efe,sl,2
C19d35e1d305e09e4efe,▽,12+
C19d35e1d305e09e4efe,乱打,2
C19d35e1d3060dc7ea25,sl,5
C19d35e1d3060dc7ea25,▼,8
C19d35e1d3060dc7ea25,乱打,5
C19d35e1d30756919be6,sl,12
C19d35e1d30756919be6,▼,18
C19d35e1d30756919be6,乱打,12
C19d35e1d309c07ef21f,so,6
C19d35e1d309c07ef21f,★,9
C19d35e1d314dcae1046,fr,7
C19d35e1d31e20b650fa,◆,5
C19d35e1d32503d67798,◆,16
C19d35e1d333e02f42bc,ξ,3
C19d35e1d33420329cd6,ξ,6
C19d35e1d336a9d12e64,sl,1
C19d35e1d336a9d12e64,乱打,1
C19d35e1d33707e9d200,sl,6
C19d35e1d3383403f1fc,SB,4
C19d35e1d361afbefbde,▽,9
C19d35e1d3623bb9bdc4,▽,8
C19d35e1d3633126cd47,◆,6
C19d35e1d367bd4f861d,▽,3
C19d35e1d368449f8526,▽,11
C19d35e1d3732106f5d5,◆,4
C19d35e1d378fe7ae54a,▼,15
C19d35e1d37b25a87d1a,☆,11
C19d35e1d3829edb1099,ξ,10
C19d35e1d3831df13ac9,★,22
C19d35e1d3831df13ac9,★★,2
C19d35e1d38574cf0a94,◆,6
C19d35e1d387ad9e59c2,★,13
C19d35e1d3b5ab64512b,★,10
C19d35e1d3bc98680afb,h◎,12
C19d35e1d3bdb36bcd57,dy,2
C19d35e1d3bdb36bcd57,重発狂,6
C19d35e1d3beeb9822e5,dy,4
C19d35e1d3beeb9822e5,重発狂,9
C19d35e1d3cb8dda42ad,st,4
C19d35e1d3cb8dda42ad,重発狂,4
C19d35e1d3cc404b3c51,★★,4
C19d35e1d3d2942ea985,sl,6
C19d35e1d3d6c2daf575,★,19
C19d35e1d3e8fd03f47b,sl,2
C19d35e1d3fef1090df4,☆,12
C19d35e1d419cddb013f,★★,1
C19d35e1d4219bea6ad3,sl,5
C19d35e1d4219bea6ad3,乱打,5
C19d35e1d4258886f215,h◎,-1
C19d35e1d426bc39ee73,h◎,1
C19d35e1d429b8e3388c,ξ,4
C19d35e1d429b8e3388c,▽,2
C19d35e1d429b8e3388c,☆,2
C19d35e1d42a0d9021cf,▽,6
C19d35e1d42bc73eb03b,sr,8
C19d35e1d42bc73eb03b,▽,10
C19d35e1d42e95deb43d,▽,12-
C19d35e1d42fcd0468f0,dl,8
C19d35e1d435473f9a6c,★,12
C19d35e1d4479f2503f0,sl,9
C19d35e1d4479f2503f0,乱打,9
C19d35e1d44adf4ebb96,ln,9
C19d35e1d44bc75504cd,▽,4
C19d35e1d463b731e8b3,sl,7
C19d35e1d4673e1eed61,SB,5
C19d35e1d4673e1eed61,h◎,6
C19d35e1d4673e1eed61,so,8
C19d35e1d4688640af5b,SB,6
C19d35e1d47696b46ddc,乱打,5
C19d35e1d484cacfba56,◆◆,4
C19d35e1d48889c18a8c,☆,5
C19d35e1d4a06a525d36,◆◆,2
C19d35e1d4bb9049eff6,☆,8
C19d35e1d4c3a50141be,◆,11
C19d35e1d4d203798d2b,乱打,7
C19d35e1d4d81f0b03d1,ξ,12
C19d35e1d4e150df7272,Ude,2
C19d35e1d4e150df7272,sl,2
C19d35e1d4eee03c296a,h◎,1
C19d35e1d4f113156be8,h◎,-1
C19d35e1d51b6745e89c,ξ,13
C19d35e1d544f47a63f8,▽,11+
C19d35e1d5453ed0630e,▽,11
C19d35e1d546b4876672,▽,8
C19d35e1d547322fc0f3,fr,7
C19d35e1d55f8cd84873,▽,7
C19d35e1d55f8cd84873,☆,7
C19d35e1d5607d810161,▽,10
C19d35e1d5607d810161,☆,10
C19d35e1d561931ceb05,▽,12-
C19d35e1d561931ceb05,☆,12
C19d35e1d56bb73fb6ac,▼,2
C19d35e1d576478bcacd,▼,3
C19d35e1d5802d0ec7d0,sr,11
C19d35e1d5802d0ec7d0,▽,11
C19d35e1d5813c23312a,ξ,3
C19d35e1d5813c23312a,▽,3
C19d35e1d582253c4f4d,▼,6
C19d35e1d58338bbf151,sr,6
C19d35e1d58338bbf151,▽,9
C19d35e1d5846182a5fe,ξ,9
C19d35e1d5846182a5fe,▽,6
C19d35e1d58502efdabf,▼,12
C19d35e1d58b9a3b8bca,★★,3
C19d35e1d595ba7a36f5,▽,3
C19d35e1d5969175f830,▽,6
C19d35e1d597eac71d41,▽,9
C19d35e1d5986979be11,▽,11+
C19d35e1d59984c08cf4,★,7
C19d35e1d59984c08cf4,乱打,4
C19d35e1d59bbdb92848,双,4
C19d35e1d5a4b55d7b71,☆,9
C19d35e1d5ac8aae2180,sr,11
C19d35e1d5ad436f0f24,ξ,6
C19d35e1d5ae30a67882,▽,9
C19d35e1d5aff9720465,sl,9
C19d35e1d5aff9720465,乱打,9
C19d35e1d5b07aad722d,ξ,13
C19d35e1d5b2fd696316,乱打,11
C19d35e1d5dfa677f136,sl,2
C19d35e1d5dfa677f136,乱打,2
C19d35e1d5e255740e3f,sl,11
C19d35e1d5e44c1ce736,st,3
C19d35e1d5e5beac1f56,fr,10
C19d35e1d5e7cdd868d9,st,1
C19d35e1d600fad04a1e,★★,5
C19d35e1d6042694dcea,Ude,0
C19d35e1d6042694dcea,sl,0
C19d35e1d607a5677000,◆,15
C19d35e1d61431901481,fr,3
C19d35e1d61431901481,▼,4
C19d35e1d63ffe5a9e91,st,1
C19d35e1d63ffe5a9e91,★,21
C19d35e1d63ffe5a9e91,双,1
C19d35e1d640ca109569,sl,1
C19d35e1d65aadf14fe1,ξ,8
C19d35e1d65ba055a929,ξ,11
C19d35e1d66207f62bbb,ξ,10
C19d35e1d66779ec6b92,sl,2
C19d35e1d671bcb68a1d,双,2
C19d35e1d67992d9e696,▽,10
C19d35e1d67ff81bf9c6,▽,7
C19d35e1d680d2b26e21,▽,5
C19d35e1d681c9252caa,Ude,6
C19d35e1d681c9252caa,sl,6
C19d35e1d68218168b45,▼,0
C19d35e1d689189426e1,▽,11
C19d35e1d68cdab65794,▽,7
C19d35e1d68dbe6bba96,▽,3
C19d35e1d68dbe6bba96,☆,3
C19d35e1d69bcb730398,★,1
C19d35e1d6e83056445e,▽,5
C19d35e1d6e9715e94c7,sr,0
C19d35e1d6e9715e94c7,▽,7
C19d35e1d6ea98c3a829,sr,8
C19d35e1d6ea98c3a829,▽,10
C19d35e1d6eb2666b542,▼,5
C19d35e1d6ecf6512824,▼,14
C19d35e1d6ef47d015e5,sl,8
C19d35e1d6f396df204a,st,2
C19d35e1d6f396df204a,重発狂,2
C19d35e1d6f8c8dbed69,dl,8
C19d35e1d6f8c8dbed69,st,8
C19d35e1d6f99eea1d7b,st,10
C19d35e1d7039d4f45b6,◆,20
C19d35e1d706d9ab1e9f,ln,19
C19d35e1d706d9ab1e9f,◆◆,6
C19d35e1d70890805571,▼,12
C19d35e1d70890805571,乱打,11
C19d35e1d70d98f29f11,★★,1
C19d35e1d72144add70b,★★,1
C19d35e1d73eb7a3cf14,▽,5
C19d35e1d740c75ca0d4,▽,9
C19d35e1d7429c08d27e,▼,3
C19d35e1d75dd62994f6,★,3
C19d35e1d75fbd9f6c1b,sl,11
C19d35e1d75fbd9f6c1b,乱打,10
C19d35e1d7631ac92465,▼,13
C19d35e1d789fd37c383,▽,11+
C19d35e1d78a64eb81dd,双,4
C19d35e1d7c4383bea01,sl,3
C19d35e1d7c531eb61b6,双,5
C19d35e1d7ccc370e4ef,sl,0
C19d35e1d7ccc370e4ef,sr,9
C19d35e1d7ccc370e4ef,▽,10
C19d35e1d7ccc370e4ef,乱打,0
C19d35e1d7cdeb4ebe42,st,3
C19d35e1d7cdeb4ebe42,▼,23
C19d35e1d7cdeb4ebe42,双,2
C19d35e1d7ce5ba948d3,sr,4
C19d35e1d7ce5ba948d3,▽,8
C19d35e1d7cfde98f1bc,▽,5
C19d35e1d7d0dccab352,sl,1
C19d35e1d7d0dccab352,▽,12+
C19d35e1d7db22fd23f3,SB,2
C19d35e1d7db22fd23f3,h◎,4
C19d35e1d7e44930ed08,sr,?
C19d35e1d7e44930ed08,▽,9
C19d35e1d7e50856d312,★,9
C19d35e1d7e66bba2827,sr,?
C19d35e1d7e66bba2827,▽,11
C19d35e1d7e66bba2827,☆,11
C19d35e1d7e75620638c,so,3
C19d35e1d7e75620638c,▼,4
C19d35e1d7f01976806b,h◎,7
C19d35e1d7fe33a21eff,☆,8
C19d35e1d8004bd998ee,ξ,9
C19d35e1d8040f3a2797,sl,7
C19d35e1d80bb4eeb579,st,2
C19d35e1d80da2e99df9,▽,12-
C19d35e1d80e4bbc19cd,sl,10
C19d35e1d80e4bbc19cd,▼,15
C19d35e1d80fbe002643,▽,10
C19d35e1d8102aa70084,▽,7
C19d35e1d81fb7241163,sl,5
C19d35e1d8358d379877,双,4
C19d35e1d83dbe066c00,★★,5
C19d35e1d84a3ca0c344,dy,2
C19d35e1d84a3ca0c344,st,7
C19d35e1d84b8b8b9ad5,st,4
C19d35e1d84ced91996e,fr,8
C19d35e1d84ced91996e,◆◆,8
C19d35e1d84efc59ffbd,h◎,5
C19d35e1d84ff45bbc93,▽,6
C19d35e1d851be75661d,▽,10
C19d35e1d853999e0129,▽,12
C19d35e1d86766cfe183,双,5
C19d35e1d86b126b4a0e,★,17
C19d35e1d86dc3cbe914,st,0
C19d35e1d86dc3cbe914,重発狂,0
C19d35e1d890f034cc2e,☆,7
C19d35e1d8c19fedf530,乱打,5
C19d35e1d8c248c08a78,乱打,6
C19d35e1d8d14aa8e0fa,st,5
C19d35e1d8d4151dc143,★,9
C19d35e1d8d752ac15fb,sr,11
C19d35e1d8da144c9f0d,sr,4
C19d35e1d8db8a9bfe5a,Ude,4
C19d35e1d8db8a9bfe5a,sl,4
C19d35e1d8e2de67dab0,▽,11
C19d35e1d8e381b5e915,▼,4
C19d35e1d8e4023c466b,▽,9
C19d35e1d8e5c2c4864f,▽,5
C19d35e1d8f7af3f535d,SB,4
C19d35e1d8ff6a13826d,▼,5
C19d35e1d901640f7075,▽,7
C19d35e1d9049ea7d67e,▼,20
C19d35e1d9049ea7d67e,乱打,12
C19d35e1d905cea22af5,乱打,6
C19d35e1d910fbbc1b30,st,3
C19d35e1d936142059b4,ξ,11
C19d35e1d9370429f1ac,▼,5
C19d35e1d9471335a24b,h◎,10
C19d35e1d94e903029f6,sl,0
C19d35e1d9527671f65a,sr,9
C19d35e1d9527671f65a,▽,10
C19d35e1d953d73cbae3,▼,5
C19d35e1d954b9524c78,sr,6
C19d35e1d954b9524c78,▽,9
C19d35e1d955ea090de1,dl,6
C19d35e1d955ea090de1,st,6
C19d35e1d97a40cbdfd6,dl,9
C19d35e1d97a40cbdfd6,st,9
C19d35e1d97a40cbdfd6,★★,5
C19d35e1d97eb411f0a8,so,6
C19d35e1d995ed67c075,▽,6
C19d35e1d9960567d5f9,▽,9
C19d35e1d997a76d4237,▽,11
C19d35e1d9988999662f,▼,4
C19d35e1d9996503b87a,sl,4
C19d35e1d9996503b87a,▼,6
C19d35e1d9a6774dc115,sl,2
C19d35e1d9b11bb139c7,▽,4
C19d35e1d9b2e5ce10ae,sr,3
C19d35e1d9b2e5ce10ae,▽,8
C19d35e1d9b371ccf06f,sr,10
C19d35e1d9b371ccf06f,▽,11
C19d35e1d9b401dac778,▽,12+
C19d35e1d9b7dd0dbc79,▼,8
C19d35e1d9b867899b1e,dl,4
C19d35e1d9b867899b1e,★★,3
C19d35e1d9bc421046bf,dl,12
C19d35e1d9bc421046bf,★★,6
C19d35e1d9bc421046bf,重発狂,12
C19d35e1d9c2a30d9db9,so,7
C19d35e1d9c35c99f6d3,st,7
C19d35e1d9c35c99f6d3,重発狂,7
C19d35e1d9c5d93f51d7,sl,11
C19d35e1d9c5d93f51d7,▼,15
C19d35e1d9c5d93f51d7,乱打,11
C19d35e1d9ceac2dee32,sr,3
C19d35e1d9ceac2dee32,☆,8
C19d35e1d9d2445e79e8,sr,10
C19d35e1d9d4e6a70549,sl,10
C19d35e1d9d68df867b2,重発狂,5
C19d35e1d9ddde8c548d,sr,1
C19d35e1d9de630ad1b3,sr,9
C19d35e1d9df64fbc16e,sr,12
C19d35e1d9e0b13bf479,fr,9
C19d35e1d9e172a07413,dy,1
C19d35e1d9e172a07413,st,6
C19d35e1d9e172a07413,★★,5
C19d35e1d9e172a07413,重発狂,6
C19d35e1d9e24cd7986c,st,2
C19d35e1d9e24cd7986c,重発狂,2
C19d35e1d9f76ce73836,dl,-1
C19d35e1d9f76ce73836,▼,20
C19d35e1d9f909a279a7,ξ,5
C19d35e1d9fa7ffc2eaa,sr,!
C19d35e1d9fbcf7b4e1e,fr,0
C19d35e1d9fbcf7b4e1e,sr,!
C19d35e1da003ccf0d29,st,0
C19d35e1da1711a16e51,ξ,5
C19d35e1da1962bb6cc5,sl,8
C19d35e1da1962bb6cc5,乱打,8
C19d35e1da1b8bbcd3a0,st,6
C19d35e1da1b8bbcd3a0,重発狂,6
C19d35e1da1f44b987aa,▽,9
C19d35e1da202a9d413b,▽,6
C19d35e1da218b6f92fa,ξ,7
C19d35e1da218b6f92fa,▽,4
C19d35e1da218b6f92fa,☆,4
C19d35e1da23858c3ef3,▼,7
C19d35e1da2404d93347,sr,11
C19d35e1da2404d93347,▽,11
C19d35e1da25c2d2543f,▽,6
C19d35e1da262a139936,dl,10
C19d35e1da262a139936,重発狂,10
C19d35e1da2720335b25,dl,12
C19d35e1da2720335b25,st,12
C19d35e1da2720335b25,重発狂,12
C19d35e1da298ddf14c0,SB,1
C19d35e1da2acb839e67,SB,0
C19d35e1da3a9aff41a8,fr,10
C19d35e1da4f1dc83c35,st,1
C19d35e1da4f1dc83c35,重発狂,0
C19d35e1da503244667e,★,5
C19d35e1da503244667e,乱打,4
C19d35e1da52c65ecd2b,★,15
C19d35e1da52c65ecd2b,乱打,11
C19d35e1da543c561c4a,★,13
C19d35e1da543c561c4a,乱打,9
C19d35e1da568792e1a6,重発狂,1
C19d35e1da6b247747ef,Ude,3
C19d35e1da6b247747ef,sl,3
C19d35e1da80e069de72,sl,5
C19d35e1da80e069de72,乱打,5
C19d35e1da9f85812783,Ude,4
C19d35e1da9f85812783,乱打,4
C19d35e1daa7eb7b8f0d,▼,1
C19d35e1dab376207780,ln,24
C19d35e1dab376207780,◆,25
C19d35e1dabd18716be5,▼,14
C19d35e1dac12d6ad6d5,◆,4
C19d35e1dacc1d77de24,★,3
C19d35e1dad7b7a0de19,▼,1
C19d35e1dad81f623e7f,sr,8
C19d35e1dad81f623e7f,▽,11
C19d35e1dad81f623e7f,☆,10
C19d35e1dad93bf73c77,★,5
C19d35e1dadf52359e4b,sr,2
C19d35e1dadf52359e4b,▽,8
C19d35e1dadf52359e4b,☆,6
C19d35e1dae08a3515e1,▼,11
C19d35e1dae25323299b,▽,5
C19d35e1dae69374c1bd,dl,2
C19d35e1dae7eb8c10b8,dl,-2
C19d35e1daeb478716f1,dl,8
C19d35e1daeb478716f1,st,8
C19d35e1daf104d3cc9d,双,4
C19d35e1db1633ce2f76,h◎,-1
C19d35e1db173ed92a4a,h◎,3
C19d35e1db22b9198fb9,▽,6
C19d35e1db236e3ff7d1,sr,8
C19d35e1db236e3ff7d1,▽,10
C19d35e1db2417fbebb9,fr,1
C19d35e1db2417fbebb9,▽,12+
C19d35e1db2417fbebb9,☆,13
C19d35e1db2583b665c0,★,5
C19d35e1db28b3dd56c2,★,15
C19d35e1db28b3dd56c2,乱打,9
C19d35e1db43a3b5ae45,★★,1
C19d35e1db459316c4c0,ξ,3
C19d35e1db58bb230a3b,dl,8
C19d35e1db6c9520f342,☆,8
C19d35e1db8c5b75672c,▽,11
C19d35e1db8dce32ab06,▽,9
C19d35e1db8e386c3ffb,▽,4
C19d35e1dbb279fd68d4,★,4
C19d35e1dbe685f6429e,sl,2
C19d35e1dbe71452be6e,st,1
C19d35e1dbe9691e9068,▼,5
C19d35e1dbed3ef55a69,sl,1
C19d35e1dbefbfbd8566,sr,8
C19d35e1dbefbfbd8566,▽,10
C19d35e1dbf0ca25f0da,sr,4
C19d35e1dbf0ca25f0da,▽,9
C19d35e1dbf158d4a120,▽,6
C19d35e1dbf2397f65b5,ξ,3
C19d35e1dbf2397f65b5,▽,2
C19d35e1dbf7c5b7509c,▼,1
C19d35e1dbf9aeaa147b,▼,21
C19d35e1dc01bf83676a,dy,0
C19d35e1dc071fe719f4,SB,1
C19d35e1dc071fe719f4,▽,11
C19d35e1dc0836293618,SB,-1
C19d35e1dc0836293618,▽,7
C19d35e1dc09b9f471bf,SB,6
C19d35e1dc09b9f471bf,so,9
C19d35e1dc09b9f471bf,▼,18
C19d35e1dc0a98defc43,▽,2
C19d35e1dc182c226529,双,3
C19d35e1dc294068d84c,▽,11
C19d35e1dc342c6dc5dd,st,3
C19d35e1dc482d4c1211,st,3
C19d35e1dc482d4c1211,重発狂,3
C19d35e1dc4f01bdf8f4,Ude,Ude2 (sub)
C19d35e1dc4f01bdf8f4,sl,2
C19d35e1dc63e7075a87,sr,6
C19d35e1dc66489461f4,Ude,0
C19d35e1dc66489461f4,sl,0
C19d35e1dc66489461f4,sr,11
C19d35e1dc6ee98d8777,双,2
C19d35e1dc6fefa96d4c,▽,11
C19d35e1dc701412b700,▽,4
C19d35e1dc73f4d0e863,Ude,2
C19d35e1dc73f4d0e863,sl,2
C19d35e1dc73f4d0e863,乱打,2
C19d35e1dc74d8dca967,▽,9
C19d35e1dc754b8605a4,sl,3
C19d35e1dc76ac284f98,▽,5
C19d35e1dc76ac284f98,☆,6
C19d35e1dc79cd34d4f4,st,1
C19d35e1dc79cd34d4f4,双,1
C19d35e1dc89e8947a2d,乱打,1
C19d35e1dc9059462247,▼,4
C19d35e1dc92bc0f670b,sl,0
C19d35e1dc92bc0f670b,乱打,0
C19d35e1dcb4141b41d9,sl,2
C19d35e1dcbaf81725af,☆,8
C19d35e1dcbd01aaa203,sn,7
C19d35e1dcc4e8545631,▼,18
C19d35e1dcc5f43c2238,▼,7
C19d35e1dcc8fdf2b4f1,▽,10
C19d35e1dcc9e11cd620,▽,6
C19d35e1dccb46dc3ab3,◆,16
C19d35e1dccb46dc3ab3,◆◆,3
C19d35e1dcccc19d5106,▼,4
C19d35e1dcd1c5eb4702,▽,5
C19d35e1dcd25394b3f6,▽,7
C19d35e1dcd3f72974c5,▽,10
C19d35e1dcd4e26c33d6,▼,5
C19d35e1dcd641bd079d,▼,20
C19d35e1dcd7ea0f8bff,▽,6
C19d35e1dcd81be08623,▽,8
C19d35e1dcd9ac72af17,▽,11
C19d35e1dcdaeb6fd908,▽,12+
C19d35e1dd36baedc06a,ξ,13
C19d35e1dd3712dfc23f,sl,4
C19d35e1dd50c6a9abd3,ξ,3
C19d35e1dd53db050e1e,ξ,11
C19d35e1dd55ae86d618,sl,5
C19d35e1dd56cca6d80e,st,7
C19d35e1dd57a2ede9f6,★,8
C19d35e1dd57a2ede9f6,乱打,5
C19d35e1dd58c9d68eb1,sl,10
C19d35e1dd58c9d68eb1,▼,16
C19d35e1dd58c9d68eb1,★,16
C19d35e1dd58c9d68eb1,乱打,11
C19d35e1dd59095a835a,★,20
C19d35e1dd59095a835a,重発狂,0
C19d35e1dd606e6909f0,▼,15
C19d35e1dd6619983046,st,4
C19d35e1dd6619983046,重発狂,4
C19d35e1dd682b28a483,sr,9
C19d35e1dd682b28a483,▽,10
C19d35e1dd6d598abfef,ln,22
C19d35e1dd6f7afe1265,sr,0
C19d35e1dd6f7afe1265,▽,6
C19d35e1dd73424bbb68,▽,5
C19d35e1dd745e1afa81,ln,19
C19d35e1dd75399834f7,st,0
C19d35e1dd75399834f7,重発狂,0
C19d35e1dd76db2c2168,h◎,7
C19d35e1dd77d02a0a71,▼,7
C19d35e1dd79b95859e3,ln,16
C19d35e1dd79b95859e3,◆◆,3
C19d35e1dd7ae6ac9306,双,6
C19d35e1dd80ccd36411,fr,9
C19d35e1dd812a529a9a,ξ,13
C19d35e1dd82e0c48809,sl,3
C19d35e1dd834fdef7ac,sr,9
C19d35e1ddbd90e914ce,dl,3
C19d35e1ddbd90e914ce,st,3
C19d35e1ddc849d8cfee,▼,0-
C19d35e1ddd6f3147c02,▼,10
C19d35e1dddf200ca56e,▽,8
C19d35e1dddf200ca56e,☆,8
C19d35e1dde29321e910,☆,10
C19d35e1dde7e6d57a41,◆,6
C19d35e1ddefd6fa3173,☆,7
C19d35e1ddf494026db8,Ude,2
C19d35e1ddf494026db8,sl,2
C19d35e1ddf8c6fff9f6,ξ,5
C19d35e1ddf99d1bf4a6,ξ,10
C19d35e1de12fa73df81,dy,0
C19d35e1de12fa73df81,st,5
C19d35e1de12fa73df81,双,4
C19d35e1de1efc57d1f8,★,7
C19d35e1de1efc57d1f8,乱打,4
C19d35e1de202a823768,★,8
C19d35e1de202a823768,乱打,7
C19d35e1de26138f4f01,h◎,8
C19d35e1de27903c6f19,★★,2
C19d35e1de2ee4e882c4,★,7
C19d35e1de2ee4e882c4,乱打,5
C19d35e1de38b5842b37,▼,2
C19d35e1de3bca7cd83f,sr,9
C19d35e1de3f8a14e804,◆◆,13
C19d35e1de403a0bd58e,◆,22
C19d35e1de4c7b889533,sl,12
C19d35e1de4c7b889533,乱打,12
C19d35e1de4dcbce975b,乱打,5
C19d35e1de54be699846,dl,6
C19d35e1de54be699846,dy,1
C19d35e1de54be699846,st,6
C19d35e1de696954e278,★,5
C19d35e1de6c31b80700,ξ,2
C19d35e1de6c31b80700,☆,1
C19d35e1de6e78850580,sr,0
C19d35e1de6fb17f2331,sr,8
C19d35e1de6fb17f2331,☆,10
C19d35e1de7a517fa24b,◆◆,9
C19d35e1de80970cfbc5,sl,8
C19d35e1de80970cfbc5,乱打,8
C19d35e1de893b8a97b2,sl,0
C19d35e1de893b8a97b2,sr,11
C19d35e1de8a47c66608,乱打,11
C19d35e1de9169bb27ce,sr,5
C19d35e1de98e37ddce7,ξ,10
C19d35e1deb4a55ca113,st,0
C19d35e1deb4a55ca113,重発狂,0
C19d35e1deb657b59aee,乱打,2
C19d35e1dec3461afdc8,★,23
C19d35e1dec708535583,★,14
C19d35e1dece61664ac1,◆,12
C19d35e1ded4d625e542,▽,10
C19d35e1ded5e46575ff,▽,7
C19d35e1ded6bee18273,▽,4
C19d35e1dedaab7dd02a,fr,11
C19d35e1def4d8c87151,sn,0
C19d35e1defa727b0930,fr,10
C19d35e1df18ffa4235a,st,2
C19d35e1df1c6a6103ac,☆,10
C19d35e1df239e71a55d,sl,6
C19d35e1df239e71a55d,▼,10
C19d35e1df24692a2643,▼,20
C19d35e1df24692a2643,重発狂,0
C19d35e1df2de3b25c94,▼,7
C19d35e1df2e3ebf808a,sr,13
C19d35e1df2e3ebf808a,▽,12-
C19d35e1df2f8e84e71e,▼,16
C19d35e1df305bdb3d3e,ξ,13
C19d35e1df305bdb3d3e,▽,7
C19d35e1df3302dc2e08,sl,11
C19d35e1df3302dc2e08,乱打,11
C19d35e1df343d31696e,st,9
C19d35e1df35fbe53729,sl,0
C19d35e1df35fbe53729,乱打,0
C19d35e1df3a079efc70,dl,5
C19d35e1df3a079efc70,★★,4
C19d35e1df464ca269d0,sr,7
C19d35e1df47d2bad314,sl,1
C19d35e1df4c46200eab,sl,3
C19d35e1df4c46200eab,乱打,3
C19d35e1df4d01301115,sl,11
C19d35e1df7c65edf1fe,▽,5
C19d35e1df7d35fbe4a1,▽,9
C19d35e1df7e1288895b,▼,1
C19d35e1df7f6b17883a,▼,3
C19d35e1df8dbcc61b8c,双,4
C19d35e1dfa1f2e20f6e,★,3
C19d35e1dfa62cb08de8,☆,7
C19d35e1dfab49ab136b,▽,12
C19d35e1dfac5a7bdeeb,▽,11
C19d35e1dfae4117484d,SB,0
C19d35e1dfae4117484d,sr,?
C19d35e1dfae4117484d,▽,10
C19d35e1dfaf6432ac2a,SB,7
C19d35e1dfaf6432ac2a,▼,18
C19d35e1dfb98b760c5a,乱打,3
C19d35e1dfbff3c6dc5c,▼,9
C19d35e1dfc4b362eb34,▽,11
C19d35e1dfc51abd63e2,▽,12+
C19d35e1dfc781c23a5c,▽,9
C19d35e1dfc8c03db0b1,ξ,7
C19d35e1dfc8c03db0b1,▽,4
C19d35e1dfe16870ade0,st,5
C19d35e1dfe16870ade0,重発狂,5
C19d35e1dfe4913dd74d,重発狂,4
C19d35e1e0146d29de08,☆,7
C19d35e1e02b82ecb3b3,sl,1
C19d35e1e02cd9d8e50e,sl,7
C19d35e1e02cd9d8e50e,乱打,7
C19d35e1e02dc8c49474,ξ,12
C19d35e1e02e89f72e94,sl,12
C19d35e1e02ff9fee797,dy,1
C19d35e1e02ff9fee797,st,6
C19d35e1e02ff9fee797,双,5
C19d35e1e044b6febcc6,ξ,9
C19d35e1e044b6febcc6,▽,5
C19d35e1e046e12b244e,sr,?
C19d35e1e046e12b244e,▽,10
C19d35e1e048285206db,▼,12
C19d35e1e0499f947565,▼,23
C19d35e1e04ec4822f8f,sl,11
C19d35e1e06002e13526,▽,1
C19d35e1e061ed4d5290,▽,6
C19d35e1e062ccbad818,sr,4
C19d35e1e062ccbad818,▽,9
C19d35e1e063b0707a54,▼,4
C19d35e1e06a4f574cc1,▽,11
C19d35e1e071b17f5d2d,★,7
C19d35e1e07a99af2f27,st,0
C19d35e1e07a99af2f27,重発狂,0
C19d35e1e07e7c8deafe,◆,7
C19d35e1e07f2352cdbd,◆,15
C19d35e1e0aa7f8ef84e,★,3
C19d35e1e0b5d4711f15,★,24
C19d35e1e0b5d4711f15,★★,4
C19d35e1e0bd70200991,▽,11
C19d35e1e0bec016ea37,★,19
C19d35e1e0c227d7b6c7,so,7
C19d35e1e0c870499d8c,ln,22
C19d35e1e0ca55688553,h◎,13
C19d35e1e0cb33bf743d,ln,25
C19d35e1e0ee0530942c,ξ,12
C19d35e1e0f319cd64f2,st,1
C19d35e1e0f319cd64f2,重発狂,0
C19d35e1e0f47ed28348,dl,7
C19d35e1e0f47ed28348,dy,2
C19d35e1e108358dbfe7,☆,10
C19d35e1e1183566b6a4,ξ,13
C19d35e1e11a89456f45,h◎,3
C19d35e1e11ccea7238f,sl,2
C19d35e1e122bc8c6bb7,双,4
C19d35e1e13bbc61b037,st,2
C19d35e1e144f76ac860,☆,4
C19d35e1e153c198df12,st,3
C19d35e1e153c198df12,重発狂,3
C19d35e1e15d857b2179,☆,13
C19d35e1e16732250eed,☆,11
C19d35e1e173cdd7cd10,▼,14
C19d35e1e18e91f3c5c4,◆,5
C19d35e1e18fcfb00fbc,▽,4
C19d35e1e191596a5da4,ξ,6
C19d35e1e192ada8449f,sr,3
C19d35e1e192ada8449f,☆,7
C19d35e1e1960966b6c5,▼,1
C19d35e1e19d9d1660f9,Ude,6
C19d35e1e19d9d1660f9,★,9
C19d35e1e1a19323748b,Ude,6
C19d35e1e1a19323748b,sl,6
C19d35e1e1a27be78ea7,st,1
C19d35e1e1a27be78ea7,双,1
C19d35e1e1afd80f2c6c,双,2
C19d35e1e1d2234ce04f,双,4
C19d35e1e1d34e51cc5f,◆,4
C19d35e1e1d70fa67aec,sl,1
C19d35e1e1e0b87c9b05,▼,12
C19d35e1e1e1388bed81,ξ,7
C19d35e1e1e1388bed81,▽,4
C19d35e1e1e2382e023e,sr,13
C19d35e1e1e2382e023e,▽,12-
C19d35e1e1e32fac86d7,▼,4
C19d35e1e1e4e2635b12,sr,7
C19d35e1e1e4e2635b12,▽,10
C19d35e1e1e5c100d41b,sr,1
C19d35e1e1e5c100d41b,▽,7
C19d35e1e1ea5d436f01,sl,4
C19d35e1e242c31e83dd,sr,10
C19d35e1e242c31e83dd,▽,11
C19d35e1e247977da63b,▽,4
C19d35e1e24bbd8fcd33,sr,3
C19d35e1e24bbd8fcd33,▽,8
C19d35e1e24bbd8fcd33,☆,8
C19d35e1e2521ff5bb75,▽,12+
C19d35e1e2521ff5bb75,★,2
C19d35e1e2572cee3cad,▽,5
C19d35e1e25b1fd0924c,◆,8
C19d35e1e25f8e259519,sr,13
C19d35e1e262094ffcca,st,3
C19d35e1e262094ffcca,重発狂,3
C19d35e1e264f918a205,sr,5
C19d35e1e26a3e4a36ad,sl,2
C19d35e1e26b0e2d31ef,Ude,Ude4 (sub)
C19d35e1e26b0e2d31ef,sl,4
C19d35e1e26d3140e386,重発狂,2
C19d35e1e26f2e229621,st,8
C19d35e1e26f2e229621,重発狂,8
C19d35e1e2721111a3e7,★★,3
C19d35e1e2721111a3e7,重発狂,3
C19d35e1e27361eed444,dy,2
C19d35e1e27361eed444,重発狂,7
C19d35e1e27b4b5c8218,h◎,11
C19d35e1e29b4dbe067f,▽,6
C19d35e1e29c3267a480,▽,10
C19d35e1e29db9b7380c,▼,8
C19d35e1e2c4548162e5,◆,6
C19d35e1e2c54fd03f75,◆,4
C19d35e1e2d712fe9bca,h◎,13
C19d35e1e2dca041f00d,★★,4
C19d35e1e2dd7f68804f,★,10
C19d35e1e2dfe49b1842,dl,1
C19d35e1e2dfe49b1842,st,1
C19d35e1e2e00d8540ff,▼,22
C19d35e1e2e7a979d583,sr,7
C19d35e1e2e7a979d583,☆,10
C19d35e1e2e825a11729,▼,1
C19d35e1e2e825a11729,★,1
C19d35e1e2e9ba49af82,★★,3
C19d35e1e2ecebe286b6,▽,5
C19d35e1e2ee433af606,◆,7
C19d35e1e2f053d1b1d9,sr,1
C19d35e1e2f053d1b1d9,▽,8
C19d35e1e2f2751baefc,dl,9
C19d35e1e2f2751baefc,st,9
C19d35e1e2f8b12c78a3,◆,19
C19d35e1e2f8b12c78a3,◆◆,6
C19d35e1e32c42c82b2f,★,4
C19d35e1e32c42c82b2f,乱打,1
C19d35e1e32e82e05681,★,9
C19d35e1e32e82e05681,乱打,4
C19d35e1e330ee865383,★,13
C19d35e1e330ee865383,乱打,6
C19d35e1e33ab6df96c5,▽,3
C19d35e1e33bd907b495,▽,6
C19d35e1e33d81055dec,▽,9
C19d35e1e33e3a642c92,▽,11+
C19d35e1e36bb1197533,sl,3
C19d35e1e36bb1197533,▼,4
C19d35e1e3745448fad6,◆,3
C19d35e1e37522e3eeca,◆,13
C19d35e1e385c388a6ce,▽,10
C19d35e1e386e8270575,▽,1
C19d35e1e3875e15cf3d,▽,6
C19d35e1e388dd5a0fa2,▽,2
C19d35e1e3b4c321d4ed,▽,12-
C19d35e1e3e7d4edcfee,★,2
C19d35e1e3ea6667cf36,ln,21
C19d35e1e3f892030439,h◎,14
C19d35e1e3f995090bcc,h◎,15
C19d35e1e40b7650bead,★,7
C19d35e1e40e95313d3c,▼,24
C19d35e1e40e95313d3c,★,24
C19d35e1e41052301152,dl,-2
C19d35e1e41052301152,sl,10
C19d35e1e41052301152,▼,15
C19d35e1e411a5a38d72,dl,1
C19d35e1e411a5a38d72,st,1
C19d35e1e41f54a772da,sl,0
C19d35e1e41f54a772da,sr,13
C19d35e1e41f54a772da,▽,12-
C19d35e1e421f6de94f0,dl,7
C19d35e1e4226b2e4d93,st,10
C19d35e1e4238d348747,◆,8
C19d35e1e424377b771f,ln,16
C19d35e1e4264409fbbe,sr,2
C19d35e1e4264409fbbe,▽,8
C19d35e1e42885c1cca0,▽,4
C19d35e1e439145a714c,dl,11
C19d35e1e439145a714c,st,11
C19d35e1e43bdf81dfc6,◆,23
C19d35e1e43ce0291c3a,▼,6
C19d35e1e459232e444b,◆,12
C19d35e1e4679b0849d3,so,8
C19d35e1e4679b0849d3,▼,14
C19d35e1e47742d7a270,dy,？
C19d35e1e47af62e7465,st,4
C19d35e1e47af62e7465,重発狂,4
C19d35e1e48a11cef8dd,st,4
C19d35e1e48a11cef8dd,双,3
C19d35e1e496ffd46f39,☆,8
C19d35e1e49d9015c180,▼,8
C19d35e1e49e24fd2537,▽,12-
C19d35e1e4a59839fef6,▽,9
C19d35e1e4a59839fef6,☆,9
C19d35e1e4a69d6b0077,▼,14
C19d35e1e4a731e41930,dl,3
C19d35e1e4a731e41930,st,3
C19d35e1e4a85a330d02,▽,7
C19d35e1e4aa8e3ff07c,dy,4
C19d35e1e4aa8e3ff07c,st,9
C19d35e1e4aa8e3ff07c,双,5
C19d35e1e4ac24efee4b,▼,4
C19d35e1e4adca0cb5ee,▼,10
C19d35e1e4ce2ce07fa3,st,1
C19d35e1e4f2722f16fd,◆,2
C19d35e1e4f6febe7a36,◆◆,1
C19d35e1e4f92e5f615a,sl,2
C19d35e1e4fb8a8a880f,ξ,11
C19d35e1e5181e93eb6c,▽,12
C19d35e1e519c170d202,▽,10
C19d35e1e51a8861cb9c,▼,16
C19d35e1e51b4ee58c1e,▽,6
C19d35e1e51c44a45db2,▽,10
C19d35e1e51d4fabbf39,▽,8
C19d35e1e5235858c278,▽,5
C19d35e1e54d93c3e664,st,6
C19d35e1e55394e25dfa,ln,22
C19d35e1e55394e25dfa,◆,22
C19d35e1e55b599c5099,ξ,3
C19d35e1e55b599c5099,▽,1
C19d35e1e55c2a56301f,▽,6
C19d35e1e55d125937e1,▽,9
C19d35e1e55ee1e4d3f2,▽,11+
C19d35e1e560f5ce2650,sl,8
C19d35e1e560f5ce2650,▼,14
C19d35e1e56299eb8b9f,▼,8
C19d35e1e57d22e7959d,dl,4
C19d35e1e57d22e7959d,st,4
C19d35e1e583b59abeac,★,10
C19d35e1e586fe6faad1,sr,11
C19d35e1e589343d47c8,sr,2
C19d35e1e58af0fee69e,ξ,10
C19d35e1e58ba9954080,sl,3
C19d35e1e58ba9954080,乱打,3
C19d35e1e5ab58c854d5,sr,8
C19d35e1e5aeb219fe7c,sr,2
C19d35e1e5af69c3aff5,ξ,6
C19d35e1e5b4c3db67af,sl,6
C19d35e1e5c8b5d84230,SB,2
C19d35e1e5f8377ef7ef,▽,6
C19d35e1e5fd15a6f6e7,▽,11
C19d35e1e605f77931ec,▽,9
C19d35e1e611e711947f,▼,1
C19d35e1e611e711947f,乱打,2
C19d35e1e61271619cd5,乱打,4
C19d35e1e61c526eb4a6,sr,3
C19d35e1e61d11e76942,sl,0
C19d35e1e61d11e76942,sr,13
C19d35e1e61e72987727,★,17
C19d35e1e61f6da1d9d7,dl,3
C19d35e1e61f6da1d9d7,st,3
C19d35e1e62f5a47d4e4,▼,0-
C19d35e1e62f5a47d4e4,乱打,0
C19d35e1e631de20179d,st,3
C19d35e1e631de20179d,双,3
C19d35e1e634e5434393,▽,8
C19d35e1e635566f00ac,▼,1
C19d35e1e6651e851e2f,st,6
C19d35e1e6651e851e2f,双,4
C19d35e1e668108afedc,sl,2
C19d35e1e668108afedc,★,5
C19d35e1e673ada8651f,st,4
C19d35e1e673ada8651f,重発狂,4
C19d35e1e67c54be8cc8,★,21
C19d35e1e67c54be8cc8,★★,1
C19d35e1e683ab075c63,st,7
C19d35e1e6842c34d58b,dl,dl5 (sub)
C19d35e1e68e622a9f79,★,13
C19d35e1e69502c0799c,sr,12
C19d35e1e69502c0799c,▼,0-
C19d35e1e69502c0799c,☆,11
C19d35e1e69502c0799c,乱打,0
C19d35e1e6a31cc3db20,sr,8
C19d35e1e6ae7912b6d1,◆,10
C19d35e1e6b98cf89ade,重発狂,0
C19d35e1e6be35c95df4,乱打,6
C19d35e1e6d32f050836,★,14
C19d35e1e6d464964ec4,h◎,15
C19d35e1e6d6622656e0,★★,4
C19d35e1e6e5cb522f85,★,8
C19d35e1e6e9dfcd7755,★,14
C19d35e1e7063ca194aa,so,8
C19d35e1e7063ca194aa,▼,13
C19d35e1e7071ab3e9aa,▽,11
C19d35e1e708cd90d1fd,▽,4
C19d35e1e70ace02edbb,▽,9
C19d35e1e70bdcb580a0,▽,7
C19d35e1e70cba19995c,sl,1
C19d35e1e710419ad516,dy,0
C19d35e1e710419ad516,st,5
C19d35e1e730c97a9d08,ξ,5
C19d35e1e7341da91949,sl,9
C19d35e1e7341da91949,乱打,9
C19d35e1e7350e58713d,乱打,10
C19d35e1e73665cebd29,重発狂,2
C19d35e1e738c1334252,▽,10
C19d35e1e73928906fa8,▽,3
C19d35e1e73a32eb62c7,▽,8
C19d35e1e73b40eda8ab,▽,6
C19d35e1e743ce3ccb5b,sl,0
C19d35e1e743ce3ccb5b,sr,12
C19d35e1e743ce3ccb5b,乱打,0
C19d35e1e74504c241ef,双,2
C19d35e1e7460792f38f,sr,1
C19d35e1e7589e46f1a1,sl,3
C19d35e1e7599008ac2a,sr,7
C19d35e1e75af268c5ef,ξ,13
C19d35e1e762c6dd3bb9,sr,8
C19d35e1e766c213d4b3,sn,4
C19d35e1e7677d001a68,sl,5
C19d35e1e7677d001a68,乱打,5
C19d35e1e76b8c0b5d16,★,7
C19d35e1e76b8c0b5d16,乱打,5
C19d35e1e76d518f1370,sl,1
C19d35e1e77e1e460e1c,☆,10
C19d35e1e77fc33d6972,ξ,1
C19d35e1e781d29a3a88,ξ,6
C19d35e1e79c18f457b2,▼,11
C19d35e1e7aa2c376e9b,▽,11
C19d35e1e7aa2c376e9b,☆,11
C19d35e1e7af0626bc3e,▽,8
C19d35e1e7b1a4146962,★,3
C19d35e1e7b7e7fff2fa,▽,5
C19d35e1e7b90004d19b,st,0
C19d35e1e7b90004d19b,双,1
C19d35e1e7be3702b9d3,sl,11
C19d35e1e7be3702b9d3,▼,17
C19d35e1e7c0780bb927,▽,11
C19d35e1e7c2126ddbc5,▽,7
C19d35e1e7c4e66f2973,▼,17
C19d35e1e7c5590b9987,▼,5
C19d35e1e7c821d40559,ξ,12
C19d35e1e7c92a29c4f4,ln,19
C19d35e1e7c92a29c4f4,◆◆,7
C19d35e1e7d0bcc9e8dc,▼,5
C19d35e1e7deaa8d492e,▽,12+
C19d35e1e7e001f95158,so,9
C19d35e1e7e001f95158,▼,13
C19d35e1e7e16e71e9f6,▽,10
C19d35e1e7e2e0387de7,▽,6
C19d35e1e7f4c92b7dff,☆,10
C19d35e1e7f5d5ab61d0,★,10
C19d35e1e7fbf5ac836a,◆◆,10
C19d35e1e8000128f7b4,sr,12
C19d35e1e8000128f7b4,▽,11+
C19d35e1e801b9727104,sr,9
C19d35e1e801b9727104,▽,10
C19d35e1e8039dbabe56,▼,7
C19d35e1e8049f308d81,▼,9
C19d35e1e80562088694,sr,0
C19d35e1e80562088694,▽,6
C19d35e1e817a22858c8,▽,5
C19d35e1e818eea6dcec,▽,7
C19d35e1e819fbc20732,sr,1
C19d35e1e819fbc20732,▽,8
C19d35e1e81b7542d987,sr,9
C19d35e1e81b7542d987,▽,11
C19d35e1e81c3d28427f,sr,13
C19d35e1e81c3d28427f,▽,12
C19d35e1e81d203dddd7,▼,10
C19d35e1e81ebe88132b,dl,11
C19d35e1e81ebe88132b,dy,6
C19d35e1e81fcdda73ff,dl,9
C19d35e1e81fcdda73ff,dy,4
C19d35e1e81fcdda73ff,st,9
C19d35e1e83edfd82ab0,st,2
C19d35e1e83f9e6ad667,st,5
C19d35e1e83f9e6ad667,双,4
C19d35e1e8414ac3d0b2,sl,7
C19d35e1e8414ac3d0b2,乱打,7
C19d35e1e8423e376f89,sr,10
C19d35e1e843c427aa8e,sr,7
C19d35e1e844f38c4c84,ξ,13
C19d35e1e84750b775b9,◆,15
C19d35e1e849100ccaa5,sl,0
C19d35e1e85dc85f47f0,st,4
C19d35e1e87557df630e,★,10
C19d35e1e881e708689d,▼,1
C19d35e1e881e708689d,▽,12
C19d35e1e881e708689d,☆,12
C19d35e1e8851a5c1796,sl,8
C19d35e1e8887524e7ce,sl,2
C19d35e1e8897fcf8402,sr,5
C19d35e1e8897fcf8402,▽,9
C19d35e1e88e1be9d55b,▽,5
C19d35e1e898c24713ca,★,17
C19d35e1e89ceb55943c,h◎,0
C19d35e1e8ac8619f521,☆,7
C19d35e1e8ca1ee7ffa4,h◎,3
C19d35e1e903191f1e4f,sr,6
C19d35e1e916dfc23538,ln,18
C19d35e1e92b78e30e11,▼,1
C19d35e1e9375498d98c,st,6
C19d35e1e93bc215bb7a,dl,7
C19d35e1e93bc215bb7a,st,7
C19d35e1e945287d671a,ξ,6
C19d35e1e949a4be52ec,sl,1
C19d35e1e94eba799202,dy,1
C19d35e1e94eba799202,双,4
C19d35e1e964d4301f44,sl,4
C19d35e1e9659e52b011,st,2
C19d35e1e9659e52b011,双,2
C19d35e1e970a1b3b927,▼,6
C19d35e1e971a4cc4050,▽,10
C19d35e1e972efa85878,▽,7
C19d35e1e97db86d936b,fr,3
C19d35e1e99021dca953,▽,11
C19d35e1e991ff22cbea,▽,10
C19d35e1e991ff22cbea,☆,10
C19d35e1e993eeb9a4c3,▽,8
C19d35e1e995d3cb7949,▽,6
C19d35e1e995d3cb7949,☆,6
C19d35e1e99ba754bfe2,★,3
C19d35e1e9a1b8778b87,sl,3
C19d35e1e9a20620e100,sl,0
C19d35e1e9a20620e100,sr,12
C19d35e1e9a20620e100,▽,11+
C19d35e1e9a3acece49f,▼,5
C19d35e1e9a3acece49f,★,5
C19d35e1e9a935cd5d76,sr,4
C19d35e1e9a935cd5d76,▽,9
C19d35e1e9aa39921401,▽,5
C19d35e1e9bd02b29818,sr,9
C19d35e1e9be39f13ebd,ξ,13
C19d35e1e9bfd51da801,sl,5
C19d35e1e9ce834da3f3,双,4
C19d35e1e9e5ef8445b7,▽,11+
C19d35e1e9f15876f4f7,sr,6
C19d35e1e9f214feb905,sl,1
C19d35e1e9f4fae6c6bc,st,4
C19d35e1e9f4fae6c6bc,双,3
C19d35e1e9f86698ca3a,sl,2
C19d35e1e9f86698ca3a,▼,3
C19d35e1e9f86698ca3a,乱打,2
C19d35e1ea006247d9bb,sl,0
C19d35e1ea006247d9bb,sr,12
C19d35e1ea006247d9bb,▽,11+
C19d35e1ea006247d9bb,乱打,0
C19d35e1ea019f63e437,ξ,3
C19d35e1ea019f63e437,▽,3
C19d35e1ea0211ee7257,st,1
C19d35e1ea0211ee7257,双,1
C19d35e1ea03ae608f16,sr,3
C19d35e1ea03ae608f16,▽,8
C19d35e1ea04253d418b,▼,11
C19d35e1ea0534b1554e,ξ,6
C19d35e1ea0534b1554e,▽,4
C19d35e1ea162fea96e1,▼,0
C19d35e1ea18fc1d6a3e,▽,10
C19d35e1ea19e77c594b,ξ,12
C19d35e1ea19e77c594b,▽,6
C19d35e1ea1a979a099f,sl,8
C19d35e1ea1a979a099f,▼,15
C19d35e1ea1b7367ccaa,st,9
C19d35e1ea1ce99fd375,▼,22
C19d35e1ea29e0315a9a,▼,23
C19d35e1ea2ad7d04986,▽,11+
C19d35e1ea2bcaa0ff83,▽,5
C19d35e1ea2c39e231c5,▼,14
C19d35e1ea3694fb8178,st,5
C19d35e1ea39824eb2a2,★,6
C19d35e1ea49d8b9ca82,h◎,4
C19d35e1ea52f8bb5ad9,▼,4
C19d35e1ea5c697c1f8a,▽,6
C19d35e1ea5de89575a9,▽,10
C19d35e1ea5eb0b3535e,▽,12-
C19d35e1ea5fcf781b25,▼,15
C19d35e1ea6e2aae6fb7,▽,11
C19d35e1ea6fc8257290,▼,5
C19d35e1ea70891a256c,dy,5
C19d35e1ea712228a3d6,▽,7
C19d35e1ea74fa2e2644,▽,4
C19d35e1ea80a95a7b41,sl,1
C19d35e1ea80a95a7b41,▽,12-
C19d35e1ea8171a2149b,dl,2
C19d35e1ea8171a2149b,st,2
C19d35e1ea828924a306,ξ,2
C19d35e1ea828924a306,▽,1
C19d35e1ea8556e04fcc,sr,1
C19d35e1ea8556e04fcc,▽,8
C19d35e1ea86bdad9f1d,sl,7
C19d35e1ea871ac0cf9a,ξ,6
C19d35e1ea871ac0cf9a,▽,3
C19d35e1ea885e046654,dl,5
C19d35e1ea885e046654,st,5
C19d35e1ea8c5c205754,▽,11
C19d35e1ea8d4fc2820e,双,2
C19d35e1ea8f401b7504,▽,8
C19d35e1ea92f8bed74a,▽,7
C19d35e1ea95eb8e06d0,SB,1
C19d35e1ea9718dc94bd,SB,0
C19d35e1ea980ad6d9ba,SB,4
C19d35e1ea9bdc1ef046,SB,-1
C19d35e1ea9d6fc5cd16,sl,12
C19d35e1ea9d6fc5cd16,乱打,12
C19d35e1ead2341da92f,◆,23
C19d35e1ead9be7abaca,▽,7
C19d35e1eadab2a26dfd,★,17
C19d35e1eadb7ec28985,▽,9
C19d35e1eadcc6a32651,SB,1
C19d35e1eadcc6a32651,▽,11+
C19d35e1eadd6fb7617f,SB,7
C19d35e1eadd6fb7617f,▼,18
C19d35e1eae9ab281207,sr,13
C19d35e1eaea96ba030f,dy,1
C19d35e1eaea96ba030f,st,6
C19d35e1eaebeefbf1fd,st,0
C19d35e1eaec91c0ae6a,sr,8
C19d35e1eaeefa8014ff,sl,3
C19d35e1eaf9f8d7465c,★,10
C19d35e1eafdd56d151f,ln,26
C19d35e1eafdd56d151f,◆,26
C19d35e1eb0238a01ac2,st,7
C19d35e1eb0238a01ac2,重発狂,7
C19d35e1eb0570e89277,sr,12
C19d35e1eb06ee9cdce8,sr,4
C19d35e1eb1194935aaf,dy,0
C19d35e1eb1194935aaf,st,5
C19d35e1eb1194935aaf,重発狂,5
C19d35e1eb182beb3dab,乱打,5
C19d35e1eb1b8eca446b,★,8
C19d35e1eb39556ce5ca,st,4
C19d35e1eb39556ce5ca,双,2
C19d35e1eb4166ed6067,▼,2
C19d35e1eb56fea1329e,sr,13
C19d35e1eb56fea1329e,▼,0
C19d35e1eb56fea1329e,☆,12
C19d35e1eb574c05ef1a,★,12
C19d35e1eb574c05ef1a,乱打,8
C19d35e1eb5c00092fef,dl,dl6 (sub)
C19d35e1eb5d74bd9c65,st,1
C19d35e1eb5d74bd9c65,重発狂,1
C19d35e1eb60ef847069,sr,7
C19d35e1eb60ef847069,▽,10
C19d35e1eb628447672f,★,4
C19d35e1eb628447672f,乱打,2
C19d35e1eb65671eb4fe,▽,6
C19d35e1eb745dda4ea8,▼,16
C19d35e1eb7dc972d304,▼,13
C19d35e1eb864a9d5085,h◎,-1
C19d35e1eb8790894f68,★★,6
C19d35e1eb8f75a95877,st,3
C19d35e1eb8f75a95877,重発狂,4
C19d35e1eb915df76c1b,sl,11
C19d35e1eb915df76c1b,乱打,11
C19d35e1eb922d01a6fc,st,7
C19d35e1eb9ed87db921,SB,2
C19d35e1ebaee895d8c5,▼,22
C19d35e1ebb0339e5df8,▼,3
C19d35e1ebb1eebba936,▼,19
C19d35e1ebb3b6f09b25,▽,9
C19d35e1ebb4f8807391,st,5
C19d35e1ebb4f8807391,双,5
C19d35e1ebb5c1191751,▼,12
C19d35e1ebb5c1191751,★,12
C19d35e1ebb6e1057083,▽,7
C19d35e1ebbda8ee8ead,双,4
C19d35e1ebc59c3f0f03,ξ,7
C19d35e1ebc9156079f8,▼,9
C19d35e1ebca23cad027,sl,4
C19d35e1ebdcc7d876f0,sr,?
C19d35e1ebdebe7211bd,▼,2
C19d35e1ebe429a0d0a1,双,4
C19d35e1ebe61c8b2df4,sr,?
C19d35e1ebeae62c97b3,ln,13
C19d35e1ebec23f68a0a,sr,1
C19d35e1ebed0fa144f4,dl,-2
C19d35e1ebeeef737ff9,★★,5
C19d35e1ebeeef737ff9,双,6
C19d35e1ebf0bcae4e4e,★,12
C19d35e1ebf171798067,ξ,12
C19d35e1ebf6074f1c48,fr,6
C19d35e1ec156ed0641e,▽,11
C19d35e1ec16fe551ab0,▼,7
C19d35e1ec1bc7fa7d88,◆,15
C19d35e1ec2f1f116a94,sr,1
C19d35e1ec30484c0499,sr,13
C19d35e1ec3152efd500,▼,4
C19d35e1ec334527840c,sr,10
C19d35e1ec3983e93951,st,2
C19d35e1ec403f0d2f56,sl,5
C19d35e1ec43179096a4,sr,11
C19d35e1ec45d5b9b4a0,st,1
C19d35e1ec4665d40e90,sr,4
C19d35e1ec4f96df5973,st,7
C19d35e1ec6a41b4d9db,Ude,3
C19d35e1ec808e10e011,◆,19
C19d35e1ec846dd45dca,★,12
C19d35e1ec8779924f4d,▼,0-
C19d35e1ec8b7ac04136,sl,7
C19d35e1ec93ec53d32a,st,2
C19d35e1eca897a5cb58,sr,8
C19d35e1eca897a5cb58,▽,9
C19d35e1ecac26c2d470,▽,4
C19d35e1ecb065bbb09f,h◎,-1
C19d35e1ecb378fd06c0,◆,9
C19d35e1ecb672169710,双,0
C19d35e1ecb7185d279f,sr,13
C19d35e1ecb7185d279f,▼,0-
C19d35e1ecb80df0187b,dl,5
C19d35e1ecb80df0187b,st,5
C19d35e1ecb903185181,▽,6
C19d35e1ecb903185181,☆,6
C19d35e1ecbc9827e577,★,3
C19d35e1ecbdc5de771f,dl,3
C19d35e1ecbdc5de771f,★★,3
C19d35e1ecc234156e4c,▼,20
C19d35e1ecca3202a185,Ude,6
C19d35e1ecca3202a185,sl,6
C19d35e1ecca3202a185,乱打,6
C19d35e1eccf1c05722b,h◎,2
C19d35e1ecd1ce9ff4e4,双,6
C19d35e1ecd20c38434d,sr,?
C19d35e1ecd43031c9f9,sr,?
C19d35e1ece3c05344fd,▽,6
C19d35e1ece524b2e0ed,▽,10
C19d35e1ece524b2e0ed,☆,10
C19d35e1ece77b5a9f03,▼,4
C19d35e1ece77b5a9f03,★,4
C19d35e1eceba0b540b9,▼,9
C19d35e1ecec32ab2808,▼,19
C19d35e1ecfad144c9c9,▼,23
C19d35e1ecffad2ad75f,ln,17
C19d35e1ecffad2ad75f,◆◆,4
C19d35e1ed00ffe21756,★,16
C19d35e1ed04547e70b3,▼,12
C19d35e1ed0bac932cad,sr,2
C19d35e1ed0d4d7cbf26,sr,11
C19d35e1ed22954710b4,so,8
C19d35e1ed41a3d92b7d,▼,19
C19d35e1ed42da8e6815,▼,14
C19d35e1ed436a505194,▼,6
C19d35e1ed44cc4a9911,▽,10
C19d35e1ed5bf54101ad,▼,3
C19d35e1ed5fd6970bbe,▽,10
C19d35e1ed649b98664b,双,5
C19d35e1ed6575a418d7,◆,17
C19d35e1ed66297a4093,★★,2
C19d35e1ed67c2c42e80,▼,7
C19d35e1ed6a2925e19c,▼,17
C19d35e1ed6cfee4f886,▼,16
C19d35e1ed6cfee4f886,★,16
C19d35e1ed79cb875d1c,★★,4
C19d35e1ed7dffb4a781,▼,21
C19d35e1ed8ceb5d077a,▽,7
C19d35e1edada110d023,dy,5
C19d35e1edada110d023,st,10
C19d35e1edafa9db3a19,so,9
C19d35e1edca5e5b4bf3,ξ,1
C19d35e1edcc54bfe761,sr,5
C19d35e1edcd0fad4998,sr,11
C19d35e1edd67c9dab9c,st,2
C19d35e1edd67c9dab9c,重発狂,2
C19d35e1edd9233f8251,ln,8
C19d35e1eddcc2d632e5,sl,3
C19d35e1eddf4c744ed8,sl,11
C19d35e1eddf4c744ed8,乱打,11
C19d35e1ede423734ab9,so,4
C19d35e1ede97cfcf549,sn,0
C19d35e1edeafd4adec0,☆,8
C19d35e1edfba0fbc22c,乱打,5
C19d35e1ee2b5f8502be,sl,6
C19d35e1ee2c051c5eb6,◆,11
C19d35e1ee391d79f83e,Ude,0
C19d35e1ee391d79f83e,sl,0
C19d35e1ee3cf865e1c3,so,10
C19d35e1ee3cf865e1c3,▼,15
C19d35e1ee5174a504b6,ξ,9
C19d35e1ee535c3a5fb8,▼,3
C19d35e1ee5586bc8a5b,◆◆,4
C19d35e1ee5afc2e23e6,st,2
C19d35e1ee5afc2e23e6,双,1
C19d35e1ee5b63423749,▽,2
C19d35e1ee5c2653362c,☆,4
C19d35e1ee7464a98038,☆,6
C19d35e1ee754c1184d5,ln,10
C19d35e1ee754c1184d5,◆,10
C19d35e1eea1008e49cf,sr,8
C19d35e1eea1008e49cf,▽,10
C19d35e1eea1008e49cf,☆,10
C19d35e1eea241ebbd76,sr,4
C19d35e1eea241ebbd76,▽,9
C19d35e1eea3ae882863,▽,6
C19d35e1eea68613e814,sl,0
C19d35e1eea68613e814,sr,12
C19d35e1eea68613e814,▽,12
C19d35e1eea7d3d7f7c8,▽,2
C19d35e1eea814ae28fa,st,1
C19d35e1eea814ae28fa,重発狂,1
C19d35e1eeaa12782706,sr,8
C19d35e1eeaa12782706,▽,10
C19d35e1eeac919a7448,sl,6
C19d35e1eeadf1db8a1d,▽,5
C19d35e1eeafbcf2c821,▼,8
C19d35e1eeb0bfb1fb02,▼,9
C19d35e1eebe5e9aba32,sr,12
C19d35e1eec1a032e403,sr,?
C19d35e1eef179d26739,sl,0
C19d35e1eef44671ed1d,☆,10
C19d35e1eef7ea920a4e,sl,5
C19d35e1eef7ea920a4e,乱打,5
C19d35e1eef871e2ee96,st,4
C19d35e1eef871e2ee96,重発狂,4
C19d35e1eef96aed930f,★,10
C19d35e1ef123ae54c66,★,5
C19d35e1ef15a8cad1cc,so,2
C19d35e1ef20a38a73e6,☆,11
C19d35e1ef23a07ea5ee,☆,8
C19d35e1ef28b6aff50d,SB,6
C19d35e1ef28b6aff50d,h◎,8
C19d35e1ef2cec35ad06,▼,13
C19d35e1ef3f8d4921c1,sl,0
C19d35e1ef3f8d4921c1,乱打,0
C19d35e1ef40067f6516,ξ,1
C19d35e1ef45d8435b6e,st,3
C19d35e1ef45d8435b6e,重発狂,3
C19d35e1ef7bd49cc946,▼,22
C19d35e1ef7dc56ff32a,SB,9
C19d35e1ef8665a94fa9,ξ,7
C19d35e1ef8e26bafb4f,ξ,13
C19d35e1ef8fc4eb60a8,ξ,7
C19d35e1ef92e2664091,ξ,3
C19d35e1ef92e2664091,▽,3
C19d35e1ef9370cb6c0f,ξ,12
C19d35e1ef9370cb6c0f,▽,6
C19d35e1ef94a8e79c7c,▽,5
C19d35e1efab999ee1b0,★,1
C19d35e1efab999ee1b0,乱打,1
C19d35e1efe196bd5041,▽,7
C19d35e1efe402a4adcb,☆,11
C19d35e1efee61bdd7ba,乱打,8
C19d35e1efef26fef61d,重発狂,2
C19d35e1eff030f0a575,乱打,3
C19d35e1eff189e774f7,st,0
C19d35e1eff189e774f7,重発狂,0
C19d35e1efff64bc7ed6,dl,-1
C19d35e1f000e85e4532,dl,削除
C19d35e1f000e85e4532,★★,3
C19d35e1f0056b881ea5,乱打,3
C19d35e1f01e3a41ef1b,so,9
C19d35e1f01f2f052333,sl,2
C19d35e1f01f2f052333,▼,3
C19d35e1f02418085845,Ude,0
C19d35e1f02418085845,sl,0
C19d35e1f0321203a4a5,ξ,7
C19d35e1f037c47095a8,★,11
C19d35e1f037c47095a8,乱打,5
C19d35e1f038a892765a,sl,10
C19d35e1f038a892765a,乱打,10
C19d35e1f0582345def5,fr,6
C19d35e1f09c3ff952cd,st,1
C19d35e1f0a2a6d96373,dl,4
C19d35e1f0a2a6d96373,★★,2
C19d35e1f0a3df7e1631,ξ,7
C19d35e1f0a6fc88d93a,ξ,12
C19d35e1f0a732a7ef4b,☆,7
C19d35e1f0b18efa5bbc,★,22
C19d35e1f0b18efa5bbc,★★,2
C19d35e1f0b18efa5bbc,双,2
C19d35e1f0ba33522387,sl,3
C19d35e1f0ba33522387,乱打,3
C19d35e1f0bf5feb4767,◆,21
C19d35e1f0c137a98a5b,◆,10
C19d35e1f0c3b4ceec64,sr,8
C19d35e1f0ca933c68f5,sr,4
C19d35e1f0d53019c5e5,★,2
C19d35e1f0d53019c5e5,乱打,2
C19d35e1f0d6ddc43fdc,sr,12
C19d35e1f0e79b1f6023,▼,18
C19d35e1f1107b62b154,ln,26
C19d35e1f111904f205c,st,1
C19d35e1f111904f205c,▼,21
C19d35e1f11754ef50ec,sl,1
C19d35e1f11754ef50ec,sr,13
C19d35e1f11a9db5d9db,sr,1
C19d35e1f11fd597f667,st,3
C19d35e1f1273c879077,sl,3
C19d35e1f1320f11c965,sl,6
C19d35e1f1395bcbfc73,▼,10
C19d35e1f13f6bd81d70,sr,10
C19d35e1f1409752cb10,sr,1
C19d35e1f14397e73a09,Ude,0
C19d35e1f14397e73a09,sl,0
C19d35e1f14397e73a09,sr,10
C19d35e1f1481a371cc4,sr,5
C19d35e1f153df80bfa4,▽,2
C19d35e1f1575459c3da,h◎,6
C19d35e1f158e122eaa4,▽,4
C19d35e1f158e122eaa4,☆,4
C19d35e1f15963262c6f,▽,7
C19d35e1f15a090ba84a,▽,10
C19d35e1f15c32c74558,▼,4
C19d35e1f175df6d4b86,▽,11+
C19d35e1f177b61ae80d,▽,2
C19d35e1f17ce1e6cb8e,▽,9
C19d35e1f17da786c586,▽,6
C19d35e1f182f6bf0470,st,5
C19d35e1f1839ffc2909,st,0
C19d35e1f1839ffc2909,重発狂,0
C19d35e1f18ea0ff17bc,ξ,7
C19d35e1f191300863e4,ξ,4
C19d35e1f1970c0b9d47,★,10
C19d35e1f1970c0b9d47,乱打,6
C19d35e1f1985b8e697a,sl,11
C19d35e1f1985b8e697a,乱打,11
C19d35e1f1a6ec805aa0,▼,14
C19d35e1f1ac975014ef,sl,5
C19d35e1f1ba45da26c3,sl,2
C19d35e1f1bd6e7fa027,sr,0
C19d35e1f1bf466cc4f8,ln,11
C19d35e1f1c2f51aa3e2,st,1
C19d35e1f1c2f51aa3e2,双,1
C19d35e1f1c5a8fef3b2,sr,7
C19d35e1f1c7b6ff67fd,sr,1
C19d35e1f1c8bf46236c,sr,7
C19d35e1f1cddf4c984b,▽,9
C19d35e1f1ce69a372cc,▽,5
C19d35e1f1cfe5d275e3,▽,7
C19d35e1f1d3af97bc6e,★★,2
C19d35e1f1d4f780fa86,▼,11
C19d35e1f1d54818aadf,双,4
C19d35e1f1d603b0e2d8,▽,12-
C19d35e1f1d79e00df76,▽,8
C19d35e1f1d92ed23e02,st,1
C19d35e1f1d92ed23e02,重発狂,1
C19d35e1f1ddd64749dc,sl,8
C19d35e1f1ddd64749dc,▼,13
C19d35e1f1ddd64749dc,乱打,8
C19d35e1f1de19f126c5,dl,7
C19d35e1f1df72f65ff2,sr,8
C19d35e1f1e10e5ee3c0,★,2
C19d35e1f1e10e5ee3c0,乱打,1
C19d35e1f1e4d18c41e2,sl,4
C19d35e1f1f80d0efbcc,▼,12
C19d35e1f1f80d0efbcc,乱打,7
C19d35e1f21a744967e7,Ude,9
C19d35e1f21a744967e7,sl,9
C19d35e1f21ea22282f2,h◎,0
C19d35e1f244713730e1,双,2
C19d35e1f2521d8dfbf4,▼,9
C19d35e1f2541767f108,▽,11
C19d35e1f256a3f7a5b8,▼,16
C19d35e1f25bdf7de44f,▼,6
C19d35e1f25c1733bcfc,▼,17
C19d35e1f25d3d641e86,▽,8
C19d35e1f25fd47ce2a1,▽,5
C19d35e1f2605bc2c8af,★,5
C19d35e1f2605bc2c8af,乱打,4
C19d35e1f265993b755f,sl,4
C19d35e1f265993b755f,▼,7
C19d35e1f2661f2ee829,▼,2
C19d35e1f267d7e22cc4,st,3
C19d35e1f267d7e22cc4,双,2
C19d35e1f270efb2892d,▼,4
C19d35e1f27a5f3ba8a7,fr,10
C19d35e1f286a8203632,双,3
C19d35e1f29227d1bc8d,h◎,3
C19d35e1f2962f71b8fe,▽,3
C19d35e1f2962f71b8fe,☆,3
C19d35e1f29718ea81d4,sr,3
C19d35e1f29af98f9e90,▼,1
C19d35e1f29b73d7c5a2,★,5
C19d35e1f29b73d7c5a2,乱打,3
C19d35e1f29e9e9b159c,sl,12
C19d35e1f29e9e9b159c,乱打,12
C19d35e1f29f2ade4272,★,8
C19d35e1f29f2ade4272,乱打,5
C19d35e1f2ba1ab88fd6,dl,5
C19d35e1f2bb98dea024,dl,-1
C19d35e1f2bb98dea024,sl,12
C19d35e1f2be5a73cf83,sr,12
C19d35e1f2bfedbc4d94,sr,5
C19d35e1f2df50d73dd3,sl,0
C19d35e1f2f503053484,▽,5
C19d35e1f2f6929daea7,▽,7
C19d35e1f2f793bd6793,▽,11
C19d35e1f2f793bd6793,☆,11
C19d35e1f2f83049448e,▼,4
C19d35e1f3058781b4c6,▼,19
C19d35e1f33519a049c6,☆,13
C19d35e1f3366dc209f1,SB,5
C19d35e1f3366dc209f1,h◎,5
C19d35e1f3366dc209f1,so,8
C19d35e1f337333d846e,SB,3
C19d35e1f337333d846e,h◎,2
C19d35e1f338eb2e41f7,h◎,3
C19d35e1f339b2617b93,h◎,1
C19d35e1f33cf3b8c753,Ude,Ude2 (sub)
C19d35e1f33cf3b8c753,sl,2
C19d35e1f34290e96cec,☆,10
C19d35e1f347a27c9d43,★★,5
C19d35e1f3497fd865a0,Ude,Ude7 (sub)
C19d35e1f360b4084943,sr,1
C19d35e1f36171b89318,sr,9
C19d35e1f366f760fd23,ln,26
C19d35e1f366f760fd23,◆,26
C19d35e1f36773ef437a,h◎,8
C19d35e1f369a8c6fc1e,▼,23
C19d35e1f36d0e0b5bcb,st,1
C19d35e1f37136463cb6,sl,2
C19d35e1f373a6b33d1e,sr,2
C19d35e1f382cecc1270,▽,4
C19d35e1f39b30cc049b,fr,12
C19d35e1f39b30cc049b,双,5
C19d35e1f3a2f44c84d2,☆,7
C19d35e1f3a8aef63d1f,sl,7
C19d35e1f3a8aef63d1f,乱打,7
C19d35e1f3ab6e86c584,★★,4
C19d35e1f3ae6013fad6,★,8
C19d35e1f3b3009d4fde,★★,3
C19d35e1f3ba466b724c,◆◆,5
C19d35e1f3eb6001550f,★,10
C19d35e1f40cb2e3cba5,sl,0
C19d35e1f40cb2e3cba5,▽,11
C19d35e1f40cb2e3cba5,乱打,0
C19d35e1f40d0c01c38f,▽,9
C19d35e1f40e91a568ac,▼,17
C19d35e1f40f14c741c3,ξ,5
C19d35e1f40f14c741c3,▽,3
C19d35e1f41131dd6d67,sl,3
C19d35e1f41131dd6d67,乱打,3
C19d35e1f412f9adfc75,sr,5
C19d35e1f413d51270da,ξ,9
C19d35e1f4141073d0b0,sr,11
C19d35e1f416a0cda082,ξ,3
C19d35e1f41ff0431c6d,乱打,6
C19d35e1f42de7cdfd32,▽,8
C19d35e1f4412a4976be,sl,1
C19d35e1f4523c091f98,sr,13
C19d35e1f45416ca066a,sl,10
C19d35e1f45416ca066a,乱打,10
C19d35e1f455222cd746,ξ,3
C19d35e1f456fb3baa2d,st,0
C19d35e1f456fb3baa2d,重発狂,0
C19d35e1f458a0228611,sr,9
C19d35e1f45c15e74b88,st,3
C19d35e1f45c15e74b88,重発狂,3
C19d35e1f45f787d434c,ξ,13
C19d35e1f460a422cc63,sl,5
C19d35e1f460a422cc63,乱打,5
C19d35e1f4657fea9527,sl,5
C19d35e1f4657fea9527,乱打,5
C19d35e1f467cd0c24f2,▽,11
C19d35e1f4685dd2c26b,sl,2
C19d35e1f4685dd2c26b,▼,3
C19d35e1f469c6b343e1,▽,8
C19d35e1f46ae9bd33dd,▽,4
C19d35e1f46ca0e7b5dc,sl,1
C19d35e1f46ef5e6e71d,◆,12
C19d35e1f477689cc037,▽,3
C19d35e1f478f28ab6c6,▽,6
C19d35e1f478f28ab6c6,☆,7
C19d35e1f47b0b4dd47b,▽,9
C19d35e1f48ed17acd20,☆,11
C19d35e1f4996a3432f4,▼,10
C19d35e1f49d0b1ca529,ξ,3
C19d35e1f4a0b54b2e32,★,8
C19d35e1f4a1cb0a5af1,dl,8
C19d35e1f4a1cb0a5af1,dy,3
C19d35e1f4a1cb0a5af1,★★,5
C19d35e1f4a246b9319f,dl,5
C19d35e1f4a246b9319f,★★,3
C19d35e1f4ab9261c34c,dl,10
C19d35e1f4ab9261c34c,st,10
C19d35e1f4b0bd6cc1f9,▼,21
C19d35e1f4b0bd6cc1f9,★,21
C19d35e1f4ccde7165a6,sr,9
C19d35e1f4cee04ddb3e,★★,1
C19d35e1f4cfe8348f2a,sr,1
C19d35e1f4d13abaa1ce,fr,11
C19d35e1f4d13abaa1ce,★★,4
C19d35e1f4d72dac5ad4,双,1
C19d35e1f4e92f138f7e,★,5
C19d35e1f4fb61c66938,dy,1
C19d35e1f4fb61c66938,st,6
C19d35e1f4fb61c66938,双,5
C19d35e1f4fcccc75d33,dl,削除
C19d35e1f4fcccc75d33,★,19
C19d35e1f5288f512e47,☆,13
C19d35e1f52ecc874861,sr,11
C19d35e1f53ee9c61ce8,★★,3
C19d35e1f5555fd4df28,☆,13
C19d35e1f556c736bb84,★,8
C19d35e1f55857e47b5f,★,18
C19d35e1f56361353902,◆,11
C19d35e1f5839db5a2ee,▽,2
C19d35e1f5841d3c1ab9,▽,5
C19d35e1f5856a0598b0,▽,8
C19d35e1f586d7774701,▽,10
C19d35e1f58754462fe3,▼,0-
C19d35e1f58754462fe3,乱打,0
C19d35e1f58ee737681c,☆,10
C19d35e1f590bf2f5cfc,dl,8
C19d35e1f590bf2f5cfc,st,8
C19d35e1f59193ab211b,dl,5
C19d35e1f59193ab211b,st,5
C19d35e1f592b293d6d5,Ude,0
C19d35e1f592b293d6d5,sl,0
C19d35e1f592b293d6d5,sr,11
C19d35e1f593179babf6,sr,6
C19d35e1f597dc63dbe0,st,5
C19d35e1f597dc63dbe0,重発狂,5
C19d35e1f5a1ce6013be,dy,5
C19d35e1f5a20e20cd8f,★,21
C19d35e1f5a20e20cd8f,★★,1
C19d35e1f5a445d9abd9,dy,0
C19d35e1f5ab211aa384,★★,4
C19d35e1f5b38fc2a958,ξ,6
C19d35e1f5b38fc2a958,▽,4
C19d35e1f5b4c8ceee7a,▽,8
C19d35e1f5b5c5ff8f8d,▽,11+
C19d35e1f5b807feb217,▼,4
C19d35e1f5bbe906dfc8,sl,6
C19d35e1f5bbe906dfc8,▼,11
C19d35e1f5cf73808033,▼,5
C19d35e1f5d35491658d,▼,13
C19d35e1f5d567dbeb79,▽,11+
C19d35e1f5d7a39774d7,▽,8
C19d35e1f5d85332400d,▼,21
C19d35e1f5dca4b92c93,▼,14
C19d35e1f5de437f856a,▼,19
C19d35e1f5de437f856a,重発狂,0
C19d35e1f5e6229cff91,◆,22
C19d35e1f5e6229cff91,◆◆,10
C19d35e1f5e7da174149,▼,2
C19d35e1f5e8ff9dd3b7,sl,8
C19d35e1f5ec09984873,st,0
C19d35e1f5ec09984873,重発狂,0
C19d35e1f5f049b498cf,sr,?
C19d35e1f5f1b3e2f76a,sr,0
C19d35e1f60bb836490e,ξ,13
C19d35e1f60e10e29945,★,2
C19d35e1f60e10e29945,乱打,2
C19d35e1f61028d5bbe7,★,7
C19d35e1f61028d5bbe7,乱打,4
C19d35e1f612b46d75aa,★,15
C19d35e1f612b46d75aa,乱打,11
C19d35e1f61411522de9,▽,4
C19d35e1f61e90cf523d,▼,4
C19d35e1f62e3480d8a9,★,20
C19d35e1f6382a49b010,st,1
C19d35e1f6382a49b010,重発狂,1
C19d35e1f63e0472233f,sl,11
C19d35e1f63e0472233f,乱打,11
C19d35e1f643db63d746,◆,23
C19d35e1f64aa551c433,★,13
C19d35e1f64aa551c433,乱打,7
C19d35e1f6532a9855e2,ξ,5
C19d35e1f658e03f2e9d,sl,3
C19d35e1f658e03f2e9d,乱打,3
C19d35e1f65aa05e4f53,▽,7
C19d35e1f65d9178faf5,★,1
C19d35e1f66b02d5a79c,sr,11
C19d35e1f66c3b1b850d,▼,11
C19d35e1f66d23f6fdc2,sr,5
C19d35e1f670fd116d50,双,3
C19d35e1f672fdf22282,sl,8
C19d35e1f673b181a65d,★,2
C19d35e1f673b181a65d,乱打,1
C19d35e1f6741c1bb4a0,sl,11
C19d35e1f675812b7714,st,7
C19d35e1f6c9132e4bfd,Ude,12
C19d35e1f6c9132e4bfd,sl,12
C19d35e1f6c9132e4bfd,双,0
C19d35e1f6ca55e93719,st,3
C19d35e1f6ca55e93719,双,3
C19d35e1f6cb0512ac45,☆,7
C19d35e1f6cdd3b99823,Ude,0
C19d35e1f6cdd3b99823,sl,0
C19d35e1f6d35492e842,▽,11+
C19d35e1f6d49be6e65a,▽,8
C19d35e1f6d50f362101,st,3
C19d35e1f6d6da98fe4a,▽,6
C19d35e1f6d70f9de6cb,sl,5
C19d35e1f6e3aa1029f6,sl,1
C19d35e1f6f28a713c98,sl,1
C19d35e1f6fd90cc9de4,★,10
C19d35e1f71c13b915c8,so,2
C19d35e1f726cddc89a5,st,3
C19d35e1f72d2243e453,★,1
C19d35e1f72d2243e453,乱打,1
C19d35e1f73b015b91eb,◆,21
C19d35e1f73b015b91eb,◆◆,9
C19d35e1f743811f7d49,sl,2
C19d35e1f74ae7b4e505,双,0
C19d35e1f74b0cfca5e0,双,3
C19d35e1f758225f5fb1,◆,15
C19d35e1f758225f5fb1,◆◆,1
C19d35e1f75946de6323,☆,11
C19d35e1f75e7ecfc21a,so,2
C19d35e1f775de72493e,sr,12
C19d35e1f7764910a96c,sl,2
C19d35e1f7778a6fef4c,sr,6
C19d35e1f78ffaced1b7,▽,11+
C19d35e1f7906229f7c7,▽,7
C19d35e1f791451ce0d2,▼,2
C19d35e1f794a787d8dd,◆◆,7
C19d35e1f7a36472a1a2,☆,11
C19d35e1f7cd61be1ca8,st,2
C19d35e1f7d1515d269f,▽,5
C19d35e1f7d2b9cb0fe6,☆,8
C19d35e1f7d38927998e,▽,11+
C19d35e1f7ddd52acc0d,★,4
C19d35e1f7e92721f08f,sl,11
C19d35e1f7e92721f08f,乱打,11
C19d35e1f7eb6a45d6e9,★★,2
C19d35e1f7f356942c19,◆,18
C19d35e1f7fafeb7eae6,◆,5
C19d35e1f804be06cc0d,◆,14
C19d35e1f80c610a92f2,★,2
C19d35e1f80c610a92f2,乱打,2
C19d35e1f80f9b83c283,★,7
C19d35e1f80f9b83c283,乱打,4
C19d35e1f81364f684bd,◆,16
C19d35e1f8260354f750,▼,8
C19d35e1f837179ef5da,st,10
C19d35e1f83811dadef9,sl,11
C19d35e1f83811dadef9,乱打,11
C19d35e1f83b73d94db6,sr,13
C19d35e1f83c3dfe8e81,sl,4
C19d35e1f83c3dfe8e81,乱打,4
C19d35e1f83dbac58138,ξ,3
C19d35e1f83ebae48486,sr,8
C19d35e1f83ffb952bce,sr,11
C19d35e1f840d878e162,st,2
C19d35e1f840d878e162,▼,21
C19d35e1f840d878e162,重発狂,2
C19d35e1f8417bc691c0,fr,10
C19d35e1f8417bc691c0,ln,23
C19d35e1f8434494279e,ξ,6
C19d35e1f8441a2a4037,ξ,10
C19d35e1f8458d951010,乱打,10
C19d35e1f867efe4ddc2,★,5
C19d35e1f86afc0e2daf,▼,12
C19d35e1f86afc0e2daf,乱打,11
C19d35e1f8700e4b4aa2,sr,5
C19d35e1f87339f36b42,sr,9
C19d35e1f878cd084f4f,☆,5
C19d35e1f87a1a8f8414,ln,17
C19d35e1f87a1a8f8414,◆◆,4
C19d35e1f87fd603f975,▼,3
C19d35e1f8803a68ea2e,sr,10
C19d35e1f8803a68ea2e,▽,10
C19d35e1f88169ec92d7,▽,12+
C19d35e1f882b39eb6bd,▼,5
C19d35e1f883cd21d1bd,▽,5
C19d35e1f884c7b9b026,▼,10
C19d35e1f884c7b9b026,乱打,7
C19d35e1f885c788b7f4,sr,7
C19d35e1f886959e95e5,sr,11
C19d35e1f886959e95e5,☆,11
C19d35e1f8872f38e500,sr,2
C19d35e1f88a03fb872b,乱打,0
C19d35e1f88ce086e776,sl,12
C19d35e1f890fb9bfb3f,ln,18
C19d35e1f890fb9bfb3f,◆◆,6
C19d35e1f89f91925367,so,3
C19d35e1f8a5c82ec5b3,▼,7
C19d35e1f8ba10b19315,★,15
C19d35e1f8c0cf04fa84,★,3
C19d35e1f8dd072e9919,◆,15
C19d35e1f8dfb8044a0f,▽,11
C19d35e1f8e04e11803a,▽,10
C19d35e1f8e1929aab23,▽,12
C19d35e1f8e29498a683,▽,6
C19d35e1f8e3b7f21df8,▼,11
C19d35e1f8e98a1e35fa,sl,2
C19d35e1f8e98a1e35fa,▼,4
C19d35e1f8e98a1e35fa,★,4
C19d35e1f8e98a1e35fa,乱打,2
C19d35e1f8ead85ab84c,sl,0
C19d35e1f8ead85ab84c,sr,11
C19d35e1f8eb16e15a6a,sr,6
C19d35e1f8eb16e15a6a,▽,9
C19d35e1f8ede8a80d14,◆,21
C19d35e1f8eeed2b0b1a,▽,6
C19d35e1f920cc924ef0,ξ,6
C19d35e1f9220d29bc01,sl,1
C19d35e1f9604caa2f93,sl,4
C19d35e1f9604caa2f93,乱打,4
C19d35e1f973e19defaf,sn,1
C19d35e1f976aa6aabd9,★,10
C19d35e1f97955782a6a,★,20
C19d35e1f981d0664259,sr,10
C19d35e1f981d0664259,▽,11
C19d35e1f9830250490b,▽,1
C19d35e1f98472393dec,sr,0
C19d35e1f98472393dec,▽,7
C19d35e1f9857869e9d3,▽,5
C19d35e1f98c6f9bfdc4,▽,11
C19d35e1f98d487ddce3,☆,12
C19d35e1f993d2189530,SB,1
C19d35e1f993d2189530,h◎,1
C19d35e1f9ac6b6c167e,st,6
C19d35e1f9ac6b6c167e,双,5
C19d35e1f9ad7cb4b4ad,▼,5
C19d35e1f9aff38a128b,sl,11
C19d35e1f9aff38a128b,乱打,11
C19d35e1f9b7f1bf13aa,★★,2
C19d35e1f9bdc4bf073f,h◎,15
C19d35e1f9e1dc118966,sn,2
C19d35e1f9e1dc118966,双,2
C19d35e1f9e5f518dbd2,sr,8
C19d35e1f9e6c1e40b95,sr,13
C19d35e1f9e7a95d3a7d,★,1
C19d35e1f9eb13869155,sr,1
C19d35e1f9f3ff00a7f0,★,20
C19d35e1f9f978c18e22,▼,21
C19d35e1f9f978c18e22,双,1
C19d35e1f9fe3c96adb5,sr,0
C19d35e1f9ff3d57425e,sr,8
C19d35e1fa0f7442d77f,ξ,7
C19d35e1fa10af60464e,sr,2
C19d35e1fa117ac7609b,sr,8
C19d35e1fa35160a55ac,sl,11
C19d35e1fa35160a55ac,乱打,11
C19d35e1fa3bebc1058f,▼,9
C19d35e1fa3bebc1058f,★,9
C19d35e1fa3bebc1058f,乱打,4
C19d35e1fa3cb623630e,▽,11
C19d35e1fa3efb038c04,▽,6
C19d35e1fa4a7f6c16de,h◎,0
C19d35e1fa4b94522141,h◎,3
C19d35e1fa4c5f325f72,h◎,5
C19d35e1fa5b32556097,★★,1
C19d35e1fa5c7aa4f1eb,st,2
C19d35e1fa5c7aa4f1eb,重発狂,2
C19d35e1fa5f2655f61e,ln,22
C19d35e1fa5f2655f61e,◆,22
C19d35e1fa61bffa646c,ln,20
C19d35e1fa74035bb985,SB,1
C19d35e1fa75a0cb732b,SB,0
C19d35e1fa76f3ee40e6,SB,-1
C19d35e1fa7a3e0319ee,☆,10
C19d35e1fa7e4b059aef,双,0
C19d35e1faa1beadc362,sr,13
C19d35e1faa29b5e9d55,dl,6
C19d35e1faa29b5e9d55,dy,1
C19d35e1faa3f0f0a5b5,sr,7
C19d35e1faacb9aaee11,☆,12
C19d35e1fac00b43f2ac,sl,6
C19d35e1fb04ee7b9ca5,h◎,0
C19d35e1fb27c47adb99,Ude,2
C19d35e1fb2930f3e086,☆,7
C19d35e1fb407dcdbdd8,◆,7
C19d35e1fb4742261d2e,dl,6
C19d35e1fb4742261d2e,dy,1
C19d35e1fb4742261d2e,★★,4
C19d35e1fb57be81f16a,▼,20
C19d35e1fb58f9686b03,sr,5
C19d35e1fb58f9686b03,☆,9
C19d35e1fb62bd90e79c,sl,1
C19d35e1fb639e3abb07,sl,6
C19d35e1fb639e3abb07,乱打,6
C19d35e1fb65ba5c4ea6,ln,13
C19d35e1fb6cd33c4849,so,3
C19d35e1fb7515b435d5,▽,5
C19d35e1fb77382fca6c,☆,11
C19d35e1fb78c9a9fd47,▼,12
C19d35e1fb7b4a3ff5f3,◆◆,2
C19d35e1fb9955738034,SB,5
C19d35e1fb9955738034,★,14
C19d35e1fb9ca807bd22,SB,6
C19d35e1fb9ca807bd22,h◎,8
C19d35e1fba636a0cd33,SB,2
C19d35e1fbbc6c2719a6,so,12
C19d35e1fbc8d8300d0a,▼,16
C19d35e1fbca36e90b7f,▽,11
C19d35e1fbcb0b2e8b31,st,2
C19d35e1fbcb0b2e8b31,▼,22
C19d35e1fbcb0b2e8b31,重発狂,2
C19d35e1fbcda341ddd0,▽,8
C19d35e1fbe1a67148c3,▼,17
C19d35e1fbe645f2de26,▼,4
C19d35e1fbfa600f9b5e,dl, BEGINNER
C19d35e1fc04587a2af4,▽,1
C19d35e1fc05ff42e432,▽,2
C19d35e1fc06528ed79f,▽,3
C19d35e1fc07102406d0,▽,4
C19d35e1fc085e7865c7,SB,-1
C19d35e1fc085e7865c7,▽,5
C19d35e1fc09e2e2e92f,▽,6
C19d35e1fc0a553b3af0,▽,7
C19d35e1fc0bb8555595,SB,0
C19d35e1fc0bb8555595,▽,8
C19d35e1fc0c5178fa54,▽,9
C19d35e1fc0d8e9a720f,▽,10
C19d35e1fc0eeb2d8252,SB,3
C19d35e1fc0eeb2d8252,▽,12
C19d35e1fc1d8c373105,sl,6
C19d35e1fc202ae64f95,sl,12
C19d35e1fc217e7b9131,sl,7
C19d35e1fc2507067109,▽,4
C19d35e1fc265544e5dc,▽,10
C19d35e1fc27d4702539,▽,12
C19d35e1fc400e33de37,★,7
C19d35e1fc43b51ef011,▽,4
C19d35e1fc46b0bf5d5f,dl,2
C19d35e1fc46b0bf5d5f,st,2
C19d35e1fc47c480b95c,sl,10
C19d35e1fc48d9439649,dl,6
C19d35e1fc4b70ee3dd8,★,19
C19d35e1fc4f8abfc529,▽,11+
C19d35e1fc4f8abfc529,☆,11
C19d35e1fc5730369e08,sr,1
C19d35e1fc5730369e08,▽,8
C19d35e1fc695d4527be,▼,7
C19d35e1fc6c61a77e30,dy,7
C19d35e1fc6c61a77e30,st,12
C19d35e1fc6d416add65,ξ,8
C19d35e1fc6fd6301782,st,4
C19d35e1fc7f40942d74,st,6
C19d35e1fc7f40942d74,双,4
C19d35e1fc81757ddc46,Ude,2
C19d35e1fc81757ddc46,sl,2
C19d35e1fc86786f278a,sl,3
C19d35e1fc9bcaf0e0fc,h◎,-1
C19d35e1fcc4b844f681,sl,0
C19d35e1fcc4b844f681,sr,11
C19d35e1fcc5c6567881,sr,1
C19d35e1fcc610932229,ξ,6
C19d35e1fcc71853e6fb,st,3
C19d35e1fcc71853e6fb,双,3
C19d35e1fcc917429c2b,st,1
C19d35e1fcc917429c2b,重発狂,1
C19d35e1fcca8f986e46,sl,11
C19d35e1fcca8f986e46,乱打,11
C19d35e1fccb5e77b280,sl,8
C19d35e1fccb5e77b280,乱打,8
C19d35e1fcccc02d94e0,▽,5
C19d35e1fccd758ff85b,▽,11
C19d35e1fcce0422fb87,▽,12-
C19d35e1fcda08f80b6a,st,3
C19d35e1fcdd323714a6,sl,10
C19d35e1fcdd323714a6,乱打,10
C19d35e1fcde71babe08,★,21
C19d35e1fce2a77b45d9,乱打,4
C19d35e1fcf0855c423e,ξ,10
C19d35e1fcf1f582e25c,sr,4
C19d35e1fcf1f582e25c,▽,9
C19d35e1fcf2b38386d8,sr,11
C19d35e1fcf2b38386d8,☆,11
C19d35e1fd012deff0d0,sl,0
C19d35e1fd012deff0d0,乱打,0
C19d35e1fd037f63a134,ln,12
C19d35e1fd059d4a16ba,▼,10
C19d35e1fd10a314d21b,sl,8
C19d35e1fd14a8d46013,▽,11
C19d35e1fd1666b059f9,▽,2
C19d35e1fd1992664f7a,sl,3
C19d35e1fd1a8080f204,sr,6
C19d35e1fd1a8080f204,▽,9
C19d35e1fd1c3a6a7ced,▽,12
C19d35e1fd204463e97d,▽,6
C19d35e1fd2629499902,▼,6
C19d35e1fd35682c6c01,ln,19
C19d35e1fd35682c6c01,◆,19
C19d35e1fd3b93a5b5ed,▽,11
C19d35e1fd3b93a5b5ed,☆,11
C19d35e1fd3cffd0a2d7,▼,7
C19d35e1fd3d99d56330,st,1
C19d35e1fd4768284495,▽,9
C19d35e1fd49348098e0,◆,9
C19d35e1fd4ae93569e4,▽,4
C19d35e1fd54171d862e,★,12
C19d35e1fd55865240fe,dl,5
C19d35e1fd55865240fe,st,5
C19d35e1fd55865240fe,重発狂,5
C19d35e1fd592b98a6f1,dl,1
C19d35e1fd592b98a6f1,st,1
C19d35e1fd592b98a6f1,重発狂,1
C19d35e1fd5e20c0a4bb,▼,15
C19d35e1fd604f4ea0f9,st,9
C19d35e1fd6157ff237d,▼,6
C19d35e1fd62bce29044,▽,12
C19d35e1fd636425686f,▽,3
C19d35e1fd646615d0bb,▽,10
C19d35e1fd6503b175dc,▽,4
C19d35e1fd8090e74243,◆◆,6
C19d35e1fd85719fab01,sl,2
C19d35e1fd9cc0ba04f8,▼,8
C19d35e1fd9f0b6c5a06,▽,1
C19d35e1fda18d959b6a,▼,12
C19d35e1fda39f90f8f2,sr,8
C19d35e1fda39f90f8f2,▽,10
C19d35e1fda544fed4ae,▽,12
C19d35e1fda9f2613299,▽,5
C19d35e1fdaacd382ae2,▼,18
C19d35e1fdaacd382ae2,重発狂,1
C19d35e1fdae6f8cb872,▼,4
C19d35e1fdaff53dce4f,▽,11
C19d35e1fdb0f7cd6a97,▽,5
C19d35e1fdb1e94d4dad,st,2
C19d35e1fdb602a62c46,sl,3
C19d35e1fdb84ffc63e0,st,3
C19d35e1fdb9e859491e,sr,8
C19d35e1fdc3b1c0e5c5,★,13
C19d35e1fdcd31c80d6d,sr,11
C19d35e1fdcf96d8d97e,▼,6
C19d35e1fdd277d5e454,▼,20
C19d35e1fdd5efe699ed,▼,3
C19d35e1fdd6e6e41bce,ξ,1
C19d35e1fdd6e6e41bce,▽,1
C19d35e1fdd793ced3b6,ξ,4
C19d35e1fdd793ced3b6,▽,3
C19d35e1fdd8caf0102d,ξ,12
C19d35e1fdd8caf0102d,▽,6
C19d35e1fdd9c455a84d,sr,6
C19d35e1fdd9c455a84d,▽,9
C19d35e1fddbc9e5ee9c,sl,0
C19d35e1fddbc9e5ee9c,sr,13
C19d35e1fddbc9e5ee9c,▽,12-
C19d35e1fddd9a1ecf60,▼,19
C19d35e1fde3247f7b48,▼,23
C19d35e1fde3247f7b48,★,23
C19d35e1fde40d708a1b,dl,8
C19d35e1fde40d708a1b,st,8
C19d35e1fde584c3dc5c,dl,11
C19d35e1fde584c3dc5c,dy,6
C19d35e1fde584c3dc5c,st,11
C19d35e1fde7e07f5471,▽,3
C19d35e1fde8b0feac31,▽,5
C19d35e1fde9d25df079,▽,9
C19d35e1fdea64af5284,▽,11+
C19d35e1fdeb6498ef9d,▼,5
C19d35e1fdecbeae87f2,sl,8
C19d35e1fded094f6033,st,2
C19d35e1fded094f6033,双,2
C19d35e1fdf25c24ccaa,sr,9
C19d35e1fdf25c24ccaa,▽,11
C19d35e1fdf3b25f68a8,▽,3
C19d35e1fdf49c128e1f,sr,4
C19d35e1fdf49c128e1f,▽,9
C19d35e1fdf52a3381ba,▽,5
C19d35e1fdfc23c6fb97,sl,1
C19d35e1fdfc23c6fb97,★,1
C19d35e1fdfc23c6fb97,乱打,1
C19d35e1fe02e2e3a24e,★,11
C19d35e1fe21df3299e4,sl,10
C19d35e1fe266fb44906,Ude,2
C19d35e1fe266fb44906,sl,2
C19d35e1fe2b5d66e7ca,sr,8
C19d35e1fe2cd7fce3d8,sr,5
C19d35e1fe2ffe47cb62,ξ,10
C19d35e1fe5d27200499,ξ,11
C19d35e1fe5eac7375de,ξ,11
C19d35e1fe6275b0789d,st,3
C19d35e1fe6275b0789d,双,2
C19d35e1fe6af42c6ce5,★,2
C19d35e1fe6f80a4a020,sl,11
C19d35e1fe728bbfa56d,◆,20
C19d35e1fe728bbfa56d,◆◆,8
C19d35e1fe751174745b,ξ,12
C19d35e1fe7fba860432,fr,7
C19d35e1fe81c99266d3,ξ,5
C19d35e1fe82eb4fa7fa,ξ,13
C19d35e1fe839ce1c0ef,sr,7
C19d35e1fe84da266f1a,sr,13
C19d35e1fea84b94cc7a,sl,1
C19d35e1feaee1188bc0,sl,0
C19d35e1feafa3c34608,ξ,4
C19d35e1feb1ff103e0a,ξ,9
C19d35e1feb8dca89c43,☆,11
C19d35e1fed29509e024,sl,7
C19d35e1fed302969212,ξ,7
C19d35e1fed9ac3a5083,◆,7
C19d35e1feeee0a6daca,sl,11
C19d35e1fefe45387a83,Ude,1
C19d35e1fefe45387a83,sl,1
C19d35e1fefe45387a83,▼,1
C19d35e1ff0a0024cd32,sl,1
C19d35e1ff0a0024cd32,▼,1
C19d35e1ff0dda3f5e3e,sl,2
C19d35e1ff0dda3f5e3e,乱打,2
C19d35e1ff112bc34fc0,st,4
C19d35e1ff112bc34fc0,双,3
C19d35e1ff21b1921ea2,▼,6
C19d35e1ff2b7a96e56b,ξ,8
C19d35e1ff2c6c14ee24,sr,1
C19d35e1ff2dbd84f6e8,sr,6
C19d35e1ff2e912a1e2b,sl,1
C19d35e1ff2e912a1e2b,乱打,1
C19d35e1ff2f23907462,sl,1
C19d35e1ff3063cc5747,h◎,5
C19d35e1ff3063cc5747,☆,13
C19d35e1ff339cf08c2c,h◎,3
C19d35e1ff509614174c,▽,3
C19d35e1ff5400a66af9,fr,8
C19d35e1ff5400a66af9,★★,2
C19d35e1ff5400a66af9,双,2
C19d35e1ff604b30f21c,sr,2
C19d35e1ff6135aadc9b,sr,5
C19d35e1ff656514e93f,★,5
C19d35e1ff656514e93f,乱打,5
C19d35e1ff670a092161,sl,11
C19d35e1ff670a092161,乱打,11
C19d35e1ff6959901f35,ξ,5
C19d35e1ff6f13ebdad5,★,12
C19d35e1ff6f13ebdad5,乱打,10
C19d35e1ff773e1d7880,★,2
C19d35e1ff773e1d7880,乱打,2
C19d35e1ff9afb1b461a,☆,2
C19d35e1ffb29d6e706c,sr,4
C19d35e1ffb53e86983a,★,6
C19d35e1ffb53e86983a,乱打,4
C19d35e1ffbbc2d20fda,★,8
C19d35e1ffbbc2d20fda,乱打,5
C19d35e1ffc167ffb97d,★,4
C19d35e1ffcd332fc693,◆,7
C19d35e1ffd74af67b42,◆◆,4
C19d35e1ffdaa2275f35,▼,2
C19d35e1ffe89c1dd5b5,★★,1
C19d35e1fffc26c029ae,st,3
C19d35e1fffc26c029ae,▼,23
C19d35e1fffc26c029ae,重発狂,3
C19d35e1fffd7cbd14c3,▼,15
C19d35e1fffec88e55d5,▼,8
C19d35e1ffff740cca36,▽,11
C19d35e2000088679ecd,▽,7
C19d35e200011f35dadf,◆,21
C19d35e200026584b517,h◎,7
C19d35e20003b31667b9,▼,15
C19d35e20008e9d13bf5,▽,12
C19d35e20009c33d53ff,▽,8
C19d35e2000aae2f92a2,▽,4
C19d35e2000bdc1e53aa,◆,15
C19d35e20023e5f32b7e,sr,8
C19d35e2002566b8118f,sr,3
C19d35e20026440d26f6,sl,1
C19d35e20026440d26f6,▼,2
C19d35e20028342b8ff0,ξ,9
C19d35e2002b715c893a,dl,2
C19d35e2002b715c893a,st,2
C19d35e2002b715c893a,重発狂,2
C19d35e2002c036f8233,sr,12
C19d35e2002d6519313b,dl,0
C19d35e2002d6519313b,st,0
C19d35e2002d6519313b,重発狂,0
C19d35e2002e1a15f085,st,6
C19d35e20030e6735b56,sr,1
C19d35e2003146dcab5f,ξ,8
C19d35e2003f44c4202f,双,6
C19d35e2006c2638ce4c,dl,削除
C19d35e2006d281bf0e7,Ude,Ude10 (sub)
C19d35e2007529e35a4f,▼,9
C19d35e200918593fdc8,★,9
C19d35e200933292c5e5,sr,9
C19d35e200959b86d9c3,st,2
C19d35e2009626ecf584,◆,23
C19d35e2009889502990,h◎,15
C19d35e200ab4f08593f,sl,8
C19d35e200ab4f08593f,▼,12
C19d35e200b604091779,▼,3
C19d35e200b790f9e7c6,▽,3
C19d35e200b86f896ee6,▽,10
C19d35e200b9bc54bff6,▽,6
C19d35e200c49f80920b,sl,3
C19d35e200c587ffdcf8,sr,5
C19d35e200c655334a2c,sl,0
C19d35e200c655334a2c,sr,12
C19d35e200c7b45d8028,ξ,13
C19d35e200d448f5c86a,sl,8
C19d35e200d448f5c86a,▼,12
C19d35e200d8b9d79923,ξ,8
C19d35e200fc1485fdb8,dy,0
C19d35e200fde4fb268a,dl,7
C19d35e200fde4fb268a,dy,2
C19d35e200fde4fb268a,st,7
C19d35e200fde4fb268a,重発狂,7
C19d35e20110a12780ee,dy,1
C19d35e20110a12780ee,双,3
C19d35e2011f3e8509ea,ln,7
C19d35e201208eeaaf3c,ln,5
C19d35e201213a12ef08,▽,1
C19d35e20122933f99ee,▽,3
C19d35e201237b2bd08c,▽,6
C19d35e201265aab8ff4,sl,0
C19d35e201265aab8ff4,▽,11
C19d35e2016d33490885,▽,9
C19d35e2016f77a9da72,sl,2
C19d35e2016f77a9da72,▼,4
C19d35e2016f77a9da72,乱打,2
C19d35e201727c8b3eb3,▼,7
C19d35e20176b13542b6,▼,11
C19d35e201778ca08934,▼,0-
C19d35e201835599cf02,sr,10
C19d35e201835599cf02,▽,11
C19d35e20184046ece1c,sl,2
C19d35e20184046ece1c,▽,12+
C19d35e20187c958cd57,sr,2
C19d35e20187c958cd57,▽,8
C19d35e20188af6bca7a,▽,4
C19d35e201912ce2e0f9,▽,11
C19d35e2019204ca57f4,▽,8
C19d35e20193e418f601,▽,5
C19d35e2019470179f47,▼,1
C19d35e20195792dc939,▼,4
C19d35e20196fcb6b986,dy,2
C19d35e20196fcb6b986,st,7
C19d35e20197c4e49aaa,st,1
C19d35e201983ba35076,sl,2
C19d35e20199b772b9c4,sr,8
C19d35e2019adbd2e590,sl,5
C19d35e201a47361b1a1,▼,6
C19d35e201a5bb490478,▽,10
C19d35e201a6216b2b74,▽,2
C19d35e201a7f0960087,▽,8
C19d35e201a86bda0362,★★,3
C19d35e201aa4c9a6bbd,▽,5
C19d35e201ab4a293a16,dy,4
C19d35e201ab4a293a16,st,9
C19d35e201ab4a293a16,双,5
C19d35e201ad5bd031a9,▼,10
C19d35e201b042334d60,▼,2
C19d35e201c7a813d498,sl,9
C19d35e201c7a813d498,乱打,9
C19d35e201d14bb0e6b4,★,5
C19d35e201d5f09dccdd,ln,15
C19d35e201d5f09dccdd,◆,15
C19d35e201d5f09dccdd,◆◆,1
C19d35e201e6411900aa,h◎,5
C19d35e20200585ee2c0,SB,1
C19d35e20200585ee2c0,sr,?
C19d35e20200585ee2c0,▽,11
C19d35e20202d9411bbf,▽,10
C19d35e2020acc9ee64c,▽,8
C19d35e2020ea7e9cc63,▽,6
C19d35e2022216f33142,★,10
C19d35e2022216f33142,乱打,5
C19d35e20224329ac4f2,sr,9
C19d35e20224329ac4f2,▽,10
C19d35e20227a1a3f808,sr,0
C19d35e20227a1a3f808,▽,7
C19d35e20228cb697d4b,sl,1
C19d35e20228cb697d4b,▽,12
C19d35e20228cb697d4b,乱打,1
C19d35e20237057b3176,st,1
C19d35e20237057b3176,重発狂,1
C19d35e2023a10efa853,▼,9
C19d35e2023c6f4dcd03,★★,5
C19d35e2023f143acd4d,st,3
C19d35e2023f143acd4d,重発狂,4
C19d35e2024d2f727e74,st,5
C19d35e2024e3a1dda81,★,9
C19d35e2024e3a1dda81,乱打,5
C19d35e202516e17ab1e,★,18
C19d35e202516e17ab1e,乱打,12
C19d35e2025e311d1765,sr,10
C19d35e2025ff3efc84b,sl,2
C19d35e2025ff3efc84b,乱打,2
C19d35e202632ff33af2,▼,5
C19d35e202632ff33af2,☆,13
C19d35e20266cc965ceb,▽,9
C19d35e20267fbb90c0b,▽,5
C19d35e202684deb2072,▼,17
C19d35e202771b99e584,h◎,7
C19d35e202889dfe95cf,★,18
C19d35e20296fda4d836,h◎,3
C19d35e2029d793ea585,Ude,1
C19d35e2029d793ea585,sl,1
C19d35e202b09685bb4e,☆,10
C19d35e202b416e2e81b,★,16
C19d35e202b7744e3877,★,11
C19d35e202b9a808024a,★★,2
C19d35e202d7c7dddd51,sl,12
C19d35e202d813241b22,st,3
C19d35e202d813241b22,重発狂,3
C19d35e202dbab9f179f,▽,12+
C19d35e202e17c8468c4,▽,8
C19d35e202e26ce422aa,st,2
C19d35e202e5f706d5f0,ξ,9
C19d35e202e5f706d5f0,▽,5
C19d35e202eb0ef5e11d,Ude,5
C19d35e202eb0ef5e11d,sl,5
C19d35e202eb0ef5e11d,▼,8
C19d35e202efb0e18da7,SB,5
C19d35e202f1134d2a4d,Ude,6
C19d35e202f1134d2a4d,sl,6
C19d35e202f1134d2a4d,▼,10
C19d35e202f35c029fa1,sr,12
C19d35e202f35c029fa1,▽,11+
C19d35e202f5c0337311,sr,7
C19d35e202f5c0337311,▽,10
C19d35e202f62d8d7a4b,sl,1
C19d35e202f62d8d7a4b,sr,13
C19d35e202f7231a0b4c,▽,5
C19d35e20329783aa16c,▽,7
C19d35e2032ae626186b,▼,3
C19d35e2032b759f314e,▽,9
C19d35e203391db4690f,双,1
C19d35e2033ac4e35ec1,ξ,13
C19d35e2033b4241edb0,▼,23
C19d35e2033d68d4b7e8,▽,4
C19d35e2033f15ccb122,▽,12+
C19d35e20340c13096ee,▽,6
C19d35e2034af387856d,▽,8
C19d35e2034d389ec888,▽,6
C19d35e2034d389ec888,☆,6
C19d35e20350d8df154d,▽,3
C19d35e20352534e8a5d,sr,0
C19d35e203532b15636f,sr,11
C19d35e203558d0c2c26,sl,2
C19d35e203558d0c2c26,▼,3
C19d35e20361afafcc99,▽,1
C19d35e2037e5ff528d4,▼,4
C19d35e20380179c9f79,▽,8
C19d35e2038e238fea88,sl,1
C19d35e20396125de1de,▼,6
C19d35e203974fc37937,▼,6
C19d35e203a0fdeeb1cb,★★,4
C19d35e203a5e45e8abd,ln,22
C19d35e203a5e45e8abd,◆,22
C19d35e203a75283091d,★,21
C19d35e203ae5ba6b57e,sl,7
C19d35e203b2b5d2e6c5,sr,10
C19d35e203b8d4bace9a,ξ,13
C19d35e203b9c3b44134,h◎,11
C19d35e203c2a23302b4,sl,11
C19d35e203c61090fc5b,st,4
C19d35e203e1dcc5ba89,★,13
C19d35e203e3403ac965,☆,11
C19d35e203f0c58e6c1e,★,17
C19d35e203f5b2e694e8,双,6
C19d35e203f7177a65f3,◆◆,12
C19d35e203fde23357a8,st,4
C19d35e203fde23357a8,双,4
C19d35e203ffe1f0df66,重発狂,6
C19d35e20414abcbe207,sl,11
C19d35e204321bd6ca49,so,2
C19d35e204321bd6ca49,▽,12+
C19d35e204334322327f,双,4
C19d35e20434e1fa269f,★,21
C19d35e20434e1fa269f,双,1
C19d35e20437c76db3cb,▼,19
C19d35e20438369807ed,▽,9
C19d35e2043b355821f4,▽,5
C19d35e2043d4d33414b,st,9
C19d35e2043d4d33414b,双,5
C19d35e2043e6ca41d7c,sl,11
C19d35e2043fd3cca444,ln,25
C19d35e2045cc0eb7ca5,sl,2
C19d35e2045cc0eb7ca5,乱打,2
C19d35e20462e5f0867a,sr,11
C19d35e20462e5f0867a,▽,11
C19d35e204632e45ab29,sr,4
C19d35e204632e45ab29,▽,8
C19d35e2046545d2a49b,▽,6
C19d35e20466a4355536,sl,8
C19d35e20466a4355536,乱打,7
C19d35e20467d67e8e5d,sl,1
C19d35e20467d67e8e5d,乱打,1
C19d35e20470415558c1,☆,11
C19d35e204738554ba1a,▼,4
C19d35e204738554ba1a,乱打,3
C19d35e20476cb50b17e,双,4
C19d35e204811660ab7b,▽,9
C19d35e20482a2a81b82,▽,2
C19d35e2048312ae29b7,▽,8
C19d35e20485d2e5d776,▽,4
C19d35e204a188b18316,▼,13
C19d35e204a4c5a268b5,▼,22
C19d35e204ffba3ec1c4,☆,10
C19d35e2051f8b45e3aa,☆,13
C19d35e205260e1d96f4,h◎,5
C19d35e2053adab5b770,▽,9
C19d35e2053be7b60071,▼,3
C19d35e2053cc8074655,▽,8
C19d35e2053d768060ef,▽,4
C19d35e20545c04bdb70,sr,13
C19d35e20548d7ef251f,ξ,4
C19d35e205495b21e2f3,st,2
C19d35e2054deb277e1c,st,1
C19d35e2054deb277e1c,重発狂,1
C19d35e2054f68329ccd,sr,7
C19d35e205519305d88a,★,11
C19d35e205519305d88a,乱打,4
C19d35e2056433b4172d,sl,2
C19d35e20566b4896d22,ξ,11
C19d35e2056e5994093c,sl,0
C19d35e205705139eb9d,st,4
C19d35e20599c990458b,▽,9
C19d35e2059c3d1f463c,Ude,12
C19d35e205ab4273f105,Ude,2
C19d35e205ab4273f105,sl,2
C19d35e205aec3e94164,ξ,2
C19d35e205af5eabf58c,ξ,5
C19d35e205b29b0ccabe,sl,6
C19d35e205b3cced2422,▽,11
C19d35e205c042fd52cb,▼,9
C19d35e205c9c3827e04,st,1
C19d35e205c9c3827e04,双,1
C19d35e205ca8be08a31,ξ,2
C19d35e205cbb3de45c8,ξ,6
C19d35e205d031db8b06,▼,19
C19d35e205d7e5df8676,▼,0
C19d35e205d9d52b2ea0,dl,10
C19d35e205dfc6e7109c,▼,3
C19d35e205e198e747a4,▽,3
C19d35e205e5f0690644,sr,9
C19d35e205e5f0690644,▽,11
C19d35e205eaf9e154a5,sr,0
C19d35e205eaf9e154a5,▽,7
C19d35e205eeec671bf7,sr,12
C19d35e205f1508e0ac4,sr,5
C19d35e205f2c86dd4d3,ξ,13
C19d35e205f39b1ce3d1,★,10
C19d35e205f39b1ce3d1,乱打,5
C19d35e206033d155b17,sr,7
C19d35e206033d155b17,▽,10
C19d35e2060410fe48f3,sr,13
C19d35e2060410fe48f3,▼,0-
C19d35e2060410fe48f3,☆,12
C19d35e2060410fe48f3,乱打,0
C19d35e2060602e14d54,▼,5
C19d35e2060912afc143,sr,0
C19d35e2060912afc143,▽,7
C19d35e2060a68d3f7d1,sr,11
C19d35e2060b14f5c495,sl,2
C19d35e2060b14f5c495,乱打,2
C19d35e2060dde77c0dd,ξ,5
C19d35e2060dde77c0dd,▽,4
C19d35e2060ecf409252,▼,1
C19d35e2061e2e291d64,▽,5
C19d35e2061e2e291d64,☆,5
C19d35e20625e6968b6f,★,15
C19d35e2063c14f680d9,st,2
C19d35e2063c14f680d9,重発狂,2
C19d35e2064d569d9123,ξ,8
C19d35e2064f9e4aa620,sl,7
C19d35e20662ce1ce1c4,st,0
C19d35e206849d90c633,ξ,4
C19d35e206849d90c633,▽,2
C19d35e20685e3c9cb36,ξ,7
C19d35e20685e3c9cb36,▽,3
C19d35e20686fd4ce76c,▽,6
C19d35e2068771cef76f,▽,8
C19d35e206898d6ec1b3,▼,2
C19d35e2069ce5501574,☆,10
C19d35e206b72bb3b512,sl,0
C19d35e206bd3313def1,sl,10
C19d35e206bd3313def1,乱打,10
C19d35e206c3cc926518,★,7
C19d35e206cf4c62d077,sr,13
C19d35e206d95b22e914,sr,8
C19d35e206df36d4f077,st,2
C19d35e206df36d4f077,重発狂,2
C19d35e206fb0e167f2b,☆,9
C19d35e2070022228662,sr,5
C19d35e20701c8d4ca17,ξ,4
C19d35e20710c7a48c86,sr,10
C19d35e207114ef26c20,dl, BEGINNER
C19d35e207114ef26c20,so,11
C19d35e207114ef26c20,▼,16
C19d35e20715f28c3a0c,dl,10
C19d35e2071804d97731,sr,4
C19d35e2071af65c9b52,▽,12+
C19d35e2071af65c9b52,★,2
C19d35e2071b63ad584a,ξ,12
C19d35e2071d410ffef2,▽,12+
C19d35e2071ebb9a52de,ln,23
C19d35e20720d0917ac1,ln,18
C19d35e2073476d40cf0,▼,10
C19d35e2073ed8bf9e45,Ude,11
C19d35e2074ccf49e919,st,6
C19d35e2074de68f1fa5,st,5
C19d35e2074de68f1fa5,双,4
C19d35e2074f0da11dbb,双,5
C19d35e20754e06c643a,dl,11
C19d35e20754e06c643a,重発狂,11
C19d35e2075f26a2251d,▼,13
C19d35e20764a66c4e21,◆◆,6
C19d35e2076995a90dfe,▽,3
C19d35e2076abbaaffe8,▽,7
C19d35e2076b2b3404a9,▽,11+
C19d35e207789758e450,sr,11
C19d35e2077988a3d53c,sr,5
C19d35e2077a27630b0e,ξ,10
C19d35e2077cdec0bd28,▼,16
C19d35e2077d79e4d10f,sl,4
C19d35e2077e409f08b4,★,13
C19d35e20797f0a0edbe,ξ,10
C19d35e207eb41c8e55c,双,4
C19d35e20801cdc07769,ln,10
C19d35e208161959a3f0,ξ,11
C19d35e2081e32c603b5,★,17
C19d35e2081e32c603b5,乱打,10
C19d35e2082511000e34,so,3
C19d35e2082511000e34,▼,4
C19d35e20826ba28f6c2,▼,21
C19d35e2083857debb98,sl,2
C19d35e2083c9957fb5f,sr,7
C19d35e2083d850ec62a,sl,12
C19d35e2083d850ec62a,乱打,12
C19d35e2083e25b6ed21,dy,0
C19d35e2083e25b6ed21,st,5
C19d35e2083e25b6ed21,重発狂,5
C19d35e2083fb87e9ce5,sr,0
C19d35e208409eb4f1cb,st,3
C19d35e208409eb4f1cb,重発狂,3
C19d35e20843be760003,▽,8
C19d35e2084526305e88,▽,11
C19d35e20847da68191b,▼,4
C19d35e20849fc974bad,st,2
C19d35e2084a4242c3ec,▼,8
C19d35e2085447d9e4c7,▽,10
C19d35e208559fafc542,▽,8
C19d35e20856371f1850,▽,3
C19d35e2086f43f728cd,☆,11
C19d35e208741fec23bf,ξ,13
C19d35e2087f0ebd9739,☆,12
C19d35e2088be7b3ec56,sr,6
C19d35e2088cb977e951,sl,1
C19d35e2088cb977e951,sr,13
C19d35e2088d6dba9bbd,sl,10
C19d35e208d4bf5cba46,sl,0
C19d35e208de41517cfc,sl,0
C19d35e208de41517cfc,▽,11
C19d35e208df866d888b,▽,8
C19d35e208e04a8d8792,▼,16
C19d35e208e1c7a14313,▼,5
C19d35e208e2f87bb18c,ξ,5
C19d35e208e2f87bb18c,▽,4
C19d35e208fedea6cba0,sr,9
C19d35e208ff4f17fa36,sr,0
C19d35e20901b0270280,fr,11
C19d35e20907d5bbf740,st,4
C19d35e2090a1395b094,sr,13
C19d35e209226174d0f8,▼,6
C19d35e209226174d0f8,☆,13
C19d35e2094b5f885ad3,▽,12
C19d35e2094c15d99e93,sl,9
C19d35e2094e3de5b4aa,▽,10
C19d35e2094f68e3a0d8,sl,4
C19d35e209506fc9469f,▽,6
C19d35e2095bf94d7872,sl,4
C19d35e2095bf94d7872,乱打,4
C19d35e2095cb29d940b,st,4
C19d35e2095cb29d940b,重発狂,4
C19d35e2095f567a1109,◆,3
C19d35e20963b46a6ce6,★,5
C19d35e2096b7d3ad3b9,ln,18
C19d35e2096b7d3ad3b9,◆◆,5
C19d35e2096d0b242e0e,ξ,6
C19d35e2096d0b242e0e,▽,4
C19d35e20972e97b6956,sr,5
C19d35e20972e97b6956,▽,9
C19d35e20973d15fc6e4,▽,9
C19d35e2097afc475638,sr,12
C19d35e2097afc475638,▽,11+
C19d35e2097d16930af3,▽,12-
C19d35e209850e0b85e7,▼,9
C19d35e20989ff90fc07,▼,13
C19d35e20989ff90fc07,★,13
C19d35e2098b41b5421d,★★,5
C19d35e2098c6aa89df9,▼,2
C19d35e2098e57f628db,▼,6
C19d35e2099cb7d3014d,▼,21
C19d35e2099defe5a531,▼,7
C19d35e209a6d68ae87b,ln,25
C19d35e209a89f48203d,h◎,6
C19d35e209ab8c9b9aaa,▼,17
C19d35e209ad034862fb,乱打,5
C19d35e209aedbe2809b,▼,14
C19d35e209aedbe2809b,乱打,8
C19d35e209afe0a2457b,sl,5
C19d35e209b00af07a93,st,2
C19d35e209b00af07a93,重発狂,2
C19d35e209b1c86e0a9a,乱打,7
C19d35e209b51ebf95a1,▼,10
C19d35e209c52ac9b5ed,▼,1
C19d35e209c7ec701735,▼,14
C19d35e209c86555459c,▼,3
C19d35e209c9450005ad,▼,2
C19d35e209cb6aad9e05,▼,20
C19d35e209cc7bb6a1a7,▽,10
C19d35e209ce4aa5856f,▽,6
C19d35e209cf7a5c0635,双,5
C19d35e209f86ec6cfd8,sr,9
C19d35e209f86ec6cfd8,▽,10
C19d35e209f995e79d4e,h◎,1
C19d35e209fc62c7676d,▽,5
C19d35e20a00cdf87bd4,★,3
C19d35e20a0bfdacf330,SB,3
C19d35e20a0bfdacf330,▼,7
C19d35e20a150d50fdc4,sr,1
C19d35e20a150d50fdc4,▽,8
C19d35e20a150d50fdc4,☆,8
C19d35e20a16bca2bd51,fr,0
C19d35e20a173adf0ed8,ξ,4
C19d35e20a173adf0ed8,▽,2
C19d35e20a188f9f3801,▽,6
C19d35e20a19604ba570,Ude,0
C19d35e20a19604ba570,sl,0
C19d35e20a1aa83af0a4,st,0
C19d35e20a1aa83af0a4,双,0
C19d35e20a1b969c8a0b,▽,4
C19d35e20a1cbe4d8299,dy,0
C19d35e20a1cbe4d8299,双,4
C19d35e20a2aca39aeaf,▽,5
C19d35e20a2bb4dd35ef,▽,1
C19d35e20a2d4d852829,▽,1
C19d35e20a315f52533a,▽,5
C19d35e20a32a9388908,▽,9
C19d35e20a331b0982cc,sl,0
C19d35e20a331b0982cc,▽,11+
C19d35e20a360f48bced,st,3
C19d35e20a360f48bced,双,3
C19d35e20a5085a993c2,▽,1
C19d35e20a527f31fd18,st,3
C19d35e20a5364ba0490,▼,2
C19d35e20a596d07942c,▽,10
C19d35e20a66ef10cb64,sl,1
C19d35e20a7448dd8e85,h◎,6
C19d35e20a834ecb0680,▽,11+
C19d35e20a841117155b,▽,7
C19d35e20a856557a2de,so,4
C19d35e20a86777c1993,▽,3
C19d35e20a874c9d2b16,▼,4
C19d35e20a874c9d2b16,☆,13
C19d35e20a8d24628f6b,▽,11
C19d35e20a8fce9b126d,◆,18
C19d35e20a9011806bfa,★,11
C19d35e20a92b7aebed2,▽,6
C19d35e20a9812dc4748,ln,2
C19d35e20aa2e9ea7805,Ude,Ude11 (sub)
C19d35e20aa2e9ea7805,▼,17
C19d35e20aa3d40fbb58,dl,12
C19d35e20aa6b3148255,▽,1
C19d35e20aa6b3148255,☆,1
C19d35e20aa8647e06e5,▽,7
C19d35e20aaa1684fcbb,Ude,6
C19d35e20aaa1684fcbb,★,11
C19d35e20aac92ea631d,▽,5
C19d35e20aae505a1a39,st,2
C19d35e20aae505a1a39,双,2
C19d35e20ab23bc64503,Ude,0
C19d35e20ab23bc64503,sl,0
C19d35e20ab6a34f6d8d,◆,9
C19d35e20abafecbf733,乱打,2
C19d35e20abc08baaab1,☆,6
C19d35e20acfc1eb3cdd,ln,2
C19d35e20adee6b0f941,▽,11
C19d35e20adf73575d9d,▽,10
C19d35e20ae0e648e5dd,▽,6
C19d35e20ae222372f69,Ude,3
C19d35e20ae222372f69,sl,3
C19d35e20ae222372f69,▼,5
C19d35e20af0318e9e47,▽,11+
C19d35e20af169fb9326,ξ,2
C19d35e20af169fb9326,▽,2
C19d35e20af251f49557,▼,3
C19d35e20af251f49557,★,3
C19d35e20af6ac6da802,sl,2
C19d35e20af6ac6da802,乱打,2
C19d35e20af7b089aabd,▽,9
C19d35e20af7b089aabd,☆,9
C19d35e20af9a0ea5092,▼,11
C19d35e20afaed61085e,▽,6
C19d35e20b1f12d9a8eb,Ude,0
C19d35e20b1f12d9a8eb,sl,0
C19d35e20b242d8303ae,st,1
C19d35e20b242d8303ae,重発狂,1
C19d35e20b2ec032d8cd,▽,1
C19d35e20b2ec032d8cd,☆,1
C19d35e20b2feac6c430,▽,4
C19d35e20b31f3a7fb63,sr,1
C19d35e20b31f3a7fb63,▽,7
C19d35e20b33ef30883e,sr,6
C19d35e20b33ef30883e,▽,9
C19d35e20b340ee1f945,sr,13
C19d35e20b340ee1f945,▽,11+
C19d35e20b3516a2d564,★,3
C19d35e20b388d0486d7,st,5
C19d35e20b388d0486d7,双,4
C19d35e20b4532ab7a40,▽,9
C19d35e20b46fa4dca17,▼,4
C19d35e20b48150b9baa,▽,7
C19d35e20b493a23600e,▼,3
C19d35e20b4a354ab1a7,▽,5
C19d35e20b54a2f2e8f3,◆,2
C19d35e20b804a727352,▽,4
C19d35e20b8847e526c3,▼,3
C19d35e20b91a896db91,◆,8
C19d35e20bae16903c08,sl,11
C19d35e20bae16903c08,乱打,11
C19d35e20bb437521e78,▼,18
C19d35e20bb437521e78,乱打,12
C19d35e20bbc1540cb11,sr,10
C19d35e20bbe8bbddd17,dy,3
C19d35e20bbe8bbddd17,st,8
C19d35e20bbe8bbddd17,重発狂,8
C19d35e20bbf921305c1,sr,1
C19d35e20bc099ef0236,st,3
C19d35e20bc099ef0236,重発狂,3
C19d35e20bd03699fad5,☆,1
C19d35e20bdce99636b1,★,8
C19d35e20becac72a791,▽,4
C19d35e20bed57337913,▽,2
C19d35e20bf1c3aa427c,▼,4
C19d35e20bf257c069c7,▽,6
C19d35e20bf4f41db99d,▽,11
C19d35e20bf69afa37dc,▽,12-
C19d35e20bf7231500c9,st,4
C19d35e20bf7231500c9,重発狂,4
C19d35e20bf8c80aed57,sl,8
C19d35e20bf8c80aed57,乱打,7
C19d35e20c142ba224a3,▽,6
C19d35e20c142ba224a3,☆,6
C19d35e20c1d6a3edbf9,◆,18
C19d35e20c1d6a3edbf9,◆◆,6
C19d35e20c1eaa926cee,sl,0
C19d35e20c1fc20284d7,sl,1
C19d35e20c2cd6804705,ξ,4
C19d35e20c2fadb6555a,ξ,13
C19d35e20c35c5e971d5,双,0
C19d35e20c45802ed747,sl,8
C19d35e20c7dc7540f6b,▽,2
C19d35e20c82af7f7285,▼,7
C19d35e20c8e1a835d9c,dl,-1
C19d35e20c8e1a835d9c,sl,12
C19d35e20c94b8394b58,sr,9
C19d35e20c95823e4243,sr,3
C19d35e20c99b5266e60,st,0
C19d35e20c99b5266e60,重発狂,0
C19d35e20c9ec0d642ed,st,5
C19d35e20ca073758b17,sr,4
C19d35e20ca1896ac765,sr,12
C19d35e20ca1896ac765,☆,11
C19d35e20ca2a2929d6b,sl,0
C19d35e20ca2a2929d6b,sr,11
C19d35e20cae4a0bbe23,sl,5
C19d35e20cae4a0bbe23,★,9
C19d35e20cae4a0bbe23,乱打,5
C19d35e20cb043ae3c9a,ξ,3
C19d35e20cbcbee027b0,h◎,7
C19d35e20cc586833e17,sr,3
C19d35e20cc6acefb765,sr,8
C19d35e20cc6acefb765,☆,10
C19d35e20cc90a0ea5b0,sl,3
C19d35e20cd29d2ecad1,▽,2
C19d35e20cd33e71ce4d,▽,5
C19d35e20cd48c3c201d,▽,7
C19d35e20cd5f4778a78,▽,11
C19d35e20cd651e82aa5,sl,1
C19d35e20cd651e82aa5,▼,1
C19d35e20cd705e8c2d6,▼,10
C19d35e20cd8c8553921,dl,4
C19d35e20cd8c8553921,st,4
C19d35e20cd9ce553bed,dl,dl2 (sub)
C19d35e20cd9ce553bed,st,2
C19d35e20cd9ce553bed,重発狂,2
C19d35e20cda8af7aaa8,sl,9
C19d35e20cdbd4c6eeb5,dl,6
C19d35e20cdd3bea51a9,sl,9
C19d35e20d01af22b70a,st,7
C19d35e20d01af22b70a,双,5
C19d35e20d1b5d3de821,sl,10
C19d35e20d2ad6a74635,双,2
C19d35e20d41d82366dc,▽,7
C19d35e20d43e1f05090,▽,9
C19d35e20d459bde0ccd,▽,11+
C19d35e20d56eede7b7c,sr,1
C19d35e20d56eede7b7c,▽,7
C19d35e20d57dad9cefa,st,3
C19d35e20d57dad9cefa,双,3
C19d35e20d5bc3b88386,Ude,2
C19d35e20d5bc3b88386,▼,3
C19d35e20d5bc3b88386,★,3
C19d35e20d615fa1ef7c,Ude,12
C19d35e20d615fa1ef7c,★,19
C19d35e20d64df71ebcb,ξ,4
C19d35e20d64df71ebcb,▽,2
C19d35e20d65995a5165,Ude,9
C19d35e20d69b1df19ac,◆,9
C19d35e20d6a15327c74,ln,16
C19d35e20d6a15327c74,◆◆,3
C19d35e20d6eded77b66,▽,4
C19d35e20d6eded77b66,☆,4
C19d35e20d7a09c541d6,Ude,0
C19d35e20d7a09c541d6,sl,0
C19d35e20d7a09c541d6,sr,12
C19d35e20d7b938f49d0,Ude,12
C19d35e20d7b938f49d0,sl,12
C19d35e20d7ce097edd5,双,1
C19d35e20d97eda06c63,sl,9
C19d35e20d97eda06c63,乱打,9
C19d35e20dab1e2d1aab,▽,1
C19d35e20dac44cc1c0e,▽,4
C19d35e20dade1950f54,▽,8
C19d35e20dae4f0c7b7c,▽,10
C19d35e20daf7017b4cf,sl,1
C19d35e20daf7017b4cf,▽,12
C19d35e20db02e3e967a,Ude,12
C19d35e20db02e3e967a,sl,12
C19d35e20db435e7873b,sr,12
C19d35e20db435e7873b,▽,11+
C19d35e20db6fe498a1c,▼,8
C19d35e20db7493ac6d1,★,10
C19d35e20db7493ac6d1,乱打,5
C19d35e20dc021e9c89a,sr,5
C19d35e20dc021e9c89a,▽,9
C19d35e20dc1ff0aa539,dl,0
C19d35e20dc266497f4d,▽,6
C19d35e20dc3796ffbde,dl,10
C19d35e20dc3796ffbde,dy,5
C19d35e20dc3796ffbde,st,10
C19d35e20dc4c0c0553e,st,2
C19d35e20dc534d637ee,Ude,4
C19d35e20dc6f57b6f35,st,2
C19d35e20dc6f57b6f35,重発狂,2
C19d35e20dc791d90b21,sl,4
C19d35e20e11ea0997d3,ξ,?
C19d35e20e18843e59c0,▼,2
C19d35e20e3f578e41cd,☆,11
C19d35e20e411826e197,▼,5
C19d35e20e4cce95a72b,Ude,12
C19d35e20e4cce95a72b,sl,12
C19d35e20e6e79a912d5,★★,3
C19d35e20e8445168362,★,19
C19d35e20e8b1fe7236f,dl,-1
C19d35e20e8b1fe7236f,sl,12
C19d35e20e91f8913612,sl,0
C19d35e20e9c68cbc609,dl,3
C19d35e20e9c68cbc609,重発狂,3
C19d35e20e9de36483c7,▼,2
C19d35e20eac4874f3fd,▼,6
C19d35e20ead08377f6e,dl,8
C19d35e20eb4fd2605a4,★,21
C19d35e20eb4fd2605a4,★★,1
C19d35e20eb7f5060fd7,▽,8
C19d35e20eb876e7cb44,▽,9
C19d35e20eb876e7cb44,☆,9
C19d35e20eb974c2627b,▽,12
C19d35e20eb974c2627b,★,1
C19d35e20eb974c2627b,乱打,1
C19d35e20ecee3b1e3bc,★★,2
C19d35e20ed6a11582fc,sr,8
C19d35e20ed6a11582fc,▽,10
C19d35e20ed744e42487,▽,3
C19d35e20ed874b0d185,sr,13
C19d35e20ed874b0d185,▽,11+
C19d35e20edbb7f6e7da,sr,1
C19d35e20edbb7f6e7da,▽,7
C19d35e20edcf69fe568,▽,6
C19d35e20edea153d783,sl,0
C19d35e20edea153d783,sr,10
C19d35e20edea153d783,乱打,0
C19d35e20edf2e281be5,ξ,2
C19d35e20ee00f1115d6,sr,4
C19d35e20ee1b97ceb5c,ξ,9
C19d35e20f244b832202,★,3
C19d35e20f264833b57d,ξ,3
C19d35e20f47e35d42e8,★,2
C19d35e20f47e35d42e8,乱打,1
C19d35e20f495b0f10b2,ξ,8
C19d35e20f4a2ecc91f7,sr,6
C19d35e20f4cb3349761,sr,12
C19d35e20f4d96c07816,★,10
C19d35e20f5275685b5d,★,18
C19d35e20f5b7e9fd386,双,5
C19d35e20f616dbc8975,sl,11
C19d35e20f616dbc8975,乱打,11
C19d35e20f63cfae2110,◆,22
C19d35e20f6483edc3ad,▼,18
C19d35e20f6a5b0434b3,sr,13
C19d35e20f6b6d979c10,sr,9
C19d35e20f6c2009c00e,ξ,12
C19d35e20f880db828ee,★,1
C19d35e20f880db828ee,乱打,1
C19d35e20f94f8d67d84,st,1
C19d35e20f94f8d67d84,重発狂,1
C19d35e20f9bd4763d0e,sl,3
C19d35e20f9bd4763d0e,乱打,3
C19d35e20fa1ed2ec04e,ξ,13
C19d35e20fa51094e359,◆,5
C19d35e20fc7aa8f0002,◆,7
C19d35e20fd84cbcb7c4,sl,8
C19d35e20fd84cbcb7c4,乱打,7
C19d35e20fdb4fd2bd75,ln,17
C19d35e20fdd5dad4d6e,▼,1
C19d35e20fe901c95df9,sl,4
C19d35e20fe901c95df9,乱打,4
C19d35e20fec849b991f,sl,8
C19d35e20fec849b991f,乱打,8
C19d35e20fed1937f281,▽,6
C19d35e20feec39fbb21,▽,10
C19d35e20fef7fe17e6f,乱打,10
C19d35e20ff25b020afe,▽,11+
C19d35e20ff5a91521a9,乱打,7
C19d35e20ff86172d0e3,st,4
C19d35e20ff86172d0e3,重発狂,4
C19d35e20ffcf3bdf0c7,▼,0-
C19d35e2102c50cb5376,◆,6
C19d35e21045983fc440,st,3
C19d35e210638e2f458e,乱打,2
C19d35e2106e879d1280,dl, BEGINNER
C19d35e2106e879d1280,sl,7
C19d35e21073d120de68,▽,7
C19d35e21074cabe1fbc,▽,10
C19d35e21075d111ec45,▼,16
C19d35e21077fe348939,ln,23
C19d35e2107c5dd267a6,▼,18
C19d35e2107dbdf637a8,★,9
C19d35e2108012b56e1b,st,5
C19d35e210832f8d6ccf,sl,6
C19d35e2108e5420343c,sr,8
C19d35e2108f5bd9e5ba,sr,11
C19d35e210b10a1a2ac6,☆,8
C19d35e210bc168e0caf,sr,13
C19d35e210c029bc8622,sr,7
C19d35e210c93106f31c,ξ,3
C19d35e210ca1ca36553,ξ,11
C19d35e210cd51e18b1a,sl,5
C19d35e210cd51e18b1a,乱打,5
C19d35e210f04cd617e1,◆◆,1
C19d35e210f70f390635,dl,7
C19d35e210faa33b8b7e,dl,3
C19d35e210fbf13aa4ff,dl,1
C19d35e210fbf13aa4ff,★,21
C19d35e210fca42b9d1a,dl,8
C19d35e2111e8d2de12a,sl,7
C19d35e2111e8d2de12a,乱打,7
C19d35e21124e5ec83ce,▽,3
C19d35e21125228816ec,▽,6
C19d35e21126937901e2,▽,10
C19d35e211277b373b1a,SB,1
C19d35e211277b373b1a,▽,11+
C19d35e211284d7313fd,sl,1
C19d35e2112b63717352,sl,11
C19d35e2112ddb5dc8bf,dl,6
C19d35e2113013a750c9,ξ,12
C19d35e2113602fc9ace,dl,6
C19d35e2113602fc9ace,dy,1
C19d35e2113602fc9ace,st,6
C19d35e21137fbe000c8,重発狂,1
C19d35e2116016df1c7c,▼,7
C19d35e2116132a207a6,ξ,2
C19d35e2116132a207a6,▽,1
C19d35e21162456fe0e2,sr,10
C19d35e21162456fe0e2,▽,11
C19d35e21163c4360317,▽,12
C19d35e2116415775d42,▽,6
C19d35e211656924307d,▽,3
C19d35e2117a06b6dd07,sl,3
C19d35e2117a06b6dd07,▼,4
C19d35e2117bd8d8d705,▽,11
C19d35e2117c91bfcd4c,▽,6
C19d35e2117d2cef4372,st,3
C19d35e2117e2b1b942f,▼,14
C19d35e2117f44ddf906,sl,10
C19d35e21180a0802d81,▼,16
C19d35e2119249763183,▼,8
C19d35e21197cb7bd5a2,sl,4
C19d35e21197cb7bd5a2,▼,6
C19d35e21197cb7bd5a2,乱打,4
C19d35e21199a1a02b45,★★,3
C19d35e21199a1a02b45,重発狂,4
C19d35e211a2f0d19d5c,◆,17
C19d35e211a2f0d19d5c,◆◆,5
C19d35e211ac47258f82,★,5
C19d35e211b1923ea4f8,st,1
C19d35e211b1923ea4f8,重発狂,1
C19d35e211bc7f33de86,st,9
C19d35e211cdc6d09b8a,▼,3
C19d35e211d6ae3810b0,sl,9
C19d35e211d6ae3810b0,▼,14
C19d35e211da456132fb,ξ,11
C19d35e211dcd921d24f,ξ,5
C19d35e211f6494e6864,☆,11
C19d35e211fc81e1e305,ξ,11
C19d35e211fd50760d0d,sl,3
C19d35e2120c8f0b882f,sr,7
C19d35e2120c8f0b882f,▽,10
C19d35e2120de4f45777,ξ,1
C19d35e2120de4f45777,▽,1
C19d35e212165d27c581,sr,1
C19d35e212165d27c581,ξ,13
C19d35e212165d27c581,▽,7
C19d35e2121847ad6ad3,ξ,4
C19d35e2121847ad6ad3,▽,3
C19d35e212198aeb2043,▼,7
C19d35e2121acc565134,sl,6
C19d35e212396c527552,▽,12+
C19d35e2123a71cc424b,▽,4
C19d35e2123ba700e2b0,sr,9
C19d35e2123ba700e2b0,▽,11
C19d35e2123ce7c7d33a,sr,1
C19d35e2123ce7c7d33a,▽,8
C19d35e2123d0cb7ebb2,乱打,3
C19d35e2123fac9c1db1,sr,10
C19d35e21240c439300c,sr,2
C19d35e212417c95862c,双,3
C19d35e212459e513d8f,☆,11
C19d35e21247e9b053ae,双,4
C19d35e2125bdeb4b680,▼,12
C19d35e2125bdeb4b680,乱打,7
C19d35e212774e3cd4be,st,1
C19d35e212774e3cd4be,双,1
C19d35e212946379bd71,★,22
C19d35e2129c8fc88ca5,sl,9
C19d35e2129c8fc88ca5,乱打,9
C19d35e212a4bb2b1c2d,st,4
C19d35e212a4bb2b1c2d,重発狂,4
C19d35e212a81eefd687,sr,8
C19d35e212ad01ab6fd1,sr,12
C19d35e212b2d80a28d8,▼,5
C19d35e212d1325beb91,h◎,1
C19d35e212d2a702a0bc,SB,8
C19d35e212d2a702a0bc,h◎,14
C19d35e212d3a79dcbdb,h◎,2
C19d35e212ec6e6cfcb5,◆,3
C19d35e212ed74e20b98,sr,11
C19d35e212ed74e20b98,▽,11
C19d35e212eeafb6cb27,ξ,3
C19d35e212eeafb6cb27,▽,3
C19d35e212efa57ffc42,sr,4
C19d35e212efa57ffc42,▽,9
C19d35e212f05a014624,▽,12+
C19d35e212f190954daf,ξ,12
C19d35e212f190954daf,▽,6
C19d35e212fa091a9ec0,st,3
C19d35e2130706d952ad,ln,16
C19d35e2130922af77f9,☆,12
C19d35e2130ebb95a686,▼,17
C19d35e2130ebb95a686,乱打,11
C19d35e2131c84d313ff,sr,6
C19d35e2131dd3c5b4b2,sr,13
C19d35e2131f94a753b6,dl,10
C19d35e2132097b3861a,◆,17
C19d35e2132214f91fd8,sl,4
C19d35e213245a1d86a3,dl,4
C19d35e213245a1d86a3,st,4
C19d35e21326e1167d6c,★,11
C19d35e2132cfe09e935,st,2
C19d35e2132cfe09e935,重発狂,2
C19d35e2133192f94aba,乱打,8
C19d35e213552963b1e5,☆,8
C19d35e213569a4fa61a,sl,3
C19d35e2136bf3a6253c,Ude,5
C19d35e2136bf3a6253c,sl,5
C19d35e213703c878c57,sl,11
C19d35e2137ca79a1cd6,▼,3
C19d35e21383f154b569,sr,13
C19d35e21383f154b569,▽,11+
C19d35e21384f6db010e,▼,8
C19d35e21385e7763db4,dl,-1
C19d35e21385e7763db4,sl,12
C19d35e21388af58c579,▽,6
C19d35e2138aeaefd900,dl,9
C19d35e2138aeaefd900,dy,4
C19d35e2138aeaefd900,st,9
C19d35e213a11fbc7f39,▼,3
C19d35e213a11fbc7f39,乱打,3
C19d35e213a36e0f7a42,sl,8
C19d35e213a36e0f7a42,乱打,8
C19d35e213a5e098b8a8,◆,21
C19d35e213a5e098b8a8,◆◆,9
C19d35e213bfd6354e0d,h◎,0
C19d35e213d3fc92e226,▽,12-
C19d35e213d8b80962d6,☆,10
C19d35e213f8840123b2,ln,15
C19d35e213f8840123b2,◆◆,2
C19d35e213fc9a777e15,★,10
C19d35e213ff7d987baa,★,4
C19d35e21406def1fe8e,st,5
C19d35e21406def1fe8e,重発狂,5
C19d35e214073b6e5091,st,6
C19d35e214073b6e5091,重発狂,6
C19d35e21408b4198e01,dy,2
C19d35e2140e8f443ed0,ξ,5
C19d35e2140f95c548d7,sr,13
C19d35e21410654986ba,双,5
C19d35e21411391d6e3c,sr,2
C19d35e214299c3e0be4,ξ,3
C19d35e2142c46bb2c30,ξ,7
C19d35e21433dbf90422,st,4
C19d35e21440fe5943d5,sr,12
C19d35e214426ab3aec7,sl,3
C19d35e214426ab3aec7,乱打,3
C19d35e214436485e2cb,▼,13
C19d35e214436485e2cb,★,14
C19d35e21444ee235190,sr,7
C19d35e21445685ad2cd,ξ,13
C19d35e214482e5ef569,st,1
C19d35e214482e5ef569,重発狂,1
C19d35e21459eb147703,▼,0-
C19d35e21459eb147703,乱打,0
C19d35e21466d318dc86,▼,3
C19d35e214738af509ed,▽,10
C19d35e21479ca725721,▼,23
C19d35e2147a56ea88d6,▼,15
C19d35e2147bde8af8fe,▼,6
C19d35e2147bde8af8fe,★,6
C19d35e2147d6b036a71,▼,20
C19d35e21485e99b2eef,h◎,-1
C19d35e214a16c474b0e,fr,7
C19d35e214c1507a65da,fr,7
C19d35e214c44cc28de6,sr,!
C19d35e214c588ff18f5,▼,6
C19d35e214cc60f75490,sl,2
C19d35e214cc60f75490,▼,4
C19d35e214cd690e21ed,ξ,4
C19d35e214cd690e21ed,▽,3
C19d35e214ce2a0060e5,ξ,10
C19d35e214ce2a0060e5,▽,5
C19d35e214cfc4c48d94,sr,5
C19d35e214cfc4c48d94,▽,8
C19d35e214d0e66f3cad,sr,9
C19d35e214d0e66f3cad,▽,10
C19d35e214d1b2be238c,▼,5
C19d35e214d36fb0b32f,▼,5
C19d35e214d6fa2e5222,双,3
C19d35e214e12c956870,▼,8
C19d35e214e263dc2b54,▽,11+
C19d35e214e4f4465c70,▽,9
C19d35e214e5912b133f,▽,6
C19d35e2150fc64cd307,ln,16
C19d35e2151396fb49f8,sl,10
C19d35e2151396fb49f8,乱打,10
C19d35e21516c4327366,▽,12
C19d35e21517624ccf19,▼,6
C19d35e2151820854560,▽,10
C19d35e21519db26fdca,st,1
C19d35e21519db26fdca,▼,20
C19d35e2151a124023fb,▽,6
C19d35e2151c5ff15b97,★,17
C19d35e2151c5ff15b97,乱打,11
C19d35e2151eedb16255,st,5
C19d35e2153df76384b9,乱打,4
C19d35e2154254d7514f,☆,13
C19d35e2154735308c74,乱打,12
C19d35e2154e3ea8cede,乱打,3
C19d35e21553bdd49ab5,sl,9
C19d35e21553bdd49ab5,乱打,9
C19d35e21554b66cc637,◆,17
C19d35e21564129f537d,▼,1
C19d35e21567335e7a6b,▽,9
C19d35e215692d3683c7,◆,9
C19d35e21580f3094467,Ude,4
C19d35e21580f3094467,sl,4
C19d35e2158de6f5ab86,☆,10
C19d35e2158e1285628d,◆,8
C19d35e2158e1285628d,☆,13
C19d35e21594c9314bb5,☆,6
C19d35e2159ca21f1762,so,4
C19d35e215b1a94311a1,sr,13
C19d35e215b1a94311a1,▽,12-
C19d35e215b22dea8bd7,▼,3
C19d35e215b9d0933946,sr,6
C19d35e215b9d0933946,▽,9
C19d35e215bad462b3b9,st,3
C19d35e215bad462b3b9,双,3
C19d35e215bb5abd8d2a,▽,6
C19d35e215be4bb3427b,★,10
C19d35e215c0273d478a,h◎,8
C19d35e215d2d96fb168,☆,8
C19d35e215d898cac5a6,▼,3
C19d35e215df0748eafa,双,2
C19d35e215ead0547bcb,▽,9
C19d35e215ef19c3cf5f,▽,12
C19d35e215f0655d2c84,dl,5
C19d35e215f0655d2c84,st,5
C19d35e215f18d636bb0,▽,7
C19d35e215f684151d5d,▽,3
C19d35e215f823bb646c,▽,11
C19d35e215fdcdbb92d8,乱打,3
C19d35e216095e7ad661,▽,10
C19d35e2160a29720825,▽,8
C19d35e2160b8cd096ec,▽,6
C19d35e2160c864ef589,▼,3
C19d35e2162d5cc96931,★,6
C19d35e21638bea6f35b,dy,2
C19d35e21638bea6f35b,st,7
C19d35e21638bea6f35b,双,5
C19d35e216490c22c5bd,sr,13
C19d35e216490c22c5bd,▽,12
C19d35e216490c22c5bd,☆,12
C19d35e2164c3f6dd3ad,sr,6
C19d35e2164c3f6dd3ad,▽,9
C19d35e2164c3f6dd3ad,☆,9
C19d35e2164dd08863b0,ln,17
C19d35e2164dd08863b0,◆,16
C19d35e2164dd08863b0,◆◆,2
C19d35e2164fef778d2c,ln,7
C19d35e2164fef778d2c,◆,6
C19d35e21651ada0a500,▽,5
C19d35e2165394abe72e,dl, BEGINNER
C19d35e2165394abe72e,▼,10
C19d35e21654847a4733,★,5
C19d35e21654847a4733,乱打,4
C19d35e21655b3ad5517,st,7
C19d35e21655b3ad5517,双,5
C19d35e2165ca692f54d,ξ,12
C19d35e21660b0dbdf04,sl,12
C19d35e21668cb9cbfca,sr,12
C19d35e21668cb9cbfca,▼,0-
C19d35e21668cb9cbfca,乱打,0
C19d35e2166be120222b,sr,3
C19d35e2166cf9f1d643,ξ,9
C19d35e2166e730830d3,sl,12
C19d35e2166e730830d3,乱打,11
C19d35e21679a24c22a3,ln,12
C19d35e21679a24c22a3,◆,12
C19d35e2167a8b5f95d1,ln,17
C19d35e2167a8b5f95d1,◆,17
C19d35e2167a8b5f95d1,◆◆,5
C19d35e216887cc8080d,sr,7
C19d35e216887cc8080d,☆,10
C19d35e21689c140dbaf,★,1
C19d35e2168d1f4c5052,★,21
C19d35e21695417d1e80,dl,8
C19d35e21695417d1e80,st,8
C19d35e21696d91cb257,◆◆,10
C19d35e21698faa16262,▼,10
C19d35e216a00d93f288,★,22
C19d35e216a00d93f288,★★,2
C19d35e216a4e81574d3,sr,12
C19d35e216a92f1f04a1,sr,8
C19d35e216aa1e4200ea,▼,16
C19d35e216ab2a7d37ca,sr,3
C19d35e216acfa789e12,★,14
C19d35e216aeae3e6e40,ln,22
C19d35e216aeae3e6e40,◆◆,10
C19d35e216b6e56f8fec,ξ,4
C19d35e216b8d6d18a65,sr,4
C19d35e216b9ccca7207,sr,9
C19d35e216ba98be6d8e,sl,2
C19d35e216c39ddc34dc,st,4
C19d35e216c45fa0b2c4,sl,5
C19d35e216c45fa0b2c4,乱打,5
C19d35e216d293efabd6,▼,11
C19d35e216d46d1a995a,st,4
C19d35e216d46d1a995a,双,2
C19d35e216db2971e162,★,23
C19d35e216e58410ec6a,ln,18
C19d35e216f6018f0b94,Ude,0
C19d35e216f6018f0b94,sl,0
C19d35e216f6018f0b94,sr,12
C19d35e216f6018f0b94,▽,11
C19d35e216f89ccb4fb0,sl,3
C19d35e216f89ccb4fb0,▼,4
C19d35e216fd2f4c38b2,dy,3
C19d35e216fd2f4c38b2,st,8
C19d35e216fd2f4c38b2,★★,5
C19d35e216fd2f4c38b2,双,5
C19d35e216ff3d83a774,st,12
C19d35e216ff3d83a774,双,7
C19d35e21702f58e184f,ln,9
C19d35e21702f58e184f,◆,9
C19d35e217051a7e13b3,Ude,12
C19d35e217051a7e13b3,sl,12
C19d35e217051a7e13b3,▼,19
C19d35e2170d5d68558c,sr,0
C19d35e2171003dfb2ca,Ude,7
C19d35e2171003dfb2ca,sl,7
C19d35e2171180455d88,双,1
C19d35e217127a935578,双,3
C19d35e2173ec0ef8ccf,ξ,4
C19d35e2174184fcefe9,sl,1
C19d35e2174b4f5c4b53,SB,2
C19d35e2174b4f5c4b53,▼,3
C19d35e2175a6968133f,★,5
C19d35e217663f11f84b,★★,4
C19d35e2176905dc3afc,Ude,0
C19d35e2176905dc3afc,sl,0
C19d35e217725663db18,▽,6
C19d35e217734408b70e,▽,8
C19d35e217744ecbae5b,◆,7
C19d35e21775decc7ed4,▽,11
C19d35e21775decc7ed4,☆,11
C19d35e217772fa588eb,Ude,3
C19d35e217772fa588eb,★,6
C19d35e217772fa588eb,乱打,3
C19d35e21779a5121aaa,▽,11+
C19d35e2178bf4774d98,so,1
C19d35e2179279a900c5,SB,1
C19d35e21796cd16ad78,SB,0
C19d35e21797de31e5c0,SB,2
C19d35e217a5e2b30fb0,▼,10
C19d35e217a8d74201d0,h◎,7
C19d35e217ac85dab305,▽,11+
C19d35e217ae7fb9fd50,▽,8
C19d35e217b019eaa6c3,ξ,?
C19d35e217b019eaa6c3,▽,5
C19d35e217b2120f0e71,乱打,12
C19d35e217b45a6cba47,▽,4
C19d35e217b6e20400a6,sr,3
C19d35e217b7db216a0f,sr,7
C19d35e217b7db216a0f,☆,10
C19d35e217bd6516c117,★,1
C19d35e217ea3d56f75e,◆,17
C19d35e217ea3d56f75e,◆◆,5
C19d35e217f3e6580b95,sl,0
C19d35e217f60299c8c3,st,2
C19d35e217f60299c8c3,重発狂,2
C19d35e217fa1e6b5ce3,▼,5
C19d35e217ff222642fd,ξ,4
C19d35e2181a10ab7350,st,3
C19d35e2181a10ab7350,重発狂,4
C19d35e2181c5aa57368,sl,12
C19d35e2181c5aa57368,乱打,12
C19d35e21828efcfd1b1,☆,7
C19d35e21845f7cba6c3,sl,1
C19d35e21845f7cba6c3,乱打,1
C19d35e21855a446597b,▽,5
C19d35e21857e71cd72a,ξ,6
C19d35e21857e71cd72a,▽,4
C19d35e218587fef4814,▽,11
C19d35e2185efc7f5cfb,Ude,8
C19d35e2185efc7f5cfb,▼,11
C19d35e2186167bcc65b,Ude,11
C19d35e2186167bcc65b,sl,11
C19d35e2186167bcc65b,▼,16
C19d35e2186543f42176,Ude,4
C19d35e2186aca7ef486,ξ,7
C19d35e2186c3813a886,☆,8
C19d35e2186dac33fb4e,☆,11
C19d35e21875ee497a71,sl,6
C19d35e21883ba6c8c65,★,3
C19d35e2188ca65a7919,★,6
C19d35e218959ba16380,乱打,12
C19d35e2189db257807d,ξ,9
C19d35e218a0c9bfb341,st,1
C19d35e218a9ee32f208,ξ,11
C19d35e218b1a3602d95,dl,dl9 (sub)
C19d35e218b21fcf4f49,dl,3
C19d35e218b757b57550,▼,22
C19d35e218bc74f2d3a3,▼,13
C19d35e218be1bad4131,★,14
C19d35e218cb44ea6848,ξ,12
C19d35e218cc09cc7055,sr,10
C19d35e218cd4fe630cd,sl,3
C19d35e218cd4fe630cd,乱打,3
C19d35e218e3ab4299e6,☆,6
C19d35e218f335d506e1,h◎,1
C19d35e21902c4bcef4e,ξ,12
C19d35e2190ddf63176a,▽,4
C19d35e2190eb9d1af0e,▽,7
C19d35e2190f53879612,▽,10
C19d35e219101121827a,▽,2
C19d35e21911566f53b3,▼,4
C19d35e219152613406f,▽,8
C19d35e2191f90650d3e,▼,1
C19d35e219216af80f3d,▽,6
C19d35e21928248726a5,◆,11
C19d35e219297a58ef35,▼,3
C19d35e2192a25c9a74c,▼,7
C19d35e2192b26c8df6e,ξ,7
C19d35e219305b661b01,sl,6
C19d35e21937939813e7,ξ,12
C19d35e2193865395d8d,sr,7
C19d35e219398f247709,sr,11
C19d35e219398f247709,☆,11
C19d35e2193ac9251416,sl,1
C19d35e2193ac9251416,▼,1
C19d35e2193f7d471982,st,2
C19d35e2193f7d471982,▼,22
C19d35e2193f7d471982,双,2
C19d35e21946ff58e297,h◎,2
C19d35e2195a6a92165a,ξ,13
C19d35e2195dbc679447,☆,5
C19d35e2196db8406227,★,4
C19d35e2196f470cb2e7,fr,8
C19d35e2196f470cb2e7,★,22
C19d35e2196f470cb2e7,★★,2
C19d35e21972c8748ea5,◆,4
C19d35e21975f6a0c208,h◎,1
C19d35e2198782a1a5c9,sl,6
C19d35e2199309dac62f,st,0
C19d35e219995bdbd9e7,★,6
C19d35e2199c3f89dbc1,sl,0
C19d35e219a89827d3d7,st,10
C19d35e219adc7a3a22b,sr,?
C19d35e219d09d29bb99,ξ,7
C19d35e219d1d2ecce59,ξ,8
C19d35e219d1d2ecce59,▽,5
C19d35e219d2aff80975,▽,9
C19d35e219d6c450bd50,▽,11
C19d35e219d8022bcf2e,sl,2
C19d35e219e9fedda9c0,SB,2
C19d35e219ee5619503b,dl,9
C19d35e219f45fcb415e,▽,10
C19d35e219f5661fd9d4,▽,2
C19d35e219f6ddd977d1,▽,7
C19d35e219f785cb4c91,▽,4
C19d35e219fdb8ee66f5,st,3
C19d35e219fdb8ee66f5,双,2
C19d35e21a2a038a4e2d,ξ,5
C19d35e21a41d8148b86,▽,11+
C19d35e21a4288188a8d,▽,3
C19d35e21a433a3c6281,▽,12
C19d35e21a449090b7e8,▼,?
C19d35e21a4607314aca,▽,8
C19d35e21a47a45aaa17,▽,5
C19d35e21a78e3fd3da8,▽,9
C19d35e21a7957e8f418,ξ,6
C19d35e21a7957e8f418,▽,3
C19d35e21a7ad6c479cc,ξ,13
C19d35e21a7ad6c479cc,▽,6
C19d35e21a7b1d22ef31,Ude,6
C19d35e21a7b1d22ef31,▼,10
C19d35e21a7c68d482de,Ude,11
C19d35e21a7c68d482de,sl,11
C19d35e21a7c68d482de,双,0
C19d35e21a7d37895888,ξ,10
C19d35e21a7d37895888,▽,5
C19d35e21a7e39345364,Ude,1
C19d35e21a7e39345364,▼,1
C19d35e21a84d72478b4,◆,6
C19d35e21a917a3830cb,▼,2
C19d35e21a9a9ce491bf,h◎,14
C19d35e21a9b2c62ddcc,▼,7
C19d35e21aa189aab8a9,★,15
C19d35e21aa189aab8a9,乱打,11
C19d35e21aa31b4a9ac5,so,1
C19d35e21aa31b4a9ac5,☆,11
C19d35e21aab2e722115,st,3
C19d35e21aab2e722115,重発狂,3
C19d35e21aadbc18dd78,▼,24
C19d35e21ad1fccc38e8,★★,4
C19d35e21ad1fccc38e8,重発狂,7
C19d35e21ae4811558f9,☆,11
C19d35e21afabdc5fe12,▼,10
C19d35e21afabdc5fe12,★,10
C19d35e21b033ce7e979,sl,8
C19d35e21b06e149e729,st,4
C19d35e21b2182fd4fd8,ξ,5
C19d35e21b2182fd4fd8,▽,3
C19d35e21b241b95494b,▽,7
C19d35e21b2556daf184,▽,10
C19d35e21b2622bcd055,▼,4
C19d35e21b27376ee835,▼,?
C19d35e21b2b0c55ac60,▼,10
C19d35e21b2c9e7f9cb5,▼,6
C19d35e21b2d20ee7901,▼,15
C19d35e21b393be8da00,sl,12
C19d35e21b393be8da00,乱打,12
C19d35e21b3a485b4d35,h◎,5
C19d35e21b3c13b52a49,ξ,6
C19d35e21b43c2009e3f,★,7
C19d35e21b43c2009e3f,乱打,4
C19d35e21b46ceec75ad,乱打,11
C19d35e21b4f39cc87cb,st,5
C19d35e21b4f39cc87cb,重発狂,5
C19d35e21b5405fe9a0a,sl,4
C19d35e21b5405fe9a0a,▼,7
C19d35e21b5405fe9a0a,乱打,4
C19d35e21b56503da786,sr,13
C19d35e21b56503da786,▽,11+
C19d35e21b572d7fcafe,ξ,9
C19d35e21b572d7fcafe,▽,5
C19d35e21b58592f3c87,st,6
C19d35e21b58592f3c87,重発狂,6
C19d35e21b5954777d2f,sl,11
C19d35e21b5954777d2f,乱打,11
C19d35e21b5befe66777,sr,7
C19d35e21b5befe66777,▽,9
C19d35e21b5c597a2c62,st,1
C19d35e21b5c597a2c62,▼,21
C19d35e21b5c597a2c62,重発狂,1
C19d35e21b5d3bd88d02,ln,23
C19d35e21b60d612e724,sl,10
C19d35e21b60d612e724,乱打,10
C19d35e21b61daa67101,st,5
C19d35e21b62791dbc5b,st,9
C19d35e21b62791dbc5b,双,5
C19d35e21b654b0725a3,st,8
C19d35e21b654b0725a3,★★,5
C19d35e21b654b0725a3,重発狂,8
C19d35e21b7223c00e38,sr,6
C19d35e21b746dc5ad69,sr,12
C19d35e21b76763d6110,sr,2
C19d35e21b7bfeae4d85,h◎,4
C19d35e21b81c2cc0b3b,dl,-1
C19d35e21b81c2cc0b3b,sl,12
C19d35e21b82ed235401,ln,18
C19d35e21b82ed235401,◆,17
C19d35e21b851b5f4f65,ln,23
C19d35e21b86e44e57e3,▽,11
C19d35e21b86e44e57e3,☆,11
C19d35e21b873ec7db30,▽,9
C19d35e21b8b47463ace,▽,6
C19d35e21b8dae7af74e,▼,20
C19d35e21b98374bc199,▼,17
C19d35e21b99217f8013,ξ,12
C19d35e21b9a72a129f9,sr,?
C19d35e21b9b416a5a07,fr,7
C19d35e21b9d8c371051,st,4
C19d35e21ba2e8b89e5f,st,2
C19d35e21ba2e8b89e5f,重発狂,2
C19d35e21ba74f2d57b1,sl,8
C19d35e21ba74f2d57b1,乱打,8
C19d35e21ba8816b4220,☆,1
C19d35e21bb235de213e,★,10
C19d35e21becab9987ac,▽,4
C19d35e21bed6e349a98,▽,7
C19d35e21beeb0072913,▽,11
C19d35e21bef7311f924,▽,12-
C19d35e21bef7311f924,乱打,1
C19d35e21bf1701a43d8,sl,3
C19d35e21bf1701a43d8,▼,5
C19d35e21bf1701a43d8,乱打,3
C19d35e21bff5dabee60,sl,7
C19d35e21bff5dabee60,乱打,7
C19d35e21c1618b6c645,重発狂,5
C19d35e21c3a518d4b02,sr,7
C19d35e21c3a518d4b02,▽,10
C19d35e21c3bd51ba8a0,dl,dl2 (sub)
C19d35e21c3c0c804b6b,ξ,7
C19d35e21c3c0c804b6b,▽,3
C19d35e21c3dd0875fa2,▼,2
C19d35e21c3dd0875fa2,★,2
C19d35e21c3f499ed518,sl,4
C19d35e21c3f499ed518,▼,7
C19d35e21c41abfcb037,sr,3
C19d35e21c41abfcb037,▽,8
C19d35e21c445fa2fc9b,▽,5
C19d35e21c55f93a85ab,sr,9
C19d35e21c577b1518ab,sl,2
C19d35e21c577b1518ab,▼,4
C19d35e21c5930638817,★★,3
C19d35e21c5cf97d0c3c,Ude,Ude8 (sub)
C19d35e21c5cf97d0c3c,★,13
C19d35e21c656938b68b,☆,11
C19d35e21caa230e9fa5,☆,6
C19d35e21cb2e1a91258,▽,12+
C19d35e21cbdd72d24f4,▽,11
C19d35e21cbeb8fa57d0,▽,4
C19d35e21cbf59c077b1,▽,7
C19d35e21cc0a94c9691,st,5
C19d35e21cc0a94c9691,双,4
C19d35e21cc1a103b498,★,23
C19d35e21cc1a103b498,双,3
C19d35e21cc26f87c193,Ude,6
C19d35e21cc26f87c193,sl,6
C19d35e21cc4a2bab741,Ude,12
C19d35e21cc4a2bab741,sl,12
C19d35e21cd18fa5da79,h◎,15
C19d35e21cd28471f730,h◎,0
C19d35e21cd74496801e,ξ,13
C19d35e21cd8644d6313,ξ,3
C19d35e21d02d1cd8392,☆,11
C19d35e21d117d9ae015,▼,10
C19d35e21d1274d26a2a,sl,5
C19d35e21d16dd86c30d,▽,11
C19d35e21d17a29cb681,▼,4
C19d35e21d1897ed86aa,sr,4
C19d35e21d1897ed86aa,▽,9
C19d35e21d19545553f2,▼,3
C19d35e21d1af5dc2037,▽,5
C19d35e21d1bf2307bdc,dl,4
C19d35e21d1bf2307bdc,st,4
C19d35e21d35c198fb7f,dl,5
C19d35e21d42b6eeffc3,fr,6
C19d35e21d42b6eeffc3,▼,16
C19d35e21d439a5277e0,ξ,2
C19d35e21d439a5277e0,▽,1
C19d35e21d44fced5b87,dl,5
C19d35e21d45d8631c66,sr,10
C19d35e21d45d8631c66,▽,11
C19d35e21d4757e4910a,sn,8
C19d35e21d496744c08d,▽,6
C19d35e21d4b8efe4a61,ln,26
C19d35e21d4e85a03706,so,4
C19d35e21d4e85a03706,★,6
C19d35e21d4e85a03706,乱打,4
C19d35e21d4fd6d711a0,sl,8
C19d35e21d4fd6d711a0,乱打,8
C19d35e21d50d9983d40,★★,2
C19d35e21d51335db117,▼,21
C19d35e21d5a02f7b9d4,ξ,2
C19d35e21d7416defe68,dy,2
C19d35e21d7416defe68,st,7
C19d35e21d7416defe68,双,5
C19d35e21d753f8ef77a,sr,10
C19d35e21d7670119e02,ξ,3
C19d35e21d77da462919,sl,8
C19d35e21d787f10a353,sr,4
C19d35e21d7e1f6a0c66,ξ,9
C19d35e21d8057555c49,sl,4
C19d35e21d831b61117b,▽,11
C19d35e21d8425cc2444,ξ,3
C19d35e21d8425cc2444,▽,3
C19d35e21d856d045ca5,▽,8
C19d35e21d86e71fa488,▽,12
C19d35e21d875693e2c0,▽,5
C19d35e21d888d507730,▼,5
C19d35e21d96fad535f7,dy,2
C19d35e21d96fad535f7,双,5
C19d35e21da17f7c05b2,sl,5
C19d35e21da2d5065a18,sr,5
C19d35e21da5e46aade0,ξ,11
C19d35e21db2302da71c,dl,4
C19d35e21db2302da71c,★★,3
C19d35e21dd9ff4f59d7,sl,10
C19d35e21dd9ff4f59d7,乱打,10
C19d35e21e0156a90fdc,sl,6
C19d35e21e1f559bdb34,h◎,7
C19d35e21e22a2340c43,▼,5
C19d35e21e4d6174d6bc,dl,-2
C19d35e21e4d6174d6bc,sl,11
C19d35e21e5a4b7fe4e9,★,11
C19d35e21e5a4b7fe4e9,乱打,8
C19d35e21e5c28d2ecb6,乱打,12
C19d35e21e5dfce8a002,st,8
C19d35e21e5dfce8a002,双,5
C19d35e21e61354956c9,★,5
C19d35e21e61354956c9,乱打,3
C19d35e21e63a6589ad5,dl,5
C19d35e21e63a6589ad5,st,5
C19d35e21e7dee23bb7c,ξ,9
C19d35e21e7eaf973aa4,sl,6
C19d35e21e81f188a546,sr,8
C19d35e21e84b6ec95a5,dl,6
C19d35e21e84b6ec95a5,st,6
C19d35e21e84b6ec95a5,重発狂,6
C19d35e21e86676b780a,sr,6
C19d35e21e88d738f185,ln,24
C19d35e21e89756a6cf0,dl,2
C19d35e21e89756a6cf0,st,2
C19d35e21e8b6c345a03,dl,10
C19d35e21e8b6c345a03,dy,5
C19d35e21e8b6c345a03,st,10
C19d35e21e8b6c345a03,重発狂,10
C19d35e21eaf58176087,▼,5
C19d35e21eb09948b1f6,▽,3
C19d35e21eb19e3cabe8,sr,8
C19d35e21eb19e3cabe8,▽,10
C19d35e21eb2f942d048,st,1
C19d35e21eb2f942d048,▼,20
C19d35e21eb2f942d048,重発狂,1
C19d35e21eb3b9980e36,sl,4
C19d35e21eb3b9980e36,▼,8
C19d35e21eb3b9980e36,乱打,4
C19d35e21eb49e17ded6,▽,7
C19d35e21eb55f605750,▼,18
C19d35e21eb55f605750,★,18
C19d35e21ed0b383662a,sr,9
C19d35e21ed0b383662a,▽,11
C19d35e21ed1982f8567,dl,dl7 (sub)
C19d35e21ed29404b020,★,12
C19d35e21ed29404b020,乱打,7
C19d35e21ed43b8474da,dl,4
C19d35e21ed43b8474da,st,4
C19d35e21ed54e1cf399,sr,5
C19d35e21ed54e1cf399,▽,9
C19d35e21edb2ec6c18a,★,22
C19d35e21edb2ec6c18a,双,2
C19d35e21edda1f9f912,▼,2
C19d35e21edda1f9f912,乱打,1
C19d35e21ee496561768,h◎,3
C19d35e21efb78281046,sr,9
C19d35e21efb78281046,☆,10
C19d35e21f010a935dda,h◎,3
C19d35e21f02e3917c11,st,1
C19d35e21f030843124d,sr,12
C19d35e21f045c8155dd,★,4
C19d35e21f05b35d8583,st,4
C19d35e21f05b35d8583,双,4
C19d35e21f0636e3bb18,sr,3
C19d35e21f0bbebb493d,h◎,3
C19d35e21f0c6ff61c37,sl,0
C19d35e21f0c6ff61c37,sr,13
C19d35e21f0ef44c1427,☆,12
C19d35e21f1992986c93,ξ,8
C19d35e21f1ca2b43770,sl,4
C19d35e21f1ca2b43770,乱打,4
C19d35e21f1f9ae54bde,★★,1
C19d35e21f21fe8ccc1c,SB,6
C19d35e21f333ac260d0,sr,8
C19d35e21f3507d09035,sr,0
C19d35e21f3840afdc7e,ξ,5
C19d35e21f443e274362,sr,10
C19d35e21f482bc36425,sr,5
C19d35e21f4ac4b0302b,ξ,12
C19d35e21f4d5e602818,ξ,3
C19d35e21f4ffdfce43c,sr,2
C19d35e21f50bd26e63d,sr,9
C19d35e21f51f22eb90b,sl,3
C19d35e21f56df8277cb,sr,4
C19d35e21f59d764e08b,sr,10
C19d35e21f6514af3260,▽,10
C19d35e21f66adb0af0c,▽,1
C19d35e21f68ed2a6a18,▽,6
C19d35e21f6922997b80,▽,3
C19d35e21f7ab0e6817e,Ude,3
C19d35e21f87b2b71cfd,sl,1
C19d35e21f87b2b71cfd,乱打,1
C19d35e21f8a40eca4ae,重発狂,2
C19d35e21f90c3025662,sl,0
C19d35e21f90c3025662,sr,13
C19d35e21f95bed746a1,sl,11
C19d35e21f96914677ca,sr,7
C19d35e21f98e1cdc1fe,st,3
C19d35e21f9c46721535,h◎,5
C19d35e21fa432ddd91c,◆,2
C19d35e21fb4122df59c,sl,0
C19d35e21fb7534fea9d,st,2
C19d35e21fba9aff6169,SB,3
C19d35e21fbbdc4b3994,SB,1
C19d35e21fcc64fd9fc0,★,16
C19d35e21fcf254e74f6,st,0
C19d35e21fcf254e74f6,重発狂,0
C19d35e21fd2635ac225,★★,1
C19d35e21fd2635ac225,重発狂,0
C19d35e21fd4c5dfdfac,SB,2
C19d35e21fe9dc415d54,sr,7
C19d35e21feaf2366cd2,乱打,3
C19d35e21fed5fa9d9e9,st,0
C19d35e21ff16a60127a,dl,8
C19d35e2200150789bc8,so,1
C19d35e22010e7c89bbd,双,5
C19d35e22017717f4794,★,19
C19d35e220428ff40946,★★,2
C19d35e220590dca97a8,h◎,0
C19d35e2207094312576,◆,15
C19d35e2207dcb623102,▼,8
C19d35e2207e9c5064b4,▽,4
C19d35e2207f51e74e30,▽,8
C19d35e220802ff9ef8b,▽,11+
C19d35e220810d23699c,▼,14
C19d35e22086e08ffbfd,▼,13
C19d35e2208c90544069,st,1
C19d35e2208c90544069,重発狂,1
C19d35e2208db6b4388a,st,2
C19d35e2208db6b4388a,重発狂,2
C19d35e2208e7a3466e1,★★,3
C19d35e2208e7a3466e1,重発狂,3
C19d35e220abc8429dd4,sl,2
C19d35e220ad90982984,dy,0
C19d35e220af4c3edbd1,ξ,4
C19d35e220b0fb59ebc3,▼,5
C19d35e220b1e306e9a8,★★,3
C19d35e220b33d326dc8,★,10
C19d35e220b4fd44199d,◆,25
C19d35e220b64ef1957e,sr,7
C19d35e220b7b9e2c146,▼,15
C19d35e220b7b9e2c146,乱打,11
C19d35e220b8aee6b9a6,st,1
C19d35e220bcd5fb94cb,ξ,10
C19d35e220bf25eec70f,st,9
C19d35e220c27e71dbc0,ln,9
C19d35e220c3b4a4d7d2,▼,22
C19d35e220ca0858d187,★,22
C19d35e220cbaba1bfef,sl,5
C19d35e220cd784c5632,st,2
C19d35e220d378d5233b,▽,12-
C19d35e220d429982b5b,▽,10
C19d35e220d54636d434,▼,5
C19d35e220d6cab3b877,▽,6
C19d35e220d921569fec,st,1
C19d35e220deac405538,SB,2
C19d35e220dfe821f4f7,SB,0
C19d35e220fe3e3df7d0,★,4
C19d35e220fe3e3df7d0,乱打,4
C19d35e2210c9c73eaee,★★,5
C19d35e2213303b0bb89,☆,12
C19d35e22148e1f19675,sr,10
C19d35e22164c0729f1a,★,9
C19d35e221750c980374,★,16
C19d35e221762047165a,▽,11+
C19d35e22177e1e451e9,▽,6
C19d35e2218336245619,☆,10
C19d35e22188e43185ce,so,5
C19d35e2218bb3f822e9,◆,2
C19d35e2218c1f3b4ce4,◆,5
C19d35e2218efab5db0f,乱打,12
C19d35e2219285864102,乱打,6
C19d35e221939670478e,sl,2
C19d35e221939670478e,乱打,2
C19d35e22195bd1a5e7b,★,8
C19d35e2219bc823cff6,★,22
C19d35e221b302896bb6,st,0
C19d35e221b302896bb6,重発狂,0
C19d35e221c5f34cfda8,☆,5
C19d35e221d4e438af10,双,2
C19d35e221d83c478c6d,Ude,9
C19d35e221d9978796d0,st,2
C19d35e221d9978796d0,双,2
C19d35e221da76fa1607,双,4
C19d35e221ec60278423,★,2
C19d35e221f8c4b67d52,sr,7
C19d35e221f8c4b67d52,▽,10
C19d35e221f9b353f1f9,sl,1
C19d35e221f9b353f1f9,sr,13
C19d35e221f9b353f1f9,▼,0
C19d35e221f9b353f1f9,乱打,1
C19d35e221fa6a15b0b2,sr,1
C19d35e221fa6a15b0b2,▽,7
C19d35e221fba1fea302,▽,4
C19d35e22203065a724f,▼,20
C19d35e22203065a724f,双,1
C19d35e22204446c3b95,▼,3
C19d35e22205925a062b,▽,11
C19d35e222062367a964,▽,5
C19d35e22211a1e9fbd3,☆,7
C19d35e2221b606d9d33,★,10
C19d35e2221c901b90c1,☆,12
C19d35e2222029c9019f,sr,12
C19d35e2222029c9019f,▽,11+
C19d35e22224f9691898,▼,8
C19d35e22224f9691898,★,8
C19d35e22225f393ccfb,sr,3
C19d35e22225f393ccfb,▽,8
C19d35e222267cfc6994,▽,4
C19d35e222278c50e553,★★,4
C19d35e22238221c4246,▽,11+
C19d35e2223a8f2bce92,▽,8
C19d35e2223ce17ef052,▽,5
C19d35e2223db102181a,▼,14
C19d35e2223e93d2f660,sl,2
C19d35e2224456967c92,☆,6
C19d35e2224f6587726c,☆,4
C19d35e2225c0fd76b9f,dl,-2
C19d35e2225c0fd76b9f,sl,10
C19d35e2225c0fd76b9f,乱打,10
C19d35e2225dcbb789d3,dl,8
C19d35e2225dcbb789d3,dy,3
C19d35e2225dcbb789d3,st,8
C19d35e2225dcbb789d3,重発狂,8
C19d35e2225fa6027f08,sl,2
C19d35e2225fa6027f08,▽,12+
C19d35e22260971b61cd,▼,9
C19d35e22261652404b8,ξ,1
C19d35e22261652404b8,▽,1
C19d35e22263071b0677,st,11
C19d35e22266aab5ef31,sr,7
C19d35e22266aab5ef31,▽,10
C19d35e22267ecff7366,st,5
C19d35e22267ecff7366,▼,24
C19d35e22267ecff7366,重発狂,5
C19d35e22268efebcb10,ξ,12
C19d35e22268efebcb10,▽,6
C19d35e222699da4ba17,st,3
C19d35e222699da4ba17,重発狂,3
C19d35e2226a09649ee5,dl,-1
C19d35e2226a09649ee5,sl,12
C19d35e2226a09649ee5,乱打,12
C19d35e2226b626502f1,sl,5
C19d35e2226b626502f1,乱打,5
C19d35e222750bbe6cb4,▽,9
C19d35e222768f2d09d8,▽,6
C19d35e222779009eca0,▽,2
C19d35e2227c75570bb7,重発狂,6
C19d35e22289ebd9ea5d,★★,4
C19d35e2228b39cbe820,★,21
C19d35e2228b39cbe820,★★,1
C19d35e222b08a6b8682,dl,6
C19d35e222b08a6b8682,重発狂,6
C19d35e222b206356019,dl,3
C19d35e222b206356019,重発狂,3
C19d35e222b322b2f532,dl,6
C19d35e222b322b2f532,重発狂,6
C19d35e222b443747f22,dl,0
C19d35e222b443747f22,st,0
C19d35e222b544146ad6,dl,12
C19d35e222b544146ad6,重発狂,12
C19d35e222b8b91d8db2,ξ,9
C19d35e222ba7a6284fb,sr,7
C19d35e222ba7a6284fb,▽,10
C19d35e222c070ebee22,▽,6
C19d35e222c356ce1399,▽,4
C19d35e222c59f78808b,Ude,3
C19d35e222c59f78808b,sl,3
C19d35e222c6ed2506b0,st,2
C19d35e222c6ed2506b0,双,1
C19d35e222d1e2dc91d1,sr,9
C19d35e222d6391ef896,sr,13
C19d35e222dc5f193047,so,1
C19d35e222f5b0846877,sl,8
C19d35e222f9bc996a7d,fr,11
C19d35e223035a19a45d,dl,11
C19d35e223035a19a45d,dy,6
C19d35e223035a19a45d,st,11
C19d35e223035a19a45d,重発狂,11
C19d35e223137cdb0723,sl,11
C19d35e223137cdb0723,乱打,11
C19d35e223584e78a2d3,★,14
C19d35e2236a69c78f79,▼,11
C19d35e223830ee024c1,fr,6
C19d35e223a0f5b325a6,☆,11
C19d35e223a16c251dc3,★,10
C19d35e223ce9c46c051,sl,1
C19d35e223ce9c46c051,▽,12
C19d35e223ce9c46c051,★,1
C19d35e223d01f30fc06,▽,3
C19d35e223d17a8fb1cb,sr,8
C19d35e223d17a8fb1cb,▽,10
C19d35e223d3862b617b,▽,6
C19d35e223d52443db95,sl,9
C19d35e223e0e73ac101,st,4
C19d35e223e9faee78c2,☆,13
C19d35e223eaa928374b,sr,10
C19d35e223f05e0bfbf3,★,15
C19d35e223f15d84cd90,sr,7
C19d35e223f9ed03939d,▼,15
C19d35e223fc6c74b09e,◆,19
C19d35e223fd9eae8f8d,▼,11
C19d35e223fe96a724c8,sr,10
C19d35e223fe96a724c8,▽,11
C19d35e223ff055eac5e,st,2
C19d35e223ff055eac5e,重発狂,2
C19d35e224002adefb4c,▼,20
C19d35e2240182d80d09,ξ,11
C19d35e2240182d80d09,▽,6
C19d35e224025aaa8103,st,7
C19d35e224025aaa8103,重発狂,7
C19d35e2240d36474290,▼,2
C19d35e2240d36474290,☆,13
C19d35e2242222300559,sr,?
C19d35e2242222300559,▽,11
C19d35e224322c8f605c,★,19
C19d35e2243a35753de8,★,9
C19d35e2243f71635416,◆,18
C19d35e224417c67d4ee,h◎,13
C19d35e2244e2f72f340,fr,6
C19d35e2245def41fb48,h◎,3
C19d35e22476704a330d,★,15
C19d35e22487a79133f4,fr,9
C19d35e2249692350a68,sl,7
C19d35e224b4ec722b63,sr,2
C19d35e224b50d7c5d05,sr,8
C19d35e224ba1dd8164f,★,2
C19d35e224bc0b10dc47,双,4
C19d35e224c0dd8890ff,▽,3
C19d35e224c2de14ccb8,▽,6
C19d35e224c5999ebd15,▽,8
C19d35e224f216e91760,sl,11
C19d35e224f5eac9fcda,st,10
C19d35e224f7803215fc,dl,7
C19d35e224f7803215fc,st,7
C19d35e225015bc46591,sr,6
C19d35e22502f515310c,dl,11
C19d35e22502f515310c,dy,6
C19d35e225042e3c84ff,sr,2
C19d35e225042e3c84ff,ξ,13
C19d35e22505df4d7402,sr,12
C19d35e225064551a24f,sl,6
C19d35e225064551a24f,乱打,6
C19d35e2250d7de81a21,☆,7
C19d35e2251a45ab8f5b,sl,4
C19d35e225213908410c,SB,2
C19d35e22522625e5b9f,SB,5
C19d35e225381fc6bc63,重発狂,2
C19d35e2254b6baa5bf9,Ude,12
C19d35e2254b6baa5bf9,sl,12
C19d35e2254ceb2e3ecb,st,2
C19d35e2254ceb2e3ecb,双,2
C19d35e2254d206f664f,双,4
C19d35e225587679bc33,sr,12
C19d35e225587679bc33,▽,11+
C19d35e225597bd3345a,ξ,5
C19d35e225597bd3345a,▽,3
C19d35e2255a53269433,sr,7
C19d35e2255a53269433,▽,9
C19d35e2255b687567ea,▼,10
C19d35e2255cd08a5170,ξ,10
C19d35e2255cd08a5170,▽,5
C19d35e2255e8fecdb19,sl,4
C19d35e2255e8fecdb19,▼,6
C19d35e2255fc916a336,st,6
C19d35e2256034a5616b,★★,2
C19d35e2256233ece15e,▽,4
C19d35e2259616af6ceb,◆,2
C19d35e22597d91c04e6,☆,6
C19d35e225a2cb69e364,☆,11
C19d35e225a7e55ca148,st,1
C19d35e225a7e55ca148,重発狂,1
C19d35e225c5d37446c9,ln,9
C19d35e225c808f3dbc0,▽,7
C19d35e225d34e300420,ξ,3
C19d35e225d43daf821e,sr,5
C19d35e225d5bffceadc,st,4
C19d35e225d5bffceadc,双,3
C19d35e225d6b50b7252,ξ,3
C19d35e225d70d649475,sr,0
C19d35e225d80582ee75,sl,3
C19d35e225d9d2a92d74,ξ,6
C19d35e225dad033d0c1,双,1
C19d35e225dee4cf0cd2,st,4
C19d35e225dee4cf0cd2,双,3
C19d35e225e37467b53e,☆,13
C19d35e22603c84c7a43,so,12
C19d35e2262d550d165e,▽,4
C19d35e2263051383107,ξ,5
C19d35e226338ed50437,▽,11
C19d35e22638bd9d2a2c,▽,10
C19d35e226398268292f,▽,8
C19d35e2263b2312665f,sl,2
C19d35e2263b2312665f,▼,3
C19d35e2265764222187,★,10
C19d35e22658017c6a09,★,7
C19d35e226640ef06b33,☆,13
C19d35e2268526d6fc51,★★,4
C19d35e22686f0ece088,★★,2
C19d35e226882aa1797c,★,18
C19d35e2269eefcd8655,★,5
C19d35e226b461404f7f,st,3
C19d35e226b461404f7f,重発狂,3
C19d35e226c0d838fe14,☆,10
C19d35e226c3d077b9e6,ln,13
C19d35e226c3d077b9e6,◆,13
C19d35e226c8a52f180c,▽,1
C19d35e226d219b366ca,st,1
C19d35e226d3c68ef2f7,ξ,5
C19d35e226de8265f52a,双,4
C19d35e226df877550ec,dl,dl7 (sub)
C19d35e226df877550ec,fr,11
C19d35e226df877550ec,st,7
C19d35e226e0365332b1,dy,8
C19d35e226e0365332b1,st,12
C19d35e226e611df3915,▼,3
C19d35e226e99244184e,Ude,4
C19d35e226e99244184e,★,8
C19d35e226ec1197bd4c,☆,6
C19d35e226f4ed76db37,ln,17
C19d35e226f4ed76db37,◆◆,3
C19d35e226f523f1d94f,ln,13
C19d35e226f666114ca0,ln,16
C19d35e227158cbb26e0,st,4
C19d35e2272d5878a22c,ln,9
C19d35e227306e1a804d,dy,0
C19d35e227699d255a84,★★,1
C19d35e227699d255a84,重発狂,0
C19d35e2276f27ef2b59,sn,3
C19d35e2277392685d20,fr,9
C19d35e22780ca7d08fb,ln,20
C19d35e22780ca7d08fb,◆,19
C19d35e22780ca7d08fb,◆◆,7
C19d35e22794b50238e7,h◎,9
C19d35e227df76185bc2,★,16
C19d35e227ee8b0c1478,▽,12
C19d35e227ee8b0c1478,★,1
C19d35e227f333f8d5f9,▽,8
C19d35e227f5174f59d7,▽,9
C19d35e227f61f6882a7,☆,13
C19d35e227fd04c9b829,▼,19
C19d35e22804119b6c11,◆,7
C19d35e2280d01db50d9,Ude,11
C19d35e2280d01db50d9,sl,11
C19d35e22812333c6703,sr,?
C19d35e228184a2a9c47,Ude,4
C19d35e228184a2a9c47,sl,4
C19d35e228184a2a9c47,▼,6
C19d35e228239c185cb8,▽,11+
C19d35e22825a5026837,▽,3
C19d35e228265a371b42,▽,9
C19d35e22828beb89d1e,▼,3
C19d35e22829e222e65a,st,2
C19d35e22829e222e65a,重発狂,2
C19d35e2282b5254db21,▽,5
C19d35e2282cb181a03b,▼,23
C19d35e2282f36cd24be,ln,16
C19d35e2283381981f60,▽,8
C19d35e22835a90d82a1,sl,1
C19d35e22843e6423ce8,★★,4
C19d35e22843e6423ce8,双,4
C19d35e2284b07201e3c,sl,12
C19d35e2284b07201e3c,乱打,12
C19d35e228541b28e763,ξ,12
C19d35e22855d368df9f,st,1
C19d35e22855d368df9f,重発狂,2
C19d35e228569f4ae1be,sl,8
C19d35e228569f4ae1be,乱打,9
C19d35e2285708c70f83,☆,10
C19d35e2286556e3bc78,sr,10
C19d35e2286556e3bc78,☆,11
C19d35e2286fd9d1184b,sr,1
C19d35e22871859eacc7,★,17
C19d35e2287b0245c459,sl,5
C19d35e2287eb9e5cb3f,ln,20
C19d35e22898582934cb,ξ,10
C19d35e2289f32626575,☆,6
C19d35e228c8c0f9ba4f,sn,3
C19d35e228cb6b9d417a,★,16
C19d35e228d61bede390,☆,13
C19d35e228d780a8d231,☆,9
C19d35e2290d7af9140c,SB,5
C19d35e2291716e2f60f,sr,9
C19d35e22918d32317cd,sr,4
C19d35e2291aa146123b,sl,2
C19d35e2292085495306,dy,4
C19d35e2292085495306,st,9
C19d35e2292085495306,双,5
C19d35e22921e4e68dc9,sl,7
C19d35e2294afe6f50ce,☆,7
C19d35e2294eb9a416eb,Ude,9
C19d35e2295dcaa9ea12,st,0
C19d35e2295dcaa9ea12,重発狂,0
C19d35e22961336c7b79,▽,12+
C19d35e229621fb2a997,▽,2
C19d35e22963a022037a,sr,8
C19d35e22963a022037a,▽,10
C19d35e22966a14a4bf8,sl,4
C19d35e22966a14a4bf8,乱打,4
C19d35e22967a5fb06c1,ξ,10
C19d35e22967a5fb06c1,▽,6
C19d35e2296911a18318,so,8
C19d35e2296d490af0f2,sr,13
C19d35e22974fed7fcf7,sr,8
C19d35e229750b841cdd,sr,0
C19d35e22976e10fa571,st,4
C19d35e229776a23824d,★,18
C19d35e22987cf2c247c,★★,2
C19d35e2298accbc6055,dl,2
C19d35e2298accbc6055,st,2
C19d35e2299cc4dc95e2,☆,9
C19d35e229a410deb57b,sl,3
C19d35e229a60aebdde0,ξ,11
C19d35e229abb80a29e6,双,5
C19d35e229acfab02374,st,5
C19d35e229acfab02374,双,4
C19d35e229b44487d4e6,★,4
C19d35e229b6e908fd4f,双,5
C19d35e229b7198d21f7,双,2
C19d35e229d440af1d04,☆,10
C19d35e229dca6b847f9,◆,2
C19d35e229ec985ba388,★,19
C19d35e229efc4788cf7,★,9
C19d35e229f364e24ff2,★★,4
C19d35e22a0ca96580e7,★,4
C19d35e22a18d4d1ec6d,▽,11
C19d35e22a22eeb777e2,sl,12
C19d35e22a23391e59a1,st,5
C19d35e22a376734a500,☆,10
C19d35e22a3c6948e2b2,sr,12
C19d35e22a3d4007279d,sr,4
C19d35e22a41f47db610,◆,16
C19d35e22a41f47db610,◆◆,1
C19d35e22a4349c9f4ee,SB,4
C19d35e22a4349c9f4ee,h◎,4
C19d35e22a4349c9f4ee,so,6
C19d35e22a6460eae61d,★,11
C19d35e22a82cc89ea72,☆,11
C19d35e22a853dbb7cd1,SB,0
C19d35e22a872a3d9005,SB,-1
C19d35e22ad61b182eec,★,21
C19d35e22ad61b182eec,双,1
C19d35e22ae5f2faa35c,Ude,5
C19d35e22ae5f2faa35c,★,7
C19d35e22af471e2fb8e,◆◆,4
C19d35e22b07a6a288f6,★,23
C19d35e22b191d1d00d8,sl,5
C19d35e22b1a80dc2825,▼,15
C19d35e22b1a80dc2825,★,15
C19d35e22b1e92846c3f,sr,13
C19d35e22b1e92846c3f,▽,11+
C19d35e22b203f2fc790,▼,23
C19d35e22b203f2fc790,★★,3
C19d35e22b210000e140,▼,10
C19d35e22b2435cbb1c3,▽,4
C19d35e22b2435cbb1c3,☆,4
C19d35e22b274b790958,ln,26
C19d35e22b28f47f9f05,dy,3
C19d35e22b28f47f9f05,st,8
C19d35e22b322f43209d,ln,26
C19d35e22b365e8c8173,sl,12
C19d35e22b4db8dbd035,h◎,3
C19d35e22b5d9df24e03,▼,1
C19d35e22b611cb2c147,st,4
C19d35e22b611cb2c147,重発狂,4
C19d35e22b65a942831a,▼,6
C19d35e22b6686d4f55e,☆,4
C19d35e22b7d2625393f,h◎,1
C19d35e22b816e149706,sl,11
C19d35e22b8a7efcf080,◆,7
C19d35e22b9a572aa9d9,▽,8
C19d35e22b9b2ff3b1f4,▽,10
C19d35e22b9c78eaa423,▽,11+
C19d35e22ba92ce3b25d,dl,-1
C19d35e22bab589370d3,sl,1
C19d35e22bbbf6dfc510,☆,11
C19d35e22bbfd1bdfa2e,▽,11+
C19d35e22bc06f66e997,▽,？
C19d35e22bc1af6f288f,▽,2
C19d35e22bc274cdc65e,▽,8
C19d35e22bc304336ba3,▽,4
C19d35e22bcba2a164c0,sl,2
C19d35e22be01c3158a8,dl,-2
C19d35e22be01c3158a8,▼,16
C19d35e22be2fd982976,dl,6
C19d35e22be2fd982976,st,6
C19d35e22be4378c7d91,▽,3
C19d35e22be6f553ca10,sr,2
C19d35e22be6f553ca10,▽,7
C19d35e22be77c9542b9,▼,9
C19d35e22be77c9542b9,乱打,7
C19d35e22beb5213458a,sr,12
C19d35e22beb5213458a,▽,11+
C19d35e22beb5213458a,☆,11
C19d35e22bef39663f4e,★,7
C19d35e22bef39663f4e,乱打,4
C19d35e22bfa496d12bc,▼,10
C19d35e22bfb074560bb,so,0
C19d35e22bfb074560bb,▼,0-
C19d35e22bfc5a192639,▽,12+
C19d35e22bfc5a192639,★,2
C19d35e22bfc5a192639,乱打,2
C19d35e22c09e9226ea4,★★,1
C19d35e22c0b5b6b5e3d,dy,0
C19d35e22c0b5b6b5e3d,st,5
C19d35e22c0b5b6b5e3d,重発狂,5
C19d35e22c14b87d87f6,sn,0
C19d35e22c24ac04b1f5,st,5
C19d35e22c24ac04b1f5,重発狂,5
C19d35e22c38d57cee65,fr,0
C19d35e22c3a1de46835,◆,14
C19d35e22c41e063e55d,sr,3
C19d35e22c41e063e55d,▽,8
C19d35e22c41e063e55d,☆,8
C19d35e22c420a42a6ea,▽,11+
C19d35e22c43cef7ecb1,▼,7
C19d35e22c4bdd74db33,sr,9
C19d35e22c4bdd74db33,▽,10
C19d35e22c511ab4deaf,★,4
C19d35e22c575eb7ffcf,▼,24
C19d35e22c587db60019,▼,11
C19d35e22c599ba857d2,★,1
C19d35e22c599ba857d2,乱打,1
C19d35e22c5f6d59f9f1,sn,0
C19d35e22c5f6d59f9f1,▼,20
C19d35e22c61de01ceec,▽,7
C19d35e22c8360f40647,dy,2
C19d35e22c8360f40647,st,7
C19d35e22c8cbc2c6cc2,sl,2
C19d35e22c8cbc2c6cc2,▼,2
C19d35e22c9606e7d1a0,▼,10
C19d35e22c9c55e051cf,sr,4
C19d35e22c9c55e051cf,▽,9
C19d35e22c9d7902a958,st,5
C19d35e22c9d7902a958,双,4
C19d35e22c9e72006c50,★,3
C19d35e22c9e72006c50,乱打,2
C19d35e22ca0cfbfc417,★,8
C19d35e22ca0cfbfc417,乱打,5
C19d35e22ca1847d2728,双,5
C19d35e22ca5721d88ee,ξ,7
C19d35e22ca5721d88ee,▽,4
C19d35e22ca7b91468ad,▽,7
C19d35e22ca8a0cf5a5c,Ude,12
C19d35e22ca8a0cf5a5c,st,0
C19d35e22ca8a0cf5a5c,▼,19
C19d35e22ca9fec85e0e,双,5
C19d35e22cad7d6af838,◆◆,2
C19d35e22cb826f89e35,h◎,1
C19d35e22cc88eaef788,☆,6
C19d35e22ccda00fd046,st,0
C19d35e22ccda00fd046,重発狂,0
C19d35e22cce920f59f3,◆,3
C19d35e22ccfaf3dc236,sl,0
C19d35e22ccfaf3dc236,sr,11
C19d35e22ccfaf3dc236,乱打,0
C19d35e22cd0417cc3b9,▼,6
C19d35e22cdcef03767d,so,5
C19d35e22cddfb20179b,so,0
C19d35e22d002300c164,sr,12
C19d35e22d002300c164,▽,11+
C19d35e22d08707a8230,dl,11
C19d35e22d0d44a2ae49,★★,1
C19d35e22d0eb77508c4,st,4
C19d35e22d0eb77508c4,重発狂,4
C19d35e22d0f56f19c18,★,14
C19d35e22d0f56f19c18,乱打,10
C19d35e22d15e91c957c,sr,1
C19d35e22d1761951e09,ln,19
C19d35e22d18dbf79ca7,◆,11
C19d35e22d1ca540499c,dl,1
C19d35e22d1edbf90219,★,5
C19d35e22d1edbf90219,乱打,3
C19d35e22d20fbdf0e0b,sr,8
C19d35e22d240267c3f7,★★,4
C19d35e22d25086ef00b,★,17
C19d35e22d25086ef00b,乱打,11
C19d35e22d2aa1c78f6b,ξ,4
C19d35e22d2b726f8590,▽,11+
C19d35e22d2cbfe6c027,▼,4
C19d35e22d2de40a0109,▽,9
C19d35e22d2e2c3fd2c2,▽,4
C19d35e22d3dc4e3c66f,☆,13
C19d35e22d59104e86dd,sl,6
C19d35e22d59104e86dd,乱打,6
C19d35e22d63b864d8ed,sr,6
C19d35e22d63b864d8ed,☆,10
C19d35e22d6505aff0d5,sr,13
C19d35e22d6505aff0d5,▼,0
C19d35e22d6505aff0d5,乱打,0
C19d35e22d6bbec4eb6c,sl,4
C19d35e22d6bbec4eb6c,乱打,4
C19d35e22d6ca04f32f9,乱打,10
C19d35e22d6d266241e2,sr,2
C19d35e22d728d873454,ξ,9
C19d35e22d732ec9bba2,sl,11
C19d35e22d732ec9bba2,乱打,11
C19d35e22d7499dd8df2,乱打,8
C19d35e22d75bbc98113,乱打,5
C19d35e22d84fd672237,Ude,4
C19d35e22d85a934cd04,双,1
C19d35e22d88d01cd26b,sr,12
C19d35e22d8a3ea98358,sl,5
C19d35e22d8b0eddaca1,sr,5
C19d35e22d8fac2f01fc,st,0
C19d35e22d923facf3cc,dl,10
C19d35e22d93576dbf52,st,2
C19d35e22d943646e867,sl,9
C19d35e22d96a1edd462,重発狂,0
C19d35e22d9f82177bfa,sl,8
C19d35e22da310b2d89b,st,5
C19d35e22da5d6daba5b,▽,1
C19d35e22da6e9ed1dd5,▽,7
C19d35e22da7fe573ec9,▽,10
C19d35e22da8c264fcb0,▼,2
C19d35e22dcb90c9590e,乱打,10
C19d35e22dcc97977ef2,st,2
C19d35e22dcc97977ef2,重発狂,2
C19d35e22dcd29f1251b,ln,18
C19d35e22dcd29f1251b,◆◆,6
C19d35e22dd179573c37,st,0
C19d35e22dd179573c37,重発狂,0
C19d35e22dd7444de1bc,双,0
C19d35e22dd9d6d88ab4,sl,0
C19d35e22de22be2afce,Ude,8
C19d35e22de655152b9f,Ude,3
C19d35e22de655152b9f,sl,3
C19d35e22dec37305edb,▽,12+
C19d35e22dedd0b1fa5d,▽,2
C19d35e22dee1c95b9d2,▽,11
C19d35e22defcbe2a119,▼,12
C19d35e22df076dc70e2,▽,6
C19d35e22df8863a0701,ξ,8
C19d35e22df9b2c99c1c,sr,11
C19d35e22dfb3c5530ea,★,12
C19d35e22e064a9c3a7a,st,1
C19d35e22e064a9c3a7a,重発狂,1
C19d35e22e116d18a88f,SB,0
C19d35e22e116d18a88f,▽,10
C19d35e22e125c9ffecb,SB,2
C19d35e22e125c9ffecb,▽,12+
C19d35e22e13fb852c02,▽,8
C19d35e22e14487e4311,sl,3
C19d35e22e14487e4311,乱打,3
C19d35e22e15a1f6df50,st,0
C19d35e22e15a1f6df50,▼,19
C19d35e22e178624aa66,▼,8
C19d35e22e1888c28e99,▼,5
C19d35e22e1888c28e99,★,5
C19d35e22e1e7416762d,▽,4
C19d35e22e1f1edde59e,▼,11
C19d35e22e208f4bca33,sr,12
C19d35e22e208f4bca33,▽,10
C19d35e22e22dc60e3d9,▼,14
C19d35e22e23feb5d78f,▽,7
C19d35e22e25a1119ef7,st,5
C19d35e22e2632159742,▼,19
C19d35e22e2a27299d11,▼,16
C19d35e22e2b0ecb62aa,▽,12+
C19d35e22e2b0ecb62aa,☆,12
C19d35e22e37fb3c2ba2,★,20
C19d35e22e3943e5db0d,▽,10
C19d35e22e3cf91aefa7,乱打,6
C19d35e22e463d580643,h◎,7
C19d35e22e4efe61eb33,▽,6
C19d35e22e52502f5d95,★,16
C19d35e22e54d62c01ac,◆,24
C19d35e22e54d62c01ac,◆◆,11
C19d35e22e891727c3fa,sl,1
C19d35e22ea09c9aafb6,▼,8
C19d35e22ea12f363cce,◆,14
C19d35e22ea6afe8a03e,▼,13
C19d35e22ea73f35bed8,▽,11+
C19d35e22ea8b97fcdaa,▼,7
C19d35e22ea9b6e47d5b,▼,14
C19d35e22eac979b7134,▽,8
C19d35e22ead3302e2e6,▼,15
C19d35e22eb1850ae05a,▽,4
C19d35e22eb77e4199f6,▽,10
C19d35e22ec00a4b517d,▽,11
C19d35e22ec11a45d912,▽,2
C19d35e22ec324940ec8,★,6
C19d35e22ec46cb83edf,▽,9
C19d35e22ecbeca8e6ba,▽,4
C19d35e22ed3e9e58860,▼,11
C19d35e22ed4274079cc,so,8
C19d35e22ed4274079cc,▼,12
C19d35e22ed525faa5c8,★,23
C19d35e22ed63cebb348,▼,13
C19d35e22ed716a2024b,sr,9
C19d35e22ed716a2024b,▽,10
C19d35e22ed89d32e301,▼,20
C19d35e22ed975d17df0,▼,17
C19d35e22ee14003d6bd,ξ,10
C19d35e22ee14003d6bd,▽,6
C19d35e22ee32d037859,▼,6
C19d35e22ee6eeac6349,fr,2
C19d35e22ee6eeac6349,▼,4
C19d35e22ef5abc3887a,sl,10
C19d35e22ef5abc3887a,乱打,10
C19d35e22f05e4a38dd0,fr,0
C19d35e22f0990b7a45c,☆,10
C19d35e22f10a725635f,sl,7
C19d35e22f10a725635f,▼,10
C19d35e22f10a725635f,乱打,7
C19d35e22f1192c28d95,▽,12-
C19d35e22f167b284247,▽,8
C19d35e22f167b284247,☆,8
C19d35e22f17ae9d189f,▽,5
C19d35e22f30b29b14ff,sr,7
C19d35e22f389261a13b,sl,7
C19d35e22f389261a13b,乱打,7
C19d35e22f39adad8fc5,sr,6
C19d35e22f3a506241a0,ln,25
C19d35e22f3a506241a0,◆,25
C19d35e22f3bdae4f95b,ξ,11
C19d35e22f3cdf3eff0a,▼,14
C19d35e22f3cdf3eff0a,乱打,8
C19d35e22f4069731c80,★★,2
C19d35e22f4069731c80,重発狂,2
C19d35e22f42768a1743,sr,?
C19d35e22f4cd681ad0e,▽,6
C19d35e22f4d85d63ae4,▽,9
C19d35e22f4e33690722,▼,4
C19d35e22f53a6e5c5a6,▼,22
C19d35e22f56638269cd,▼,17
C19d35e22f60c9f94f27,st,2
C19d35e22f62bd320a8d,sr,12
C19d35e22f62bd320a8d,▽,11+
C19d35e22f638daeb06a,ξ,10
C19d35e22f638daeb06a,▽,6
C19d35e22f64e743318d,sr,7
C19d35e22f64e743318d,▽,10
C19d35e22f65c5858dfc,sr,0
C19d35e22f65c5858dfc,▽,7
C19d35e22f673e2c91e5,▼,2
C19d35e22f68f82d9ffa,▼,5
C19d35e22f6e9ac35666,☆,5
C19d35e22f84b9bbc5fa,◆,14
C19d35e22f941460d07a,▼,4
C19d35e22fa45f55effe,☆,11
C19d35e22fadfa1d5bd8,st,2
C19d35e22fbc4c05afa6,sr,12
C19d35e22fbd41b46b87,sr,3
C19d35e22fbe9232ff65,ξ,12
C19d35e22fca1bde5c2c,▼,8
C19d35e22fd7132ff44e,★,3
C19d35e22ff5c986def1,st,1
C19d35e22ff5c986def1,重発狂,1
C19d35e22ff68bb74b86,sr,7
C19d35e22ff68bb74b86,▽,9
C19d35e22ff711f332f9,ξ,2
C19d35e22ff711f332f9,▽,1
C19d35e22ff8590f9a68,sl,10
C19d35e22ff8590f9a68,乱打,10
C19d35e22ff954a2f70b,▼,3
C19d35e22ffabdae8cf8,sr,3
C19d35e22ffabdae8cf8,▽,8
C19d35e22ffbc3ff9cfd,ξ,6
C19d35e22ffbc3ff9cfd,▽,5
C19d35e22ffcb51572a4,sl,4
C19d35e22ffcb51572a4,乱打,4
C19d35e22ffeecd23692,dy,0
C19d35e2300125180487,ln,20
C19d35e230053c8308b4,h◎,3
C19d35e23008b0a59b72,h◎,1
C19d35e2300a04866998,ξ,3
C19d35e2300e6519c217,▽,1
C19d35e2300fbc62538d,▽,4
C19d35e23010dd7a8e85,▽,7
C19d35e23011e735332f,▽,11
C19d35e2301933c1665e,st,0
C19d35e2302487706392,☆,11
C19d35e2302a6b0da7b4,h◎,7
C19d35e2302b6dc2d82f,so,8
C19d35e230343d534071,sr,7
C19d35e23035ad5ed66a,ξ,7
C19d35e23037f6692aee,▼,6
C19d35e2303b76a0b5c1,sr,4
C19d35e2303c32a4baee,sr,10
C19d35e2303ee63405a8,★,16
C19d35e23040895ecc2c,★★,4
C19d35e2304aea076294,sl,0
C19d35e2305379ffeb42,双,6
C19d35e23062ab6eb9ac,sl,1
C19d35e23062ab6eb9ac,乱打,1
C19d35e2306365c488dd,sr,11
C19d35e2306365c488dd,▽,11
C19d35e2306465d797e3,ξ,5
C19d35e2306465d797e3,▽,3
C19d35e23066892704ee,sr,6
C19d35e23066892704ee,▽,9
C19d35e23067cfbd3724,▽,6
C19d35e2308aeeb8d460,☆,12
C19d35e230964a519525,sr,10
C19d35e230977e132748,ξ,3
C19d35e23098b1ee5e83,sr,4
C19d35e23099a7eaab37,sl,3
C19d35e2309a6a2e01d3,ξ,7
C19d35e230a4af92e6b0,dl,1
C19d35e230a506593532,dl,5
C19d35e230a9b4eb7b2c,▽,5
C19d35e230abab6907c2,sr,3
C19d35e230abab6907c2,▽,8
C19d35e230ae16996e3f,▽,12-
C19d35e230ae16996e3f,☆,12
C19d35e230af772f37e1,★★,4
C19d35e230b0ad722f15,ln,19
C19d35e230b45abed7cf,dl,9
C19d35e230c17a2e66f5,◆,21
C19d35e230c17a2e66f5,◆◆,9
C19d35e230c8e53016a5,dl,dl4 (sub)
C19d35e230cd5852ef08,dl,dl9 (sub)
C19d35e230cd5852ef08,★★,5
C19d35e230cf2fe2bb15,★,8
C19d35e230dc590b7e3e,★,21
C19d35e230e9b708c549,▼,2
C19d35e230f099cbd947,sl,6
C19d35e230f099cbd947,乱打,6
C19d35e230f9b884ea8e,ξ,5
C19d35e230faf5c3aa96,ξ,11
C19d35e230fe3c49bf4b,sl,3
C19d35e230ffd1118362,st,2
C19d35e230ffd1118362,双,2
C19d35e2310696b662c1,☆,2
C19d35e2310f04be1991,★,6
C19d35e2311803662b8e,fr,12
C19d35e23125b85e5038,★,21
C19d35e2312943d6deaf,h◎,5
C19d35e23133c19101ac,st,1
C19d35e23139fc8a7691,▽,4
C19d35e2313aaf107f29,▽,8
C19d35e2313d601a28a0,▽,12-
C19d35e2313d601a28a0,☆,12
C19d35e2313e8ef0fab0,▼,22
C19d35e2314124eb317d,▼,15
C19d35e2315205f79233,st,4
C19d35e23166354cda0f,sl,2
C19d35e23168251c264c,★,11
C19d35e23168251c264c,乱打,7
C19d35e2316ef0cb1ea3,sr,6
C19d35e231733c9c939e,ξ,12
C19d35e23180b44b53c6,☆,13
C19d35e2318df1514f81,SB,3
C19d35e231a64e7298f5,SB,1
C19d35e231a64e7298f5,▽,11+
C19d35e231a71a9670e0,ξ,5
C19d35e231a71a9670e0,▽,3
C19d35e231acc32e8936,sl,8
C19d35e231adab396fcc,sr,1
C19d35e231adab396fcc,▽,8
C19d35e231b3c3ad9586,ξ,10
C19d35e231b3c3ad9586,▽,5
C19d35e231b53932eac0,▼,6
C19d35e231b8bfc7124b,ξ,4
C19d35e231b8bfc7124b,▽,3
C19d35e231b920e95da9,▽,7
C19d35e231ba581bcfc1,▽,11
C19d35e231bc3c985e4d,▽,12-
C19d35e231bd358427ee,▼,9
C19d35e231d5a36880fe,SB,3
C19d35e231d5a36880fe,h◎,3
C19d35e231d6cc95c308,SB,1
C19d35e231d6cc95c308,h◎,2
C19d35e231dd8de9bc51,sl,2
C19d35e231ed9e00413f,sr,12
C19d35e231ed9e00413f,▽,11
C19d35e231f68fae837f,sl,3
C19d35e231f68fae837f,▼,4
C19d35e231f732939298,Ude,Ude7 (sub)
C19d35e231f841ac8f76,▽,6
C19d35e231fb1f6b06c4,▽,2
C19d35e232079247f1d7,sr,13
C19d35e2320a8767e9fb,sr,4
C19d35e2320ce2e2ad1c,★,3
C19d35e232120d9564fc,双,5
C19d35e2321707f37d8c,★,15
C19d35e2321ad340a7fa,◆,6
C19d35e2321f0f4ef708,◆,17
C19d35e2321f0f4ef708,◆◆,4
C19d35e2322e9a6b58bc,☆,11
C19d35e23236cf3d0419,★,14
C19d35e232380c07f40f,★★,2
C19d35e23239fd7a1f24,▽,10
C19d35e2323ab06dc780,▽,7
C19d35e2323b00013460,▼,6
C19d35e2323cff46eb12,▽,5
C19d35e2323efb84d771,sr,?
C19d35e2323efb84d771,▽,11
C19d35e2323fe60f1649,sr,?
C19d35e2323fe60f1649,▽,9
C19d35e23240c72ce87f,▽,5
C19d35e2324b76a78f29,sl,7
C19d35e2324b76a78f29,乱打,7
C19d35e2325aac341b82,st,0
C19d35e2325c8429084f,ξ,8
C19d35e232970dbdc7cd,sl,3
C19d35e232970dbdc7cd,乱打,3
C19d35e2329d5b703b26,▽,11
C19d35e2329f8cdf62f5,▽,6
C19d35e232a350378f90,▽,3
C19d35e232a59abccb99,▼,21
C19d35e232a619f8c39a,sl,6
C19d35e232a7820f5b48,ln,15
C19d35e232ac31e9fcde,☆,10
C19d35e232b08c57a672,◆,11
C19d35e232b23e6f9a2e,sn,4
C19d35e232d69b26a6e4,▽,10
C19d35e232da1cab106f,★,4
C19d35e232da1cab106f,乱打,2
C19d35e232de4cd376d4,★,9
C19d35e232de4cd376d4,乱打,4
C19d35e232e16a2c5098,重発狂,6
C19d35e232e2a7a9de90,★,12
C19d35e232e2a7a9de90,乱打,7
C19d35e232e5de28d9ac,★,23
C19d35e232e5de28d9ac,★★,3
C19d35e232ec82839fda,dl,9
C19d35e232fcb3b378f0,▽,11+
C19d35e2330ad63e9d1c,▽,6
C19d35e2331f44db2aae,fr,9
C19d35e233208dd1f7c6,st,7
C19d35e233208dd1f7c6,重発狂,7
C19d35e233241874c961,h◎,13
C19d35e233275f16a23c,sl,3
C19d35e2332d2a7df6a5,sl,2
C19d35e2332d2a7df6a5,乱打,2
C19d35e2332ef7201412,▼,14
C19d35e2332ef7201412,乱打,8
C19d35e23341d6561afa,☆,11
C19d35e2334df4b6d8c5,dy,1
C19d35e2334df4b6d8c5,★★,4
C19d35e2334df4b6d8c5,重発狂,6
C19d35e2334ea6b15ca0,st,2
C19d35e2334ea6b15ca0,重発狂,2
C19d35e2335dd97708e5,★,4
C19d35e233600e67ca45,★,6
C19d35e233636e66c552,★,14
C19d35e2337a1077ae25,st,3
C19d35e2337a1077ae25,重発狂,3
C19d35e2337d3ea3a555,fr,12
C19d35e2339b06aea3c4,▽,？
C19d35e2339f69ee07b8,▽,4
C19d35e233a111afebb5,▽,5
C19d35e233a3beaed25c,▽,7
C19d35e233a59805d009,▽,9
C19d35e233aadffa2f84,fr,2
C19d35e233aadffa2f84,★,1
C19d35e233ad85276bf7,★,6
C19d35e233af3c276f5a,★,19
C19d35e233bcfde7b76b,▽,11
C19d35e233bd4e0b8cfb,▽,7
C19d35e233be0f36e8b8,▽,3
C19d35e233bff4d87072,sl,6
C19d35e233cdecdc43b2,★,10
C19d35e233d0c40c81b2,dl, BEGINNER
C19d35e233d10847ef42,dl,10
C19d35e233d74ab16972,▽,2
C19d35e233e5ac0cb2e5,sr,5
C19d35e233e5ac0cb2e5,▽,9
C19d35e233e723a82fea,sr,8
C19d35e233e723a82fea,☆,10
C19d35e233eba8030dca,★,11
C19d35e234077b6755ad,◆,18
C19d35e234077b6755ad,◆◆,6
C19d35e23408311fec5b,▼,21
C19d35e23408311fec5b,重発狂,2
C19d35e234131a369870,Ude,7
C19d35e234131a369870,sl,7
C19d35e2341547b13ba0,st,5
C19d35e2341794190358,st,8
C19d35e2341ee13f257d,st,1
C19d35e2341ee13f257d,重発狂,1
C19d35e23422769226c2,▼,20
C19d35e23434c74d2106,sl,1
C19d35e234394681a1c1,fr,9
C19d35e234394681a1c1,★★,4
C19d35e234450d366bf3,▽,10
C19d35e234461ef9be6c,▽,8
C19d35e23447fdb28185,▽,3
C19d35e23448e89d6c89,▽,6
C19d35e23449ac89680d,▽,10
C19d35e2344aa9368826,▽,12
C19d35e2344c7905d4e1,◆,22
C19d35e2344c7905d4e1,◆◆,10
C19d35e2344de95cf40c,☆,11
C19d35e23486fdaef486,▽,3
C19d35e2348730981a62,▽,6
C19d35e23489f5967514,▽,9
C19d35e234975f8ba5b8,fr,11
C19d35e2349851debe2c,sl,12
C19d35e234a73a0da1bc,sl,3
C19d35e234a940672aa5,▽,1
C19d35e234acb1b89b38,▽,3
C19d35e234ae58057e6b,▽,5
C19d35e234af35a4fb6a,▽,9
C19d35e234b0f4c8e633,▽,11+
C19d35e234b140f46ea0,sr,7
C19d35e234b140f46ea0,▽,10
C19d35e234b3976feb98,▽,12-
C19d35e234b493ad3025,▽,7
C19d35e234b5bac4bf1f,▽,4
C19d35e234b704e4cca2,st,5
C19d35e234ca8497359e,双,1
C19d35e234e0b321c578,sl,3
C19d35e234f078507041,sr,12
C19d35e234f2779e3e14,ln,18
C19d35e234f548966d74,dl, BEGINNER
C19d35e234f548966d74,sl,7
C19d35e234f65337114a,dl,2
C19d35e234f65337114a,st,2
C19d35e234f712e8189b,dl,9
C19d35e234f824dbdfd1,sr,9
C19d35e234fbf3c67176,dl,0
C19d35e234fbf3c67176,★,20
C19d35e234fd923af354,▼,11
C19d35e23506e63c5287,▽,7
C19d35e2350b5df20b42,st,1
C19d35e2350e688703b6,so,4
C19d35e2350e688703b6,▼,7
C19d35e2350e688703b6,☆,13
C19d35e2351014f32976,h◎,13
C19d35e2351c3fad3cb9,☆,11
C19d35e2351fe067062c,双,2
C19d35e23524487ab2a7,◆,7
C19d35e2352d11e3fb76,sr,7
C19d35e2352e7f37e864,sl,1
C19d35e2352fc9fde2e2,sr,10
C19d35e235304ed8056c,sr,13
C19d35e23538b673236c,sr,11
C19d35e23539683f6f21,st,3
C19d35e23539683f6f21,双,2
C19d35e2353f80703ce9,▽,10
C19d35e2354010a7c7c5,▼,23
C19d35e23541f250aae5,▽,8
C19d35e235428f4df383,▽,5
C19d35e2354a2a660bae,▽,6
C19d35e2354b2ac42213,▽,8
C19d35e23555142614a8,▽,10
C19d35e2355649d81597,▽,8
C19d35e235598dd587ad,▽,4
C19d35e23568c4d21ed6,▼,1
C19d35e2356a348b5d0e,★,4
C19d35e23571731bc32e,★,21
C19d35e23571731bc32e,★★,1
C19d35e23584fb205bdf,st,2
C19d35e23584fb205bdf,双,2
C19d35e23593b50cc4f9,▽,7
C19d35e2359c8490fdbb,dl,6
C19d35e2359c8490fdbb,st,6
C19d35e235aadfe88bed,▼,5
C19d35e235b036aa0b2e,h◎,0
C19d35e235b2dc2e8d3e,双,6
C19d35e235b6e185cf08,▼,11
C19d35e235bbedc9cbea,sl,3
C19d35e235eb166a7682,◆,5
C19d35e235fc7f28b2b3,★,16
C19d35e235fe42cab7da,dl,dl8 (sub)
C19d35e23603af1b8cb6,▽,2
C19d35e23604094b2330,sr,0
C19d35e23604094b2330,▽,7
C19d35e23605504e05d7,sr,9
C19d35e23605504e05d7,▽,10
C19d35e23606cdded28e,▼,5
C19d35e2360732dcb4de,st,3
C19d35e23631efca1b7f,☆,8
C19d35e23634e9149eda,sl,2
C19d35e2363bbce70d17,fr,5
C19d35e23643a19fffbd,☆,11
C19d35e2364dcfad5fad,h◎,3
C19d35e2365184b36309,☆,9
C19d35e23663176ed933,so,12
C19d35e2367cdcfb761c,so,0
C19d35e236baf6df946c,★,3
C19d35e236cd27ec99b5,★,5
C19d35e236cedabc849c,★★,2
C19d35e236d53fa8a8da,◆,16
C19d35e236d53fa8a8da,◆◆,2
C19d35e236d99423e2c0,重発狂,1
C19d35e236db27863ce5,乱打,11
C19d35e236e7fdc6044e,▼,0
C19d35e236ea2238c82a,▼,22
C19d35e236ea2238c82a,重発狂,3
C19d35e236eebe94d499,★,12
C19d35e236eebe94d499,乱打,7
C19d35e236f0c051015e,☆,10
C19d35e236f7fe445667,ln,6
C19d35e236f7fe445667,◆,6
C19d35e23701b208ceaa,★,19
C19d35e23701b208ceaa,重発狂,0
C19d35e23706bef15704,ξ,12
C19d35e2372610558b36,◆,17
C19d35e2372610558b36,◆◆,4
C19d35e23731a97278a1,★,12
C19d35e23732ae3279e0,★,17
C19d35e2374368da2ca0,st,3
C19d35e2374368da2ca0,重発狂,3
C19d35e237440a8230be,◆,3
C19d35e2374b9204ee11,SB,-1
C19d35e2374b9204ee11,h◎,-1
C19d35e237594858497f,▽,7
C19d35e2375a6629fe88,▽,4
C19d35e2375bbc149a6d,▽,2
C19d35e2375c3763c674,◆,7
C19d35e2376cc919f3aa,st,5
C19d35e2376d1d0fabf7,st,7
C19d35e23788e386d0d2,★★,4
C19d35e237a82775b785,▼,?
C19d35e237ab1088dd62,▽,4
C19d35e237b1e2f04185,▽,11
C19d35e237b4165d8121,▽,7
C19d35e237bc436b7ecf,◆,9
C19d35e237c885cdb8d4,sl,7
C19d35e237c885cdb8d4,▼,12
C19d35e237ca12413674,▼,6
C19d35e237ccd6dc84dd,st,2
C19d35e237cd1491024c,▼,20
C19d35e237ce26011c10,▽,10
C19d35e237cfc6970950,▽,6
C19d35e237d0eb39f89c,st,4
C19d35e237d0eb39f89c,重発狂,4
C19d35e237d773c40e5c,sl,12
C19d35e237d773c40e5c,乱打,12
C19d35e237d8675315e3,st,3
C19d35e237d98229645f,dl,dl3 (sub)
C19d35e237d98229645f,★★,3
C19d35e237daf70b228c,▽,3
C19d35e237dba2b80fa1,▽,6
C19d35e237ddcf9498ff,▽,10
C19d35e237dfb8ff6d4f,▽,12+
C19d35e237f2cb48ff7f,▽,8
C19d35e23802d5f28bcc,Ude,0
C19d35e23802d5f28bcc,sl,0
C19d35e23802d5f28bcc,sr,13
C19d35e23804be8d13d8,sr,9
C19d35e2380568d80df5,ξ,7
C19d35e2380833728436,sl,9
C19d35e2380833728436,乱打,9
C19d35e2380f808bb594,▼,18
C19d35e2381b008e5d84,双,5
C19d35e23820ae468024,sl,7
C19d35e2382f70718721,dl,8
C19d35e2383fbce14f9d,ξ,2
C19d35e2384093e3a127,▼,10
C19d35e2384180f2654f,ξ,4
C19d35e23842658c5e87,sr,0
C19d35e23843e286f9a5,sr,7
C19d35e23844460ebba6,sl,5
C19d35e238476ee9c57e,双,0
C19d35e2385a5e8c27f6,▽,10
C19d35e2385b583fe359,▼,10
C19d35e2386055c88d5b,▼,23
C19d35e2386f8401eca7,▽,4
C19d35e238733f342c4f,sr,3
C19d35e23879c4395e8b,sr,12
C19d35e2387ebc741ad6,★,3
C19d35e2388c87668067,★,9
C19d35e2389cd070c31e,▽,9
C19d35e238a5e5e643b1,ln,2
C19d35e238a5e5e643b1,◆,2
C19d35e238ac7c6f6d4b,ξ,8
C19d35e238ae33b09915,▽,5
C19d35e238af94593eca,ξ,2
C19d35e238b0f52c2037,ξ,3
C19d35e238c0d3a4abe7,fr,12
C19d35e238c66942b308,st,3
C19d35e238ca99d1c9b5,sl,3
C19d35e238cb04ffb847,☆,9
C19d35e238e47e10205e,st,0
C19d35e238e55ba35408,sr,1
C19d35e238e55ba35408,▽,7
C19d35e238e88f68f213,Ude,5
C19d35e238e88f68f213,▼,10
C19d35e238e88f68f213,★,10
C19d35e238e90084872d,▼,6
C19d35e238eaabb4139c,▼,14
C19d35e238f1cd96f5f5,▽,11
C19d35e238f256240fd7,▽,7
C19d35e238f3b4adb297,▽,4
C19d35e238f89d41e4bb,▼,8
C19d35e239009b8ae438,ln,16
C19d35e239009b8ae438,◆◆,2
C19d35e2390146aa82d8,▽,4
C19d35e23902071109c1,▽,8
C19d35e2390350c09d7c,▽,10
C19d35e239053717bf1d,fr,3
C19d35e23907c327b027,▼,14
C19d35e239117a3a3e55,sl,5
C19d35e239275235269b,fr,10
C19d35e239275235269b,★★,4
C19d35e23929234aad58,fr,7
C19d35e2393406d83a1e,▼,8
C19d35e23952cffd0061,dl,-1
C19d35e23952cffd0061,sl,12
C19d35e2395367d9ea26,sr,8
C19d35e23954475cf022,★,12
C19d35e23957ca6e77a6,★★,4
C19d35e2395c91975f98,★,7
C19d35e239637bef779b,▽,5
C19d35e239731f2aeb4c,st,1
C19d35e2397cd8b70671,so,8
C19d35e2397cd8b70671,▼,13
C19d35e2397f13f27ebc,☆,4
C19d35e239a277244df6,▽,10
C19d35e239a33552c0b4,▽,12+
C19d35e239a54c692ad7,▽,8
C19d35e239a726307e6a,▽,5
C19d35e239a9828e7f83,sl,5
C19d35e239bada2de0e7,◆,16
C19d35e239bada2de0e7,◆◆,2
C19d35e239c52e6d40cb,sl,12
C19d35e239c52e6d40cb,乱打,12
C19d35e239c69fe06852,st,3
C19d35e239d518e24c3e,☆,9
C19d35e239dd5c396c20,◆,7
C19d35e239e29835c3ea,▽,10
C19d35e239e3d27990c6,Ude,6
C19d35e239e3d27990c6,sl,6
C19d35e239e496fc7e46,st,4
C19d35e239ed00b1fa8f,☆,11
C19d35e23a085c9f0cd6,▽,7
C19d35e23a09225b5eb7,▽,10
C19d35e23a0a5bdd70de,▽,12-
C19d35e23a0e0eec1169,★,14
C19d35e23a0e0eec1169,乱打,8
C19d35e23a1304777188,◆,15
C19d35e23a16eb34c080,st,1
C19d35e23a16eb34c080,重発狂,1
C19d35e23a447f2e97db,◆,3
C19d35e23a47b48a67ed,▽,4
C19d35e23a4940ff3c22,Ude,2
C19d35e23a4940ff3c22,sl,2
C19d35e23a59e7d0f241,☆,8
C19d35e23a7d5a6794b1,ξ,9
C19d35e23a81344743d2,ln,7
C19d35e23a858b522943,▽,5
C19d35e23a8c5e6da385,▽,8
C19d35e23a8f83f14918,▽,10
C19d35e23a8f83f14918,☆,10
C19d35e23a94ae0a8957,★,7
C19d35e23aaef64469b1,sl,4
C19d35e23aaffbe08790,dl, BEGINNER
C19d35e23aaffbe08790,▼,11
C19d35e23ab05588c9bd,dl,8
C19d35e23ab05588c9bd,★★,5
C19d35e23ab2b3dac117,dl, BEGINNER
C19d35e23ab5815d0553,dl,0
C19d35e23ab5815d0553,★,20
C19d35e23ab8545b4b73,dl,dl12 (sub)
C19d35e23ab8545b4b73,★★,7
C19d35e23ac42a18a898,Ude,12
C19d35e23ac42a18a898,sl,12
C19d35e23ac6f0e22c99,▼,14
C19d35e23ad13e7d1e88,▼,1
C19d35e23adc5738f7b7,st,1
C19d35e23adc5738f7b7,重発狂,1
C19d35e23add4bfb2ca3,sl,8
C19d35e23ae094b41063,sl,0
C19d35e23b14e3eb6c3a,▽,11
C19d35e23b163753f788,▽,9
C19d35e23b1787e79262,▽,6
C19d35e23b18823a6c28,双,2
C19d35e23b1c24c16ff1,双,3
C19d35e23b1f74cacd5e,sl,5
C19d35e23b1f74cacd5e,▼,8
C19d35e23b201ee8eb65,st,0
C19d35e23b201ee8eb65,双,1
C19d35e23b26f1ceb2c5,▽,10
C19d35e23b27cfc8f856,▼,4
C19d35e23b2cb568a8c8,▽,8
C19d35e23b2d274bbc22,▽,4
C19d35e23b374a77138a,▽,11
C19d35e23b3832a7f799,▽,9
C19d35e23b397d5f2002,▽,5
C19d35e23b3e3d78a9cc,☆,3
C19d35e23b48417b3b02,sl,2
C19d35e23b4a4bc1db6c,st,1
C19d35e23b53b74ae145,sr,9
C19d35e23b53b74ae145,▽,11
C19d35e23b55cdd00d42,sr,0
C19d35e23b55cdd00d42,▽,7
C19d35e23b579ac41df1,▽,12+
C19d35e23b597a4f47ae,▽,4
C19d35e23b60107e3027,▼,12
C19d35e23b72000b1da8,st,4
C19d35e23b839d76c0c6,ln,24
C19d35e23b839d76c0c6,◆,24
C19d35e23b87c98ccb4a,st,0
C19d35e23b8810e24ebd,乱打,5
C19d35e23b9631ba21b8,dl,dl0 (sub)
C19d35e23b9631ba21b8,fr,7
C19d35e23b9783137d59,dl,dl5 (sub)
C19d35e23b9783137d59,fr,10
C19d35e23bc7dca8852b,双,2
C19d35e23bd59d1dc88b,▼,8
C19d35e23bfe6a86d6c0,ln,4
C19d35e23bfe6a86d6c0,◆,4
C19d35e23c03fba41549,▼,4
C19d35e23c042691f8e7,sr,0
C19d35e23c042691f8e7,▽,7
C19d35e23c05788fb806,▼,22
C19d35e23c07d20d7479,ξ,2
C19d35e23c07d20d7479,▽,1
C19d35e23c0d709a3f84,sl,5
C19d35e23c14b34f81d0,SB,2
C19d35e23c166bcee165,SB,8
C19d35e23c166bcee165,fr,8
C19d35e23c18152ac960,SB,10
C19d35e23c49705bddd0,ξ,4
C19d35e23c4a873f92b4,ξ,1
C19d35e23c4b7de4c116,sl,0
C19d35e23c57c57548e8,sl,4
C19d35e23c5bf7e47c57,st,2
C19d35e23c5bf7e47c57,重発狂,2
C19d35e23c65c0a603b4,重発狂,3
C19d35e23c7bd295af0e,st,3
C19d35e23ca7e833b567,◆,14
C19d35e23cb9c4ed9a3e,so,2
C19d35e23cbb3c0f0720,st,4
C19d35e23cbea55ec8c5,sl,3
C19d35e23cc71714499a,★,16
C19d35e23ccb6a62f344,▼,1
C19d35e23ccd559a69a8,★,21
C19d35e23cd2ac3f50df,sl,4
C19d35e23cd30517f159,dl,2
C19d35e23cd47fe2ee59,dl,5
C19d35e23cd5072a9a78,▽,2
C19d35e23cd6aa2ff9c3,▽,11+
C19d35e23cd722689616,▽,12
C19d35e23d00f9314f84,▽,6
C19d35e23d0120d3c7ae,▽,8
C19d35e23d039f9deac6,▽,4
C19d35e23d047732751d,▽,10
C19d35e23d14ff8fb923,sl,1
C19d35e23d3146de9da9,◆,17
C19d35e23d3146de9da9,◆◆,4
C19d35e23d3431eb8d04,dy,0
C19d35e23d3431eb8d04,重発狂,5
C19d35e23d3c960e7036,★,13
C19d35e23d3c960e7036,乱打,8
C19d35e23d3e81446fbf,dy,1
C19d35e23d3e81446fbf,st,6
C19d35e23d3e81446fbf,重発狂,6
C19d35e23d4492196f58,重発狂,6
C19d35e23d4649e9bf59,ln,21
C19d35e23d4b2235f4a2,sl,4
C19d35e23d4b2235f4a2,乱打,4
C19d35e23d5322baa509,dl,7
C19d35e23d5a8dddd2f5,h◎,3
C19d35e23d5b619493fd,h◎,1
C19d35e23d7a37f74cc7,SB,6
C19d35e23d7d08672713,sr,3
C19d35e23d7e718c1f48,sr,9
C19d35e23d9aa872268f,★,7
C19d35e23d9e6aa9caf0,▽,5
C19d35e23da208d0bb76,sr,9
C19d35e23da74e4bbc05,★,17
C19d35e23dab499550a2,★,23
C19d35e23dab499550a2,★★,3
C19d35e23dafbd8d0e2a,ξ,12
C19d35e23db9d700b567,★★,2
C19d35e23dbddcc0bd59,★,13
C19d35e23dc3b489aa1c,★,6
C19d35e23dc75e1bb8a7,sr,?
C19d35e23dc814101cee,sr,4
C19d35e23dda13216a5e,◆◆,9
C19d35e23de5c2d8073e,sl,0
C19d35e23de5c2d8073e,sr,12
C19d35e23de6adb34881,Ude,7
C19d35e23de6adb34881,sl,7
C19d35e23de73d074890,双,2
C19d35e23de80acf555c,sr,1
C19d35e23deb6548bacf,ξ,5
C19d35e23decfbcff4e9,st,0
C19d35e23deec0efe473,sl,7
C19d35e23df1936e5f00,dl,-1
C19d35e23df1936e5f00,sl,12
C19d35e23df46833f994,☆,10
C19d35e23df5d6fa41fb,dl,5
C19d35e23df5d6fa41fb,dy,0
C19d35e23df5d6fa41fb,st,5
C19d35e23df6337b77c8,★,2
C19d35e23e0113b375e6,fr,9
C19d35e23e1c13c60f4a,sl,0
C19d35e23e1c13c60f4a,sr,13
C19d35e23e1c13c60f4a,▽,12
C19d35e23e1c13c60f4a,乱打,0
C19d35e23e1ebeb76c71,▼,12
C19d35e23e25fdf11b82,sr,7
C19d35e23e25fdf11b82,▽,9
C19d35e23e286c4328de,st,3
C19d35e23e286c4328de,重発狂,3
C19d35e23e2aafef2555,fr,9
C19d35e23e2aafef2555,ln,20
C19d35e23e2e6edd4857,▽,6
C19d35e23e334a944471,▼,19
C19d35e23e402bf76ee4,sr,12
C19d35e23e402bf76ee4,▽,11+
C19d35e23e41bfda8b3b,sr,0
C19d35e23e41bfda8b3b,▽,7
C19d35e23e42fdf1153f,sl,8
C19d35e23e42fdf1153f,▼,12
C19d35e23e42fdf1153f,乱打,8
C19d35e23e438e93b557,◆,9
C19d35e23e448ffe181d,▽,2
C19d35e23e45ff558754,▼,2
C19d35e23e48439fd91e,双,1
C19d35e23e57c694e0ce,▽,12+
C19d35e23e58ac2aab79,▼,7
C19d35e23e5a637a7af2,dl,dl0 (sub)
C19d35e23e5a637a7af2,st,0
C19d35e23e5b8924cab3,▼,8
C19d35e23e5d034bfd48,重発狂,3
C19d35e23e5e12ce9836,sr,11
C19d35e23e5e12ce9836,▽,11
C19d35e23e61ff046687,ln,16
C19d35e23e61ff046687,◆◆,3
C19d35e23e62529bfb51,sr,0
C19d35e23e62529bfb51,▽,7
C19d35e23e6b0c93879c,st,9
C19d35e23e6b0c93879c,双,6
C19d35e23e6cf86184f3,双,4
C19d35e23e71c1a6e733,☆,7
C19d35e23e75efe486e6,Ude,9
C19d35e23e75efe486e6,sl,9
C19d35e23e91aaaf8451,st,2
C19d35e23e91aaaf8451,重発狂,2
C19d35e23e932a65dfd4,ln,12
C19d35e23eb22559e5ed,SB,2
C19d35e23eb534fe06a3,SB,0
C19d35e23eb63ed95a16,SB,3
C19d35e23eb77960e223,SB,-1
C19d35e23eb93526b7eb,SB,5
C19d35e23eb93526b7eb,fr,4
C19d35e23eba20484ce0,dl,6
C19d35e23ebf1e50d611,sr,13
C19d35e23ebf1e50d611,▽,12-
C19d35e23ec047000b59,ξ,3
C19d35e23ec047000b59,▽,2
C19d35e23ec1170407c3,sr,8
C19d35e23ec1170407c3,▽,10
C19d35e23ec280dcb7c0,▼,11
C19d35e23ec33f0da93f,ξ,12
C19d35e23ec33f0da93f,▽,6
C19d35e23ec408ee2491,☆,9
C19d35e23ec77c005e15,so,5
C19d35e23ec77c005e15,★,8
C19d35e23ece38a17b6f,▽,5
C19d35e23edb9904844b,SB,2
C19d35e23edb9904844b,fr,2
C19d35e23edc18f0aeb3,SB,0
C19d35e23eddece60d2d,SB,3
C19d35e23ede378cbe85,SB,-1
C19d35e23ee12406896a,SB,10
C19d35e23ee12406896a,双,4
C19d35e23ee3a23cc29b,st,3
C19d35e23ee3a23cc29b,双,3
C19d35e23effce9fd7ca,★★,1
C19d35e23f0bc5ebff96,☆,9
C19d35e23f14214e87bb,st,2
C19d35e23f14214e87bb,重発狂,3
C19d35e23f1ed4047e6f,◆,3
C19d35e23f222a90afbd,sr,11
C19d35e23f23aa19799c,Ude,3
C19d35e23f23aa19799c,★,4
C19d35e23f24e409f385,sr,4
C19d35e23f25395f8b82,ξ,6
C19d35e23f2f3c1dbd1c,▼,6
C19d35e23f520702a6a0,dl,dl4 (sub)
C19d35e23f53fc2505c3,dl,dl5 (sub)
C19d35e23f631d32d968,★,12
C19d35e23f631d32d968,乱打,6
C19d35e23f6ae34cec68,ξ,9
C19d35e23f6ce882957f,sr,5
C19d35e23f6f97ef0720,sr,11
C19d35e23f6f97ef0720,▽,11
C19d35e23f6f97ef0720,☆,11
C19d35e23f70ee8a6ef1,★,8
C19d35e23f70ee8a6ef1,乱打,5
C19d35e23f76febf98e8,★,1
C19d35e23f76febf98e8,乱打,1
C19d35e23f7aa0ba3854,sl,3
C19d35e23f7aa0ba3854,乱打,3
C19d35e23f7b5354ec4f,sl,6
C19d35e23f7b5354ec4f,乱打,6
C19d35e23f7fc3ce60b8,双,4
C19d35e23f80396ae47d,dl,2
C19d35e23f8a4edda962,★★,3
C19d35e23f934c2d668d,dl,9
C19d35e23f940969d728,dl,9
C19d35e23f99e088686f,◆,16
C19d35e23f99e088686f,◆◆,3
C19d35e23f9b88d979d5,sr,13
C19d35e23f9fd966f075,ξ,6
C19d35e23fa0c75635bd,sr,11
C19d35e23fa24a9555f4,sr,2
C19d35e23fad42140633,★★,4
C19d35e23fc7e62bbaad,◆,4
C19d35e23fd839729c55,★,14
C19d35e23fe214d86894,ln,8
C19d35e23fe4bdeb1512,sl,4
C19d35e23fe5f9a671a0,sl,1
C19d35e23fe5f9a671a0,☆,11
C19d35e23fe85068a45d,sl,7
C19d35e23ff3dbbf6b93,st,0
C19d35e23ff3dbbf6b93,双,0
C19d35e23ff41b45df19,双,0
C19d35e2400012b5dc37,sl,6
C19d35e240028cc2abd3,▽,4
C19d35e24005d2e4c067,▽,7
C19d35e24007fa3dd985,▽,11
C19d35e2400bd09c272d,★★,4
C19d35e2400cb3afddf9,st,2
C19d35e2400f8a28bbe8,◆,24
C19d35e2401002e47db6,h◎,14
C19d35e2401dfa1e6d9f,dy,6
C19d35e2401dfa1e6d9f,st,11
C19d35e2401ed2bda810,st,5
C19d35e2401f91dc25d4,▼,17
C19d35e2401f91dc25d4,★,18
C19d35e240212cd1e4fb,st,0
C19d35e2402b652cb1ce,▼,4
C19d35e2402cc0199d91,sr,9
C19d35e2402cc0199d91,▽,10
C19d35e2402d3e270714,▽,2
C19d35e24030bf715911,sr,4
C19d35e24030bf715911,▽,9
C19d35e240314816f7cd,▼,5
C19d35e24032a550bc6f,▽,5
C19d35e240336075bd38,h◎,0
C19d35e240344bc79973,双,1
C19d35e24039e621793c,sl,1
C19d35e2403aeca5f66d,★★,2
C19d35e24041a5ba8afa,▽,8
C19d35e24042f30bdb5b,▽,5
C19d35e2404360d64cdc,▽,2
C19d35e2404b63f44c62,dl, BEGINNER
C19d35e2405034b379a5,sl,0
C19d35e2405034b379a5,乱打,0
C19d35e24052a1e20232,st,0
C19d35e24052a1e20232,重発狂,0
C19d35e2405f5b8d0ac2,双,2
C19d35e2406777dca0be,Ude,7
C19d35e2406777dca0be,sl,7
C19d35e24069c50ea23d,sr,13
C19d35e2406b52f9755c,sr,8
C19d35e2406c6d6bad4d,ξ,12
C19d35e2407a19a17884,st,3
C19d35e2407a19a17884,重発狂,3
C19d35e24087a507fcaa,▽,5
C19d35e2408885c16c47,▽,9
C19d35e24089cc345e95,▽,10
C19d35e2408a3c68e5ef,▽,12-
C19d35e2408c1ee0fd28,sl,1
C19d35e2408c1ee0fd28,▼,0
C19d35e24092c7cf8bd6,sr,13
C19d35e24092c7cf8bd6,☆,11
C19d35e24096a6e89ba3,sl,0
C19d35e24096a6e89ba3,sr,13
C19d35e24096a6e89ba3,乱打,0
C19d35e2409752bd4a38,Ude,Ude5 (sub)
C19d35e2409752bd4a38,sl,5
C19d35e2409752bd4a38,乱打,5
C19d35e24098625a1710,sr,6
C19d35e2409e0d96c710,st,1
C19d35e2409e0d96c710,★,21
C19d35e2409e0d96c710,双,1
C19d35e240a1a143d051,sr,8
C19d35e240a76094366b,sl,5
C19d35e240ba9fca50ea,★,6
C19d35e240ba9fca50ea,乱打,2
C19d35e240c40baecddc,双,2
C19d35e240cf3c4e8a2d,so,1
C19d35e240d7e20e021c,★★,1
C19d35e240f806d0e792,dy,1
C19d35e2410490236cb4,st,1
C19d35e24105eedefa9d,st,5
C19d35e24105eedefa9d,双,3
C19d35e2411551a33607,◆,3
C19d35e241228d3710c0,dl,9
C19d35e241228d3710c0,st,9
C19d35e24126f57bbe07,dl,5
C19d35e24126f57bbe07,★,24
C19d35e2412a2e1cc302,st,7
C19d35e2412a2e1cc302,重発狂,7
C19d35e2412cdd6564a5,▼,7
C19d35e24130f8d18891,sl,2
C19d35e241326da2aba9,▽,6
C19d35e24135a7355642,sr,2
C19d35e24135a7355642,▽,8
C19d35e2413774a192e2,sr,12
C19d35e2413774a192e2,▽,11
C19d35e24139ee800257,▼,3
C19d35e24139ee800257,☆,13
C19d35e2413a43a8d194,▼,19
C19d35e2413f8df73580,dl,12
C19d35e2413f8df73580,fr,12
C19d35e241418f53f644,▼,22
C19d35e24142500a4571,sl,9
C19d35e24142500a4571,乱打,9
C19d35e241443af6155a,▼,24
C19d35e241472e70688e,st,0
C19d35e241647d1faee1,★,12
C19d35e24168e9b2401f,双,6
C19d35e2416944dd879a,◆◆,12
C19d35e2416a2dba52c0,双,5
C19d35e2416d6d05d5a8,◆,16
C19d35e2416d6d05d5a8,◆◆,2
C19d35e241947729676d,sl,5
C19d35e24196c1c409fc,ξ,3
C19d35e2419d188b7234,sl,12
C19d35e241b56c549d38,◆◆,3
C19d35e241b634215f26,▼,3
C19d35e241ba8260994f,sr,9
C19d35e241c1ed141b31,▼,15
C19d35e241c294947dd9,sr,11
C19d35e241c294947dd9,▽,11
C19d35e241c745a68bcf,sr,2
C19d35e241c745a68bcf,▽,8
C19d35e241c845417daf,▼,6
C19d35e241cfe9ab0e4f,Ude,8
C19d35e241cfe9ab0e4f,sl,8
C19d35e241cfe9ab0e4f,★,13
C19d35e241d06f5a9255,▼,20
C19d35e241d06f5a9255,双,0
C19d35e241d1770834ae,▽,6
C19d35e241d27bb5ef3e,st,6
C19d35e241d27bb5ef3e,双,5
C19d35e241f9166f28ba,dl,9
C19d35e241fb19d886ed,h◎,1
C19d35e242244af64926,sr,2
C19d35e242266fd574fe,◆,7
C19d35e2422855957200,★,1
C19d35e2422855957200,乱打,1
C19d35e2422b94196fe6,sr,8
C19d35e2422d70e4374c,dl,9
C19d35e2422e54db88e1,◆,12
C19d35e2423819dc9f34,sl,5
C19d35e2423819dc9f34,乱打,5
C19d35e24248f12e4c62,▽,11+
C19d35e24248f12e4c62,☆,11
C19d35e24260eeb20b57,SB,1
C19d35e24260eeb20b57,h◎,0
C19d35e2426f4b60aee3,▼,13
C19d35e2426f4b60aee3,★,13
C19d35e2426f4b60aee3,乱打,8
C19d35e24278dc0ded9b,▼,5
C19d35e242796b17f740,▽,9
C19d35e2427c10efdd44,▽,4
C19d35e2427d48cc6d08,▼,10
C19d35e2427e555e504e,▼,3
C19d35e2427f1dfd4649,▼,8
C19d35e242811e2eb3cb,▽,12
C19d35e24282f1b02a46,sl,8
C19d35e24282f1b02a46,▼,13
C19d35e242834e3a41f7,▽,10
C19d35e24284c23cdad5,▽,7
C19d35e2428818edd845,▼,3
C19d35e242899d6b3752,▽,11
C19d35e2428a4c2cdce5,▽,8
C19d35e2428b648bdad2,▽,3
C19d35e2429fdc4be3d9,▽,8
C19d35e2429fdc4be3d9,☆,8
C19d35e242a083a6b021,▽,4
C19d35e242a3555268b2,◆,9
C19d35e242a720a6c627,dl,3
C19d35e242abbb3c3577,双,4
C19d35e242ad6cb16941,st,3
C19d35e242ad6cb16941,双,2
C19d35e242b2487a250d,▼,0
C19d35e242b7067630d8,☆,6
C19d35e242c0c07106f3,◆,22
C19d35e242c6ab4a3125,重発狂,3
C19d35e242ca6ba49608,▼,1
C19d35e242e248dace44,☆,5
C19d35e242e5a18939d1,重発狂,0
C19d35e242e8f741a173,st,3
C19d35e242e8f741a173,重発狂,3
C19d35e242ea9027b642,乱打,12
C19d35e242f9825c33da,▼,15
C19d35e242f9825c33da,乱打,9
C19d35e242fb19eb1934,▼,20
C19d35e24309d867afef,★★,2
C19d35e243166122d39e,▽,11
C19d35e243188778891e,▽,2
C19d35e2431a10a45787,▽,8
C19d35e2431cbdcc3678,sl,1
C19d35e2431cbdcc3678,▽,12
C19d35e2431e3003a27c,sl,11
C19d35e2431e3003a27c,▼,16
C19d35e24320ee0cb262,st,4
C19d35e24320ee0cb262,▼,23
C19d35e24320ee0cb262,双,3
C19d35e24322742f6395,▽,4
C19d35e2432363ff6c72,sl,6
C19d35e24324f57c4122,sl,2
C19d35e24325af5c12a9,st,1
C19d35e24325af5c12a9,双,2
C19d35e2432760196bdc,▼,10
C19d35e2432962ceb2e2,sr,5
C19d35e2432962ceb2e2,▽,9
C19d35e2433029dac036,◆,7
C19d35e24332a6e64f42,sr,1
C19d35e24332a6e64f42,▽,7
C19d35e2433502328927,sl,0
C19d35e2433502328927,sr,11
C19d35e2433502328927,▽,11
C19d35e2433502328927,乱打,0
C19d35e2433958b5f40b,ξ,8
C19d35e2433958b5f40b,▽,4
C19d35e243416b20f246,st,4
C19d35e243416b20f246,双,4
C19d35e24349967a3499,▽,11
C19d35e2434a6ddc4314,▽,9
C19d35e2434c0fa5e6fa,▽,6
C19d35e2438206d139cd,▽,8
C19d35e243899aff7293,st,8
C19d35e243899aff7293,双,5
C19d35e2438d738c8e5e,★,23
C19d35e2438d738c8e5e,★★,3
C19d35e2438d738c8e5e,双,3
C19d35e2439375b9c8b6,双,6
C19d35e24394ee169db5,so,3
C19d35e24394ee169db5,★,4
C19d35e24397ac6ea84e,▼,12
C19d35e243a62c0c29d8,▼,23
C19d35e243a8a95eaa9e,★,7
C19d35e243e01548f81f,▽,2
C19d35e243e1d55f4be7,▽,6
C19d35e243e220ae5624,▽,10
C19d35e243e7cccb3667,sl,7
C19d35e243e7cccb3667,▼,11
C19d35e243e7cccb3667,乱打,7
C19d35e243e869bfe1a0,st,2
C19d35e243e869bfe1a0,▼,22
C19d35e243e869bfe1a0,重発狂,2
C19d35e243f9d2840004,dl,0
C19d35e243f9d2840004,st,0
C19d35e243fa506be6b2,▼,10
C19d35e243fb80a8ab52,dl,4
C19d35e243fc9eba6a6a,st,4
C19d35e243fdb22ef030,ξ,12
C19d35e243fdb22ef030,▽,6
C19d35e243fe2986ba29,sr,5
C19d35e243fe2986ba29,▽,9
C19d35e243ff971bc25c,sl,0
C19d35e243ff971bc25c,sr,12
C19d35e243ff971bc25c,▽,11+
C19d35e244017a0aaa9c,sl,3
C19d35e244017a0aaa9c,▼,6
C19d35e2440217e25bfa,sl,8
C19d35e2440217e25bfa,▼,13
C19d35e244035a973d80,sl,12
C19d35e244035a973d80,▼,17
C19d35e244164d312d75,▽,7
C19d35e244164d312d75,☆,7
C19d35e24428555058aa,▼,3
C19d35e2442a39dc5616,sn,6
C19d35e2443b5a344022,Ude,2
C19d35e2443b5a344022,sl,2
C19d35e2443dad80f950,Ude,7
C19d35e2443dad80f950,sl,7
C19d35e2444ff86baa77,▼,22
C19d35e24450e8a240ff,▼,17
C19d35e2445cb0665e20,sr,12
C19d35e2445d57f04abf,ξ,2
C19d35e2445e38e07835,sl,10
C19d35e2445f194ff81c,st,1
C19d35e24460f6ad267c,sr,1
C19d35e24461b5077aef,sl,3
C19d35e24464b006fd66,dl,7
C19d35e24464b006fd66,dy,2
C19d35e24464b006fd66,st,7
C19d35e24466fb5dcea1,▽,5
C19d35e2448ee4c6ac6b,h◎,16
C19d35e2448faa35a85f,SB,3
C19d35e2448faa35a85f,h◎,3
C19d35e2448faa35a85f,▼,6
C19d35e244943d7c2caa,SB,0
C19d35e2449655c748a8,SB,-1
C19d35e244990ff79ed0,SB,7
C19d35e2449fa652a569,SB,5
C19d35e244a991e19baf,sr,9
C19d35e244ab8d431654,sr,4
C19d35e244ac7163c016,ξ,10
C19d35e244b607bc5186,▽,10
C19d35e244b85e416e19,▽,8
C19d35e244ba05d4bbb6,ξ,11
C19d35e244bbe2748dee,▽,12-
C19d35e244bc05b9b9ad,▽,5
C19d35e244bc05b9b9ad,☆,5
C19d35e244c8065c3b06,fr,12
C19d35e244cbf0d0a57c,◆◆,4
C19d35e244d19c11f617,st,1
C19d35e244d19c11f617,双,1
C19d35e244d85b833a87,sr,9
C19d35e244d85b833a87,▽,11
C19d35e244d963c707e7,ξ,3
C19d35e244d963c707e7,▽,1
C19d35e244db22d7a84a,sr,3
C19d35e244db22d7a84a,▽,8
C19d35e244dc486e36f1,sl,3
C19d35e244dde15bb099,▽,12
C19d35e244deb896c457,▽,4
C19d35e244df197e38ae,dy,3
C19d35e244df197e38ae,st,8
C19d35e244df197e38ae,双,5
C19d35e244e1f980ee3a,▼,22
C19d35e244e1f980ee3a,双,2
C19d35e244e3eaca60c9,sl,1
C19d35e244e48ac2c1d4,sl,3
C19d35e244fc76c5417e,▽,7
C19d35e244fd28085825,▽,11
C19d35e2450019a058a2,SB,4
C19d35e2450019a058a2,★,9
C19d35e2450bfc1783a9,SB,7
C19d35e2450bfc1783a9,★,18
C19d35e24510c50748ca,h◎,4
C19d35e24524b7e33abb,★,10
C19d35e2453c51de4d93,st,5
C19d35e2454ba200d6c5,st,4
C19d35e2454ced22d43d,sl,2
C19d35e2454d661d53ab,sr,11
C19d35e2454e40c33679,sr,2
C19d35e24552525ab3ea,★,11
C19d35e24554d0d19b0b,ξ,7
C19d35e2455901f85cf7,SB,4
C19d35e2455aa1fd99ff,sl,7
C19d35e2455aa1fd99ff,乱打,7
C19d35e24572a65570b1,sr,10
C19d35e24572a65570b1,▽,11
C19d35e2457424b6eb47,sr,3
C19d35e2457424b6eb47,▽,8
C19d35e2457538edcd6d,▼,16
C19d35e24576380a30ab,ξ,8
C19d35e24576380a30ab,▽,4
C19d35e245770cfcf1ac,▼,24
C19d35e2457b44ec9d07,sl,5
C19d35e2457b44ec9d07,▼,8
C19d35e2457c27717140,st,1
C19d35e2457c27717140,▼,21
C19d35e2457d0295e4e6,fr,12
C19d35e2457d0295e4e6,★★,6
C19d35e2458bc233cc77,★★,1
C19d35e2458bc233cc77,重発狂,2
C19d35e2458c49c4262e,▼,3
C19d35e2458f1738eeb9,★★,4
C19d35e245919d5c1b0c,ln,17
C19d35e245919d5c1b0c,◆◆,3
C19d35e24593af765417,▽,5
C19d35e245943c228bc6,▽,8
C19d35e245943c228bc6,☆,9
C19d35e24597b415512f,▽,11
C19d35e2459a183ec072,▼,1
C19d35e2459a183ec072,◆,5
C19d35e2459eb5926556,▼,6
C19d35e2459f62cb435b,▼,0
C19d35e245ab94af83a1,◆,17
C19d35e245bb199f2d86,st,8
C19d35e245bd7917a577,sr,8
C19d35e245bd7917a577,▽,10
C19d35e245c0d7735a1f,sr,1
C19d35e245c0d7735a1f,▽,7
C19d35e245c152804386,★,3
C19d35e245c152804386,乱打,1
C19d35e245c354ae9013,▽,5
C19d35e245c8ccad4719,st,3
C19d35e245c8ccad4719,重発狂,3
C19d35e245c9b3098def,st,0
C19d35e245c9b3098def,重発狂,0
C19d35e245ca6bab0fcb,★,13
C19d35e245ca6bab0fcb,乱打,7
C19d35e245d6e0e915d0,▽,9
C19d35e245d8c4bf4af4,▽,7
C19d35e245d9f29f2762,▽,4
C19d35e245e03eb8d3cb,sl,5
C19d35e245e03eb8d3cb,乱打,10
C19d35e245f0420ca04b,dy,0
C19d35e245f0420ca04b,st,5
C19d35e245f66db85c67,h◎,14
C19d35e245f744f0e6ea,h◎,0
C19d35e245fa74958850,☆,8
C19d35e2460f31d2512e,sr,7
C19d35e246111c210765,★,24
C19d35e246111c210765,双,4
C19d35e246131c98ddb2,h◎,16
C19d35e24614614943ad,h◎,6
C19d35e24615519bdea9,sr,4
C19d35e24615519bdea9,☆,8
C19d35e24616b58d91ee,▼,7
C19d35e2461da9c4155a,dl,1
C19d35e246215d49e51b,so,1
C19d35e246215d49e51b,▼,1
C19d35e246215d49e51b,▽,12
C19d35e24622c361ce7d,▽,10
C19d35e246232252d117,st,4
C19d35e246241eeda34c,▽,7
C19d35e24644509c15aa,sl,0
C19d35e24644509c15aa,sr,12
C19d35e24644509c15aa,乱打,0
C19d35e24660e7f183e1,dl,7
C19d35e24660e7f183e1,st,7
C19d35e246610bdce122,▼,3
C19d35e2466502ecc850,★,16
C19d35e2466747938a1f,sr,1
C19d35e246686aeb6c45,st,2
C19d35e246686aeb6c45,重発狂,2
C19d35e2466afd284eef,▼,8
C19d35e2466cfb653f21,sl,2
C19d35e2466cfb653f21,乱打,2
C19d35e24670f5460f80,ξ,5
C19d35e246733ababfc2,sr,7
C19d35e2467e6b30a757,sr,4
C19d35e246845c8a449f,sr,9
C19d35e24688d219480e,★,9
C19d35e2468dfd59b038,▽,5
C19d35e24699de83ae9b,dl,-2
C19d35e24699de83ae9b,sl,11
C19d35e24699de83ae9b,乱打,11
C19d35e246a0b6e1f7e1,st,7
C19d35e246a28874663d,dl,3
C19d35e246a28874663d,st,3
C19d35e246a5b9d97a47,sr,6
C19d35e246a5b9d97a47,▽,9
C19d35e246a5b9d97a47,☆,9
C19d35e246a61ff043a3,▽,5
C19d35e246a8ca8e6e8d,ln,14
C19d35e246a8ca8e6e8d,◆,14
C19d35e246aafeeb9a57,ln,10
C19d35e246ac55c19ce0,sr,11
C19d35e246ac55c19ce0,▽,11
C19d35e246c00abe1c09,▽,8
C19d35e246d62c6fff9c,dl,-1
C19d35e246d8e7907cbd,dl,8
C19d35e246dbd8b87e45,▼,5
C19d35e246e2652b4de3,dl,-1
C19d35e246e42d871f80,dl,4
C19d35e246e42d871f80,★★,4
C19d35e246e57e8a4025,dl,11
C19d35e246e57e8a4025,st,11
C19d35e246e7703787c5,dl,1
C19d35e246e7703787c5,★,21
C19d35e246ebdb63e03c,▼,2
C19d35e24710c3b44e47,st,6
C19d35e24710c3b44e47,重発狂,6
C19d35e2471a5ffe5e11,st,3
C19d35e2471a5ffe5e11,双,3
C19d35e24723759b08c7,Ude,3
C19d35e24723759b08c7,▼,3
C19d35e2472f0384a2fb,dl,-1
C19d35e2472f0384a2fb,sl,12
C19d35e2473414a2d34d,dl,8
C19d35e2473414a2d34d,st,8
C19d35e2473414a2d34d,重発狂,8
C19d35e247374cf1ad1d,dl,4
C19d35e247374cf1ad1d,st,4
C19d35e247374cf1ad1d,重発狂,4
C19d35e247388a991a7e,ξ,8
C19d35e2473a934b1776,st,4
C19d35e2473a934b1776,双,2
C19d35e2473c4ca433ad,sr,8
C19d35e2473f765f5ab8,sr,0
C19d35e24740c6805f83,sl,1
C19d35e2474450ff7e1f,sr,12
C19d35e24749bcbc9695,▽,10
C19d35e2474a3c03f0be,▽,9
C19d35e2474b6443335a,sl,0
C19d35e2474b6443335a,▼,0-
C19d35e2474cd8b77608,▽,5
C19d35e24752a9566201,ln,12
C19d35e24753237677cd,ln,6
C19d35e247568582d6b7,ln,13
C19d35e247588094e4a4,▼,0
C19d35e24766c958cb02,h◎,3
C19d35e24772fb7a8220,▽,12
C19d35e247743b0c7357,▼,5
C19d35e247752d86df1b,▽,9
C19d35e247761192fd39,▽,11
C19d35e24777ea875b34,▽,7
C19d35e2477e0ebf9610,sl,9
C19d35e2477e0ebf9610,▼,13
C19d35e2477e0ebf9610,★,12
C19d35e2477e0ebf9610,乱打,8
C19d35e24788424635e4,sl,1
C19d35e247893f63012a,Ude,8
C19d35e247893f63012a,sl,8
C19d35e247a2bf36c2b2,st,1
C19d35e247a3127ab2fc,sn,2
C19d35e247a3127ab2fc,★★,2
C19d35e247a4d8e0e24f,st,3
C19d35e247a5761a7c62,▼,3
C19d35e247a62cd311c8,▼,5
C19d35e247a743e52612,▼,12
C19d35e247a86d5afe4f,sl,9
C19d35e247a86d5afe4f,▼,16
C19d35e247aa9a646d7c,sr,12
C19d35e247aa9a646d7c,▽,12
C19d35e247ac8ab7fd0b,▽,2
C19d35e247ae28b82adc,sr,7
C19d35e247ae28b82adc,▽,9
C19d35e247b1f1745012,▽,6
C19d35e247d00da3009b,sl,5
C19d35e247d00da3009b,乱打,5
C19d35e247d3600d8b05,▽,7
C19d35e247d4c9d49ba2,☆,2
C19d35e247d5bf7f0c29,双,4
C19d35e247eccf400966,dl,dl4 (sub)
C19d35e247eccf400966,st,4
C19d35e247f1ee9a81de,sl,11
C19d35e247f1ee9a81de,乱打,11
C19d35e24810ff56973b,sl,3
C19d35e2481288d1ebf1,sr,8
C19d35e2481288d1ebf1,▽,10
C19d35e24813647cdee3,st,8
C19d35e248150337b293,sr,1
C19d35e248150337b293,▽,8
C19d35e248170c0280e8,sr,11
C19d35e24818dca3e32b,▽,6
C19d35e2481e22286af3,sl,8
C19d35e2481e22286af3,乱打,8
C19d35e2481f135e5ec5,sl,2
C19d35e2481f135e5ec5,▼,2
C19d35e2481f135e5ec5,乱打,2
C19d35e2482a64a83fa5,st,1
C19d35e2482a64a83fa5,重発狂,1
C19d35e2483d1d3cdeb6,sr,4
C19d35e2483d1d3cdeb6,▽,8
C19d35e2483e89d7d2c2,ξ,2
C19d35e2483e89d7d2c2,▽,1
C19d35e2483f58255243,ξ,12
C19d35e2483f58255243,▽,6
C19d35e248401eee097d,sr,12
C19d35e248401eee097d,▽,11
C19d35e248414fee735d,ξ,6
C19d35e248414fee735d,▽,4
C19d35e248420c7f0970,▼,2
C19d35e24845d4ed161e,◆,18
C19d35e24846bff03a46,▽,11+
C19d35e248483b5a4845,▽,3
C19d35e2484dc4abe715,ln,25
C19d35e2484fb5f689ac,▽,9
C19d35e248549b1fc20c,◆,6
C19d35e24855bcd6e26c,sl,5
C19d35e24855bcd6e26c,▼,9
C19d35e2485651c1152f,h◎,6
C19d35e24858f8aa03f6,st,9
C19d35e24858f8aa03f6,重発狂,9
C19d35e2485a8b443495,▽,7
C19d35e2485c953f8d8e,★,23
C19d35e2485e6dee835c,★,15
C19d35e2485f6ee114ec,▼,20
C19d35e2485f6ee114ec,重発狂,1
C19d35e24862e985d551,▽,11
C19d35e248644b5589c1,▽,2
C19d35e24869333781bd,▽,8
C19d35e2486b73a48156,▽,5
C19d35e2488089a9e5a8,sl,2
C19d35e24881a08184aa,ξ,1
C19d35e24886b585acb8,st,1
C19d35e24887fa19477c,sl,12
C19d35e248880e9c9b2c,dl,8
C19d35e248880e9c9b2c,st,8
C19d35e24889b17cb945,dy,4
C19d35e2488ae2bfc8e5,sl,4
C19d35e2488b25c096fb,sr,5
C19d35e2488c5e46ada4,ln,10
C19d35e2488ddbdd887f,ξ,11
C19d35e2488fc510d39f,dy,6
C19d35e248910ce2114f,h◎,0
C19d35e2489554d537e6,◆,5
C19d35e248983a4511da,▽,2
C19d35e2489cf1944382,▼,13
C19d35e248a4780d9f44,sl,2
C19d35e248ab7af932c3,☆,10
C19d35e248afc31d65f6,ln,7
C19d35e248b74c7e0d10,◆,22
C19d35e248ce95add778,Ude,1
C19d35e248ce95add778,★,1
C19d35e248d0a0f17754,sr,10
C19d35e248d3db326fca,Ude,12
C19d35e248d3db326fca,st,0
C19d35e248d3db326fca,双,1
C19d35e248d4c45236fd,st,5
C19d35e248d4c45236fd,双,3
C19d35e248d9cd58a4c0,sl,0
C19d35e248e37caeca09,◆◆,5
C19d35e248e49464a2c2,☆,4
C19d35e248e53a5e2e43,st,2
C19d35e248e53a5e2e43,双,2
C19d35e248ed0dbad9c1,sl,10
C19d35e248ed0dbad9c1,乱打,10
C19d35e248f0435ed62c,▼,8
C19d35e248f37fe4d2fd,sl,10
C19d35e248f37fe4d2fd,▼,15
C19d35e248f481861baa,▼,20
C19d35e248f7f22ef06c,▼,17
C19d35e248f87044e0c4,▽,3
C19d35e248fa123f89ff,▼,4
C19d35e248fc6931090a,▼,10
C19d35e248ffdbd8d6a2,sr,8
C19d35e248ffdbd8d6a2,▽,10
C19d35e2490248c0dd99,fr,11
C19d35e2490248c0dd99,★★,5
C19d35e249062b8fcd54,▼,9
C19d35e2490a28fbc042,▽,7
C19d35e2490b897a2355,▼,23
C19d35e2490c6b4b055a,sl,3
C19d35e2490c6b4b055a,▼,5
C19d35e249287e030b37,sl,4
C19d35e249311134713b,so,0
C19d35e249311134713b,sr,11
C19d35e24933be404759,dl, BEGINNER
C19d35e24934abce6e3f,sl,8
C19d35e24934abce6e3f,乱打,8
C19d35e24935de7a988f,sr,2
C19d35e24937b23120a0,st,0
C19d35e24937b23120a0,重発狂,0
C19d35e2493c694d143f,fr,5
C19d35e2494ad2e10430,dl,0
C19d35e2494ad2e10430,st,0
C19d35e2494d771aaf02,sl,2
C19d35e2495323cd93ea,▽,10
C19d35e249547c8f0a90,▽,4
C19d35e24955311dc0df,▽,8
C19d35e249574e8f455a,▽,12
C19d35e2496911451c63,SB,6
C19d35e2496911451c63,★,17
C19d35e2497378b7572b,sl,9
C19d35e2497e52f997c0,★★,1
C19d35e2497e52f997c0,双,1
C19d35e2497fbf2e1f80,双,6
C19d35e24980e2c69ce0,dl,査定中
C19d35e24986e9958219,fr,12
C19d35e24991f0c4e3c5,Ude,7
C19d35e249933092643e,Ude,2
C19d35e249a4448e6a13,▽,10
C19d35e249a50a3c80a9,▽,8
C19d35e249a7ff80cd78,▽,4
C19d35e249a86bf59f71,▽,12
C19d35e249bb3a4a1440,h◎,9
C19d35e249c0681ad2bc,sl,3
C19d35e249c0681ad2bc,乱打,3
C19d35e249c1fd65d4ab,sl,12
C19d35e249c1fd65d4ab,乱打,12
C19d35e249c4ef124b1a,★,11
C19d35e249c8a2ef1c85,乱打,3
C19d35e249c923619ce6,dl,0
C19d35e249cb3462d757,dl,10
C19d35e249cce862f127,ξ,12
C19d35e249d3097e5fa6,fr,11
C19d35e249d3097e5fa6,★★,5
C19d35e249d4d6b6aeaa,▼,13
C19d35e249dc9b17fd1c,▽,6
C19d35e249dd83c53df3,sr,12
C19d35e249dd83c53df3,▽,11+
C19d35e249e0e7e4f614,st,1
C19d35e249e0e7e4f614,重発狂,1
C19d35e249e72910df02,▽,4
C19d35e249e72910df02,☆,4
C19d35e249ffcf37433c,★,8
C19d35e249ffcf37433c,乱打,5
C19d35e24a004e90722b,◆◆,3
C19d35e24a0ca3d064a7,☆,11
C19d35e24a0d8eff3c06,★,12
C19d35e24a22d57aaebe,★★,5
C19d35e24a2c0b06de49,sr,11
C19d35e24a4b3d1198ee,☆,12
C19d35e24a4e6f4f715b,★,9
C19d35e24a54863258da,▽,9
C19d35e24a56980189a7,◆,10
C19d35e24a5a32f55e60,★★,7
C19d35e24a64f7b46684,★★,3
C19d35e24a6a45fcd5f2,st,6
C19d35e24a73b27bd8f5,so,8
C19d35e24a73b27bd8f5,▼,13
C19d35e24a73b27bd8f5,☆,13
C19d35e24a74142dd4b4,★★,6
C19d35e24a772177aa96,▼,4
C19d35e24a79ce9f0aa5,sr,6
C19d35e24a85ca796d34,★,7
C19d35e24a88b38819c7,▽,4
C19d35e24a89f587a558,★,20
C19d35e24a8fb6162311,◆,21
C19d35e24a8fb6162311,◆◆,8
C19d35e24a9a2952504c,▽,7
C19d35e24a9bd039fc58,▽,11
C19d35e24a9c1aabab46,▽,12+
C19d35e24a9f34560766,★,19
C19d35e24aa4606c8a12,▼,1
C19d35e24aa9285e7d15,sr,11
C19d35e24aaa6004453b,sl,6
C19d35e24aaa6004453b,▼,9
C19d35e24aac1c540277,sr,2
C19d35e24aafad4ef0eb,dl,1
C19d35e24aafad4ef0eb,▼,19
C19d35e24ab255a9ff66,dl,4
C19d35e24ab255a9ff66,st,4
C19d35e24ac8f93fcb82,SB,1
C19d35e24acdfbd2a77d,h◎,2
C19d35e24ace68565e07,sl,5
C19d35e24ace68565e07,乱打,5
C19d35e24ad70434bf1e,SB,2
C19d35e24ad82e9beb51,SB,0
C19d35e24ad98de12832,SB,-1
C19d35e24adf090da2a9,SB,-1
C19d35e24adf090da2a9,▽,6
C19d35e24ae08e2c5eaf,SB,0
C19d35e24ae08e2c5eaf,h◎,0
C19d35e24ae08e2c5eaf,▽,10
C19d35e24ae1f2293354,h◎,14
C19d35e24ae25f8ddac2,SB,1
C19d35e24ae25f8ddac2,so,0
C19d35e24ae25f8ddac2,▽,12-
C19d35e24af09a5202e6,sl,4
C19d35e24b2d04794f7b,▼,17
C19d35e24b3e11b27308,☆,10
C19d35e24b55a1fb87e4,h◎,10
C19d35e24b5d2325af10,st,8
C19d35e24b61e678a2ee,sl,11
C19d35e24b62b95ba96b,st,1
C19d35e24b62b95ba96b,重発狂,1
C19d35e24b64bb9c6275,st,3
C19d35e24b64bb9c6275,重発狂,3
C19d35e24b66cbbe8967,sr,9
C19d35e24b67b7504c7d,ξ,9
C19d35e24b68a81d9dcf,sn,1
C19d35e24b6e5d58a62a,★,1
C19d35e24b708ae18b6e,★,6
C19d35e24b708ae18b6e,乱打,4
C19d35e24b760c0e860e,★,8
C19d35e24b760c0e860e,乱打,5
C19d35e24b8d842f2778,sr,10
C19d35e24b8d842f2778,▽,11
C19d35e24b8fce62dd4c,▽,1
C19d35e24b915e0a3434,sl,1
C19d35e24b915e0a3434,sr,13
C19d35e24b92d5791be6,dl, BEGINNER
C19d35e24b92d5791be6,sl,6
C19d35e24b9343408705,dl,0
C19d35e24b9343408705,st,0
C19d35e24b97e2c833ca,▼,3
C19d35e24b984bedaa33,sr,1
C19d35e24b984bedaa33,▽,9
C19d35e24b99e10db9ef,▼,12
C19d35e24b9a223a58ec,▽,3
C19d35e24b9bb9faed7d,dl,6
C19d35e24b9bb9faed7d,dy,1
C19d35e24b9bb9faed7d,st,6
C19d35e24ba05a31f6ee,▼,8
C19d35e24bb09a6c53e9,▼,7
C19d35e24bc17b1b3e55,sr,6
C19d35e24bc17b1b3e55,▽,9
C19d35e24bc2b804bfa8,▽,12
C19d35e24bc3286df261,sl,2
C19d35e24bc4d1036e30,sr,0
C19d35e24bc4d1036e30,▽,7
C19d35e24bca2a8bca38,dl,5
C19d35e24bca2a8bca38,st,5
C19d35e24bcb8b442baf,▽,3
C19d35e24bcd44254b45,st,1
C19d35e24bcf55bbbf99,dy,6
C19d35e24bd598a2b5d0,▼,11
C19d35e24bd88fd5d171,dy,5
C19d35e24bd88fd5d171,st,10
C19d35e24be58872bf46,sl,3
C19d35e24be67ceb7057,▼,18
C19d35e24be8e05c4c1c,dl,5
C19d35e24be8e05c4c1c,▼,24
C19d35e24bea2684efdf,sl,7
C19d35e24bedf8cc0728,sl,1
C19d35e24bf693968a2f,▽,12
C19d35e24bf8ff59ae68,sr,1
C19d35e24bf8ff59ae68,▽,8
C19d35e24bfab3b51f87,▽,2
C19d35e24bfb43d667f0,st,1
C19d35e24c01b6575dd3,▼,8
C19d35e24c099efd9247,st,9
C19d35e24c099efd9247,双,5
C19d35e24c0b114ec964,dl,dl4 (sub)
C19d35e24c15dee09a55,sl,0
C19d35e24c15dee09a55,sr,12
C19d35e24c15dee09a55,▽,12-
C19d35e24c16ff2a50a9,▽,4
C19d35e24c17df832579,sr,8
C19d35e24c17df832579,▽,10
C19d35e24c19032dc4fc,双,1
C19d35e24c1a27f090c8,▽,5
C19d35e24c1b99bd3e9c,▼,6
C19d35e24c1e9554ae73,▽,4
C19d35e24c20f685544f,▽,10
C19d35e24c391a5c559a,ln,16
C19d35e24c391a5c559a,◆,17
C19d35e24c3eb9ca1e8f,★,5
C19d35e24c4e00dbd38e,▽,3
C19d35e24c507d343575,Ude,4
C19d35e24c528a675301,Ude,2
C19d35e24c577550af69,Ude,3
C19d35e24c577550af69,▼,10
C19d35e24c5843d1cf56,st,3
C19d35e24c5843d1cf56,双,2
C19d35e24c907eb160ca,▼,6
C19d35e24ca4bab4facb,sl,8
C19d35e24ca4bab4facb,▼,13
C19d35e24ca60d608521,★,24
C19d35e24ca60d608521,双,4
C19d35e24ca7830c1bdf,sr,7
C19d35e24ca7830c1bdf,☆,10
C19d35e24ca85e887eb1,h◎,13
C19d35e24caae9d05fdc,sl,4
C19d35e24cb5d1d721d5,sl,12
C19d35e24cb5d1d721d5,乱打,12
C19d35e24cbd4e030170,◆,21
C19d35e24cde61d37793,▼,22
C19d35e24ce735d858b4,▽,11+
C19d35e24ceafa82effe,▽,9
C19d35e24ceb35d2f405,dl,dl6 (sub)
C19d35e24ceb35d2f405,st,6
C19d35e24ced96b03c3d,★,11
C19d35e24cefcf700c87,▽,5
C19d35e24cf50cc74155,◆,6
C19d35e24cf71cfd5333,ln,17
C19d35e24cf71cfd5333,◆◆,4
C19d35e24d0c4aeac75c,◆,1
C19d35e24d228e20152e,★,8
C19d35e24d23afc92fe7,☆,9
C19d35e24d29eab23f1e,st,11
C19d35e24d29eab23f1e,重発狂,10
C19d35e24d2f8963e7b0,▽,2
C19d35e24d3016146af0,▽,4
C19d35e24d3110ab2ed8,▽,7
C19d35e24d32d34dc7c7,dy,1
C19d35e24d32d34dc7c7,重発狂,6
C19d35e24d337c4749b7,▽,10
C19d35e24d34719e50f8,▼,8
C19d35e24d3634c87499,st,2
C19d35e24d3634c87499,▼,22
C19d35e24d3634c87499,重発狂,2
C19d35e24d37a36fd2e4,dy,4
C19d35e24d37a36fd2e4,重発狂,9
C19d35e24d3b4349b55f,dy,2
C19d35e24d3b4349b55f,st,7
C19d35e24d3b4349b55f,重発狂,7
C19d35e24d4234ba9f42,sl,0
C19d35e24d4234ba9f42,sr,11
C19d35e24d44651b177f,sr,3
C19d35e24d4cfbbd4bb7,Ude,Ude3 (sub)
C19d35e24d4cfbbd4bb7,sl,3
C19d35e24d5585dbd991,sr,1
C19d35e24d59fda41e46,sl,1
C19d35e24d66211730a2,st,3
C19d35e24d66211730a2,双,2
C19d35e24d7e755b1905,★,8
C19d35e24d809ff55ca0,ln,16
C19d35e24d861db99c6a,☆,10
C19d35e24d8da1da43a0,dl,8
C19d35e24d8e3bdeac7d,★★,6
C19d35e24d9664a9ea70,★,14
C19d35e24d9e4762fb34,st,9
C19d35e24d9e4762fb34,重発狂,9
C19d35e24da61d10d734,☆,9
C19d35e24dabe7225393,ln,7
C19d35e24dabe7225393,◆,5
C19d35e24db0238b0f3c,☆,4
C19d35e24db1017c7d61,▽,11
C19d35e24db2f60bf393,▽,6
C19d35e24db42788d44c,▽,3
C19d35e24db8ca70f7fb,st,2
C19d35e24db8ca70f7fb,双,2
C19d35e24dc0d3882dbd,◆,11
C19d35e24dc4ae1b33d4,▼,15
C19d35e24dd6a9d35b23,★,20
C19d35e24ddc660b4f3b,★,5
C19d35e24df238657ab0,sr,8
C19d35e24df238657ab0,▽,10
C19d35e24df238657ab0,☆,10
C19d35e24dfa5f4fd0d5,sr,5
C19d35e24dfa5f4fd0d5,▽,9
C19d35e24dfa5f4fd0d5,☆,9
C19d35e24dfdaba2b2a1,▽,5
C19d35e24dffe0862061,sl,2
C19d35e24dffe0862061,乱打,2
C19d35e24e00a421717c,h◎,9
C19d35e24e01782a774b,◆,6
C19d35e24e021463b577,★,5
C19d35e24e04cf042330,★,20
C19d35e24e0ce6a32159,★★,2
C19d35e24e0f6f54411d,sl,9
C19d35e24e0f6f54411d,▼,12
C19d35e24e0f6f54411d,乱打,9
C19d35e24e11c09ba53e,st,2
C19d35e24e11c09ba53e,重発狂,2
C19d35e24e16ce9a0cf8,dl,9
C19d35e24e16ce9a0cf8,sn,8
C19d35e24e2d752656ce,fr,9
C19d35e24e34ae537b8c,sl,8
C19d35e24e64202ea6d3,fr,11
C19d35e24e694e4bc3f9,★,12
C19d35e24e702b24ea27,fr,6
C19d35e24e77bde6089c,★★,3
C19d35e24e7d686ce356,sr,13
C19d35e24e7d686ce356,▽,11+
C19d35e24e7d686ce356,☆,11
C19d35e24e7eb9361931,Ude,3
C19d35e24e7eb9361931,sl,3
C19d35e24e7eb9361931,▼,4
C19d35e24e84978ce06d,dl,削除
C19d35e24e84978ce06d,▼,16
C19d35e24e85a2e32ea1,sr,1
C19d35e24e85a2e32ea1,▽,8
C19d35e24e86fe0325ac,sl,9
C19d35e24e87855a924b,▽,4
C19d35e24e8bc7071ffe,st,0
C19d35e24e8bc7071ffe,双,1
C19d35e24e8c1996e263,☆,8
C19d35e24e9986a604bd,★,10
C19d35e24eb4ced4e556,ln,15
C19d35e24ec66def33e1,h◎,2
C19d35e24ecb649dede4,so,6
C19d35e24edb1a628e61,fr,8
C19d35e24ede5a73b980,★★,5
C19d35e24ee23ea0ab4b,h◎,13
C19d35e24ee36c6e217e,h◎,4
C19d35e24ef121b93643,▽,9
C19d35e24ef121b93643,◆,1
C19d35e24f022816b99d,sl,2
C19d35e24f082ebef588,▽,3
C19d35e24f168acbd850,dl,11
C19d35e24f171e4d741d,乱打,8
C19d35e24f18f21a63d8,dl,4
C19d35e24f18f21a63d8,st,4
C19d35e24f2222f29e86,▽,3
C19d35e24f23e87760c2,▽,6
C19d35e24f248bb30b5e,sr,7
C19d35e24f248bb30b5e,▽,10
C19d35e24f25e2b8e454,▽,12-
C19d35e24f2629b17548,Ude,8
C19d35e24f2629b17548,sl,8
C19d35e24f353ad8c469,▽,12
C19d35e24f37c05820ca,sr,2
C19d35e24f388d2b61b1,sr,11
C19d35e24f39a5a936e4,sl,7
C19d35e24f3bd8e1ee23,st,0
C19d35e24f45eb83d9b8,st,5
C19d35e24f474be03635,dy,5
C19d35e24f4b933aced2,▼,13
C19d35e24f4b933aced2,乱打,9
C19d35e24f4e926f6283,sl,9
C19d35e24f4e926f6283,乱打,9
C19d35e24f50fb1b3968,st,1
C19d35e24f50fb1b3968,重発狂,1
C19d35e24f515b98ace1,★,22
C19d35e24f515b98ace1,重発狂,2
C19d35e24f53b512ddce,重発狂,5
C19d35e24f5567f47288,st,5
C19d35e24f5567f47288,重発狂,5
C19d35e24f5b2657a0b3,双,2
C19d35e24f6f39f391f9,so,3
C19d35e24f7b966ccb3c,▽,4
C19d35e24f7c54e8e2b4,▽,12+
C19d35e24f7db50e39d6,▽,8
C19d35e24f84234a00b1,◆,13
C19d35e24f8ab4a52d94,sl,4
C19d35e24f8e5e782090,st,0
C19d35e24f9ae5d344b0,▽,12
C19d35e24f9ae5d344b0,☆,12
C19d35e24f9cb7823fd6,ξ,5
C19d35e24f9f6ba7b652,▽,9
C19d35e24fa261b50eaf,▽,5
C19d35e24fa32516d448,★,7
C19d35e24fac5525ef39,h◎,15
C19d35e24fb31b4e7790,sr,0
C19d35e24fb42524732a,sr,9
C19d35e24fc4b5342768,ln,16
C19d35e24fccf9cbc5a3,▼,6
C19d35e24fcd5e32e371,▽,6
C19d35e24fce14d58815,▽,9
C19d35e24fcfd6f5c237,▼,4
C19d35e24fd0f5fc9cad,▼,8
C19d35e24fd1eb5051d4,▼,10
C19d35e24fd2c4cf0601,▼,20
C19d35e24fd5171813be,sr,2
C19d35e24fd5171813be,▽,8
C19d35e24fd7a239b5ff,sr,9
C19d35e24fd7a239b5ff,▽,10
C19d35e24fd98948faba,sr,13
C19d35e24fd98948faba,▽,12-
C19d35e24fdde82aa9a2,★★,4
C19d35e24ff28d6a9e7a,★★,3
C19d35e2500027a898ff,sr,1
C19d35e250013797721f,sr,6
C19d35e25002a7305678,sr,?
C19d35e250094d7eeaba,双,3
C19d35e2500debde2762,st,4
C19d35e2500debde2762,双,4
C19d35e25015c897689a,sr,1
C19d35e25015c897689a,▽,8
C19d35e25016feb5e875,▽,5
C19d35e25018222868f3,◆,7
C19d35e2501e045725d7,sr,12
C19d35e2501e045725d7,▽,11
C19d35e25020426e8973,sl,1
C19d35e2502a1c880800,★,14
C19d35e2502e73faa7d2,☆,5
C19d35e25037759952ba,fr,8
C19d35e2503e783f7adf,▼,3
C19d35e25044aa0f1b5a,ξ,2
C19d35e25048bae77c57,▽,6
C19d35e2504930dcfe98,sr,6
C19d35e2504930dcfe98,▽,9
C19d35e2504a89075887,sr,13
C19d35e2504a89075887,▽,11+
C19d35e2504b144f71ba,▼,15
C19d35e2506a227496e9,sr,11
C19d35e2506cd67fa3ae,dl,0
C19d35e2506cd67fa3ae,st,0
C19d35e2506e247507ae,★,7
C19d35e2506f32aa7ac6,◆,7
C19d35e2507176255b78,SB,3
C19d35e25072cfafbeef,SB,0
C19d35e2507340dfca3e,sn,6
C19d35e2507340dfca3e,双,4
C19d35e25077a60ea973,sr,?
C19d35e25088e1e26610,★★,2
C19d35e2508eb6445c88,▼,4
C19d35e25094ba3dbcb7,★,20
C19d35e25094ba3dbcb7,重発狂,1
C19d35e25095bc0c5cd8,▽,10
C19d35e250969cc19c12,★,13
C19d35e250969cc19c12,乱打,8
C19d35e25097cecb4c5e,▽,6
C19d35e250b1569f185c,★,7
C19d35e250b1569f185c,乱打,5
C19d35e250b2c3dc3635,sr,11
C19d35e250b51d73b592,sl,1
C19d35e250b6449e1b38,★,15
C19d35e250b6449e1b38,乱打,9
C19d35e250b8c0e061c8,★★,1
C19d35e250ba1d937c3e,◆,13
C19d35e250bb71558ce4,▼,10
C19d35e250be3389e266,ξ,10
C19d35e250c6b41b8694,sr,2
C19d35e250c79dbc213c,sr,10
C19d35e250c8d49fcb2d,sr,?
C19d35e250cb06d5ecf7,ξ,2
C19d35e250cc087db6dc,ξ,5
C19d35e250cd9cfc3127,ξ,9
C19d35e250ce189afb3c,sr,1
C19d35e250cf175bd919,sr,7
C19d35e250d082826ddd,sr,10
C19d35e250d1690aba40,sr,12
C19d35e250d20af1bcdd,Ude,5
C19d35e250d20af1bcdd,sl,5
C19d35e250decca9b62f,★,6
C19d35e250e2bcab6180,★,23
C19d35e250e2bcab6180,★★,3
C19d35e250e57ddbc0a5,★,17
C19d35e250f5f434090c,◆,12
C19d35e251067044135e,▽,11+
C19d35e25107034a73db,▽,10
C19d35e251081b3f528e,▽,5
C19d35e2513b60a060c5,h◎,16
C19d35e25145c532f813,★★,0
C19d35e2514ccd62c5ec,◆◆,5
C19d35e2514f5c6ae80b,★★,6
C19d35e2516bdc116835,◆,23
C19d35e2516bdc116835,◆◆,11
C19d35e251751013a7e9,★★,5
C19d35e251751013a7e9,重発狂,8
C19d35e2517e00bde217,▼,21
C19d35e25186aadd1d9b,乱打,3
C19d35e25187af5f4fe1,st,4
C19d35e25187af5f4fe1,重発狂,4
C19d35e25189deed932e,st,6
C19d35e25189deed932e,重発狂,6
C19d35e2519e9a59c010,sl,4
C19d35e251a726438fc5,☆,13
C19d35e251a885ee2d88,▼,14
C19d35e251a885ee2d88,乱打,8
C19d35e251b65ac91e7f,st,7
C19d35e251bb908d5a1e,ξ,10
C19d35e251bdfdfd1300,ξ,3
C19d35e251c701ef3939,☆,11
C19d35e251c96be28488,sl,2
C19d35e251ca1e5a6b82,乱打,5
C19d35e251ddad874074,ln,1
C19d35e251ddad874074,◆,1
C19d35e251e123522ceb,ln,8
C19d35e251e301bce047,ln,10
C19d35e251e41a7da8e5,ln,5
C19d35e251e5188efbda,ξ,2
C19d35e251e5188efbda,☆,1
C19d35e251e6812527d3,ξ,9
C19d35e251e866a04e15,Ude,10
C19d35e251e94e3cd90b,双,3
C19d35e251f3f6e70e25,st,0
C19d35e251f3f6e70e25,重発狂,0
C19d35e251f46324c64a,st,0
C19d35e2520444bfe09e,重発狂,1
C19d35e2521558b092ad,sl,10
C19d35e2521558b092ad,乱打,10
C19d35e25227dbef0ddf,sr,7
C19d35e25228f64563bf,Ude,2
C19d35e25228f64563bf,sl,2
C19d35e25229644583a9,sl,8
C19d35e2522bf79b2275,sr,2
C19d35e2522ebe8f2ae6,st,2
C19d35e25237a01a6474,dl,削除
C19d35e25237a01a6474,sn,6
C19d35e2523a235fa100,★,2
C19d35e2523eee86537c,h◎,6
C19d35e252461beff81c,fr,8
C19d35e252461beff81c,★★,2
C19d35e252461beff81c,双,2
C19d35e2525bef0cbea8,★,15
C19d35e2525dd8326472,st,1
C19d35e252624ea28a97,▽,10
C19d35e2526325a05f08,fr,1
C19d35e252770928dcd2,sr,10
C19d35e2527cb88af188,sr,3
C19d35e2527df6ca5120,ξ,7
C19d35e252805bb097ce,★,8
C19d35e25281adb622d0,dy,1
C19d35e25281adb622d0,st,6
C19d35e252821c0d5c24,h◎,11
C19d35e2529aec71a947,★,16
C19d35e2529bccdbcc97,★★,2
C19d35e252a341b73551,SB,3
C19d35e252a341b73551,h◎,3
C19d35e252a4067c7b20,h◎,7
C19d35e252a57d24935a,h◎,15
C19d35e252a6cef8c226,SB,1
C19d35e252a8b0886bc4,SB,-1
C19d35e252acef878f30,dl,2
C19d35e252acef878f30,st,2
C19d35e252adf7e34e38,dl,6
C19d35e252adf7e34e38,st,6
C19d35e252bc09e62048,dy,5
C19d35e252bc09e62048,st,10
C19d35e252be0656ab10,sr,13
C19d35e252be0656ab10,▽,12
C19d35e252c03e2a3cb1,▽,7
C19d35e252c17b0b8dc2,▼,23
C19d35e252c204aecded,sl,9
C19d35e252c204aecded,▼,15
C19d35e252c344b5f713,dl,7
C19d35e252c344b5f713,dy,2
C19d35e252c4b246e34d,ln,27
C19d35e252cb4f9368e8,ln,12
C19d35e252ddeef2edd7,双,4
C19d35e252e34e4fc7c7,◆,14
C19d35e252ed5d40eb18,▽,6
C19d35e252ef7bd86106,sr,10
C19d35e252ef7bd86106,▽,11
C19d35e252ef7bd86106,☆,11
C19d35e252f1822627a8,▼,5
C19d35e252f4f6c0a01b,sl,10
C19d35e252f4f6c0a01b,▼,13
C19d35e252f4f6c0a01b,乱打,10
C19d35e252f6a300fc90,st,1
C19d35e252f6a300fc90,重発狂,1
C19d35e252fadee1f729,ln,25
C19d35e252ff44cd9c15,dl,2
C19d35e252ff44cd9c15,★★,2
C19d35e25301be23acde,重発狂,1
C19d35e25305526a30cd,ln,18
C19d35e25305526a30cd,◆,18
C19d35e25305526a30cd,◆◆,6
C19d35e253140c299e7a,h◎,8
C19d35e25316ee68f3d9,ξ,9
C19d35e25317a8a1a2e2,sr,2
C19d35e25318c46adc67,sr,9
C19d35e2531acb1ecdd2,sr,13
C19d35e2531cd1abe27f,ln,26
C19d35e2531cd1abe27f,◆,26
C19d35e2531d4b4db7e6,ξ,1
C19d35e2531f9546df25,sl,5
C19d35e2532b908f8559,▼,3
C19d35e2532f5920fd35,ξ,3
C19d35e25330d4abcbf5,ξ,9
C19d35e2533168503374,sr,0
C19d35e253325c165a32,sr,5
C19d35e253337be35212,sr,10
C19d35e253342e3119f7,sl,1
C19d35e2534fc910442a,sl,1
C19d35e253626e5660f0,st,3
C19d35e2536c93153a12,▼,6
C19d35e2537511b67818,h◎,1
C19d35e253895b000fb7,h◎,2
C19d35e2538dd5a8d9e1,◆,7
C19d35e2539010470f91,▽,8
C19d35e25391145810f6,▽,7
C19d35e25391145810f6,☆,7
C19d35e25392fea8e377,▽,4
C19d35e2539d2e8bc683,◆◆,3
C19d35e253a7a402e283,sl,8
C19d35e253a7a402e283,乱打,8
C19d35e253c0c39cc356,▽,5
C19d35e253c704a15e66,◆,5
C19d35e253c85c8d12dc,Ude,2
C19d35e253c85c8d12dc,sl,2
C19d35e253c9eb77256e,sl,1
C19d35e253c9eb77256e,乱打,1
C19d35e253ca7b2871e5,sr,13
C19d35e253cbcb72dde4,sr,6
C19d35e253dc32370c50,◆,14
C19d35e253e236eb7c54,◆,4
C19d35e253e5382b654a,st,2
C19d35e253f4fe2570d7,◆,3
C19d35e25403a9b8944f,◆◆,5
C19d35e25410b01733a3,fr,10
C19d35e254136762367c,▼,1
C19d35e254147e210716,so,6
C19d35e254147e210716,★,9
C19d35e254164543ce56,★,19
C19d35e2541e8a8ccbee,◆◆,12
C19d35e2541e8a8ccbee,★★,5
C19d35e254244b5dd9f5,◆,25
C19d35e254262d4d4e1a,★★,1
C19d35e254505aed64ce,Ude,8
C19d35e254505aed64ce,sl,8
C19d35e2545a54a9adbb,ln,16
C19d35e2545a54a9adbb,◆,16
C19d35e2545a54a9adbb,◆◆,2
C19d35e2545cacd74ea5,st,1
C19d35e2545cacd74ea5,双,2
C19d35e2545dd0a7a4dc,Ude,6
C19d35e2545e7b4ec408,Ude,1
C19d35e2545e7b4ec408,sl,1
C19d35e2546117c2f297,sr,1
C19d35e2546117c2f297,▽,7
C19d35e25462145af2d7,▽,6
C19d35e2546366bc26f4,sn,3
C19d35e2546366bc26f4,双,3
C19d35e25466d2af1a5e,ξ,5
C19d35e25466d2af1a5e,▽,3
C19d35e25467aabe2da9,sr,11
C19d35e2546a2ca51987,Ude,11
C19d35e2546a2ca51987,★,18
C19d35e254705ec62d5f,ln,13
C19d35e254705ec62d5f,◆,12
C19d35e2548f151f4375,▼,2
C19d35e25491075f62e2,st,3
C19d35e25491075f62e2,双,4
C19d35e2549a28c60439,☆,9
C19d35e2549e3d0a33a7,sl,2
C19d35e2549e3d0a33a7,乱打,2
C19d35e254b6645da0b8,ln,9
C19d35e254b6645da0b8,◆,9
C19d35e254c02fdff403,ln,7
C19d35e254db245d6c85,▽,5
C19d35e254dc5feabe8a,▽,9
C19d35e254ddad6181bb,▽,10
C19d35e254e274057148,sl,0
C19d35e254e274057148,▽,12-
C19d35e254e94f8d4447,sr,11
C19d35e254e94f8d4447,▽,11
C19d35e254ea0dc76b9f,▽,2
C19d35e254ecd6b75187,sr,4
C19d35e254ecd6b75187,▽,9
C19d35e254ecd6b75187,☆,9
C19d35e254edfe55faa7,sl,7
C19d35e254edfe55faa7,▼,11
C19d35e254eea0cac8b3,▽,5
C19d35e254f1e9c6524d,sr,9
C19d35e254f1e9c6524d,▽,11
C19d35e254f2664f3125,▼,1
C19d35e254f364e7bd75,sr,3
C19d35e254f364e7bd75,▽,9
C19d35e254f59650545c,▽,5
C19d35e254f6718d1d5d,▼,7
C19d35e254fbdb0c65bf,dl,3
C19d35e254fbdb0c65bf,★★,3
C19d35e254ff2a7b7f32,sl,8
C19d35e2551528443d9a,▽,3
C19d35e2551a5e65b36c,▽,3
C19d35e2554fe7543902,ln,20
C19d35e2554fe7543902,◆◆,8
C19d35e25551c50c7bf8,◆,8
C19d35e25556a0325734,★,22
C19d35e25556a0325734,★★,2
C19d35e2555b08e72045,★,2
C19d35e2555e63a55e71,h◎,5
C19d35e25561a13f2d36,sl,5
C19d35e25564f6183acd,▽,6
C19d35e2556e11c12da8,ξ,9
C19d35e2559bae03518f,h◎,2
C19d35e255a5b2aecc55,sl,5
C19d35e255a5b2aecc55,▼,9
C19d35e255a5b2aecc55,乱打,5
C19d35e255a8237d3041,乱打,6
C19d35e255a9b341f331,▼,4
C19d35e255ab67decabc,st,5
C19d35e255ab67decabc,双,4
C19d35e255b0d408161c,▼,1
C19d35e255b1dd66ee63,sr,8
C19d35e255b1dd66ee63,▽,10
C19d35e255b283554550,▼,2
C19d35e255b44bd88b19,dl,削除
C19d35e255b44bd88b19,★★,2
C19d35e255b7313ae805,st,9
C19d35e255b7313ae805,双,5
C19d35e255bb1ad11439,sl,12
C19d35e255bb1ad11439,★,18
C19d35e255bb1ad11439,乱打,11
C19d35e255bd6b28d399,sr,0
C19d35e255bd6b28d399,▽,8
C19d35e255c0f1c9b7e1,▼,5
C19d35e255c1e4706516,▽,4
C19d35e255c450d9a21d,sl,8
C19d35e255c450d9a21d,乱打,8
C19d35e255ca7966bf15,sl,9
C19d35e255ccf19c166b,双,5
C19d35e255ce17283c9e,☆,8
C19d35e255dff4f36090,乱打,11
C19d35e255ece3c053b8,▽,11+
C19d35e255eee1532a35,▽,7
C19d35e255f15b4af636,▽,4
C19d35e255f357ebcf34,▼,4
C19d35e255f7fd9e1ddc,sl,6
C19d35e255fca64ebb97,st,8
C19d35e25606106e9614,sr,1
C19d35e256073e7612ea,sr,11
C19d35e25608066e88be,▼,5
C19d35e2560af7be156f,st,3
C19d35e2560ba92afa66,双,4
C19d35e256153c8bff70,sr,10
C19d35e2561be8fa671d,▽,5
C19d35e2561cd3cf8615,sr,2
C19d35e2561cd3cf8615,▽,8
C19d35e2561faa28fbb5,sr,11
C19d35e2561faa28fbb5,▽,11
C19d35e256217ec9bcc8,▼,10
C19d35e256229bbf4dd3,dl,2
C19d35e256229bbf4dd3,st,2
C19d35e256229bbf4dd3,▼,22
C19d35e256233ac51175,▽,12
C19d35e256233ac51175,★,1
C19d35e2562adcaf0f45,ln,16
C19d35e2562adcaf0f45,◆◆,2
C19d35e2562c21819935,h◎,11
C19d35e2563c983dab76,st,6
C19d35e2563dcf732156,sl,9
C19d35e2563dcf732156,★,14
C19d35e2563fba9a8ad8,sl,0
C19d35e2563fba9a8ad8,sr,12
C19d35e2563fba9a8ad8,☆,11
C19d35e256429274e024,ξ,11
C19d35e2564336b506e7,h◎,-1
C19d35e2564864b8aa68,ξ,2
C19d35e25649d5b93ca8,sr,2
C19d35e2564a1f44277c,sr,8
C19d35e2564c804f5f3e,st,2
C19d35e2564c804f5f3e,重発狂,2
C19d35e2564d333e24cb,st,4
C19d35e2564d333e24cb,重発狂,4
C19d35e2565e383c6107,☆,10
C19d35e25660b1b22a19,sl,8
C19d35e2567a0a4c1817,ξ,8
C19d35e2567a0a4c1817,▽,4
C19d35e2567c01f845d8,ξ,13
C19d35e2567e7b999a55,★,10
C19d35e25683d7385987,◆,17
C19d35e25683d7385987,◆◆,5
C19d35e25695f2611e99,★,15
C19d35e25695f2611e99,乱打,9
C19d35e256960ae219ed,◆◆,11
C19d35e2569bc6368d3a,sr,5
C19d35e2569d1f556c9b,sr,12
C19d35e256ab92533643,sr,10
C19d35e256b0552d332d,sr,3
C19d35e256b282b69106,☆,5
C19d35e256bc8c109c1f,☆,6
C19d35e256bd668b57ab,▼,5
C19d35e256d66c682356,★,11
C19d35e256e68012e1b4,fr,8
C19d35e256e68012e1b4,★★,2
C19d35e257046542fd2d,h◎,5
C19d35e25705bc4aa9ea,▼,10
C19d35e2570694bccf0e,ξ,5
C19d35e2570694bccf0e,▽,4
C19d35e25708eb2850e8,sr,12
C19d35e25708eb2850e8,▽,12
C19d35e257099424397c,st,10
C19d35e257099424397c,双,6
C19d35e2570b0166570b,sr,3
C19d35e2570b0166570b,▽,8
C19d35e2570e5220ce24,sl,7
C19d35e2570f2760eef5,▼,2
C19d35e257267c47a5b7,▼,7
C19d35e25727c702b8d9,sn,2
C19d35e25727c702b8d9,▼,22
C19d35e25727c702b8d9,★,22
C19d35e25727c702b8d9,★★,2
C19d35e2576f8339d410,Ude,2
C19d35e2576f8339d410,★,2
C19d35e25771b672c1b0,st,3
C19d35e25771b672c1b0,双,1
C19d35e2577fc225cc4a,sl,4
C19d35e2577fc225cc4a,乱打,4
C19d35e257817ad0566a,◆,3
C19d35e2578787de33f9,ln,14
C19d35e2578787de33f9,◆,14
C19d35e257969cd92302,dl,1
C19d35e257969cd92302,▼,21
C19d35e2579b9c064924,sr,0
C19d35e2579b9c064924,▽,7
C19d35e2579b9c064924,☆,7
C19d35e2579e8f6f23a4,sr,4
C19d35e2579e8f6f23a4,▽,8
C19d35e257a067d3a333,sr,9
C19d35e257a067d3a333,▽,10
C19d35e257a25ef78aeb,★,3
C19d35e257a25ef78aeb,乱打,2
C19d35e257a75a6c4fee,dl,0
C19d35e257a75a6c4fee,st,0
C19d35e257a85c00aed9,★,5
C19d35e257a85c00aed9,乱打,3
C19d35e257c38aa84b39,sl,7
C19d35e257c38aa84b39,▼,11
C19d35e257c88881ecf1,sr,10
C19d35e257ca273c45dd,sr,2
C19d35e257cbce3b2c23,sl,2
C19d35e257cbce3b2c23,乱打,2
C19d35e257d0d906ceec,dl,11
C19d35e257d0d906ceec,dy,6
C19d35e257d0d906ceec,st,11
C19d35e257d11646eeab,dl,1
C19d35e257d11646eeab,st,1
C19d35e257d6f42b758d,sl,12
C19d35e257d6f42b758d,▼,18
C19d35e257d6f42b758d,乱打,12
C19d35e257d94354a5fb,sr,11
C19d35e257d94354a5fb,▽,11
C19d35e257da6ecf5334,★,10
C19d35e257da6ecf5334,乱打,4
C19d35e257e10e34f95c,sr,4
C19d35e257e10e34f95c,▽,8
C19d35e257e2007204f4,sl,7
C19d35e257e2007204f4,乱打,7
C19d35e257e37ee2337a,dl,9
C19d35e257e43e1469a1,st,1
C19d35e257e43e1469a1,重発狂,1
C19d35e257e5c041502b,ξ,6
C19d35e257e5c041502b,▽,3
C19d35e257e6ce320f14,sl,3
C19d35e257e6ce320f14,乱打,3
C19d35e257e73d8fe697,st,3
C19d35e257e73d8fe697,重発狂,3
C19d35e257e91257ea92,sl,12
C19d35e257e91257ea92,乱打,12
C19d35e257ea1904ccc8,▽,12
C19d35e257ec87c3e635,ξ,6
C19d35e257ec87c3e635,▽,4
C19d35e257eeef8d43a4,▽,10
C19d35e257f2d17041c8,ln,21
C19d35e257f2d17041c8,◆,21
C19d35e257f312c7a258,▽,5
C19d35e257f907c7da2b,sr,10
C19d35e257fb025bd670,Ude,1
C19d35e257fb025bd670,sl,1
C19d35e257fc0bb5b197,sr,3
C19d35e257ff5cc66595,Ude,10
C19d35e257ff5cc66595,sl,10
C19d35e2580e364417a2,◆,5
C19d35e2581cf86c32b9,▽,8
C19d35e2581cf86c32b9,☆,8
C19d35e2582e76028b34,★,7
C19d35e25834b4100fe6,★,16
C19d35e25836f3aca3a9,★★,2
C19d35e2583a3d29ad8d,▼,2
C19d35e25856502233f7,sr,9
C19d35e25856502233f7,☆,10
C19d35e2585914688a38,dl, BEGINNER
C19d35e2585a579f7042,fr,10
C19d35e25864ca0db4e0,◆,13
C19d35e2588223d958a8,dl,削除
C19d35e2588223d958a8,★★,3
C19d35e258841e5bef42,dl,dl5 (sub)
C19d35e258841e5bef42,st,5
C19d35e25887032e6bea,sr,12
C19d35e258886f3f2b7c,sr,4
C19d35e2589d6c6dc8e6,▼,10
C19d35e258a08933d04e,★,15
C19d35e258a26ebdedfb,ξ,4
C19d35e258a4ffafe9f1,sr,9
C19d35e258a752dfdb2e,sl,5
C19d35e258aa0f45854f,sr,8
C19d35e258acb21a4217,ξ,1
C19d35e258b03b665fd8,sr,7
C19d35e258b193622acf,sr,12
C19d35e258b3c7c551e1,st,0
C19d35e258b4628c3f69,★,8
C19d35e258b6a42d5e90,sr,12
C19d35e258b6a42d5e90,▽,11+
C19d35e258b7ab3ac4cc,ln,20
C19d35e258b7ab3ac4cc,◆,19
C19d35e258b7ab3ac4cc,◆◆,7
C19d35e258b95339b935,ξ,3
C19d35e258b95339b935,▽,2
C19d35e258bdb13045c0,sr,3
C19d35e258bdb13045c0,▽,8
C19d35e258bdb13045c0,☆,8
C19d35e258bfc0663cee,◆,9
C19d35e258c03312c6fa,▽,5
C19d35e258ddacfc33a8,sr,13
C19d35e258ddacfc33a8,▼,0-
C19d35e258ddacfc33a8,乱打,1
C19d35e258e0ae1806af,sr,10
C19d35e258e8475936bf,dl,4
C19d35e258e9086882af,dl,2
C19d35e258eaf7a376f0,dl,0
C19d35e258f19fcda831,★,11
C19d35e258f19fcda831,乱打,6
C19d35e258f5e4cfa655,dl,4
C19d35e258f5e4cfa655,st,4
C19d35e258fa45409979,ξ,3
C19d35e258fc631b82ed,sl,12
C19d35e2590de3ea77dc,▽,12
C19d35e2590ee3c2d29f,▼,6
C19d35e2590f6afa0f22,▽,2
C19d35e2591094373667,▽,10
C19d35e259119aa91b33,▽,6
C19d35e259152a587448,sl,7
C19d35e259152a587448,▼,12
C19d35e259152a587448,乱打,7
C19d35e25917e7f57551,ξ,9
C19d35e2591a6d945258,sr,7
C19d35e2591d8977adfd,sr,13
C19d35e25926daedb50b,st,8
C19d35e25926daedb50b,重発狂,8
C19d35e259274b339634,★,22
C19d35e259274b339634,重発狂,4
C19d35e259352ce51c6c,dl,12
C19d35e259371a7e0b1e,ln,18
C19d35e2593c8abd914b,dl,8
C19d35e259402313f8e9,◆,23
C19d35e25944a455c4a2,sl,10
C19d35e25944a455c4a2,★,15
C19d35e25944a455c4a2,乱打,10
C19d35e25949c39cf60e,乱打,3
C19d35e2594dff67d5ac,ξ,3
C19d35e2594efdbad775,ξ,7
C19d35e2594f2de07e33,sr,0
C19d35e25950382baadb,sr,6
C19d35e25951f062ac8d,sr,10
C19d35e25952b4a7bff3,sr,13
C19d35e25960a34871fa,sr,1
C19d35e25968ee3911db,ξ,10
C19d35e2596afe41e981,ξ,5
C19d35e2596c633a3a33,Ude,2
C19d35e2596c633a3a33,sl,2
C19d35e2596d48885c48,sr,?
C19d35e2596ee3322cce,sr,9
C19d35e2596f5150b0c8,sr,13
C19d35e25971daf2e4c9,▼,20
C19d35e25971daf2e4c9,双,1
C19d35e2598b4cf69cbc,Ude,Ude5 (sub)
C19d35e2598b4cf69cbc,sl,5
C19d35e25996d516c0fb,▼,10
C19d35e2599e0c7a5a5c,st,4
C19d35e2599e0c7a5a5c,重発狂,4
C19d35e2599fff7a8a2a,★,21
C19d35e2599fff7a8a2a,重発狂,1
C19d35e259a086beec96,sl,12
C19d35e259a086beec96,乱打,12
C19d35e259aa7cf95280,▽,11
C19d35e259acfed684eb,▽,2
C19d35e259b15c96538f,Ude,6
C19d35e259b15c96538f,sl,6
C19d35e259b2dc77e413,▽,9
C19d35e259b3dd1d8aa9,◆◆,3
C19d35e259b435f6a374,▽,5
C19d35e259b6551a3aa4,Ude,12
C19d35e259b6551a3aa4,▼,19
C19d35e259b6551a3aa4,★,19
C19d35e259cd95154a6f,▼,1
C19d35e259d2465105a2,◆,8
C19d35e259d8d9d75960,ξ,8
C19d35e259dabdb73702,★,8
C19d35e259dd27d55b04,★,19
C19d35e259dfdd016c1e,◆,21
C19d35e259f15160e9be,h◎,15
C19d35e259f91da411ed,sn,0
C19d35e259fff6531a29,◆,6
C19d35e25a0dab8eec1f,★,13
C19d35e25a16c30b0fc9,▼,7
C19d35e25a1d2458dc09,▼,15
C19d35e25a2a3af0653d,★,5
C19d35e25a50ad94f071,▼,5
C19d35e25a51d85bd448,▽,3
C19d35e25a54206bf784,★,5
C19d35e25a55b1cdb7ea,sr,5
C19d35e25a569a0cac4d,sr,12
C19d35e25a569a0cac4d,☆,11
C19d35e25a606b1aefa5,▽,4
C19d35e25a61e4fb2fb6,▽,6
C19d35e25a628d609f9e,▽,10
C19d35e25a628d609f9e,☆,10
C19d35e25a63e5c367f0,▽,12-
C19d35e25a680a328d2f,▼,13
C19d35e25a6fdb82fdb9,双,5
C19d35e25a921e265637,ξ,?
C19d35e25a965b983e77,▽,5
C19d35e25a97cbfb3ceb,SB,1
C19d35e25a9f5ed80c23,sl,3
C19d35e25aa04e133346,st,7
C19d35e25aa22aac070f,sr,8
C19d35e25aa3aeddf13f,st,4
C19d35e25aa5f32cabe6,sr,0
C19d35e25aa72016647e,▼,16
C19d35e25ab50e80235e,☆,1
C19d35e25ac5cc80f661,▽,5
C19d35e25ac781484068,sr,6
C19d35e25ac781484068,▽,10
C19d35e25ac9a6f43df3,sr,10
C19d35e25ac9a6f43df3,▽,11
C19d35e25ace345ef044,▼,1
C19d35e25ad3b22623e9,sr,2
C19d35e25ad5290b6086,◆,6
C19d35e25ad7d47fc80d,ξ,7
C19d35e25ad973d5df95,sl,11
C19d35e25ad973d5df95,乱打,11
C19d35e25adb2c1e91b8,sl,5
C19d35e25adb2c1e91b8,乱打,5
C19d35e25ae57f4cf8d1,fr,1
C19d35e25ae57f4cf8d1,☆,11
C19d35e25af469db097d,▼,5
C19d35e25af6735f7aab,ln,17
C19d35e25af6735f7aab,◆,17
C19d35e25af6735f7aab,◆◆,5
C19d35e25b12222263b7,★,13
C19d35e25b12222263b7,乱打,9
C19d35e25b13f95f37a1,st,1
C19d35e25b13f95f37a1,重発狂,1
C19d35e25b1a737a352e,★,8
C19d35e25b1a737a352e,乱打,5
C19d35e25b28be87b556,乱打,3
C19d35e25b2c1d57f119,◆,11
C19d35e25b2de90b802d,ln,14
C19d35e25b2de90b802d,◆,14
C19d35e25b2efb27a12f,★,5
C19d35e25b34249adf32,ln,20
C19d35e25b34249adf32,◆◆,7
C19d35e25b35ede174fc,dl,-2
C19d35e25b3c8a79cc51,st,3
C19d35e25b3c8a79cc51,双,2
C19d35e25b3ffabe1070,h◎,2
C19d35e25b40da77031e,st,0
C19d35e25b40da77031e,双,0
C19d35e25b4235458a11,双,1
C19d35e25b4421765f03,Ude,Ude4 (sub)
C19d35e25b4421765f03,sl,4
C19d35e25b47b7203ba9,st,0
C19d35e25b4f18ed0950,▽,5
C19d35e25b5159a3b1a5,◆,5
C19d35e25b52019758f5,▽,3
C19d35e25b7097813313,dl, BEGINNER
C19d35e25b7097813313,sl,5
C19d35e25b7097813313,▼,9
C19d35e25b745882d1c1,ln,1
C19d35e25b75b5eda9f5,ln,8
C19d35e25b76e80c5ebf,dl,11
C19d35e25b844e2300d0,乱打,3
C19d35e25bb59c7d2ef2,sr,0
C19d35e25bb8d1ecc499,sl,1
C19d35e25bc87e1fc8d8,sl,7
C19d35e25bc87e1fc8d8,乱打,7
C19d35e25bcb15d087ac,★,5
C19d35e25bce1b02e202,▼,5
C19d35e25bcfd4345597,ξ,5
C19d35e25bd912fbfa1c,dl,5
C19d35e25bdea1323f0d,sr,8
C19d35e25be0ae0ddcde,h◎,6
C19d35e25be191e6d6dc,dl,6
C19d35e25be191e6d6dc,dy,1
C19d35e25be191e6d6dc,st,6
C19d35e25be4e58b8198,sr,0
C19d35e25be4e58b8198,▽,7
C19d35e25be8208ef7b0,◆,18
C19d35e25bf691696957,dl,dl3 (sub)
C19d35e25bf691696957,st,3
C19d35e25bfe1d636fe0,★,6
C19d35e25c02ba5bad6b,sl,8
C19d35e25c04e3431721,h◎,7
C19d35e25c0657b25d5d,SB,7
C19d35e25c07f48835b7,▽,11
C19d35e25c0886a6ac2d,ξ,2
C19d35e25c0886a6ac2d,▽,1
C19d35e25c0a45b410a4,▼,16
C19d35e25c0b71eaeddf,▽,9
C19d35e25c0e651bcf17,▼,3
C19d35e25c0f29e406f5,▽,6
C19d35e25c13ac965ac6,★★,4
C19d35e25c163b0ffea2,h◎,16
C19d35e25c2394dd5504,★,14
C19d35e25c2e26b3aa4d,▼,18
C19d35e25c30c181207a,▼,16
C19d35e25c311f463127,▼,21
C19d35e25c37f9cec080,▽,6
C19d35e25c39089a691d,◆,1
C19d35e25c3c10806d5c,▽,12
C19d35e25c3e80aa4f6c,▽,10
C19d35e25c5c2dfe23d8,st,1
C19d35e25c5c2dfe23d8,重発狂,1
C19d35e25c683febdd37,sr,8
C19d35e25c683febdd37,▽,10
C19d35e25c683febdd37,☆,10
C19d35e25c6b5a965637,▽,8
C19d35e25c6fa8f2c9ba,★,16
C19d35e25c7125462835,sl,4
C19d35e25c7125462835,▼,6
C19d35e25c7125462835,乱打,4
C19d35e25c96e9a74ce4,◆,7
C19d35e25c98db191a00,◆,2
C19d35e25ca60c432f82,st,1
C19d35e25caf7e683a36,▽,6
C19d35e25cb0250758dc,▽,11
C19d35e25cb2a8e80f22,▽,9
C19d35e25cb3da1be417,st,5
C19d35e25cb5f5be75ed,★★,8
C19d35e25cc6956c11fc,◆◆,3
C19d35e25ccb9bce40df,★,2
C19d35e25cd1a15582ae,★,23
C19d35e25cd1a15582ae,★★,3
C19d35e25cd2af3340fd,★,10
C19d35e25cd321697b71,★,15
C19d35e25ce7033258ea,st,1
C19d35e25ce7033258ea,重発狂,1
C19d35e25ce80f22babc,☆,13
C19d35e25cece16bc605,▽,7
C19d35e25cff3de2bb7b,ln,13
C19d35e25cff3de2bb7b,◆,13
C19d35e25d20b490fd0b,sr,5
C19d35e25d20b490fd0b,☆,9
C19d35e25d21b1f49cb1,sr,11
C19d35e25d348b29da55,▼,3
C19d35e25d3aaf71ac75,▽,6
C19d35e25d4348ae6fb4,sn,0
C19d35e25d4348ae6fb4,▼,20
C19d35e25d4348ae6fb4,★,20
C19d35e25d555754e3aa,sl,1
C19d35e25d555754e3aa,乱打,1
C19d35e25d5d39449f1a,dl,0
C19d35e25d5d39449f1a,★,20
C19d35e25d5f60f51ab1,▽,8
C19d35e25d60120cf2b3,▽,11+
C19d35e25d6e74e722ca,ξ,9
C19d35e25d700f2c85ce,ln,26
C19d35e25d72c9efd5fe,ln,17
C19d35e25d72c9efd5fe,◆◆,4
C19d35e25d74288e54d3,★,5
C19d35e25d7ad0af4bf1,sr,9
C19d35e25d7c8cd37300,★,12
C19d35e25d7e675eba4d,sr,8
C19d35e25d7e675eba4d,▽,10
C19d35e25d7f6e835b52,◆,3
C19d35e25d80f8a64972,▽,6
C19d35e25d8895cd7afd,★,8
C19d35e25d8cec916e47,★,18
C19d35e25d8e1aef5a0d,★,8
C19d35e25d96ed82f55a,★★,2
C19d35e25d983edf143e,▽,12
C19d35e25dcdf62f30cb,★,7
C19d35e25dcdf62f30cb,乱打,5
C19d35e25dd50697e1d8,▼,11
C19d35e25dd72845742e,ξ,1
C19d35e25dd861c311fb,st,1
C19d35e25dd861c311fb,重発狂,1
C19d35e25dd97fc79584,sr,10
C19d35e25dd97fc79584,☆,11
C19d35e25ddbf2b23bf2,sr,1
C19d35e25ddcc6aa840e,ln,16
C19d35e25dddea50f6ce,h◎,14
C19d35e25dde67fce892,sn,5
C19d35e25ddf0d2fadce,▼,10
C19d35e25de4084f226b,▽,4
C19d35e25def0734d906,▽,5
C19d35e25e05d2665d7a,ξ,?
C19d35e25e0ff184c1b3,▼,10
C19d35e25e0ff184c1b3,★,10
C19d35e25e131012c08a,dl,3
C19d35e25e131012c08a,st,3
C19d35e25e1439c25261,▼,7
C19d35e25e150a39adb3,▽,10
C19d35e25e179a82bd51,▼,24
C19d35e25e184e5ff504,▽,6
C19d35e25e20c5f13f0b,ln,15
C19d35e25e2111af869a,ln,13
C19d35e25e2a183c894f,h◎,9
C19d35e25e2be61f4036,▽,11+
C19d35e25e3822e2c11e,▽,4
C19d35e25e39e2c38daf,▽,10
C19d35e25e3a208febfc,▼,8
C19d35e25e45a16993cc,fr,9
C19d35e25e464dbbd57d,▽,2
C19d35e25e489e66c440,sl,2
C19d35e25e489e66c440,★,2
C19d35e25e489e66c440,乱打,2
C19d35e25e49db1ac1c4,sl,8
C19d35e25e49db1ac1c4,▼,13
C19d35e25e49db1ac1c4,乱打,8
C19d35e25e4a042adc18,★,20
C19d35e25e4a042adc18,重発狂,0
C19d35e25e7692f5b52b,◆,2
C19d35e25e79e77681cb,乱打,9
C19d35e25e885dd30caa,★,1
C19d35e25e8f602c095e,★,17
C19d35e25ebc37388f0b,▽,12+
C19d35e25ebd68fdf1be,▽,2
C19d35e25ec03055d73e,sr,7
C19d35e25ec03055d73e,▽,10
C19d35e25ec1f1c49cba,sl,3
C19d35e25ec230621085,sr,0
C19d35e25ec230621085,▽,7
C19d35e25ec3763d7d09,ξ,12
C19d35e25ec3763d7d09,▽,5
C19d35e25ec5a75a11f1,▼,9
C19d35e25ec6c3177d32,乱打,11
C19d35e25ed15b2ae5f9,st,1
C19d35e25ed15b2ae5f9,重発狂,1
C19d35e25ed2aa1e993c,ln,15
C19d35e25ed377db8432,ln,23
C19d35e25ed377db8432,◆,23
C19d35e25ed97da57e2d,★,14
C19d35e25f257f0757d8,★,12
C19d35e25f28834bcc99,▼,1
C19d35e25f2c61be73c4,dl,dl5 (sub)
C19d35e25f2c61be73c4,st,5
C19d35e25f3057220860,ln,17
C19d35e25f3057220860,◆,16
C19d35e25f3057220860,◆◆,2
C19d35e25f467da9f833,双,5
C19d35e25f47f7c9b602,双,3
C19d35e25f640319412e,sl,5
C19d35e25f640319412e,▼,7
C19d35e25f6564124cf7,双,2
C19d35e25f72720b3c06,▽,10
C19d35e25f73bec14721,▽,11
C19d35e25f79f4132d4d,▼,5
C19d35e25f9575880b13,st,0
C19d35e25f9575880b13,双,0
C19d35e25f960241ff00,▽,7
C19d35e25f97101b9357,▽,10
C19d35e25f98fbe1490d,▼,3
C19d35e25f9f5e46d08f,▽,1
C19d35e25fa9bd9c0da1,sr,2
C19d35e25fa9bd9c0da1,▽,8
C19d35e25faad024abcf,sr,11
C19d35e25faad024abcf,▽,11
C19d35e25faba9d49eff,sl,4
C19d35e25faba9d49eff,▼,7
C19d35e25facad6b91a8,双,2
C19d35e25fad9b6d9f4d,▼,16
C19d35e25fb17099788f,st,2
C19d35e25fb17099788f,双,1
C19d35e25fb5ef843929,★,9
C19d35e25fbf157a50a3,▼,24
C19d35e25fbf157a50a3,★★,4
C19d35e25fbf157a50a3,双,4
C19d35e25fc1bb5f11a8,◆,20
C19d35e25fdd0086ef84,dl,1
C19d35e25fe620dee44b,★,3
C19d35e25fe620dee44b,乱打,2
C19d35e25febdb0667fe,☆,12
C19d35e25ff3a1f95652,◆◆,4
C19d35e25ff941fe8a0e,so,2
C19d35e260070abf2caf,▽,10
C19d35e26008d4c74b52,▽,12+
C19d35e2600938135d63,▽,7
C19d35e2600a5db9c1c2,▼,20
C19d35e2600b8aea3693,▼,8
C19d35e2600cccdd9556,▽,4
C19d35e2600d386be347,▼,1
C19d35e2600e3bb06fed,▼,11
C19d35e260238398bb81,◆,3
C19d35e260287cdbdb9d,★★,4
C19d35e2602f99a0410a,▼,12
C19d35e260312ef6d28e,fr,10
C19d35e2606037e694e1,h◎,16
C19d35e26062fdd38b41,☆,11
C19d35e26065155d9bf9,★★,1
C19d35e2606643300e93,★★,8
C19d35e26085531a9261,h◎,9
C19d35e2609065a28d3e,sr,4
C19d35e2609241b11b49,ξ,13
C19d35e260939960adec,ξ,7
C19d35e260a990aaf9ba,dl,dl4 (sub)
C19d35e260a990aaf9ba,★★,3
C19d35e260bdc834e401,ξ,7
C19d35e260d3a69913e7,▽,6
C19d35e260d52f12d25a,ξ,10
C19d35e260d6e5bac367,◆,5
C19d35e261145848844a,sr,11
C19d35e261145848844a,☆,11
C19d35e2611543b38045,sr,5
C19d35e26119180a4306,dl,-2
C19d35e2611a58e91745,dy,1
C19d35e2611a58e91745,★★,4
C19d35e2611a58e91745,双,4
C19d35e2611b4194fbe5,st,1
C19d35e2611b4194fbe5,双,0
C19d35e2611cc360c152,Ude,10
C19d35e2611cc360c152,▼,16
C19d35e2611cc360c152,★,16
C19d35e2613cb4563d9c,so,0
C19d35e2613cb4563d9c,▽,11
C19d35e2613d0cc052a3,so,3
C19d35e2613d0cc052a3,★,3
C19d35e261592bed69a9,★,11
C19d35e26163ad6093f1,sr,10
C19d35e2616bede1fbd9,▼,5
C19d35e2616e0e63a9d4,▼,10
C19d35e2617379194e1f,★★,2
C19d35e2617a912833a9,h◎,6
C19d35e2617ca926db9d,ξ,3
C19d35e2617ca926db9d,▽,2
C19d35e2617dbbb624d0,▽,6
C19d35e2617e32320b4d,sr,6
C19d35e2617e32320b4d,▽,9
C19d35e2617f68e0e2c9,sl,0
C19d35e2617f68e0e2c9,sr,13
C19d35e2617f68e0e2c9,▽,11+
C19d35e2617f68e0e2c9,乱打,0
C19d35e2618084f7e6ef,sl,4
C19d35e2618084f7e6ef,▼,5
C19d35e2618084f7e6ef,乱打,4
C19d35e2618a3cc0fe65,st,6
C19d35e2618dfedaa1fc,sl,0
C19d35e261957de3e15b,▽,12
C19d35e26196c0405ac5,▽,2
C19d35e26198d72a21b7,sr,11
C19d35e26198d72a21b7,▽,11
C19d35e2619a7b20049c,sr,6
C19d35e2619a7b20049c,▽,9
C19d35e2619ce5721422,▽,5
C19d35e2619d5c5e4bf5,sl,9
C19d35e2619d5c5e4bf5,乱打,9
C19d35e261a02dc4b150,so,5
C19d35e261b750715d27,dl,査定中
C19d35e261c4da9b6790,▽,10
C19d35e261c569fc253f,▽,2
C19d35e261c7630e6cd9,▽,7
C19d35e261cab33e48ac,▽,12-
C19d35e261cb745bd287,▽,4
C19d35e261f5780cc3da,▼,1
C19d35e261f5780cc3da,乱打,0
C19d35e261f61cba0bdb,乱打,0
C19d35e261f70d274870,乱打,2
C19d35e261f833c868d5,★,12
C19d35e261f833c868d5,乱打,7
C19d35e261fbefcd33d8,★,16
C19d35e261fbefcd33d8,乱打,10
C19d35e261fd9c0f178a,★★,4
C19d35e261fd9c0f178a,重発狂,6
C19d35e26200ad0c28f4,★★,5
C19d35e26200ad0c28f4,重発狂,6
C19d35e262044a7e5231,dl,11
C19d35e262044a7e5231,dy,6
C19d35e262044a7e5231,st,11
C19d35e262044a7e5231,★★,6
C19d35e262044a7e5231,重発狂,11
C19d35e2621420787b56,dl,12
C19d35e262184d823c3f,重発狂,7
C19d35e262237a85c89a,h◎,4
C19d35e262259b4d50b7,◆,8
C19d35e26235d6112670,★,11
C19d35e262373085f0c4,▼,6
C19d35e262425b30a0cb,★,13
C19d35e2624e80a8af18,sl,1
C19d35e2624f95df95ab,sr,5
C19d35e2625017ec38ac,sl,4
C19d35e26251fa15b090,ξ,8
C19d35e26252fb9d87ce,ξ,5
C19d35e26270b9119d6d,双,3
C19d35e2627f77967f15,★,15
C19d35e2627f77967f15,乱打,9
C19d35e262839957b181,sl,1
C19d35e262839957b181,▽,12
C19d35e262839957b181,★,1
C19d35e262839957b181,乱打,1
C19d35e2628e164e3af6,★★,3
C19d35e2628e164e3af6,双,3
C19d35e26290a231d5da,sr,8
C19d35e26290a231d5da,▽,9
C19d35e262926ff5957d,ln,16
C19d35e26295524009ea,sr,1
C19d35e26295524009ea,▽,7
C19d35e262a19b94211b,sl,6
C19d35e262a19b94211b,乱打,6
C19d35e262bd9ef2445b,▽,3
C19d35e262cabf48c8a9,st,3
C19d35e262cd315070e8,Ude,Ude6 (sub)
C19d35e262cd315070e8,sl,6
C19d35e262cea92ef5e4,sl,12
C19d35e262cea92ef5e4,乱打,12
C19d35e262d26ddfbda6,sr,11
C19d35e262d26ddfbda6,▽,11
C19d35e262d26ddfbda6,☆,11
C19d35e262d355d150da,▼,15
C19d35e262d6e3c93767,sr,1
C19d35e262d6e3c93767,▽,7
C19d35e262da3043c04f,st,10
C19d35e262da3043c04f,双,6
C19d35e262db554857a8,sl,8
C19d35e262dc5fe85809,sl,5
C19d35e262dc5fe85809,▼,7
C19d35e262dd5b6edcca,ξ,9
C19d35e262dd5b6edcca,▽,5
C19d35e262df7e6c4091,st,3
C19d35e262df7e6c4091,双,3
C19d35e262e4c4243b12,双,6
C19d35e262e80522ecfb,▼,4
C19d35e262e9daec05fd,▽,8
C19d35e262ebb65cf514,▼,6
C19d35e2630ce99e8a51,sl,4
C19d35e2630ed192cdde,双,5
C19d35e26311f90d08f1,◆,1
C19d35e2631284048483,ln,10
C19d35e2631284048483,◆,10
C19d35e2631584a76156,▼,2
C19d35e2634b830b7204,dl,0
C19d35e26351cc73857d,★★,3
C19d35e26351cc73857d,双,5
C19d35e263538139cece,▼,3
C19d35e26354d0d40df0,ln,11
C19d35e26356177dfc79,h◎,4
C19d35e2635adb8790c6,ln,14
C19d35e2635bc0f658bb,ln,8
C19d35e2636202750b66,ln,16
C19d35e26364842807a2,ln,12
C19d35e263717cb1de6c,sl,6
C19d35e263717cb1de6c,乱打,6
C19d35e263794bfd505d,双,1
C19d35e26388f1a04f1a,sl,9
C19d35e26388f1a04f1a,乱打,9
C19d35e263a017575f92,双,1
C19d35e263a188d5fcd7,ξ,13
C19d35e263a35ec04881,st,1
C19d35e263a35ec04881,双,1
C19d35e263aafda78877,sr,5
C19d35e263aafda78877,▽,9
C19d35e263ab38cec584,▽,1
C19d35e263add197b30c,sr,0
C19d35e263add197b30c,▽,7
C19d35e263b2ac45da41,▽,5
C19d35e263cb6f06c4f7,so,5
C19d35e263cb6f06c4f7,★,7
C19d35e263d8bc7acd16,ξ,6
C19d35e263dea0c3eb5f,★,8
C19d35e264286b21a950,sr,12
C19d35e2642d365dde38,sr,6
C19d35e26450f16fabf4,st,1
C19d35e2645ae29cff46,★,2
C19d35e2645d23652254,★,10
C19d35e2646a40ff2fc5,▼,7
C19d35e2646b90529456,★★,5
C19d35e264752bc3c267,☆,10
C19d35e2647d974d7327,重発狂,2
C19d35e2647f74bc5106,★,10
C19d35e2647f74bc5106,乱打,7
C19d35e26481ce3ad828,sl,8
C19d35e264912df9ab20,h◎,3
C19d35e264976a944650,◆,25
C19d35e264aec1d57798,★,14
C19d35e264bb4b3c526e,◆,2
C19d35e264c6c9427581,ln,9
C19d35e264d2a172fed6,sn,1
C19d35e264e6c003e3eb,▽,11+
C19d35e264ea34add3c3,▼,11
C19d35e26526a6830449,▼,1
C19d35e2652a1cd3b49b,sr,8
C19d35e2652a1cd3b49b,▽,10
C19d35e2652d7213f9f7,sr,3
C19d35e2652d7213f9f7,▽,8
C19d35e2652e88ad5430,▽,4
C19d35e265300c13b3f5,Ude,7
C19d35e265300c13b3f5,sl,7
C19d35e265300c13b3f5,▼,14
C19d35e2653138119423,Ude,2
C19d35e2653138119423,sl,2
C19d35e2653138119423,▼,4
C19d35e2653202205f7b,Ude,0
C19d35e2653202205f7b,sl,0
C19d35e2653202205f7b,sr,11
C19d35e2653202205f7b,▼,1
C19d35e26536705eda97,★,18
C19d35e26539c0e02952,★,15
C19d35e26539c0e02952,乱打,8
C19d35e2653bf179cc91,★,2
C19d35e2653bf179cc91,乱打,2
C19d35e2653d45ce1110,◆◆,1
C19d35e265417bd1ce80,sr,4
C19d35e2654239b0cdf1,★,3
C19d35e2654239b0cdf1,乱打,3
C19d35e265453cb97fee,乱打,4
C19d35e2654630958fa0,ξ,9
C19d35e265474db2ff9e,h◎,2
C19d35e265480375b4be,sr,12
C19d35e2656e551360c9,Ude,2
C19d35e265771e823281,sr,6
C19d35e265771e823281,▽,10
C19d35e26578d862cdc7,sl,1
C19d35e26578d862cdc7,sr,13
C19d35e26578d862cdc7,▽,12-
C19d35e2657942297f9b,▽,6
C19d35e2657a9130d917,st,2
C19d35e2657a9130d917,双,2
C19d35e2657b1f442af6,▽,3
C19d35e2657c0b115009,Ude,4
C19d35e2657c0b115009,sl,4
C19d35e2657c0b115009,▼,7
C19d35e26589ff9e1a9b,▽,5
C19d35e2658afb58fcb4,sr,3
C19d35e2658afb58fcb4,▽,8
C19d35e2658afb58fcb4,☆,9
C19d35e2658d89484423,sr,10
C19d35e2658d89484423,▽,11
C19d35e2658d89484423,☆,11
C19d35e2658ead13aa1a,Ude,1
C19d35e2658ead13aa1a,sl,1
C19d35e2658f2e8a6523,Ude,11
C19d35e2658f2e8a6523,sl,11
C19d35e2658f2e8a6523,▼,16
C19d35e26590016582fc,Ude,5
C19d35e26590016582fc,★,9
C19d35e26592ffe875b2,ln,9
C19d35e26592ffe875b2,◆,9
C19d35e265944d6a19ea,▽,12
C19d35e265978848c186,Ude,2
C19d35e2659fd723a443,h◎,3
C19d35e265a41fa99020,ξ,2
C19d35e265a5b0143b47,ξ,13
C19d35e265a8779add24,ξ,4
C19d35e265b4c4feec46,▽,8
C19d35e265b6cb5981f1,▽,5
C19d35e265bb9381f035,ξ,3
C19d35e265bd9648c658,st,0
C19d35e265c23781af83,sl,6
C19d35e265cf859ed3eb,▽,8
C19d35e265e2d4223824,◆,12
C19d35e265f1e4038312,▽,11
C19d35e265f43ea82dab,▽,10
C19d35e265f53fb41edb,★,19
C19d35e265f7e727cf6f,▽,7
C19d35e265fd85a3965b,sl,1
C19d35e26604881dabae,st,5
C19d35e2660d420a4c9c,sl,9
C19d35e2660d420a4c9c,乱打,9
C19d35e2662612895293,Ude,8
C19d35e2662612895293,★,14
C19d35e26628e657b6c4,st,4
C19d35e2667f07d98eaf,▽,10
C19d35e266840089fdbf,★,8
C19d35e26689bc5fb727,▽,6
C19d35e2668d26e791b2,◆,7
C19d35e26691cce72aab,sn,4
C19d35e26691cce72aab,▼,24
C19d35e26691cce72aab,双,4
C19d35e26694bf0e7c49,▽,8
C19d35e26694bf0e7c49,☆,8
C19d35e26696c722fd5c,sl,1
C19d35e2669c940ffc67,st,1
C19d35e2669c940ffc67,双,1
C19d35e266c1eda766cc,★,3
C19d35e266c607d06611,h◎,-1
C19d35e266e529e4681a,★,7
C19d35e266fb07d333f1,Ude,3
C19d35e266fb07d333f1,sl,3
C19d35e26700b795a57e,sl,11
C19d35e26700b795a57e,乱打,11
C19d35e26718fd01149c,◆,8
C19d35e2671bcb8ff293,sl,1
C19d35e267568dc49dc4,▼,8
C19d35e267568dc49dc4,★,8
C19d35e2675a9ed0d7d6,☆,10
C19d35e267605ef8bd20,▼,22
C19d35e26770944e8028,◆,11
C19d35e2677657242362,▽,11
C19d35e26777f63b189c,▼,19
C19d35e26778e1b0f855,▽,7
C19d35e267796f2b4e61,▽,2
C19d35e2677bbb9c0ae0,dl,4
C19d35e2677eb6aa4bf3,▼,13
C19d35e2677eb6aa4bf3,乱打,7
C19d35e2677fde63aa0a,◆,7
C19d35e26786cc58a6ab,▽,12-
C19d35e267897cb6845e,★,12
C19d35e267897cb6845e,乱打,8
C19d35e267908c0356cc,▽,11
C19d35e2679305936ed3,▽,7
C19d35e267c592b6eb0a,◆◆,3
C19d35e267e3fa38121b,h◎,15
C19d35e267fc5a10ef0f,▼,14
C19d35e268023d798b4f,▽,11
C19d35e26804d73b65bc,▽,9
C19d35e2680531a7b71b,▽,5
C19d35e26806d7c1540d,ln,6
C19d35e2681a525a88ed,☆,11
C19d35e26824758081dc,ln,17
C19d35e26824758081dc,◆◆,5
C19d35e268260f3707bc,★,3
C19d35e2683b539feea0,dl,8
C19d35e2683da292b0a1,dl,6
C19d35e2684109925a4e,dl,11
C19d35e26854bb6b121a,ξ,2
C19d35e26855a830785f,Ude,6
C19d35e26855a830785f,sl,6
C19d35e268573eb713c6,ξ,7
C19d35e26859c72d19ee,☆,5
C19d35e2685b8975d88a,ln,8
C19d35e26866141db09e,▼,8
C19d35e2686f431fe60c,ln,19
C19d35e26873dff48ea6,▽,12
C19d35e2687951e24424,ln,19
C19d35e2687c0f750c09,st,3
C19d35e2687c0f750c09,重発狂,3
C19d35e2687d164aafe0,sr,4
C19d35e2687d164aafe0,▽,9
C19d35e26880739a69ee,★,10
C19d35e26880739a69ee,乱打,6
C19d35e26883e3cf90e5,ln,15
C19d35e26884e48d4d42,ln,9
C19d35e2688621544aef,st,1
C19d35e2688621544aef,★★,1
C19d35e2688621544aef,重発狂,1
C19d35e2688705cbf7b3,▽,5
C19d35e26889505546d1,★,20
C19d35e26889505546d1,重発狂,0
C19d35e2688a1b9553e4,h◎,10
C19d35e26898879d6098,Ude,9
C19d35e26898879d6098,sl,9
C19d35e2689f6d095832,sr,5
C19d35e268a23c76e61f,h◎,0
C19d35e268ad8586627e,sr,12
C19d35e268ad8586627e,▽,11+
C19d35e268b118a4ad09,sr,8
C19d35e268b118a4ad09,▽,10
C19d35e268b2ba892d6c,ξ,12
C19d35e268b2ba892d6c,▽,6
C19d35e268b3f1a91178,▼,11
C19d35e268b4053ea8fe,▼,7
C19d35e268b514b45b71,▼,21
C19d35e268b514b45b71,★,21
C19d35e268b9aaef0d2a,dl,6
C19d35e268b9aaef0d2a,st,6
C19d35e268c617712b44,st,6
C19d35e268c617712b44,双,5
C19d35e268c7309a78a4,st,1
C19d35e268c7309a78a4,重発狂,1
C19d35e268c8e094d4b2,sl,1
C19d35e268c8e094d4b2,乱打,1
C19d35e268c9d7c26eb3,sl,9
C19d35e268c9d7c26eb3,乱打,9
C19d35e268cad60f3029,sr,12
C19d35e268cad60f3029,▽,11+
C19d35e268cba68ea40b,▼,5
C19d35e268cee2d33d15,sr,4
C19d35e268cee2d33d15,▽,9
C19d35e268cfe615b911,▼,3
C19d35e268d0a4db9514,▼,18
C19d35e268d24965e914,▽,4
C19d35e268d42bed270c,▼,0
C19d35e268d5031f72fa,▼,17
C19d35e268ff52b25fc1,◆,9
C19d35e26902c3380465,h◎,6
C19d35e269038badc9b0,◆,16
C19d35e26904ebc6b0e1,▼,5
C19d35e26916bbe5f07f,★,7
C19d35e2691e9f535480,▽,10
C19d35e2691f11cb1d91,▼,6
C19d35e26921411e41f6,▽,10
C19d35e26927ed794400,st,3
C19d35e26927ed794400,重発狂,3
C19d35e2692acfe1cc3b,sl,1
C19d35e2692b472681f2,sl,6
C19d35e2692d126cf828,ξ,6
C19d35e2692f406e2e4e,sr,4
C19d35e26930bfa8ec2a,sr,6
C19d35e269447d95e613,ξ,13
C19d35e269447d95e613,▽,7
C19d35e269454681fb24,▼,4
C19d35e26946ea06eae6,sr,10
C19d35e26946ea06eae6,▽,10
C19d35e26946ea06eae6,☆,10
C19d35e269486ed9519d,st,2
C19d35e269486ed9519d,▼,22
C19d35e269486ed9519d,双,2
C19d35e2694b34bf5321,ξ,10
C19d35e269517eabfdbb,Ude,11
C19d35e269517eabfdbb,sl,11
C19d35e269517eabfdbb,▼,17
C19d35e26953277928bc,▼,8
C19d35e269577d9c5a42,so,7
C19d35e2695908488003,▼,3
C19d35e2695a24d7a4d7,▼,17
C19d35e2695bdd1eb509,◆,11
C19d35e26983d193cfec,fr,7
C19d35e269861a1d63d0,so,10
C19d35e26988084ab873,sl,11
C19d35e26988084ab873,乱打,11
C19d35e26989a9094399,sr,10
C19d35e2698dfcdc5b12,sr,4
C19d35e26991bda5d22f,fr,9
C19d35e269928ddda324,st,3
C19d35e269928ddda324,重発狂,3
C19d35e269947425e693,sl,4
C19d35e2699e31736524,▽,12-
C19d35e2699fd0b0c797,st,0
C19d35e2699fd0b0c797,▼,20
C19d35e2699fd0b0c797,重発狂,0
C19d35e269a000afc771,★,13
C19d35e269a000afc771,乱打,8
C19d35e269b75842b2cf,sr,7
C19d35e269b75842b2cf,▽,10
C19d35e269b883bd6cc2,▽,1
C19d35e269b9bca3bf42,▽,7
C19d35e269ba8cfbdbba,▽,11+
C19d35e269bb835edbd3,▽,4
C19d35e269bf3adb3ba6,h◎,9
C19d35e269c03c7a3352,st,8
C19d35e269c03c7a3352,双,5
C19d35e269c7f2cfe316,sl,5
C19d35e269c7f2cfe316,乱打,5
C19d35e269c846b397fe,fr,7
C19d35e269d43a733451,dl,5
C19d35e269d43a733451,st,5
C19d35e269e9e5580a0f,▽,3
C19d35e269ef0420a92d,▽,6
C19d35e269f08511d89b,sr,2
C19d35e269f08511d89b,▽,8
C19d35e269f1a117650f,◆,9
C19d35e269f2046c92c6,sr,7
C19d35e269f2046c92c6,▽,10
C19d35e269f30385c536,ln,16
C19d35e269f30385c536,◆,17
C19d35e269f88cb9fa45,▼,7
C19d35e269f9f5a965e9,▽,12+
C19d35e269fa6060f749,双,6
C19d35e269fb72c247fa,fr,12
C19d35e269fcbb1fbcae,Ude,12
C19d35e269fcbb1fbcae,★,19
C19d35e26a0462430628,Ude,1
C19d35e26a0462430628,sl,1
C19d35e26a0462430628,★,1
C19d35e26a09fa4a7007,◆,21
C19d35e26a0f6864900d,sl,0
C19d35e26a1035f6f684,▼,2
C19d35e26a1035f6f684,乱打,3
C19d35e26a1c8e120588,sr,10
C19d35e26a1d121c2fbe,ξ,3
C19d35e26a2053a9d991,sn,5
C19d35e26a2123774ba3,sr,1
C19d35e26a2458812b7a,ξ,7
C19d35e26a25a738b341,▼,1
C19d35e26a33d33a89bf,Ude,2
C19d35e26a33d33a89bf,sl,2
C19d35e26a33d33a89bf,▽,12+
C19d35e26a34f60e5cd9,▽,3
C19d35e26a3594e58fd5,sr,7
C19d35e26a3594e58fd5,▽,10
C19d35e26a378fa57ca2,▽,6
C19d35e26a380e1ef3d8,Ude,10
C19d35e26a380e1ef3d8,sl,10
C19d35e26a380e1ef3d8,▼,16
C19d35e26a3f31c0c3c5,st,9
C19d35e26a3f31c0c3c5,★★,6
C19d35e26a40d6bd5b1a,sl,12
C19d35e26a496d3ecdb9,▼,10
C19d35e26a4b039abf55,★,23
C19d35e26a4b039abf55,★★,3
C19d35e26a519d62338a,▼,17
C19d35e26a530d343069,▼,3
C19d35e26a530d343069,★,3
C19d35e26a54c404f1d5,st,2
C19d35e26a58b9a400b7,▽,7
C19d35e26a5b10eca452,dl,5
C19d35e26a5b10eca452,st,5
C19d35e26a61b42a51d8,◆,5
C19d35e26a636e8175d6,ln,24
C19d35e26a636e8175d6,◆,24
C19d35e26a636e8175d6,◆◆,12
C19d35e26a654c26a989,Ude,0
C19d35e26a654c26a989,sl,0
C19d35e26a654c26a989,sr,10
C19d35e26a6648f2e8ea,sr,3
C19d35e26a684d2c560a,ξ,11
C19d35e26a693bd20d20,Ude,5
C19d35e26a6fa8a3252e,Ude,7
C19d35e26a6fa8a3252e,sl,7
C19d35e26a6fa8a3252e,▼,12
C19d35e26a7003308a5d,Ude,12
C19d35e26a7003308a5d,★,20
C19d35e26a7003308a5d,双,0
C19d35e26a907c238cf7,★,14
C19d35e26a907c238cf7,乱打,10
C19d35e26a9403056b27,sr,9
C19d35e26a96d93d007e,★★,4
C19d35e26a9a7d07143b,Ude,12
C19d35e26a9a7d07143b,sl,12
C19d35e26a9e816aca38,Ude,2
C19d35e26aa31c1b5ed3,★,3
C19d35e26aa7b8a4ef71,sr,13
C19d35e26aa7b8a4ef71,▼,0-
C19d35e26aa7b8a4ef71,☆,12
C19d35e26aa8ab224a1e,◆,2
C19d35e26ab264c2c320,st,0
C19d35e26ab264c2c320,重発狂,0
C19d35e26ab3fc0287f2,sl,2
C19d35e26ab802644149,▽,3
C19d35e26ab971bb4e72,▽,7
C19d35e26aba8552aa38,▽,10
C19d35e26ac27284e656,dl,9
C19d35e26ac27284e656,dy,3
C19d35e26ac34f79a53e,dl,1
C19d35e26ac517039422,★,4
C19d35e26ac6aa779739,h◎,3
C19d35e26ac718b98009,★,16
C19d35e26af4102177df,◆,12
C19d35e26af9966d029f,◆,4
C19d35e26afefcfcd4a9,◆◆,1
C19d35e26b0bdea44536,sr,10
C19d35e26b0e9d2e70da,▼,4
C19d35e26b0f6192282e,ln,15
C19d35e26b107b3fabf4,ln,20
C19d35e26b13ac054bb7,dl,2
C19d35e26b13ac054bb7,st,2
C19d35e26b1cc8309c13,▽,2
C19d35e26b1d5bd063fb,▽,6
C19d35e26b1e21fa6af9,sr,3
C19d35e26b1e21fa6af9,▽,8
C19d35e26b1f8d62ac50,sr,9
C19d35e26b1f8d62ac50,▽,10
C19d35e26b2151bd4044,sl,1
C19d35e26b2151bd4044,▽,12
C19d35e26b2259a61ccf,Ude,7
C19d35e26b2259a61ccf,sl,7
C19d35e26b2a0f4ce2a2,Ude,11
C19d35e26b2a0f4ce2a2,★,20
C19d35e26b2a0f4ce2a2,双,0
C19d35e26b2c9c963f35,dl,dl5 (sub)
C19d35e26b2d8c364aef,dl, BEGINNER
C19d35e26b7edae81c6f,sr,5
C19d35e26b7fbee2c2d0,sr,12
C19d35e26b864f5818c8,◆,15
C19d35e26b864f5818c8,◆◆,1
C19d35e26b9114360da1,sl,3
C19d35e26ba1ad906366,sr,7
C19d35e26ba608368eb6,ξ,9
C19d35e26ba7c300414e,sl,3
C19d35e26ba7c300414e,乱打,3
C19d35e26ba85b02f146,sl,10
C19d35e26ba9bca54bcf,st,3
C19d35e26ba9bca54bcf,▼,23
C19d35e26bb2a6e6d02d,ln,12
C19d35e26bb4108260da,ln,17
C19d35e26bb4108260da,◆◆,5
C19d35e26bb707e5bda9,◆,9
C19d35e26bc578351d50,sn,0
C19d35e26bcc3752f932,▼,22
C19d35e26bcd70ea3609,▽,11+
C19d35e26bd0d872fd00,▽,3
C19d35e26bd66955cdb3,▽,10
C19d35e26bd7d5e26dc9,sl,11
C19d35e26bd7d5e26dc9,乱打,10
C19d35e26bd84f565b03,▼,3
C19d35e26bdad8d8f49b,ln,13
C19d35e26bdd62dc257f,▽,6
C19d35e26bdebd225a3a,▼,12
C19d35e26be1d231c413,▼,18
C19d35e26be32fb0233a,▼,13
C19d35e26be400255c73,▽,5
C19d35e26be500dadaf9,▽,10
C19d35e26be626a965de,▼,5
C19d35e26be75aeeecbc,▼,17
C19d35e26beb96855e02,▼,5
C19d35e26bf895b80e2f,st,3
C19d35e26c04709c6ad0,sr,11
C19d35e26c061528bdfd,ξ,12
C19d35e26c0b0cb833e8,sl,3
C19d35e26c0b0cb833e8,乱打,3
C19d35e26c0c878cbf4c,ξ,3
C19d35e26c11c6f45547,sr,9
C19d35e26c12f60bc971,ξ,13
C19d35e26c139ce253df,▼,1
C19d35e26c139ce253df,乱打,1
C19d35e26c140308d9e1,sl,5
C19d35e26c140308d9e1,乱打,5
C19d35e26c1a801f9e4e,dl, BEGINNER
C19d35e26c1a801f9e4e,★,13
C19d35e26c1b1c37b7d2,dl,2
C19d35e26c1d916eaa9b,▽,2
C19d35e26c1e0c1feef0,▽,5
C19d35e26c1f6f330bff,sr,4
C19d35e26c1f6f330bff,▽,9
C19d35e26c203112174a,sr,10
C19d35e26c203112174a,▽,11
C19d35e26c3023d2d81d,★,7
C19d35e26c3023d2d81d,乱打,4
C19d35e26c3408fcb705,重発狂,3
C19d35e26c37d5e5c2f5,st,0
C19d35e26c37d5e5c2f5,★,19
C19d35e26c37d5e5c2f5,重発狂,0
C19d35e26c3a9e8aae7d,st,2
C19d35e26c3a9e8aae7d,重発狂,2
C19d35e26c3bf457d2f5,ξ,9
C19d35e26c46d1a28b7b,dy,0
C19d35e26c46d1a28b7b,st,5
C19d35e26c46d1a28b7b,重発狂,5
C19d35e26c49e5592b66,◆◆,11
C19d35e26c4ca1bec858,dy,？
C19d35e26c4ca1bec858,fr,11
C19d35e26c4ca1bec858,★★,5
C19d35e26c54201131d0,★,8
C19d35e26c563ab6e8da,★,17
C19d35e26c60405c3308,▽,11
C19d35e26c6172a1f9a3,▽,12
C19d35e26c63981cc432,▼,8
C19d35e26c640cf0d9dd,★,17
C19d35e26c652fba77d9,dl,7
C19d35e26c652fba77d9,st,7
C19d35e26c6662699b8c,▽,2
C19d35e26c67415405b3,▽,5
C19d35e26c69c4bb9837,▽,12-
C19d35e26c708980fb83,sr,7
C19d35e26c71467114c4,★★,3
C19d35e26c727cb8e621,ξ,10
C19d35e26c735ffc3326,sl,6
C19d35e26c806838a560,▼,12
C19d35e26c84f9dc58ef,sl,2
C19d35e26c9045bf9823,h◎,-1
C19d35e26c91b6d2d6f1,h◎,4
C19d35e26c943b30c942,h◎,7
C19d35e26cb080cb0f49,h◎,6
C19d35e26cb12b1008fc,st,2
C19d35e26cb22ea4fbc1,st,6
C19d35e26cc72fe8bf50,ln,22
C19d35e26cc72fe8bf50,◆,22
C19d35e26ccae332cef8,▼,11
C19d35e26ccf1cf641c5,dl,9
C19d35e26ccf1cf641c5,st,9
C19d35e26cd02ff6876c,dl,1
C19d35e26cdb8d551f92,◆◆,12
C19d35e26cdd11dd0516,▼,5
C19d35e26cdf5966a9ca,ξ,6
C19d35e26ce65f7a3386,▽,11
C19d35e26ce8408c5f82,双,1
C19d35e26cf583281f31,ln,25
C19d35e26cf92dd592ce,Ude,12
C19d35e26cf92dd592ce,▼,18
C19d35e26cf92dd592ce,★,18
C19d35e26d026fa2779b,▽,10
C19d35e26d03ec88fff6,▽,9
C19d35e26d055012d678,▽,4
C19d35e26d0bb9afd41b,Ude,3
C19d35e26d0bb9afd41b,sl,3
C19d35e26d28319c795f,▼,11
C19d35e26d2db183a945,sl,4
C19d35e26d2db183a945,乱打,4
C19d35e26d3dfdd00c8f,双,0
C19d35e26d44613019f2,★,20
C19d35e26d4a2f3d0ebe,sl,12
C19d35e26d4c41fa679a,dl,6
C19d35e26d5585633f79,sr,10
C19d35e26d5585633f79,☆,10
C19d35e26d57f5abf3ac,so,2
C19d35e26d57f5abf3ac,▼,3
C19d35e26d59aae7fdbe,▼,7
C19d35e26d5a644bff15,st,2
C19d35e26d5a644bff15,重発狂,1
C19d35e26d635cd9ea2f,st,0
C19d35e26d76b00a2952,sl,12
C19d35e26d76b00a2952,乱打,11
C19d35e26d776d829e68,st,3
C19d35e26d776d829e68,重発狂,3
C19d35e26d799d03c9c0,sr,8
C19d35e26d7a303f7880,sr,11
C19d35e26d96e2c8dc52,sl,0
C19d35e26d96e2c8dc52,sr,11
C19d35e26d96e2c8dc52,乱打,0
C19d35e26d987e9a403d,sr,5
C19d35e26d9926812057,ξ,6
C19d35e26da4889c3ed4,▽,4
C19d35e26da61bd5beae,▽,7
C19d35e26da73dcf5bc1,▽,1
C19d35e26dbb2e4c2df6,sr,8
C19d35e26dbd9345aa43,▼,6
C19d35e26dc34fcfb12b,☆,13
C19d35e26de23823e329,h◎,4
C19d35e26de5974b8851,h◎,3
C19d35e26dee65cd5a36,sl,10
C19d35e26dee65cd5a36,乱打,10
C19d35e26df2ddd86f04,sr,5
C19d35e26df33a2dbfb6,ln,27
C19d35e26df65fdff6e5,st,7
C19d35e26df65fdff6e5,重発狂,7
C19d35e26dfc0aa0c2af,▽,3
C19d35e26dfdf7f59b77,▽,6
C19d35e26dfe451544dc,▽,10
C19d35e26e00b06fe7d2,st,1
C19d35e26e00b06fe7d2,重発狂,1
C19d35e26e0186ace5c8,▼,20
C19d35e26e039106bb3f,sl,10
C19d35e26e0485499fb8,st,6
C19d35e26e0ae75b4cd5,sr,9
C19d35e26e0c3880e538,▼,5
C19d35e26e109414325e,sr,2
C19d35e26e16fef482ef,st,2
C19d35e26e18f3312b37,★,10
C19d35e26e24587d6ce9,▽,10
C19d35e26e256edf27f0,▽,2
C19d35e26e2690fa1cad,▽,6
C19d35e26e275f18493e,▽,5
C19d35e26e30674fb241,SB,5
C19d35e26e30674fb241,▼,13
C19d35e26e48237aa1a3,☆,8
C19d35e26e4d67afbf5d,▼,4
C19d35e26e4f4cd61d8d,▼,2
C19d35e26e5b987f9ec4,sl,12
C19d35e26e5b987f9ec4,乱打,12
C19d35e26e5d65226a97,▼,6
C19d35e26e5e9d08f4bc,st,2
C19d35e26e5e9d08f4bc,重発狂,2
C19d35e26e628e34f3c5,sr,6
C19d35e26e674ea341d5,h◎,5
C19d35e26e76306e3e9a,h◎,5
C19d35e26e7736b31b3f,h◎,12
C19d35e26e786f28a5c5,★,20
C19d35e26e88d7c2ecbd,★★,2
C19d35e26e8bb688bdd0,dl,-1
C19d35e26e8bb688bdd0,★,19
C19d35e26e92f35cc94c,ln,9
C19d35e26e9bee07a204,☆,11
C19d35e26e9c9a60c27e,Ude,11
C19d35e26e9c9a60c27e,sl,11
C19d35e26e9dec352791,Ude,3
C19d35e26e9dec352791,sl,3
C19d35e26ec1164f8cb2,sl,8
C19d35e26ec2fc70545b,sr,11
C19d35e26ec2fc70545b,▽,11
C19d35e26ec3816a3d6a,sl,5
C19d35e26ec40a724301,sr,2
C19d35e26ec40a724301,▽,8
C19d35e26ec54cb4a5d8,▽,3
C19d35e26ece723360ca,sr,4
C19d35e26ecff56d75dd,sr,12
C19d35e26ed3a2a0c1ae,▽,6
C19d35e26ed4fd3a093a,☆,10
C19d35e26ed6fa684c02,sl,2
C19d35e26ef56a0cdcd5,Ude,Ude6 (sub)
C19d35e26ef56a0cdcd5,sl,6
C19d35e26ef9d5cae60f,fr,2
C19d35e26ef9d5cae60f,▼,3
C19d35e26efb29085dc8,sr,?
C19d35e26efb29085dc8,▽,10
C19d35e26efc2f249db9,ξ,?
C19d35e26efc2f249db9,▽,8
C19d35e26efda4741680,sl,10
C19d35e26efda4741680,▼,16
C19d35e26efe0802e5eb,▼,9
C19d35e26f0234a25ef9,★,7
C19d35e26f461f7653d4,st,0
C19d35e26f461f7653d4,重発狂,0
C19d35e26f4a662039a6,◆,23
C19d35e26f4a662039a6,◆◆,10
C19d35e26f77a915b5a6,★,1
C19d35e26f77a915b5a6,乱打,0
C19d35e26f7b06af1e93,★,8
C19d35e26f7b06af1e93,乱打,5
C19d35e26f81968ac232,★,18
C19d35e26f81968ac232,乱打,11
C19d35e26f9d68cf687f,▼,12
C19d35e26fb70b67f9d2,◆,7
C19d35e26fb8901d869f,Ude,4
C19d35e26fc10e5eb520,Ude,2
C19d35e26fc10e5eb520,sl,2
C19d35e26fc638d3e34a,▽,9
C19d35e26fcb044e25bb,ln,9
C19d35e26fcb044e25bb,◆,9
C19d35e26fcc633da963,▽,7
C19d35e26fd1f979016b,ln,17
C19d35e26fd2cc52d14d,▽,2
C19d35e26fd2cc52d14d,☆,3
C19d35e26fd67b9e96bc,◆◆,5
C19d35e26fda2a91e57d,ln,17
C19d35e26fda2a91e57d,◆,17
C19d35e26fda2a91e57d,◆◆,4
C19d35e26fe38e98b0d5,★,7
C19d35e26fecf96f4c2e,★,22
C19d35e26fecf96f4c2e,★★,2
C19d35e26ff3e74dc4ea,★,19
C19d35e26ff95226ce48,▽,6
C19d35e27003b1fffd33,sr,12
C19d35e270046de43454,▼,3
C19d35e27005df29e0b4,sr,6
C19d35e2700962a6d7c6,双,5
C19d35e2700a92746f07,双,4
C19d35e2700ce58f14f6,双,5
C19d35e27012bbb87fcb,ξ,2
C19d35e2701ca224df5a,ξ,7
C19d35e2701f296aa03b,sl,6
C19d35e2701f296aa03b,乱打,6
C19d35e2703b53252227,★,15
C19d35e2704bb72aa803,▽,4
C19d35e2704cb613ced6,▽,7
C19d35e2704d2cab4372,▽,10
C19d35e2704e6757e33f,▽,12-
C19d35e2704e6757e33f,◆,5
C19d35e2705eb93972b3,▽,8
C19d35e2705f5b1ffe67,▽,6
C19d35e27060eb3f6d85,▽,1
C19d35e270612d25b80f,Ude,11
C19d35e270612d25b80f,sl,11
C19d35e270612d25b80f,▼,15
C19d35e27067d8ef3545,sl,1
C19d35e27067d8ef3545,▼,1
C19d35e27068cd88f981,ξ,4
C19d35e27068cd88f981,▽,3
C19d35e2706c256e8214,sr,8
C19d35e2706c256e8214,▽,10
C19d35e270737910354c,ξ,13
C19d35e270737910354c,▽,6
C19d35e270741e819844,▼,9
C19d35e27075744cdc5d,st,3
C19d35e27075744cdc5d,重発狂,3
C19d35e270762d7747b6,★,12
C19d35e270762d7747b6,乱打,7
C19d35e270773572c7a2,ln,13
C19d35e2707aa6750f80,sl,12
C19d35e2707aa6750f80,乱打,12
C19d35e2707d7d819c05,▼,3
C19d35e27081c634e55e,st,1
C19d35e270868c7a8561,sr,13
C19d35e270868c7a8561,▽,12
C19d35e27087dda74de4,▽,3
C19d35e270887cc2e33e,sr,8
C19d35e270887cc2e33e,▽,10
C19d35e27089d92d4a70,★,17
C19d35e2708b54c17710,sr,0
C19d35e2708b54c17710,▽,7
C19d35e2708ddd39bd4c,★,21
C19d35e2708ddd39bd4c,双,1
C19d35e2709158af6867,sl,0
C19d35e2709158af6867,乱打,0
C19d35e270945c53eea2,ln,20
C19d35e2709e979a1a38,ξ,8
C19d35e2709e979a1a38,▽,4
C19d35e270a00e96036e,sr,4
C19d35e270a152e98564,sr,11
C19d35e270a446f20253,sl,2
C19d35e270a446f20253,▼,3
C19d35e270a446f20253,乱打,2
C19d35e270b098a74a13,◆,22
C19d35e270b4596dec9b,▼,1
C19d35e270b59ac5f98f,▽,10
C19d35e270b6ce8b4a92,▽,5
C19d35e270b73dd8f760,▽,8
C19d35e270d15bd60b05,▼,6
C19d35e270d3cad0f68b,▼,2
C19d35e270e5e03b2293,fr,11
C19d35e270e5e03b2293,双,5
C19d35e270e9a0fcc493,sl,0
C19d35e270e9a0fcc493,▽,12-
C19d35e270ea156d0f88,▽,2
C19d35e270ef18e8e678,▽,11
C19d35e270ef18e8e678,☆,10
C19d35e270f1cbfb42b3,▽,6
C19d35e270f4adbb7ce2,★,5
C19d35e270f4adbb7ce2,乱打,4
C19d35e270f73f001a7d,sl,12
C19d35e270f73f001a7d,乱打,12
C19d35e270fd82474e49,▼,10
C19d35e270fd82474e49,乱打,8
C19d35e270fef4b57683,乱打,3
C19d35e270ff4684befd,☆,11
C19d35e270ff4684befd,乱打,0
C19d35e271030b6d3874,st,4
C19d35e271030b6d3874,重発狂,4
C19d35e27107697d6caa,sl,12
C19d35e27107697d6caa,★,19
C19d35e27107697d6caa,乱打,12
C19d35e2710b08511cbc,▼,1
C19d35e2710ed61ed56b,▽,7
C19d35e2710fe4fd478c,▽,5
C19d35e27113a0b75dbe,◆,14
C19d35e271270f157991,dy,3
C19d35e271270f157991,st,8
C19d35e2713255ffed06,sl,0
C19d35e271352ef2787b,sl,5
C19d35e271352ef2787b,乱打,5
C19d35e2713701312513,sl,11
C19d35e2713701312513,乱打,11
C19d35e2713daccede01,乱打,1
C19d35e27140012c6528,sr,?
C19d35e27140012c6528,▽,9
C19d35e27142879ae75f,sr,?
C19d35e27142879ae75f,▽,11
C19d35e271466ebc82cf,▼,?
C19d35e27152c03e2f76,ln,10
C19d35e27152c03e2f76,◆,10
C19d35e27157806f3236,dl,3
C19d35e27157806f3236,▼,22
C19d35e2715890e709f4,dl,7
C19d35e27161573f3c9a,双,5
C19d35e27162099357cb,▼,13
C19d35e2717545cd7541,dl,1
C19d35e2718a001dd0cf,sr,?
C19d35e2718b4f0adc85,dl,-2
C19d35e2718c8da8c6d7,dl,4
C19d35e2718c8da8c6d7,st,4
C19d35e27190da3fb412,sr,5
C19d35e27194caeb2fdf,sl,9
C19d35e27194caeb2fdf,乱打,8
C19d35e271a603b47cb9,◆,15
C19d35e271ac0ff641b0,重発狂,0
C19d35e271ada81e8cd1,sl,4
C19d35e271ada81e8cd1,乱打,4
C19d35e271c0dd0a16c9,☆,3
C19d35e271db457fe9f0,st,4
C19d35e271db457fe9f0,重発狂,4
C19d35e271f88464e3d6,ξ,4
C19d35e271fa9b35bfa6,ξ,8
C19d35e27211d8537c13,▼,7
C19d35e27232cc43420b,★,24
C19d35e2723338347d30,ξ,10
C19d35e2723bd2dc373c,sl,8
C19d35e2723bd2dc373c,乱打,8
C19d35e2723eb7c84bfe,▼,21
C19d35e2723eb7c84bfe,重発狂,3
C19d35e2723fdd15a270,fr,1
C19d35e272405176e334,st,0
C19d35e272405176e334,重発狂,0
C19d35e27241d2d35ed7,sl,0
C19d35e27241d2d35ed7,sr,13
C19d35e27241d2d35ed7,乱打,0
C19d35e27242416c9dc9,sr,6
C19d35e27242416c9dc9,☆,9
C19d35e272463397125f,◆,19
C19d35e27247a81cb2a7,fr,11
C19d35e2724e5c4f6baa,★★,5
C19d35e2726a8e7e450c,★,8
C19d35e2727167da9ea2,ξ,12
C19d35e272764f4ab982,▼,13
C19d35e2727ee369732c,h◎,3
C19d35e2727fa29fff4b,h◎,4
C19d35e27280fdcd5d30,h◎,1
C19d35e272868118c8c9,Ude,5
C19d35e272868118c8c9,▼,4
C19d35e27289d45b8be5,Ude,7
C19d35e27289d45b8be5,★,14
C19d35e2728bd08d5048,sr,?
C19d35e2728bd08d5048,▽,11
C19d35e27293738f0d95,ξ,4
C19d35e27293738f0d95,▽,3
C19d35e2729493bafc7b,▽,6
C19d35e2729555139d28,sr,8
C19d35e2729555139d28,▽,10
C19d35e272969fb9f2a9,▼,4
C19d35e272971bde31d6,st,4
C19d35e272971bde31d6,重発狂,4
C19d35e272a0d2e891ab,Ude,2
C19d35e272a0d2e891ab,sl,2
C19d35e272a190626752,st,0
C19d35e272b2237d76ba,★,5
C19d35e272b372c70105,sr,13
C19d35e272b4ae382501,sr,6
C19d35e272be518f9ccf,◆,11
C19d35e272c4a237f2e8,▼,20
C19d35e272c4a237f2e8,★,20
C19d35e272cbfcf03b20,Ude,6
C19d35e272cbfcf03b20,sl,6
C19d35e272d03923bf04,sl,2
C19d35e272d90bf24837,▼,4
C19d35e272db931a7786,▽,12
C19d35e272def0c50abb,▽,10
C19d35e272e0131f7692,▽,2
C19d35e272e1f7a9aa6d,▽,5
C19d35e272e40259f0bd,◆,2
C19d35e272f4bd03598a,sr,11
C19d35e272fb32d8283f,sr,8
C19d35e2731621d11fb6,▼,6
C19d35e273175049aaed,sl,5
C19d35e2731c1483db70,★,21
C19d35e2731c1483db70,双,1
C19d35e2732a8020cbb5,ξ,3
C19d35e2732b332c8769,sr,9
C19d35e2732cecfd2ffa,sr,1
C19d35e2732d61ea7173,sl,5
C19d35e2732d61ea7173,乱打,5
C19d35e273359989655f,st,2
C19d35e273359989655f,重発狂,2
C19d35e27342154171bf,▽,12
C19d35e273431ca63aa6,▽,10
C19d35e2734414d69151,▽,5
C19d35e27345339595ec,▼,4
C19d35e273597ec5c906,★★,5
C19d35e2735a11759a41,★,7
C19d35e2737132cd6c7f,sr,5
C19d35e27372219093b5,sr,13
C19d35e27389003b1cdb,st,2
C19d35e27389003b1cdb,双,2
C19d35e2738b1eabc862,双,5
C19d35e2738d9e0b0604,ln,16
C19d35e2738f128763e8,ln,19
C19d35e273907c159ed6,ln,25
C19d35e27397f7daae88,ln,15
C19d35e27397f7daae88,◆◆,3
C19d35e273a6948f754c,▽,4
C19d35e273a715606345,▽,8
C19d35e273ab0fb310b3,▽,10
C19d35e273aff9cf9053,▽,12-
C19d35e273b0980af904,st,2
C19d35e273b0980af904,双,1
C19d35e273c0d4efa5e5,sl,3
C19d35e273d2b12f6c7d,ξ,13
C19d35e273d4b00b401c,sr,7
C19d35e273d64133aa72,sl,1
C19d35e273d64133aa72,sr,13
C19d35e273d85971ece7,sl,5
C19d35e273e77efc9902,sl,11
C19d35e273e77efc9902,乱打,11
C19d35e273e9c115ce80,st,5
C19d35e273e9c115ce80,重発狂,5
C19d35e273ea29c147b4,st,3
C19d35e273ea29c147b4,重発狂,3
C19d35e273ebb9ade4fa,sl,5
C19d35e273ebb9ade4fa,乱打,5
C19d35e273f9169ff32d,dl,2
C19d35e273f9169ff32d,★★,2
C19d35e273fa1c850167,◆◆,6
C19d35e27400deac5826,Ude,Ude12 (sub)
C19d35e2740df363fee5,▽,7
C19d35e2741363b6e214,◆,5
C19d35e2742c7e076e17,◆,17
C19d35e2742d73070a66,▼,5
C19d35e274311c01aef7,sl,1
C19d35e2743380f2927b,sr,0
C19d35e27434cd88f8bf,sr,5
C19d35e274354a230a62,sr,9
C19d35e2744648083f13,★,5
C19d35e27448e1e75c86,dl,11
C19d35e27448e1e75c86,dy,6
C19d35e27448e1e75c86,st,11
C19d35e2744d7cb25e3c,sr,10
C19d35e2744f069022f2,sr,0
C19d35e274515b17f412,ξ,3
C19d35e2746fd4857fcf,乱打,6
C19d35e27470265d58b6,st,1
C19d35e27470265d58b6,重発狂,1
C19d35e274805768d21d,sr,9
C19d35e274805768d21d,▽,10
C19d35e27482b83f2c49,▽,2
C19d35e2748586835394,▼,5
C19d35e274892c68b524,sr,2
C19d35e274892c68b524,▽,8
C19d35e2748e7da3eda0,◆,7
C19d35e27490497e35cf,▽,4
C19d35e2749304a02d9b,ln,19
C19d35e2749304a02d9b,◆,19
C19d35e2749304a02d9b,◆◆,6
C19d35e274949f770d32,ln,17
C19d35e274949f770d32,◆◆,4
C19d35e2749f2cf6a650,sl,2
C19d35e274aab46aad5e,▽,6
C19d35e274ab4928756b,▽,8
C19d35e274ada7890073,▽,9
C19d35e274ae92583364,st,5
C19d35e274b5ed61b868,Ude,5
C19d35e274b5ed61b868,sl,5
C19d35e274c192a76f33,▽,7
C19d35e274c21f938454,▽,12
C19d35e274c4051b1a82,▽,4
C19d35e274cba0518297,sr,13
C19d35e274ccf1ae9c85,sr,9
C19d35e274cd90510193,ξ,13
C19d35e274ce98766802,sl,4
C19d35e274d768c9e4e7,▼,19
C19d35e274dcc63113b4,◆,11
C19d35e274e1e66e5f56,fr,2
C19d35e274e41244bf8a,ln,16
C19d35e274eb39a527f9,dl,1
C19d35e274eb39a527f9,st,0
C19d35e274ecf6f1031d,dl,8
C19d35e274ecf6f1031d,dy,？
C19d35e274ff8f7298a2,sr,2
C19d35e274ff8f7298a2,▽,8
C19d35e2750084ea75a9,◆,2
C19d35e2750191ea55b9,sr,7
C19d35e2750191ea55b9,▽,10
C19d35e2750333dc78ce,▼,3
C19d35e275180b3dd203,st,5
C19d35e275180b3dd203,双,4
C19d35e2751ce5a0f7b6,◆,14
C19d35e2751ea3b5614e,sr,2
C19d35e2751ea3b5614e,☆,8
C19d35e2752069907bc5,sr,11
C19d35e275219cd2b0ce,Ude,10
C19d35e275219cd2b0ce,sl,10
C19d35e2752e08fc7df2,sl,12
C19d35e2755225795308,▼,3
C19d35e275531b852993,▼,12
C19d35e27559262ada8f,▽,5
C19d35e2755a83136adc,▽,3
C19d35e2755d52ebbe62,▼,19
C19d35e27560f998a284,▼,23
C19d35e2757262b4614c,★,12
C19d35e27579bc416f7b,▼,16
C19d35e27580f864aff3,dl,7
C19d35e27580f864aff3,★★,5
C19d35e2759a3a346f55,◆,13
C19d35e2759e2d659f28,▼,3
C19d35e275a2a2f6712d,▽,4
C19d35e275d7922c7a43,sr,0
C19d35e275d7922c7a43,▽,7
C19d35e275d85d529ecf,st,1
C19d35e275d85d529ecf,双,2
C19d35e275db23dcf341,ξ,7
C19d35e275e4363f766a,sr,3
C19d35e275e5917899ec,sr,11
C19d35e275e831e0c701,st,4
C19d35e275e831e0c701,双,3
C19d35e275e95a3da698,dl, BEGINNER
C19d35e275e95a3da698,★,11
C19d35e275f9beb53c7c,st,5
C19d35e2760d65090e85,sl,4
C19d35e2760d65090e85,乱打,4
C19d35e27619a2fc07c6,ξ,3
C19d35e2761c0eb0f536,ξ,8
C19d35e27623ec51e471,dl,-2
C19d35e276252357cd79,▽,5
C19d35e27628d14b364a,▼,11
C19d35e2762effcefcf4,dl,2
C19d35e2762effcefcf4,st,2
C19d35e2762f794ce6b1,sr,12
C19d35e2762f794ce6b1,▽,11+
C19d35e2762f794ce6b1,☆,11
C19d35e276300e68b300,dl,-2
C19d35e276300e68b300,sl,10
C19d35e27632641a69a2,▼,7
C19d35e27637feee4b71,ln,15
C19d35e27638362dba75,dl,1
C19d35e2763abbbe6bcd,dl,3
C19d35e2763b83429f8c,dl,12
C19d35e2763dd7392136,dl,9
C19d35e2763dd7392136,★★,5
C19d35e2763fbb3d5fd9,dl,6
C19d35e27641a502cbe1,dl,5
C19d35e276441b74d743,sl,4
C19d35e2764c6620ed87,h◎,16
C19d35e2764f3858c597,ln,18
C19d35e276549ca962e2,sl,0
C19d35e276549ca962e2,sr,11
C19d35e276549ca962e2,乱打,0
C19d35e27656d9d9a17d,sr,5
C19d35e2767297c47882,▽,6
C19d35e276763602b06b,ξ,7
C19d35e2767bc7b436e0,◆,4
C19d35e2767ce3ab1a5b,双,5
C19d35e27695ee3df17e,★,5
C19d35e2769703dc4a39,ln,13
C19d35e276aca2a95763,◆,5
C19d35e276b946f47444,Ude,11
C19d35e276b946f47444,★,18
C19d35e276c4c901d731,Ude,1
C19d35e276d0984a2f34,双,2
C19d35e276d685e3b802,sl,2
C19d35e276e6932a5195,双,4
C19d35e2771018afb304,☆,8
C19d35e277137d499758,▽,9
C19d35e27714b0311726,▽,6
C19d35e27715a16fd41f,▽,11+
C19d35e277168599ca1c,st,3
C19d35e277168599ca1c,★★,2
C19d35e277182488000b,SB,6
C19d35e277182488000b,▼,16
C19d35e2771b2a5e8727,fr,9
C19d35e2772813102ffe,▽,3
C19d35e2774f4250fb95,◆◆,4
C19d35e277573fb29302,★,20
C19d35e2776accd2fcc2,▼,15
C19d35e2776df5f81912,▼,5
C19d35e2776df5f81912,☆,13
C19d35e2776fa3a3af4c,ln,11
C19d35e27770f00c79ba,ln,8
C19d35e27770f00c79ba,◆,8
C19d35e27772c63c39c5,ξ,7
C19d35e277733fa8ec12,sl,3
C19d35e277733fa8ec12,乱打,3
C19d35e27776773c382a,★★,4
C19d35e2777837a91b87,▼,14
C19d35e2777aaf86186e,fr,1
C19d35e2777aaf86186e,sr,11
C19d35e2777de71167be,★,8
C19d35e2777de71167be,乱打,5
C19d35e27780df9b6c89,ln,22
C19d35e27780df9b6c89,◆,22
C19d35e27780df9b6c89,◆◆,10
C19d35e27785a6a10df3,▽,5
C19d35e27788e38ee840,▽,11
C19d35e2778d463b87c2,dl,3
C19d35e2778d463b87c2,st,3
C19d35e2778e929cca38,▼,13
C19d35e27796830d382e,sr,11
C19d35e27796830d382e,▽,11
C19d35e27798274e1acc,sr,5
C19d35e27798274e1acc,▽,9
C19d35e277997a41b959,▽,6
C19d35e277af62ab68a0,▽,4
C19d35e277b7433e7fb1,双,2
C19d35e277c190fec3b7,▼,2
C19d35e277c55eb4f8f7,▽,10
C19d35e277c624ecab57,▽,8
C19d35e277c71b4860b8,▽,3
C19d35e277c85f9ec252,sl,3
C19d35e277c85f9ec252,乱打,3
C19d35e277e87dd53ed7,双,0
C19d35e277f1cc21eddb,st,0
C19d35e277f1cc21eddb,双,0
C19d35e277f8a3cad7d4,dl,9
C19d35e277fef0a6e7d8,▽,11
C19d35e27800e13bf9c0,sl,8
C19d35e27800e13bf9c0,▼,12
C19d35e27802d14e6e1f,◆,11
C19d35e278163954fca7,ξ,6
C19d35e278163954fca7,▽,3
C19d35e2781bd2087a70,ln,7
C19d35e27822d0ee676a,st,2
C19d35e27822d0ee676a,重発狂,2
C19d35e278287f5da4f0,☆,1
C19d35e2782c7b61fd02,▽,11
C19d35e2782dd0ff8c3d,▽,9
C19d35e2782e093558a9,Ude,5
C19d35e2782e093558a9,sl,5
C19d35e2782e093558a9,▼,10
C19d35e2782f91ed6e57,▽,12+
C19d35e278309655235b,▽,5
C19d35e27850eb45f51b,st,2
C19d35e27850eb45f51b,双,1
C19d35e278625e8fa50b,sl,7
C19d35e278625e8fa50b,▼,11
C19d35e278625e8fa50b,乱打,7
C19d35e27863f678a85a,sl,12
C19d35e27863f678a85a,乱打,12
C19d35e2786425a63ebe,st,3
C19d35e2786425a63ebe,▼,23
C19d35e2786425a63ebe,重発狂,3
C19d35e2786a39a39d23,st,4
C19d35e2786a39a39d23,重発狂,4
C19d35e278799c5a44d3,st,1
C19d35e278799c5a44d3,重発狂,1
C19d35e278987a8df108,sr,2
C19d35e278987a8df108,▽,7
C19d35e278a058634f9a,▽,2
C19d35e278a27aa810ff,Ude,9
C19d35e278a27aa810ff,sl,9
C19d35e278a3fd0636f6,st,4
C19d35e278a3fd0636f6,双,4
C19d35e278a5870570c8,▼,4
C19d35e278a5870570c8,★,4
C19d35e278a6f507c6ad,▽,4
C19d35e278a8c6370c32,ln,6
C19d35e278ba8f022254,sl,4
C19d35e278bb32706747,sr,9
C19d35e278bc4ae8cb45,sl,0
C19d35e278bc4ae8cb45,sr,13
C19d35e278bc4ae8cb45,乱打,0
C19d35e278bd73da1d9a,ξ,8
C19d35e278c5a8642bf5,双,4
C19d35e278c6821ac798,sl,0
C19d35e278c6821ac798,sr,12
C19d35e278c6821ac798,乱打,0
C19d35e278ca81a6e1df,sr,3
C19d35e278cb1fc06035,sr,9
C19d35e278ce0354e2d7,双,5
C19d35e278d3e9b3f0b6,sr,8
C19d35e278d3e9b3f0b6,▽,10
C19d35e278d49f8f6c6e,▽,1
C19d35e278d6b9d37c8b,★,3
C19d35e278e072cdd6db,sr,4
C19d35e278e072cdd6db,▽,8
C19d35e278e32c6aa3da,▽,4
C19d35e278e5019c2017,◆,8
C19d35e278e6a2e3d61e,st,5
C19d35e2790480cea3b8,▽,12+
C19d35e279074f07a5cc,▽,11+
C19d35e27908cdc37167,▼,10
C19d35e2790a20afad23,▽,6
C19d35e2790c8454eef9,sn,9
C19d35e27923b7d03bb8,双,4
C19d35e27924b85f657e,▼,8
C19d35e279318cf116ac,▽,2
C19d35e27932275291b8,▽,5
C19d35e279337a0bd626,▽,7
C19d35e279349aae40bb,▽,11
C19d35e2793565627bb4,▽,12+
C19d35e27936d9880fad,▼,18
C19d35e27939d3d45c06,st,5
C19d35e27958311c0fde,▽,8
C19d35e2795983ba5991,▽,11
C19d35e2795adb2da344,▽,1
C19d35e2795bd52d0978,▽,5
C19d35e2795c88a2eb32,▽,2
C19d35e27975f8a5e812,Ude,12
C19d35e27975f8a5e812,sl,12
C19d35e2797646a0dce5,▼,18
C19d35e2797e4928046a,fr,2
C19d35e2798a598113ad,▼,6
C19d35e2798e6698367a,▼,8
C19d35e2798fa89c43bf,★★,6
C19d35e279913760b200,▽,10
C19d35e27992fc55d063,▽,4
C19d35e279b155cdb4aa,▽,11
C19d35e279b683b0db11,▼,11
C19d35e279b966010895,▽,10
C19d35e279bb929e5ac3,▽,5
C19d35e279bb929e5ac3,☆,5
C19d35e279bd59efcd8a,dl,dl7 (sub)
C19d35e279c3077972c7,ln,14
C19d35e279c48126abdb,◆,18
C19d35e279c77adf6719,▼,9
C19d35e279cb343a6a7d,ln,11
C19d35e279d1d04cebed,ξ,12
C19d35e279d497c3bcc3,双,2
C19d35e279d5504367e5,双,3
C19d35e279ebca0ce315,sr,12
C19d35e279ebca0ce315,▽,11+
C19d35e279ecd75f333a,▽,3
C19d35e279fac4f89040,sr,3
C19d35e279fac4f89040,▽,8
C19d35e279fe58d8df83,◆,5
C19d35e27a009b349287,▽,5
C19d35e27a011745b1bc,so,11
C19d35e27a027198c1ac,★,3
C19d35e27a0664e78701,h◎,6
C19d35e27a07beea50ea,ξ,9
C19d35e27a1d52a9b83f,★★,3
C19d35e27a2243461f9a,st,0
C19d35e27a522d9dbfbd,sl,4
C19d35e27a536ffb17a7,▽,11+
C19d35e27a5421928a78,★,2
C19d35e27a578cd69aa4,▽,9
C19d35e27a578cd69aa4,☆,9
C19d35e27a5895b213b0,st,10
C19d35e27a5895b213b0,双,6
C19d35e27a5a04d99a17,▽,6
C19d35e27a5c9822b696,▼,13
C19d35e27a6c3483191d,▽,9
C19d35e27a6d95870c03,▼,2
C19d35e27a6f4c2ef6b2,▽,3
C19d35e27a7557c5d6e8,▽,10
C19d35e27a77fe7176e5,▽,6
C19d35e27a78504e6f22,▽,1
C19d35e27a7926636b56,▼,8
C19d35e27a81e84932df,☆,13
C19d35e27a9cd3c683fd,st,2
C19d35e27a9df23709ab,sl,5
C19d35e27a9df23709ab,乱打,5
C19d35e27a9e19ded6da,dy,1
C19d35e27ab7069d47ac,◆,17
C19d35e27ab9ce587abd,dl,8
C19d35e27ab9ce587abd,★★,5
C19d35e27ac3604415f4,h◎,2
C19d35e27acf884d2c5c,st,5
C19d35e27adc2367f802,▼,17
C19d35e27b0d7b50ba70,▽,10
C19d35e27b0f16bb3cb4,▽,11
C19d35e27b0f16bb3cb4,☆,11
C19d35e27b12ff5bcf32,▽,7
C19d35e27b132e61f72a,▼,2
C19d35e27b14c63c8ebf,ln,15
C19d35e27b14c63c8ebf,◆◆,1
C19d35e27b19c7fcfd91,▼,18
C19d35e27b249fde0965,☆,9
C19d35e27b2588721b93,ln,11
C19d35e27b2588721b93,◆,11
C19d35e27b3fc2d61a95,Ude,1
C19d35e27b461dec0cdf,sr,11
C19d35e27b461dec0cdf,▽,11
C19d35e27b471cfbaf90,sr,8
C19d35e27b4810232751,sr,2
C19d35e27b4a0c0afb30,Ude,1
C19d35e27b4a0c0afb30,sl,1
C19d35e27b55ba69e395,ln,15
C19d35e27b7da14a915e,Ude,0
C19d35e27b7da14a915e,sl,0
C19d35e27b7da14a915e,sr,10
C19d35e27b7e4f856116,sr,2
C19d35e27b818480f394,Ude,11
C19d35e27b818480f394,sl,11
C19d35e27b82f97d65a8,st,3
C19d35e27ba351c77fea,ξ,6
C19d35e27ba418901d3a,sl,4
C19d35e27ba418901d3a,乱打,4
C19d35e27bc854ebfb75,☆,11
C19d35e27bce5459886e,★,12
C19d35e27be1ee9473c2,st,9
C19d35e27beac2329f61,★★,4
C19d35e27bebc6bf78cb,★,13
C19d35e27bee45a3acc8,ln,20
C19d35e27bee45a3acc8,◆,19
C19d35e27bee45a3acc8,◆◆,7
C19d35e27c0658d65fc6,st,1
C19d35e27c0658d65fc6,双,1
C19d35e27c0e57bd6ebd,▼,6
C19d35e27c1248ad2dfc,▽,12
C19d35e27c1342a7bb84,★★,2
C19d35e27c1342a7bb84,双,2
C19d35e27c1693325e6c,▽,6
C19d35e27c29853f3e81,h◎,-1
C19d35e27c2bc7d25e0c,sr,12
C19d35e27c2bc7d25e0c,▽,11+
C19d35e27c2cf705207a,▽,2
C19d35e27c2d09b7309a,▼,6
C19d35e27c2e78479ed8,sr,6
C19d35e27c2e78479ed8,▽,9
C19d35e27c31cc900855,★,18
C19d35e27c333428ddc1,dy,1
C19d35e27c34cc30bbc6,▽,6
C19d35e27c363ed36663,st,3
C19d35e27c375e7b7e43,乱打,12
C19d35e27c394bb1a09c,ln,24
C19d35e27c41e1e9c944,重発狂,5
C19d35e27c4212b403a5,sl,10
C19d35e27c4a68af03e7,ξ,12
C19d35e27c507d9a3676,sl,4
C19d35e27c521c6e8772,◆,4
C19d35e27c6223c92d5b,h◎,10
C19d35e27c63d0f6236d,h◎,5
C19d35e27c6d508d640d,h◎,7
C19d35e27c731d1a9fb6,★,12
C19d35e27c76585aa9c7,▼,2
C19d35e27c8b0416bf83,sl,0
C19d35e27c8b0416bf83,sr,12
C19d35e27c8b0416bf83,▽,11+
C19d35e27c8b0416bf83,乱打,0
C19d35e27c8c83659d9a,sl,0
C19d35e27c8ddf5cb9d0,Ude,Ude2 (sub)
C19d35e27c8ddf5cb9d0,sl,2
C19d35e27c8e19e84153,sl,10
C19d35e27c8fa27f0ae6,sl,0
C19d35e27c90d4e2d31d,sl,3
C19d35e27c90d4e2d31d,乱打,3
C19d35e27c91c8737356,Ude,Ude2 (sub)
C19d35e27c91c8737356,sl,2
C19d35e27c92595e26cc,sl,6
C19d35e27c92595e26cc,乱打,5
C19d35e27c937da003e0,sl,9
C19d35e27c937da003e0,乱打,9
C19d35e27c944b96ffd8,sl,6
C19d35e27c95e515ad20,sl,1
C19d35e27c96ee05ae42,sl,2
C19d35e27c97020f6cfe,sl,0
C19d35e27c97020f6cfe,sr,13
C19d35e27c9858488088,sl,4
C19d35e27c9858488088,乱打,4
C19d35e27c9981547375,dl,-2
C19d35e27c9981547375,sl,11
C19d35e27c9a10741f56,sl,5
C19d35e27c9b9614eae5,sl,0
C19d35e27c9b9614eae5,▽,11
C19d35e27c9b9614eae5,乱打,0
C19d35e27c9c0b02fbce,sl,0
C19d35e27c9d708ab291,sl,1
C19d35e27c9eb1b3ea31,sl,0
C19d35e27c9eb1b3ea31,乱打,0
C19d35e27c9f7384f53d,sl,7
C19d35e27ca0755a29c4,Ude,7
C19d35e27ca0755a29c4,sl,7
C19d35e27ca1dc4b3721,sl,0
C19d35e27ca2226cb54b,sl,1
C19d35e27ca2226cb54b,sr,13
C19d35e27ca3e31e4837,sl,7
C19d35e27ca43c691332,sl,8
C19d35e27ca43c691332,▼,13
C19d35e27ca43c691332,乱打,8
C19d35e27ca52dd53305,dl, BEGINNER
C19d35e27ca52dd53305,sl,9
C19d35e27ca666d465d7,sl,5
C19d35e27ca868bdf0cc,sl,11
C19d35e27ca981a7976b,sl,2
C19d35e27caa94852466,sl,4
C19d35e27cabd66700ec,sl,4
C19d35e27cabd66700ec,乱打,4
C19d35e27cacfec2db9c,sl,8
C19d35e27cad9014bb01,Ude,1
C19d35e27cad9014bb01,sl,1
C19d35e27cad9014bb01,乱打,1
C19d35e27caed0e486a0,sl,8
C19d35e27caed0e486a0,乱打,8
C19d35e27caf8ce055e5,Ude,3
C19d35e27caf8ce055e5,sl,3
C19d35e27cb0e0c56255,Ude,3
C19d35e27cb0e0c56255,sl,3
C19d35e27cb1997ff3ee,Ude,1
C19d35e27cb1997ff3ee,sl,1
C19d35e27cb26528b251,sl,6
C19d35e27cb26528b251,乱打,6
C19d35e27cb30762e62d,sl,11
C19d35e27cb48da72c32,sl,1
C19d35e27cb598bf5efe,乱打,8
C19d35e27cb6c56291f5,sl,5
C19d35e27cb72f424dac,sl,5
C19d35e27cb8669ec0b3,dl, BEGINNER
C19d35e27cb8669ec0b3,sl,5
C19d35e27cb915c12e4b,Ude,8
C19d35e27cb915c12e4b,sl,8
C19d35e27cb915c12e4b,▼,15
C19d35e27cba675da4b3,sl,8
C19d35e27cbb6117a4f4,sl,5
C19d35e27cbcf2c083c5,fr,0
C19d35e27cbd55b245c9,sl,0
C19d35e27cbd55b245c9,乱打,0
C19d35e27cbe213a131a,sl,0
C19d35e27cbf4e537bbf,sl,1
C19d35e27cc00abc1e33,sl,8
C19d35e27cc12ecd99ec,sl,9
C19d35e27cc12ecd99ec,乱打,9
C19d35e27cc210e97dfb,sl,4
C19d35e27cc4b7c2ae62,sl,0
C19d35e27cc4b7c2ae62,sr,12
C19d35e27cc4b7c2ae62,▽,11
C19d35e27cc4b7c2ae62,乱打,0
C19d35e27cc683a14cf1,sl,2
C19d35e27cc683a14cf1,sr,13
C19d35e27cc77542c301,sl,1
C19d35e27cc77542c301,▽,12
C19d35e27cc77542c301,乱打,1
C19d35e27cc85889e081,st,0
C19d35e27cc85889e081,双,0
C19d35e27cc957df933c,sl,6
C19d35e27cc957df933c,▼,11
C19d35e27cc957df933c,乱打,6
C19d35e27ccafe263bef,sl,6
C19d35e27ccafe263bef,▼,10
C19d35e27ccafe263bef,乱打,6
C19d35e27ccb5f5c3898,sl,1
C19d35e27ccd9aed3b06,sl,7
C19d35e27ccd9aed3b06,乱打,7
C19d35e27ccef5e23d63,sl,6
C19d35e27ccef5e23d63,乱打,6
C19d35e27cd08b2abe44,sl,0
C19d35e27cd08b2abe44,sr,12
C19d35e27cd1763237da,sl,11
C19d35e27cd1763237da,乱打,11
C19d35e27cd2e58e2104,sl,3
C19d35e27cd365f1ed50,sl,10
C19d35e27cd365f1ed50,乱打,10
C19d35e27cd49e86fcf0,sl,12
C19d35e27cd49e86fcf0,乱打,12
C19d35e27cd567dd5866,sl,11
C19d35e27cd6de8f9aa5,乱打,9
C19d35e27cd74e127de4,sl,10
C19d35e27cd904017d60,sl,9
C19d35e27cda56a33da9,sl,3
C19d35e27cdb48f51e19,sl,5
C19d35e27cdb48f51e19,乱打,5
C19d35e27cdedafe3da8,▼,4
C19d35e27ce19fb4b3e3,sl,2
C19d35e27ce21aba4081,dl,削除
C19d35e27ce37e430542,sl,4
C19d35e27ce9c3f7a036,sl,1
C19d35e27cea01736390,sl,2
C19d35e27cea01736390,乱打,2
C19d35e27ceb8671b146,sl,9
C19d35e27cec1961cc61,st,1
C19d35e27cec1961cc61,双,0
C19d35e27ced50289e4b,sl,2
C19d35e27cee054cbc9c,sl,2
C19d35e27cef4bbd4130,sl,2
C19d35e27cf0c3e99991,Ude,2
C19d35e27cf0c3e99991,sl,2
C19d35e27cf17780e0c5,Ude,Ude1 (sub)
C19d35e27cf17780e0c5,sl,1
C19d35e27cf17780e0c5,▽,12
C19d35e27cf2d93061b6,sl,1
C19d35e27cf2d93061b6,sr,13
C19d35e27cf3b41bb3b5,sl,10
C19d35e27cf45f02aeda,sl,2
C19d35e27cf45f02aeda,乱打,2
C19d35e27cf55bdc5a77,▽,7
C19d35e27cf6a5281b57,sr,8
C19d35e27cf79dc44926,Ude,3
C19d35e27cf79dc44926,sl,3
C19d35e27cf79dc44926,乱打,3
C19d35e27cf82d201896,sr,7
C19d35e27cf93e5c9573,sr,8
C19d35e27cfb579f5eb2,乱打,10
C19d35e27cfc65fef5c5,sl,10
C19d35e27cfd73fb1eea,sl,11
C19d35e27cfd73fb1eea,乱打,11
C19d35e27cfe69a659b6,乱打,10
C19d35e27cff4a222162,sl,10
C19d35e27cff4a222162,乱打,10
C19d35e27d0174fbbc13,sl,4
C19d35e27d0174fbbc13,▼,7
C19d35e27d0174fbbc13,乱打,4
C19d35e27d0284393ace,sl,3
C19d35e27d0325116e8c,sl,1
C19d35e27d04de5481d2,sl,1
C19d35e27d04de5481d2,sr,13
C19d35e27d051754f3c6,sl,2
C19d35e27d06cd71aaad,sl,2
C19d35e27d079c9776ed,sl,4
C19d35e27d086bf940ca,sl,7
C19d35e27d09599c6ae5,Ude,8
C19d35e27d09599c6ae5,sl,8
C19d35e27d0a0b72766c,sl,8
C19d35e27d0b441c69ce,sl,11
C19d35e27d0c39d5d216,sl,11
C19d35e27d0c39d5d216,乱打,11
C19d35e27d0d666c0f19,sl,11
C19d35e27d0ec2aa32f0,重発狂,0
C19d35e27d0fb99c3830,st,0
C19d35e27d0fb99c3830,重発狂,0
C19d35e27d108a0b9749,st,0
C19d35e27d11b81d1c51,sl,1
C19d35e27d134b326e9a,sl,11
C19d35e27d149e16898e,sr,8
C19d35e27d149e16898e,▽,10
C19d35e27d155d437475,dl,0
C19d35e27d155d437475,st,1
C19d35e27d16f2f1f447,▽,8
C19d35e27d1782575997,sl,4
C19d35e27d1782575997,乱打,4
C19d35e27d18f889b67f,Ude,5
C19d35e27d18f889b67f,sl,5
C19d35e27d1a3b5dd6fa,sr,9
C19d35e27d1bfa1f164d,▽,10
C19d35e27d1c7c3d0e69,sr,9
C19d35e27d1c7c3d0e69,▽,10
C19d35e27d1dda79183d,st,2
C19d35e27d1ec08b6a8e,sl,11
C19d35e27d1ec08b6a8e,乱打,11
C19d35e27d1fdfcf1cd4,sr,!
C19d35e27d201a316b54,sr,0
C19d35e27d2154431390,sl,2
C19d35e27d22975f8f60,sl,0
C19d35e27d22975f8f60,sr,10
C19d35e27d23b8dce456,sl,11
C19d35e27d23b8dce456,乱打,11
C19d35e27d258f5f2837,sl,12
C19d35e27d258f5f2837,乱打,12
C19d35e27d264896a11a,sr,0
C19d35e27d264896a11a,▽,6
C19d35e27d27b876da2f,st,1
C19d35e27d282209982c,sr,9
C19d35e27d282209982c,▽,10
C19d35e27d295d864efd,sr,9
C19d35e27d2a287216e6,sr,5
C19d35e27d2bdce5c5e0,sl,3
C19d35e27d2bdce5c5e0,乱打,3
C19d35e27d2d6bc77cd8,st,1
C19d35e27d2eca08cf9f,sr,8
C19d35e27d2f899a94f7,sr,9
C19d35e27d30ba99b438,sr,8
C19d35e27d30ba99b438,▽,10
C19d35e27d312749fd8a,sr,7
C19d35e27d3270b44da0,sl,12
C19d35e27d3270b44da0,乱打,12
C19d35e27d3324d93f5b,sr,0
C19d35e27d342430131c,sl,3
C19d35e27d342430131c,▼,5
C19d35e27d342430131c,乱打,3
C19d35e27d359181fefd,sr,7
C19d35e27d359181fefd,▽,9
C19d35e27d361d422aa5,Ude,8
C19d35e27d361d422aa5,sl,8
C19d35e27d37a8ddfc0d,sr,8
C19d35e27d38b2226c59,sl,6
C19d35e27d38b2226c59,▼,10
C19d35e27d39c9b75950,dl,-2
C19d35e27d39c9b75950,sl,11
C19d35e27d3afce11683,sr,9
C19d35e27d3afce11683,▽,10
C19d35e27d3b48a62940,sl,6
C19d35e27d3d9d9cbbd7,st,3
C19d35e27d3ef824d6b8,sl,12
C19d35e27d3ef824d6b8,乱打,11
C19d35e27d3f37ad332f,sl,1
C19d35e27d3f37ad332f,sr,13
C19d35e27d3f37ad332f,▽,12
C19d35e27d407f59d128,st,2
C19d35e27d407f59d128,重発狂,2
C19d35e27d41d0a889f0,sl,0
C19d35e27d41d0a889f0,sr,11
C19d35e27d41d0a889f0,乱打,0
C19d35e27d4202e7f260,Ude,0
C19d35e27d4202e7f260,sl,0
C19d35e27d4202e7f260,sr,12
C19d35e27d43cf506f6d,sl,2
C19d35e27d43cf506f6d,乱打,2
C19d35e27d44cefbeb1d,st,3
C19d35e27d44cefbeb1d,重発狂,3
C19d35e27d45a84ed098,sr,!
C19d35e27d47ca1d919c,sr,7
C19d35e27d47ca1d919c,▽,10
C19d35e27d4888389bdd,sr,5
C19d35e27d49d48614f4,sl,4
C19d35e27d4a17eec135,st,0
C19d35e27d4a17eec135,双,0
C19d35e27d4b9e870346,st,1
C19d35e27d4b9e870346,双,1
C19d35e27d4c9ad0d56c,sr,9
C19d35e27d4d0a10d100,dl,4
C19d35e27d4d0a10d100,st,4
C19d35e27d4ee7e5fee0,双,0
C19d35e27d4f99f0b6bc,st,1
C19d35e27d50e6765712,st,0
C19d35e27d50e6765712,双,0
C19d35e27d5192862c44,sl,9
C19d35e27d5192862c44,▼,14
C19d35e27d5289651d8d,st,0
C19d35e27d5327cf062f,dl,-1
C19d35e27d5327cf062f,sl,12
C19d35e27d54d6399cb2,Ude,12
C19d35e27d54d6399cb2,sl,12
C19d35e27d558c1cf046,st,0
C19d35e27d568dabbd07,dl,2
C19d35e27d568dabbd07,st,2
C19d35e27d57295fadf7,st,0
C19d35e27d58f475ed9c,sr,1
C19d35e27d58f475ed9c,▽,7
C19d35e27d59d5b9c6fd,sl,8
C19d35e27d59d5b9c6fd,▼,13
C19d35e27d59d5b9c6fd,乱打,8
C19d35e27d5a3ed2a491,sl,12
C19d35e27d5a3ed2a491,乱打,12
C19d35e27d5b6f070dad,sl,2
C19d35e27d5b6f070dad,▽,12+
C19d35e27d5c0dca51bf,st,1
C19d35e27d5c0dca51bf,▼,21
C19d35e27d5d07835d6d,st,2
C19d35e27d5ee957e1cf,sl,11
C19d35e27d5ee957e1cf,乱打,11
C19d35e27d5f6a89ddae,st,1
C19d35e27d6081efb9c8,sl,11
C19d35e27d6081efb9c8,乱打,11
C19d35e27d623e9a8f92,sl,12
C19d35e27d6356acfbcf,sr,11
C19d35e27d6490c5ce74,sr,10
C19d35e27d65407560d9,sr,10
C19d35e27d664991a7ef,sr,10
C19d35e27d675f3c5e2a,st,3
C19d35e27d675f3c5e2a,重発狂,3
C19d35e27d6816949dbc,st,4
C19d35e27d69d2d95498,st,2
C19d35e27d69d2d95498,双,2
C19d35e27d6a64a35409,sl,11
C19d35e27d6b1e204186,sr,8
C19d35e27d6c8792a088,sr,7
C19d35e27d6d773f46b2,sr,10
C19d35e27d6ea3a131ed,sl,3
C19d35e27d6ea3a131ed,乱打,3
C19d35e27d7012b85614,sr,13
C19d35e27d7152b5beb4,sl,0
C19d35e27d7152b5beb4,▽,11+
C19d35e27d72449b2391,sr,2
C19d35e27d73c01ee11a,sl,9
C19d35e27d73c01ee11a,乱打,9
C19d35e27d742d1edb1e,st,4
C19d35e27d742d1edb1e,重発狂,4
C19d35e27d75522fcd93,ξ,9
C19d35e27d75522fcd93,▽,5
C19d35e27d76f0529064,sr,8
C19d35e27d77bfcca961,ξ,10
C19d35e27d77bfcca961,▽,7
C19d35e27d78ca51327f,sr,10
C19d35e27d79e590bea5,st,4
C19d35e27d79e590bea5,重発狂,4
C19d35e27d7adfb37803,st,4
C19d35e27d7adfb37803,重発狂,4
C19d35e27d7be6fd1e0e,sl,1
C19d35e27d7be6fd1e0e,sr,13
C19d35e27d7be6fd1e0e,▽,12-
C19d35e27d7cd3bcf164,sr,9
C19d35e27d7dcdb89ddd,sr,9
C19d35e27d7e1fe90fd1,sr,3
C19d35e27d7fc6d6c7a1,sr,10
C19d35e27d80675cbe7d,ξ,9
C19d35e27d816297a05d,sr,3
C19d35e27d82d0130e4d,sr,6
C19d35e27d82d0130e4d,▽,9
C19d35e27d83adffa0ec,sr,10
C19d35e27d84631788b0,sr,4
C19d35e27d87b957d5de,sr,8
C19d35e27d899bf2d45d,sr,3
C19d35e27d8a874174dc,sr,4
C19d35e27d8b7d709d1d,sr,7
C19d35e27d8b7d709d1d,▽,10
C19d35e27d8ce259502c,ξ,13
C19d35e27d8d178f5346,sl,11
C19d35e27d8d178f5346,乱打,11
C19d35e27d8e4d156704,sl,2
C19d35e27d8e4d156704,乱打,2
C19d35e27d8fa24ea9fe,sl,11
C19d35e27d9017e50e14,sr,0
C19d35e27d91093ee2fa,sr,1
C19d35e27d92a8cb4e77,sr,9
C19d35e27d9379e40f39,sr,10
C19d35e27d942f470875,ξ,13
C19d35e27d953876dc39,sr,0
C19d35e27d953876dc39,ξ,13
C19d35e27d960fe74b0e,dl,-2
C19d35e27d960fe74b0e,sl,8
C19d35e27d9775cfea2a,st,4
C19d35e27d9775cfea2a,双,3
C19d35e27d98f856dfdd,sr,2
C19d35e27d9990c6c8f0,sr,2
C19d35e27d9a1dd27755,sr,3
C19d35e27d9b8e3a0171,sl,2
C19d35e27d9c62da5d8b,sr,4
C19d35e27d9dddb27588,sr,4
C19d35e27d9e2bbf1e8f,st,2
C19d35e27d9e2bbf1e8f,重発狂,2
C19d35e27d9f7de1f15d,sr,3
C19d35e27da04d6e15d4,sr,13
C19d35e27da113b96cf6,sr,4
C19d35e27da113b96cf6,▽,9
C19d35e27da2ba99c8b1,sr,5
C19d35e27da3c2f73e16,sr,5
C19d35e27da3c2f73e16,▽,9
C19d35e27da49dd6f44a,sr,4
C19d35e27da65747ee2f,dl,5
C19d35e27da65747ee2f,st,4
C19d35e27da7d74689e1,sr,2
C19d35e27da8db9a272c,sr,0
C19d35e27da8db9a272c,▽,7
C19d35e27da9b8861a00,sr,0
C19d35e27da9b8861a00,▽,7
C19d35e27daa5362768b,sr,0
C19d35e27dabfc09fdff,sr,0
C19d35e27dac2b23e48d,sr,4
C19d35e27dad3e1b367c,sr,5
C19d35e27daea3cf8f5d,st,4
C19d35e27daea3cf8f5d,双,3
C19d35e27daf64628f8b,sr,8
C19d35e27daf64628f8b,▽,10
C19d35e27db04cac678b,SB,1
C19d35e27db1c2af91ff,dl,1
C19d35e27db1c2af91ff,st,1
C19d35e27db1c2af91ff,▼,21
C19d35e27db278235e76,▼,22
C19d35e27db278235e76,重発狂,2
C19d35e27db3763e8691,st,4
C19d35e27db3763e8691,双,3
C19d35e27db4b49c5d5e,sr,2
C19d35e27db50b2879dc,sl,12
C19d35e27db6d43d2efb,sr,0
C19d35e27db6d43d2efb,▽,7
C19d35e27db7dba87f65,▽,11+
C19d35e27db83ee415c5,sr,7
C19d35e27db99e1019ed,sl,12
C19d35e27db99e1019ed,乱打,12
C19d35e27dba1433c15c,sr,8
C19d35e27dbcdb6acadf,sr,4
C19d35e27dbcdb6acadf,▽,9
C19d35e27dbdd0b44c3f,sr,8
C19d35e27dbdd0b44c3f,▽,10
C19d35e27dbe035f16b8,sr,6
C19d35e27dbfe310d98d,sr,8
C19d35e27dc0893b0514,dl,5
C19d35e27dc0893b0514,dy,0
C19d35e27dc0893b0514,st,5
C19d35e27dc425094774,sr,6
C19d35e27dc425094774,▽,9
C19d35e27dc5c1b5d074,sr,2
C19d35e27dc662eeedf5,ξ,12
C19d35e27dc662eeedf5,▽,5
C19d35e27dc79cad3403,sl,0
C19d35e27dc79cad3403,sr,12
C19d35e27dc83d93467c,st,2
C19d35e27dc965558bee,sr,9
C19d35e27dca8aeac599,sr,4
C19d35e27dca8aeac599,▽,8
C19d35e27dcbd1631ff1,sr,6
C19d35e27dcbd1631ff1,▽,10
C19d35e27dccf5a0272a,sr,5
C19d35e27dcd601c70ca,sr,9
C19d35e27dcee5435da0,sr,5
C19d35e27dcee5435da0,▽,10
C19d35e27dcff46362c0,sr,7
C19d35e27dd04c35cd90,st,1
C19d35e27dd14a8fe5b3,sr,0
C19d35e27dd268e8f7c4,sr,6
C19d35e27dd3d435f7a4,sr,7
C19d35e27dd3d435f7a4,▽,10
C19d35e27dd4d9b41c44,sr,6
C19d35e27dd53e7fa924,ξ,13
C19d35e27dd619a7d184,sr,0
C19d35e27dd619a7d184,▽,7
C19d35e27dd74204d6d2,sr,0
C19d35e27dd889358186,Ude,1
C19d35e27dd889358186,▽,12
C19d35e27dd9635b8821,sr,7
C19d35e27dda61deef44,sr,6
C19d35e27ddb67c5f751,sr,10
C19d35e27ddb67c5f751,▽,11
C19d35e27ddc39acf219,sr,1
C19d35e27ddc39acf219,▽,7
C19d35e27ddd8413d459,sr,2
C19d35e27ddd8413d459,▽,8
C19d35e27ddef4c631ca,sl,6
C19d35e27ddfb2b803ab,sl,12
C19d35e27ddfb2b803ab,乱打,12
C19d35e27de14d2ec3a9,sr,9
C19d35e27de14d2ec3a9,▽,10
C19d35e27de2d03a5e6c,sr,5
C19d35e27de3757eb000,sr,6
C19d35e27de4d1335764,sr,2
C19d35e27de5c4d9dc46,sr,7
C19d35e27de664b43266,Ude,12
C19d35e27de664b43266,sl,12
C19d35e27de890b58b3b,sr,6
C19d35e27de91a348050,sr,9
C19d35e27dea117e7df7,st,0
C19d35e27dea117e7df7,重発狂,0
C19d35e27deb342e9d38,sr,11
C19d35e27deda57ffc18,sr,9
C19d35e27def180bc0ce,sr,7
C19d35e27df1d925187c,st,1
C19d35e27df1d925187c,重発狂,1
C19d35e27df2f3b49df7,st,1
C19d35e27df3d3f7cee2,sl,0
C19d35e27df3d3f7cee2,sr,11
C19d35e27df3d3f7cee2,▽,11
C19d35e27df4a9a3aa2e,dl,2
C19d35e27df4a9a3aa2e,st,2
C19d35e27df5ee20f9ef,sr,4
C19d35e27df5ee20f9ef,▽,9
C19d35e27df639b6db31,sr,9
C19d35e27df639b6db31,▽,10
C19d35e27df7f7d2b734,sr,7
C19d35e27df89f4a78dd,sr,7
C19d35e27df9204b88f1,ξ,6
C19d35e27df9204b88f1,▽,3
C19d35e27dfaf3d3e673,dl,dl BEGINNER (sub)
C19d35e27dfaf3d3e673,▼,8
C19d35e27dfb37b5757d,sr,4
C19d35e27dfce3d030de,sr,6
C19d35e27dfd0974fa21,sr,13
C19d35e27dfd0974fa21,▽,12-
C19d35e27dfec6c62c39,sr,6
C19d35e27dff60b87130,sr,6
C19d35e27dff60b87130,▽,9
C19d35e27e0049e10e87,SB,0
C19d35e27e0049e10e87,▽,7
C19d35e27e01c0c44f8b,sr,8
C19d35e27e01c0c44f8b,▽,10
C19d35e27e02311f5684,sr,1
C19d35e27e03553c50b3,sr,7
C19d35e27e03553c50b3,▽,10
C19d35e27e041d1a89da,fr,0
C19d35e27e041d1a89da,▽,12-
C19d35e27e052d35910d,sr,6
C19d35e27e06a6c23e15,sr,7
C19d35e27e0811810b7f,sr,6
C19d35e27e0a1cf154da,sr,11
C19d35e27e0b546763df,sr,11
C19d35e27e0b546763df,▽,11
C19d35e27e0cfb051be2,sr,8
C19d35e27e0cfb051be2,▽,10
C19d35e27e0dc62f9ef1,sr,8
C19d35e27e0eda394ea3,sr,7
C19d35e27e0f24ba91eb,sr,8
C19d35e27e10f31c9d87,sr,8
C19d35e27e11633f9717,sr,6
C19d35e27e11633f9717,▽,9
C19d35e27e139a410f94,sr,6
C19d35e27e139a410f94,▽,10
C19d35e27e1471d11b00,sr,9
C19d35e27e162c4a46ea,sr,9
C19d35e27e1720e66bbf,sr,8
C19d35e27e1720e66bbf,▽,10
C19d35e27e19b762bca0,sr,10
C19d35e27e19b762bca0,▽,10
C19d35e27e1a204a0c93,sr,8
C19d35e27e1b8e1d2045,sr,8
C19d35e27e1d95b4e739,sr,10
C19d35e27e1d95b4e739,▽,10
C19d35e27e1e9e789cb4,▽,7
C19d35e27e1fa8dc3c60,sl,3
C19d35e27e1fa8dc3c60,▼,3
C19d35e27e2074b87197,sr,5
C19d35e27e220411482b,sr,11
C19d35e27e220411482b,▽,11
C19d35e27e24b645daac,sl,10
C19d35e27e2520644de3,Ude,0
C19d35e27e2520644de3,sl,0
C19d35e27e2520644de3,sr,12
C19d35e27e2520644de3,▽,11
C19d35e27e26ca6a0aea,sr,7
C19d35e27e26ca6a0aea,▽,10
C19d35e27e276806b11d,sr,4
C19d35e27e28354d30ed,sl,0
C19d35e27e28354d30ed,sr,11
C19d35e27e2c2aebd6e8,st,3
C19d35e27e2d42a847e0,sr,11
C19d35e27e2efc62ee65,sr,6
C19d35e27e2efc62ee65,▽,9
C19d35e27e3102645227,sr,10
C19d35e27e33fb9e43ec,st,5
C19d35e27e33fb9e43ec,双,4
C19d35e27e3448c57499,sr,4
C19d35e27e35c5ba4e99,sr,3
C19d35e27e35c5ba4e99,▽,8
C19d35e27e36b2aa2094,sr,8
C19d35e27e36b2aa2094,▽,10
C19d35e27e38d1a7e834,sr,3
C19d35e27e39e37159ba,fr,1
C19d35e27e39e37159ba,sr,?
C19d35e27e3a9e61c9c3,sr,10
C19d35e27e3c1f1aaddd,sr,4
C19d35e27e3c1f1aaddd,▽,8
C19d35e27e3eab6912e0,sr,4
C19d35e27e3f24a1a946,sr,4
C19d35e27e408f6848e0,so,0
C19d35e27e408f6848e0,sr,?
C19d35e27e408f6848e0,▽,11+
C19d35e27e42540fa8ff,▽,11+
C19d35e27e449894b53a,ξ,10
C19d35e27e449894b53a,▽,5
C19d35e27e46cd0f6679,st,5
C19d35e27e46cd0f6679,重発狂,5
C19d35e27e4749b63d75,sr,11
C19d35e27e4749b63d75,▽,11
C19d35e27e497e500d07,sr,13
C19d35e27e497e500d07,▽,11+
C19d35e27e4a6b406930,sr,2
C19d35e27e4b4465b95a,sr,7
C19d35e27e4c7e04c8df,sr,10
C19d35e27e4d98f298f0,sr,12
C19d35e27e4e3181f7d9,sr,6
C19d35e27e4feca13f65,sr,7
C19d35e27e4feca13f65,▽,9
C19d35e27e50f9a965fa,▽,10
C19d35e27e51a2b0d683,▽,8
C19d35e27e5240f50d7a,fr,7
C19d35e27e5240f50d7a,st,0
C19d35e27e5240f50d7a,双,2
C19d35e27e53473e5b3e,st,4
C19d35e27e53473e5b3e,双,3
C19d35e27e54a4860e31,sl,12
C19d35e27e553b7b4b01,st,4
C19d35e27e553b7b4b01,双,3
C19d35e27e5649f1f1ce,sr,10
C19d35e27e5707ee30ea,sr,3
C19d35e27e59f7a9584c,sl,11
C19d35e27e59f7a9584c,乱打,11
C19d35e27e5a6ce67d8a,SB,-1
C19d35e27e5a6ce67d8a,▽,4
C19d35e27e5b01ee6628,ξ,6
C19d35e27e5cdcf840ee,ξ,11
C19d35e27e5cdcf840ee,▽,6
C19d35e27e5d85f6717b,sr,1
C19d35e27e5e67b396f7,sr,1
C19d35e27e5f5dcec766,st,3
C19d35e27e60ceaa5d5d,sr,0
C19d35e27e61cc328d76,st,0
C19d35e27e61cc328d76,双,0
C19d35e27e62786d1b17,st,0
C19d35e27e62786d1b17,双,0
C19d35e27e63a59ee906,st,0
C19d35e27e63a59ee906,重発狂,0
C19d35e27e6446ed3594,st,0
C19d35e27e65a71e1173,st,1
C19d35e27e66171c4bb7,st,1
C19d35e27e67e3838128,st,1
C19d35e27e67e3838128,重発狂,1
C19d35e27e6802d1238d,st,1
C19d35e27e6802d1238d,重発狂,1
C19d35e27e6916d91a7e,dl,1
C19d35e27e6916d91a7e,st,1
C19d35e27e6a25fc4cb5,st,1
C19d35e27e6bb3812fa4,dl,2
C19d35e27e6bb3812fa4,st,2
C19d35e27e6c247524f6,dl,2
C19d35e27e6c247524f6,st,2
C19d35e27e6d5eb598e3,st,1
C19d35e27e6d5eb598e3,重発狂,1
C19d35e27e6e3b67ad9d,st,2
C19d35e27e6e3b67ad9d,重発狂,2
C19d35e27e6f681df633,st,2
C19d35e27e7024cecc58,st,2
C19d35e27e715fe7c509,st,2
C19d35e27e715fe7c509,双,2
C19d35e27e72ae6cc33f,st,2
C19d35e27e72ae6cc33f,重発狂,2
C19d35e27e73fb031b2e,st,2
C19d35e27e73fb031b2e,▼,22
C19d35e27e74fecc00d3,st,2
C19d35e27e75662560fa,st,3
C19d35e27e75662560fa,重発狂,2
C19d35e27e76decd9eb0,st,2
C19d35e27e76decd9eb0,重発狂,2
C19d35e27e7799cc1d5d,st,2
C19d35e27e7858e82aea,dl,2
C19d35e27e7858e82aea,st,2
C19d35e27e7930e472ed,st,2
C19d35e27e7930e472ed,▼,22
C19d35e27e7a69604aa8,st,1
C19d35e27e7b1137a99a,st,1
C19d35e27e7b1137a99a,▼,21
C19d35e27e7c215f3b6b,st,2
C19d35e27e7c215f3b6b,重発狂,2
C19d35e27e7d5ab761cf,st,2
C19d35e27e7e08887737,st,3
C19d35e27e7fd74af695,st,3
C19d35e27e80d258b8aa,st,4
C19d35e27e80d258b8aa,▼,23
C19d35e27e80d258b8aa,双,3
C19d35e27e811c1c3552,st,3
C19d35e27e82aa913dd6,st,3
C19d35e27e82aa913dd6,▼,23
C19d35e27e82aa913dd6,双,2
C19d35e27e83079ef274,st,2
C19d35e27e8443880af3,dl,3
C19d35e27e8443880af3,st,3
C19d35e27e85a5afbab2,st,3
C19d35e27e8668ea9464,dl,2
C19d35e27e8668ea9464,fr,8
C19d35e27e876b38e324,st,3
C19d35e27e876b38e324,重発狂,3
C19d35e27e88deb38c31,st,3
C19d35e27e8967a37fe5,st,3
C19d35e27e8a102741d6,dl,保留
C19d35e27e8a102741d6,st,3
C19d35e27e8a102741d6,▼,23
C19d35e27e8b485b1452,st,3
C19d35e27e8b485b1452,重発狂,3
C19d35e27e8c2d46bf46,st,4
C19d35e27e8c2d46bf46,▼,23
C19d35e27e8d2973ea9e,st,4
C19d35e27e8ea133ecfb,dl,4
C19d35e27e8ea133ecfb,st,4
C19d35e27e8fcdc19b6e,dl,4
C19d35e27e8fcdc19b6e,st,4
C19d35e27e904eee0dfc,st,4
C19d35e27e9184780af9,dl,4
C19d35e27e9184780af9,st,4
C19d35e27e927b3fd064,dl,4
C19d35e27e927b3fd064,st,4
C19d35e27e932e60b8ed,st,4
C19d35e27e9488e10b05,st,4
C19d35e27e9488e10b05,▼,24
C19d35e27e95923bd1a3,st,4
C19d35e27e95923bd1a3,▼,24
C19d35e27e95923bd1a3,重発狂,4
C19d35e27e96951d09e0,st,4
C19d35e27e97a7c4bbf1,st,4
C19d35e27e989f1c49a2,st,4
C19d35e27e99a7e9cffa,st,5
C19d35e27e9adbc49ada,st,4
C19d35e27e9adbc49ada,双,4
C19d35e27e9bebd516e6,st,4
C19d35e27e9c218304bc,st,4
C19d35e27e9c218304bc,重発狂,5
C19d35e27e9d509f27d8,st,4
C19d35e27e9d509f27d8,双,2
C19d35e27e9e18dd329a,st,4
C19d35e27e9e18dd329a,双,2
C19d35e27e9f03ad66b3,dl,4
C19d35e27e9f03ad66b3,st,4
C19d35e27ea08d7c0563,st,4
C19d35e27ea08d7c0563,重発狂,4
C19d35e27ea169019a4e,st,5
C19d35e27ea169019a4e,双,4
C19d35e27ea210b66b46,st,5
C19d35e27ea3292534ca,dl,5
C19d35e27ea3292534ca,dy,0
C19d35e27ea3292534ca,st,5
C19d35e27ea4d5f151d9,st,5
C19d35e27ea57c3f6d38,dy,0
C19d35e27ea57c3f6d38,st,5
C19d35e27ea6dc967546,dy,0
C19d35e27ea6dc967546,st,5
C19d35e27ea6dc967546,双,4
C19d35e27ea75fa5aa8d,st,5
C19d35e27ea8ed215996,dy,0
C19d35e27ea8ed215996,st,5
C19d35e27ea9b887125f,st,5
C19d35e27eaa11e64625,st,5
C19d35e27eaa11e64625,双,4
C19d35e27eab0f560ee1,dl,5
C19d35e27eab0f560ee1,st,5
C19d35e27eacf67eb0c1,st,5
C19d35e27eacf67eb0c1,双,4
C19d35e27eadea00dec6,dl,5
C19d35e27eadea00dec6,st,5
C19d35e27eae913f66dc,st,5
C19d35e27eaf156a167a,dy,0
C19d35e27eaf156a167a,st,5
C19d35e27eaf156a167a,重発狂,5
C19d35e27eb052d4b118,st,6
C19d35e27eb188a55d9e,dl,5
C19d35e27eb188a55d9e,dy,0
C19d35e27eb188a55d9e,st,5
C19d35e27eb2c83bfb3b,dl,5
C19d35e27eb2c83bfb3b,dy,0
C19d35e27eb2c83bfb3b,st,5
C19d35e27eb3bf80fd7c,dl,5
C19d35e27eb3bf80fd7c,dy,0
C19d35e27eb3bf80fd7c,st,5
C19d35e27eb48b3e075b,st,5
C19d35e27eb5e144a9d7,st,4
C19d35e27eb5e144a9d7,▼,24
C19d35e27eb5e144a9d7,双,4
C19d35e27eb6e9eec149,st,6
C19d35e27eb72e0e6bf7,双,5
C19d35e27eb8d21b23fe,st,6
C19d35e27eb8d21b23fe,重発狂,6
C19d35e27eb9ffa5e266,dy,1
C19d35e27eb9ffa5e266,st,6
C19d35e27eb9ffa5e266,重発狂,6
C19d35e27eba7be6d5d0,st,6
C19d35e27ebb9c942b3f,dl,6
C19d35e27ebb9c942b3f,dy,1
C19d35e27ebb9c942b3f,st,6
C19d35e27ebce4ea29df,dy,1
C19d35e27ebce4ea29df,st,6
C19d35e27ebce4ea29df,重発狂,6
C19d35e27ebd99499b96,st,7
C19d35e27ebe8d59c61b,dl,7
C19d35e27ebe8d59c61b,dy,2
C19d35e27ebe8d59c61b,st,7
C19d35e27ebfee732eeb,dy,2
C19d35e27ebfee732eeb,st,7
C19d35e27ec0fef001a6,st,7
C19d35e27ec1abea10d2,dl,7
C19d35e27ec1abea10d2,dy,2
C19d35e27ec1abea10d2,st,7
C19d35e27ec263b83780,st,8
C19d35e27ec263b83780,双,5
C19d35e27ec3e8b42cd2,dl,8
C19d35e27ec3e8b42cd2,dy,3
C19d35e27ec3e8b42cd2,st,8
C19d35e27ec4a533c822,dy,3
C19d35e27ec4a533c822,st,8
C19d35e27ec5f4b9b186,dy,4
C19d35e27ec5f4b9b186,st,9
C19d35e27ec63ef056ad,st,9
C19d35e27ec743ac8b02,dl,9
C19d35e27ec743ac8b02,st,9
C19d35e27ec860130433,dy,4
C19d35e27ec860130433,st,9
C19d35e27ec9254202e7,dl,9
C19d35e27ec9254202e7,st,9
C19d35e27ecadfd69cd4,sl,5
C19d35e27ecadfd69cd4,乱打,5
C19d35e27ecbdf016da7,sl,7
C19d35e27ecc5083e9ac,Ude,8
C19d35e27ecc5083e9ac,sl,8
C19d35e27ecd2b4014cc,sl,8
C19d35e27ecd2b4014cc,乱打,8
C19d35e27ece936626bc,Ude,9
C19d35e27ece936626bc,sl,9
C19d35e27ecfcd8e973c,sl,11
C19d35e27ed05e562fc0,dl,-1
C19d35e27ed05e562fc0,sl,12
C19d35e27ed10071532c,sl,12
C19d35e27ed10071532c,乱打,12
C19d35e27ed202e15a1a,Ude,12
C19d35e27ed202e15a1a,sl,12
C19d35e27ed367cc54ec,sl,12
C19d35e27ed42566aa66,sl,12
C19d35e27ed42566aa66,乱打,12
C19d35e27ed53d3fa096,▼,0
C19d35e27ed65306ba69,sl,1
C19d35e27ed65306ba69,▼,2
C19d35e27ed705f262ba,▼,3
C19d35e27ed8b7610ac1,▼,3
C19d35e27ed9dbdda17f,fr,2
C19d35e27ed9dbdda17f,▼,4
C19d35e27eda43711665,▼,4
C19d35e27edb93ac901f,▼,4
C19d35e27edc6a41ba9a,Ude,2
C19d35e27edc6a41ba9a,▼,5
C19d35e27edd89bfa6eb,▼,5
C19d35e27edeb4958513,Ude,4
C19d35e27edeb4958513,▼,5
C19d35e27edff9fac69e,▼,5
C19d35e27ee01f2a514a,▼,7
C19d35e27ee1d8601dea,▼,7
C19d35e27ee234a0f745,▼,7
C19d35e27ee36538fa4c,so,4
C19d35e27ee36538fa4c,▼,7
C19d35e27ee456b300eb,▼,8
C19d35e27ee5dc8fcaaf,▼,8
C19d35e27ee6cd7b177a,▼,9
C19d35e27ee7c1b5ac56,▼,9
C19d35e27ee8a08a58a9,ln,12
C19d35e27ee8a08a58a9,▼,10
C19d35e27ee983a92e6d,▼,10
C19d35e27eea7a7ca766,▼,10
C19d35e27eeb8ac7740b,▼,17
C19d35e27eec54134e6d,sl,7
C19d35e27eec54134e6d,▼,13
C19d35e27eec54134e6d,乱打,8
C19d35e27eedfa6087f6,sl,9
C19d35e27eedfa6087f6,▼,15
C19d35e27eee4aa2a16c,▼,18
C19d35e27eeff038de28,▼,20
C19d35e27ef005e9c41c,fr,7
C19d35e27ef005e9c41c,sn,2
C19d35e27ef005e9c41c,▼,21
C19d35e27ef005e9c41c,双,1
C19d35e27ef10051dac5,SB,10
C19d35e27ef10051dac5,fr,10
C19d35e27ef10051dac5,▼,24
C19d35e27ef10051dac5,★★,4
C19d35e27ef2129dfbf0,▽,2
C19d35e27ef3968dc5f7,ξ,5
C19d35e27ef3968dc5f7,▽,4
C19d35e27ef4bfa22646,▽,5
C19d35e27ef5d06cf958,▽,5
C19d35e27ef61a33ed6f,▽,6
C19d35e27ef72987b19c,▽,6
C19d35e27ef8184d49fc,▽,6
C19d35e27ef9f4a69830,ξ,12
C19d35e27ef9f4a69830,▽,6
C19d35e27efa88c06e04,▽,6
C19d35e27efba31436b4,ξ,12
C19d35e27efba31436b4,▽,6
C19d35e27efc88acbe37,ξ,11
C19d35e27efc88acbe37,▽,6
C19d35e27efd0f326701,ξ,11
C19d35e27efd0f326701,▽,6
C19d35e27efecdbeeaa7,▽,6
C19d35e27eff59d05860,ξ,11
C19d35e27eff59d05860,▽,6
C19d35e27f013b7f2d92,sr,0
C19d35e27f013b7f2d92,▽,7
C19d35e27f02f6eda5fc,sr,0
C19d35e27f02f6eda5fc,▽,7
C19d35e27f034e28f600,▽,7
C19d35e27f042d0ee3fb,▽,7
C19d35e27f05cb3f83b8,ξ,13
C19d35e27f05cb3f83b8,▽,7
C19d35e27f06f3d23185,▽,7
C19d35e27f0797243f56,▽,8
C19d35e27f08dc6e425f,▽,8
C19d35e27f09096dfeff,▽,8
C19d35e27f0aaa7ff1b8,sr,4
C19d35e27f0aaa7ff1b8,▽,8
C19d35e27f0bc1dbd063,sr,0
C19d35e27f0bc1dbd063,▽,8
C19d35e27f0ce5d551d5,sr,1
C19d35e27f0ce5d551d5,▽,8
C19d35e27f0d67c5088f,▽,8
C19d35e27f0ec554a720,sr,5
C19d35e27f0ec554a720,▽,9
C19d35e27f0f0ce316a1,▽,9
C19d35e27f10bcb23bfa,▽,9
C19d35e27f11bf45bb18,▽,9
C19d35e27f122712b183,▽,9
C19d35e27f13b0c48db1,sr,6
C19d35e27f13b0c48db1,▽,9
C19d35e27f14c6c86e0b,▽,9
C19d35e27f15c1137854,▽,9
C19d35e27f162c625955,▽,10
C19d35e27f17114774b3,▽,10
C19d35e27f18d2e7ac64,sr,9
C19d35e27f18d2e7ac64,▽,10
C19d35e27f19fa8efed2,sr,9
C19d35e27f19fa8efed2,▽,10
C19d35e27f1a0d4e95fd,sr,8
C19d35e27f1a0d4e95fd,▽,10
C19d35e27f1b038df99c,▽,10
C19d35e27f1c7cc609dd,▽,10
C19d35e27f1d766dd3d6,▽,11
C19d35e27f1ebc819316,▽,11
C19d35e27f1f38adffdf,so,0
C19d35e27f1f38adffdf,▽,11
C19d35e27f2067f249e3,▽,11
C19d35e27f216ae30e64,▽,11
C19d35e27f22c0ac9050,sr,10
C19d35e27f23912a58d9,▽,11+
C19d35e27f24b1a19d2c,sr,12
C19d35e27f24b1a19d2c,▽,11+
C19d35e27f25522c1886,sr,13
C19d35e27f25522c1886,▽,11+
C19d35e27f2620e0a0b6,sr,?
C19d35e27f2620e0a0b6,▽,11+
C19d35e27f271a83d363,sr,?
C19d35e27f271a83d363,▽,12-
C19d35e27f28559b864a,▽,12
C19d35e27f29249c10b5,▽,12
C19d35e27f2ad076fcb1,▽,12+
C19d35e27f2bffa912a4,▼,11
C19d35e27f2c4f7f5e9d,▽,12+
C19d35e27f2d19cb910a,▽,12+
C19d35e27f2e67a139e6,▽,12+
C19d35e27f5bcb792930,ξ,4
C19d35e27f5c2dbc060a,ξ,5
C19d35e27f5d95a1ef80,ξ,5
C19d35e27f5ef080d414,ξ,5
C19d35e27f5f166861b8,ξ,5
C19d35e27f60af181aaa,ξ,5
C19d35e27f61812e6d97,ξ,5
C19d35e27f628deef858,ξ,5
C19d35e27f6300c4de68,ξ,6
C19d35e27f6300c4de68,▽,4
C19d35e27f644f2c5cc3,ξ,6
C19d35e27f650af03683,ξ,6
C19d35e27f66600d63c0,ξ,6
C19d35e27f678b53306d,ξ,6
C19d35e27f682cf1adb1,ξ,6
C19d35e27f697dadc52f,ξ,7
C19d35e27f6a9b416217,ξ,7
C19d35e27f6bdbe4cf8c,ξ,7
C19d35e27f6cb9318952,ξ,7
C19d35e27f6d5484fff7,ξ,7
C19d35e27f6d5484fff7,▽,4
C19d35e27f6e85ab8097,ξ,8
C19d35e27f6f603542b1,ξ,9
C19d35e27f70516eb587,ξ,9
C19d35e27f71f0c420ec,ξ,9
C19d35e27f72c6aadc7c,ξ,10
C19d35e27f73f4e8e5a1,ξ,10
C19d35e27f7453d57155,ξ,10
C19d35e27f7453d57155,▽,6
C19d35e27f756fb3d4ff,ξ,11
C19d35e27f76bf702bd5,ξ,11
C19d35e27f77bbd0a977,ξ,12
C19d35e27f77bbd0a977,▽,6
C19d35e27f78fe7b5698,ξ,12
C19d35e27f7978a31583,ξ,12
C19d35e27f7a5a93a5e5,ξ,12
C19d35e27f7b5d958976,ξ,12
C19d35e27f7cec34b0fd,ξ,12
C19d35e27f7cec34b0fd,▽,6
C19d35e27f7de17bc611,ξ,13
C19d35e27f7e654336f2,ξ,13
C19d35e27f7e654336f2,▽,7
C19d35e27f7f583995ff,ξ,13
C19d35e27f80dd5b469a,ξ,13
C19d35e27f81398b55c9,ξ,13
C19d35e27f825e94b323,sr,0
C19d35e27f83cdb10230,sr,0
C19d35e27f848ff6e0f5,sr,0
C19d35e27f854cd40c53,sr,0
C19d35e27f86d56fffe4,sr,0
C19d35e27f87477cb6de,sr,0
C19d35e27f88014f07f2,sr,0
C19d35e27f89f97f8df9,sr,0
C19d35e27f8abdda7f78,sr,0
C19d35e27f8b0459f3c7,sr,0
C19d35e27f8cf3d49518,sr,0
C19d35e27f8d94805e83,sr,1
C19d35e27f8d94805e83,▽,8
C19d35e27f8ea428d44f,sr,1
C19d35e27f8ea428d44f,▽,7
C19d35e27f8f2b88e02d,sr,1
C19d35e27f908df3adca,sr,1
C19d35e27f910ab61f19,sr,1
C19d35e27f92ccb763c9,sr,1
C19d35e27f92ccb763c9,▽,7
C19d35e27f93e2774d1c,sr,1
C19d35e27f9429b33a90,sr,2
C19d35e27f9544342f79,sr,2
C19d35e27f9647a481e5,sr,2
C19d35e27f970cda5831,sr,2
C19d35e27f970cda5831,▽,7
C19d35e27f9864fb32c9,sr,3
C19d35e27f9864fb32c9,▽,9
C19d35e27f998032a6b8,sr,3
C19d35e27f9a6c4367a8,sr,3
C19d35e27f9bd9609279,sr,3
C19d35e27f9c67664260,sr,3
C19d35e27f9df604d5c5,sr,3
C19d35e27f9eb6aab896,sr,3
C19d35e27f9f0a728964,sr,3
C19d35e27fa089de99d8,sr,3
C19d35e27fa136d3a25f,sr,3
C19d35e27fa136d3a25f,▽,8
C19d35e27fa2e8be0ecf,sr,4
C19d35e27fa30bd559df,sr,4
C19d35e27fa476aefd54,sr,4
C19d35e27fa57ff05834,sr,4
C19d35e27fa63fd3f10c,sr,4
C19d35e27fa63fd3f10c,▽,9
C19d35e27fa7f15098ad,sr,5
C19d35e27fa82d71f316,sr,5
C19d35e27fa960946569,sr,5
C19d35e27faab0745542,sr,5
C19d35e27fab61b5523d,sr,5
C19d35e27fac21a3be14,sr,5
C19d35e27fad631ef12a,sr,5
C19d35e27fae0c39bf09,sr,5
C19d35e27faf95911182,sr,5
C19d35e27fb01d58abcf,sr,5
C19d35e27fb1067389f7,sr,6
C19d35e27fb232433a4d,sr,6
C19d35e27fb3300416f2,sr,6
C19d35e27fb3300416f2,▽,9
C19d35e27fb42f5447ba,sr,6
C19d35e27fb5e8d2900e,sr,6
C19d35e27fb6aaff56f4,sr,6
C19d35e27fb6aaff56f4,▽,9
C19d35e27fb7d249a008,sr,6
C19d35e27fb808f3eb98,sr,6
C19d35e27fb9bfcabfbb,sr,6
C19d35e27fb9bfcabfbb,▽,9
C19d35e27fbaf6cd358e,sr,6
C19d35e27fbb22590f5b,sr,6
C19d35e27fbcc00aeb0e,sr,6
C19d35e27fbd8884c72c,sr,7
C19d35e27fbeb333ee77,sr,7
C19d35e27fbf960fcf4e,sr,7
C19d35e27fc03b1e73b2,sr,7
C19d35e27fc13364dfcf,sr,7
C19d35e27fc204767818,sr,7
C19d35e27fc3870b7531,sr,7
C19d35e27fc4a999f4dc,sr,7
C19d35e27fc5b23eedf1,sr,8
C19d35e27fc68c3d88da,sr,8
C19d35e27fc7417a1bd5,sr,8
C19d35e27fc7417a1bd5,▽,10
C19d35e27fc8f6dde163,sr,8
C19d35e27fc971b47410,sr,9
C19d35e27fcae771344a,sr,9
C19d35e27fcb03db662b,sr,9
C19d35e27fcc9c51d972,sr,9
C19d35e27fcd1fe9427d,sr,9
C19d35e27fce047f76e9,sr,9
C19d35e27fce047f76e9,▽,10
C19d35e27fcf4ad5584e,sr,9
C19d35e27fcf4ad5584e,▽,11
C19d35e27fd0721f73f8,sr,10
C19d35e27fd11cf8d26c,sr,10
C19d35e27fd2c68e2b24,sr,10
C19d35e27fd3ac900d07,sr,10
C19d35e27fd48629f221,sr,10
C19d35e27fd5bea3cbaa,sr,10
C19d35e27fd645fa2911,sr,10
C19d35e27fd706924db6,sr,10
C19d35e27fd706924db6,▽,10
C19d35e27fd8e4d594af,sr,10
C19d35e27fd9a1c7678f,sr,10
C19d35e27fda80db4fff,sr,10
C19d35e27fdb70031a0e,sr,11
C19d35e27fdce2804086,sr,11
C19d35e27fddea5692ac,sr,11
C19d35e27fdef17fc39c,sr,11
C19d35e27fdfe87454ea,sl,0
C19d35e27fdfe87454ea,sr,11
C19d35e27fdfe87454ea,乱打,0
C19d35e27fe0e0737e37,sr,11
C19d35e27fe1d4fa26c3,sr,11
C19d35e27fe1d4fa26c3,▽,11
C19d35e27fe29fe5a3ab,sr,11
C19d35e27fe37706c4c0,sr,11
C19d35e27fe45241ee00,sr,11
C19d35e27fe5d163db21,sr,11
C19d35e27fe5d163db21,▽,11
C19d35e27fe640c17183,sr,11
C19d35e27fe7e5df6b88,sr,11
C19d35e27fe8b268def9,sr,11
C19d35e27fe922355777,sr,11
C19d35e27feae2be39c3,sr,12
C19d35e27feb847ffd18,sr,12
C19d35e27fec029ad2b4,sr,12
C19d35e27fedbe14d663,sr,12
C19d35e27fee3a1b6df6,sr,12
C19d35e27fef5186c9b8,sr,12
C19d35e27ff0ff678c45,sr,12
C19d35e27ff11b376274,sr,12
C19d35e27ff270c450ef,sr,12
C19d35e27ff335985093,sr,12
C19d35e27ff41557dd6c,sr,13
C19d35e27ff55957076a,sr,13
C19d35e27ff6381fc8b3,sr,13
C19d35e27ff77532ce60,sr,13
C19d35e27ff844dfee93,sr,13
C19d35e27ff844dfee93,▽,12
C19d35e27ff9d1727035,sr,13
C19d35e27ffae2c9d7e6,sr,13
C19d35e27ffb38664660,sr,13
C19d35e27ffce181e169,sr,13
C19d35e27ffdb31bcb93,sr,13
C19d35e27ffdb31bcb93,▽,11+
C19d35e27ffe1c6ea6ba,sr,13
C19d35e27fff9b08a13a,sr,13
C19d35e28000e5d5bc5e,sr,13
C19d35e28000e5d5bc5e,▽,12
C19d35e2800115f3293d,sr,13
C19d35e2800115f3293d,▼,0
C19d35e28002229bf706,sr,13
C19d35e28003bd303539,sr,13
C19d35e28003bd303539,乱打,1
C19d35e280048d709cb8,sr,13
C19d35e280059c509fd7,sl,1
C19d35e280059c509fd7,sr,13
C19d35e280062da7f988,sr,!
C19d35e2800729419cd9,fr,0
C19d35e2800729419cd9,sr,!
C19d35e280085800d99e,ln,6
C19d35e280091f81eed4,SB,2
C19d35e2800ad3b3c65f,ln,7
C19d35e2800b52cd9d74,ln,7
C19d35e2800c04040281,ln,7
C19d35e2800d1b4454b6,fr,3
C19d35e2800d1b4454b6,ln,7
C19d35e2800e0ef1be19,ln,8
C19d35e2800f881a8022,ln,8
C19d35e28010d650fbb1,fr,3
C19d35e28010d650fbb1,ln,9
C19d35e280111776e3a3,ln,9
C19d35e28012cc982ee0,ln,12
C19d35e280130f9cf67d,ln,13
C19d35e280148c53e120,ln,13
C19d35e28015de245a15,ln,13
C19d35e2801620b721c2,ln,14
C19d35e280170f5d8e34,ln,14
C19d35e280186522e09c,ln,17
C19d35e280190668cfbd,ln,14
C19d35e2801a95e1324b,ln,14
C19d35e2801b2e2c6d3d,fr,7
C19d35e2801b2e2c6d3d,ln,16
C19d35e2801c6a9c8b07,ln,16
C19d35e2801d16278c04,ln,16
C19d35e2801ed7ae571d,ln,17
C19d35e2801fa3193557,fr,7
C19d35e2802019bf022a,ln,17
C19d35e280219401ccd4,ln,17
C19d35e280229706a13c,ln,18
C19d35e280233d07c700,ln,18
C19d35e280258e27da51,ln,18
C19d35e280267b21976a,ln,18
C19d35e28027f15f8f95,ln,16
C19d35e28028d463942e,ln,18
C19d35e2802a361dfb38,ln,19
C19d35e2802c676c9b2d,双,0
C19d35e2802de7126a43,双,0
C19d35e2802eb5f0b10e,双,0
C19d35e2802f14fd1f2a,Ude,12
C19d35e2802f14fd1f2a,sl,12
C19d35e2802f14fd1f2a,双,0
C19d35e28030ed7c669c,st,3
C19d35e28030ed7c669c,双,1
C19d35e28031436b682a,双,2
C19d35e28032841c912e,双,2
C19d35e28033a51bfe52,双,3
C19d35e2803457544c21,双,5
C19d35e28035b270f681,dy,1
C19d35e28035b270f681,双,5
C19d35e280362bf31ca0,sn,9
C19d35e280362bf31ca0,双,5
C19d35e28037da50bf62,dl, BEGINNER
C19d35e28037da50bf62,sl,3
C19d35e28038880dc95e,dl, BEGINNER
C19d35e28039c9a7c1fe,dl, BEGINNER
C19d35e2803ab702bf26,dl, BEGINNER
C19d35e2803b3692d75b,dl,-1
C19d35e2803c02dccff6,dl,-2
C19d35e2803db494bcdb,dl,0
C19d35e2803e067c63a4,dl,0
C19d35e2803fbfcc42b4,dl,0
C19d35e28040c3a9a5ce,dl,0
C19d35e28040c3a9a5ce,st,0
C19d35e28041919332c9,dl,0
C19d35e28042e4d39b75,dl,1
C19d35e28043d993713b,dl,1
C19d35e28044c914506e,dl,0
C19d35e28044c914506e,st,0
C19d35e28045c33f1db9,dl,2
C19d35e280463d33c37c,dl,4
C19d35e280463d33c37c,st,4
C19d35e280475fa4c232,dl,4
C19d35e28048fa302c7c,dl,5
C19d35e28048fa302c7c,dy,0
C19d35e28048fa302c7c,st,5
C19d35e28048fa302c7c,重発狂,5
C19d35e280495b59404c,dl,6
C19d35e280495b59404c,dy,1
C19d35e280495b59404c,st,6
C19d35e2804af1bd0f8e,dl,7
C19d35e2804af1bd0f8e,dy,2
C19d35e2804af1bd0f8e,st,7
C19d35e2804b47e99c04,dl,7
C19d35e2804b47e99c04,dy,2
C19d35e2804b47e99c04,st,7
C19d35e2804c7d2c9376,dl,8
C19d35e2804c7d2c9376,dy,3
C19d35e2804c7d2c9376,st,8
C19d35e2804d6ff97cdd,dl,9
C19d35e2804d6ff97cdd,dy,4
C19d35e2804d6ff97cdd,st,9
C19d35e2804ef72326d4,dl,11
C19d35e2804fa5a6d902,Ude,0
C19d35e28050b18592cd,Ude,2
C19d35e280519913e3fa,Ude,2
C19d35e280519913e3fa,sl,4
C19d35e2805205909b3d,Ude,2
C19d35e2805349c9c9b8,Ude,3
C19d35e28054420c97bb,Ude,5
C19d35e28054420c97bb,sl,5
C19d35e280553e3c7c91,Ude,9
C19d35e280553e3c7c91,sl,9
C19d35e2805602bc892e,Ude,7
C19d35e28057ee7890e3,fr,0
C19d35e2805801e68ff2,fr,1
C19d35e280598dccda31,fr,2
C19d35e2805a3c71a3dc,fr,5
C19d35e2805b5e577365,fr,7
C19d35e2805cb6519d92,fr,7
C19d35e2805de1b452d3,fr,9
C19d35e2805e5423abab,fr,10
C19d35e2805f3d92f730,fr,12
C19d35e2806094049a1b,fr,12
C19d35e28062c2b53af8,sl,0
C19d35e28062c2b53af8,sr,12
C19d35e28062c2b53af8,▽,11+
C19d35e2806368535dd3,st,2
C19d35e2806438ec9839,st,2
C19d35e2806438ec9839,▼,22
C19d35e2806438ec9839,双,1
C19d35e28065a63be2ab,ξ,5
C19d35e28065a63be2ab,▽,3
C19d35e28066762ee62c,sr,1
C19d35e28067e4348138,sr,13
C19d35e28067e4348138,▽,12
C19d35e28068ad99e475,dy,3
C19d35e28068ad99e475,st,8
C19d35e2806ab2f8ac49,st,4
C19d35e2806ab2f8ac49,重発狂,4
C19d35e2806b7f116a1b,▼,22
C19d35e2806c78236789,sr,2
C19d35e2806e630522aa,sl,0
C19d35e2806e630522aa,sr,12
C19d35e2806e630522aa,▽,11+
C19d35e2806f695d4eb8,SB,1
C19d35e2806f695d4eb8,▽,11
C19d35e280717cddc0c8,sl,3
C19d35e280717cddc0c8,▼,6
C19d35e280717cddc0c8,乱打,3
C19d35e280739c872564,st,6
C19d35e280739c872564,双,4
C19d35e280748a398764,ξ,1
C19d35e280754d4822ff,ξ,1
C19d35e280764d4e26c2,ξ,1
C19d35e28077c394a73e,ξ,3
C19d35e2807853ec89e1,ξ,6
C19d35e28079849ec087,ξ,7
C19d35e2807a6297eda4,ξ,2
C19d35e2807a6297eda4,▽,2
C19d35e2807b62818e8f,▽,11
C19d35e2807c74ffa0e6,ξ,2
C19d35e2807d3bae3110,ξ,2
C19d35e2807ef1a69ba8,ξ,2
C19d35e2807fdec317b0,ξ,3
C19d35e28080014e2bce,dl,9
C19d35e28080014e2bce,dy,4
C19d35e28081e97f3854,dy,2
C19d35e28081e97f3854,st,7
C19d35e28082064112e7,sl,1
C19d35e28082064112e7,▽,12
C19d35e28083c09df885,▽,9
C19d35e28085f57803ae,fr,4
C19d35e2808610975b35,sr,11
C19d35e2808726488e81,▼,5
C19d35e28088ed48853f,SB,-1
C19d35e28088ed48853f,ξ,11
C19d35e28088ed48853f,▽,6
C19d35e28089c0f812ab,ξ,2
C19d35e2808ad7a44810,ξ,2
C19d35e2808b47cdd91a,ξ,2
C19d35e2808b47cdd91a,▽,2
C19d35e2808ce80a69b7,ξ,8
C19d35e2808dbaa539be,ξ,9
C19d35e2808efee17325,ξ,10
C19d35e28090a44a97ab,sl,2
C19d35e28091a0f954ea,▽,5
C19d35e280939688ea76,ξ,9
C19d35e280945835ebec,dy,0
C19d35e280945835ebec,st,5
C19d35e280945835ebec,双,3
C19d35e28095c40e529f,ξ,2
C19d35e28096a83a52cb,st,1
C19d35e280979748278b,▼,9
C19d35e28098375c647d,▽,9
C19d35e280992b1c5beb,▽,10
C19d35e2809ade8cc36e,▽,12
C19d35e2809b87051ab3,ξ,2
C19d35e2809b87051ab3,▽,1
C19d35e2809c0eebd53f,▼,11
C19d35e2809d805a5206,st,2
C19d35e2809d805a5206,双,2
C19d35e2809e3830082d,st,2
C19d35e2809f6cccba9d,▼,12
C19d35e280a02eefbc79,▼,24
C19d35e280a1b2b8587d,ξ,2
C19d35e280a1b2b8587d,▽,2
C19d35e280a26e5b1d77,▼,23
C19d35e280a531ba4f96,sl,0
C19d35e280a7e3043da7,sr,13
C19d35e280a7e3043da7,▽,12
C19d35e280a80b9d77ec,sl,0
C19d35e280a9bd931467,SB,5
C19d35e280a9bd931467,so,9
C19d35e280aa63916873,sr,12
C19d35e280abf21766d5,sr,11
C19d35e280abf21766d5,▽,11+
C19d35e280add5f39997,sr,12
C19d35e280add5f39997,▽,12-
C19d35e280ae7950af67,sr,?
C19d35e280af94c97bf1,▼,10
C19d35e280b09bd16fc7,ln,6
C19d35e280b09bd16fc7,sr,?
C19d35e280b36e1f2708,st,2
C19d35e280b36e1f2708,双,1
C19d35e280b498039d46,dl,4
C19d35e280b498039d46,st,4
C19d35e280b55f76c03d,st,4
C19d35e280b55f76c03d,▼,23
C19d35e280b64dc66dbf,dy,0
C19d35e280b64dc66dbf,st,5
C19d35e280b7ea1f0ef7,dy,0
C19d35e280b7ea1f0ef7,st,5
C19d35e280b7ea1f0ef7,▼,24
C19d35e280b8ada4d516,sl,1
C19d35e280b8ada4d516,▽,12-
C19d35e280b981de5fd2,sl,7
C19d35e280b981de5fd2,乱打,7
C19d35e280ba0d67be80,sr,13
C19d35e280ba0d67be80,▼,0
C19d35e280bba922be9e,▼,2
C19d35e280bcb89e9cd7,▼,4
C19d35e280bdc7773ebd,▼,8
C19d35e280be1e3c17c8,sn,1
C19d35e280be1e3c17c8,▼,21
C19d35e280bf175580c2,ξ,8
C19d35e280bf175580c2,▽,5
C19d35e280c0a6cdfa37,SB,0
C19d35e280c0a6cdfa37,sr,?
C19d35e280c0a6cdfa37,▽,9
C19d35e280c1436a4683,▽,9
C19d35e280c23889d4fc,sr,5
C19d35e280c23889d4fc,▽,9
C19d35e280c3dd2e21d2,▽,10
C19d35e280c42f6b5045,▽,10
C19d35e280c57d823b09,▽,10
C19d35e280c6d5186977,▽,10
C19d35e280c7ad86cbb2,▽,10
C19d35e280c8d92b8415,▽,11
C19d35e280ca2fd5c0b1,ξ,2
C19d35e280cddaa68111,sr,0
C19d35e280ce36f61cda,sr,0
C19d35e280cf33a86615,sr,1
C19d35e280cf33a86615,▽,8
C19d35e280d023856714,sr,1
C19d35e280d023856714,▽,8
C19d35e280d11720baf9,sr,1
C19d35e280d274c7e58d,sr,1
C19d35e280d3a018c642,sr,1
C19d35e280d409b39c87,sr,2
C19d35e280d5c08c80e0,sr,2
C19d35e280d69422eeda,sr,2
C19d35e280d7049f8a7c,sr,2
C19d35e280d81ee08cbe,sr,2
C19d35e280d95af8d18e,sr,2
C19d35e280da99480119,sr,3
C19d35e280db43b3ab91,sr,3
C19d35e280dcec3d0b74,sr,3
C19d35e280dd5f31a3c8,sr,3
C19d35e280dd5f31a3c8,▽,8
C19d35e280de5359262f,sr,4
C19d35e280df7fa1fbe3,sr,4
C19d35e280e0780d0c4a,sr,4
C19d35e280e0780d0c4a,▽,9
C19d35e280e1a6b20903,sr,4
C19d35e280e2abcc6f8d,sr,4
C19d35e280e318aafb01,sr,5
C19d35e280e424a0361a,sr,5
C19d35e280e424a0361a,▽,9
C19d35e280e50c32a004,sr,5
C19d35e280e609272c7c,sr,5
C19d35e280e609272c7c,▽,9
C19d35e280e7d0029fa3,sr,5
C19d35e280e8c6688e80,sr,5
C19d35e280e8c6688e80,▽,9
C19d35e280e901ec19c3,sr,5
C19d35e280e901ec19c3,▽,9
C19d35e280ea7ceb601b,sr,6
C19d35e280eb40bf369a,sr,6
C19d35e280ec4cfd4a84,sr,6
C19d35e280ed316a2166,sr,7
C19d35e280ee80005efc,sr,7
C19d35e280ee80005efc,▽,10
C19d35e280ef83ff5709,sr,7
C19d35e280f0f6a633d7,sr,7
C19d35e280f0f6a633d7,▽,10
C19d35e280f1b99d0979,sr,7
C19d35e280f2546fe826,sr,8
C19d35e280f2546fe826,▽,10
C19d35e280f3a3f53b8b,sr,8
C19d35e280f42e0d07aa,sr,8
C19d35e280f5ce714d5f,sr,8
C19d35e280f690029ae0,sr,8
C19d35e280f765597924,sr,9
C19d35e280f91a44e0d3,sr,9
C19d35e280f91a44e0d3,▽,10
C19d35e280fab5dbee0f,sr,9
C19d35e280fab5dbee0f,▽,10
C19d35e280fb5c2dfc1a,sr,9
C19d35e280fb5c2dfc1a,▽,10
C19d35e280fc691839b4,sr,9
C19d35e280fdad2c67c4,sr,9
C19d35e280fdad2c67c4,▽,10
C19d35e280fea14b4d28,sr,10
C19d35e280fea14b4d28,▽,11
C19d35e280ff2b171833,sr,10
C19d35e28100b090fe7e,sr,10
C19d35e28101e7cfebcd,sr,10
C19d35e28101e7cfebcd,▽,10
C19d35e28102023c992e,sr,10
C19d35e28102023c992e,▽,10
C19d35e28103b7181875,sr,10
C19d35e28104ff218e93,sr,10
C19d35e28105e7fb94f7,sr,10
C19d35e281067cb14c23,sr,11
C19d35e28107edad3859,sr,11
C19d35e28107edad3859,▽,11
C19d35e2810843eef6c8,sr,11
C19d35e28109220ea454,sl,0
C19d35e28109220ea454,sr,11
C19d35e28109220ea454,▽,11
C19d35e2810af390012e,sr,11
C19d35e2810af390012e,▽,11+
C19d35e2810b54951702,sr,11
C19d35e2810c8078127f,sr,11
C19d35e2810d531335e2,sr,12
C19d35e2810e68b424b7,sl,0
C19d35e2810e68b424b7,sr,12
C19d35e2810f4a4bda95,sr,12
C19d35e2810f4a4bda95,▽,11
C19d35e28110618d8eec,sr,12
C19d35e281110043af08,sr,12
C19d35e28112d27c756e,sr,12
C19d35e28113caccf457,sr,12
C19d35e28114494361fc,sr,13
C19d35e281159b429f74,sr,13
C19d35e28116efe85b73,sr,13
C19d35e2811766178cbf,sr,13
C19d35e2811766178cbf,▽,12
C19d35e2811828a13ff6,sr,13
C19d35e2811828a13ff6,▽,12+
C19d35e281197b8153c7,sr,13
C19d35e2811ae757b3bc,sr,?
C19d35e2811ae757b3bc,▽,10
C19d35e2811b6625b84b,sr,?
C19d35e2811c63e85fea,sr,?
C19d35e2811d27f0900e,SB,2
C19d35e2811d27f0900e,sr,?
C19d35e2811ef3e97a86,sr,?
C19d35e2811f76848756,SB,1
C19d35e2811f76848756,sr,?
C19d35e281205d5414c2,SB,2
C19d35e281205d5414c2,fr,1
C19d35e281205d5414c2,sr,?
C19d35e28121eccd4125,sr,!
C19d35e28122e2a702f7,sr,!
C19d35e28123b8ea40ed,sr,!
C19d35e281247363f235,fr,0
C19d35e28125bf8c9902,fr,0
C19d35e28126e82bb101,fr,1
C19d35e28127139d3ccb,fr,8
C19d35e2812a7f84b330,st,1
C19d35e2812a7f84b330,▼,21
C19d35e2812a7f84b330,重発狂,1
C19d35e2812ba317f97e,st,3
C19d35e2812ca0b2750f,sl,0
C19d35e2812ca0b2750f,sr,13
C19d35e2812d7f4c51cd,sl,1
C19d35e2812d7f4c51cd,▽,12+
C19d35e2812d7f4c51cd,乱打,1
C19d35e2812eacb13226,sl,2
C19d35e2812f8e43609f,sl,4
C19d35e2812f8e43609f,▼,7
C19d35e2812f8e43609f,乱打,4
C19d35e28130c4b54e76,sl,6
C19d35e28130c4b54e76,乱打,6
C19d35e28131f8e22a68,Ude,8
C19d35e28131f8e22a68,sl,8
C19d35e2813331124c34,sr,12
C19d35e2813331124c34,▽,11+
C19d35e28134eefa2371,fr,5
C19d35e2813c2a6d8f6a,sr,4
C19d35e2813c2a6d8f6a,▽,9
C19d35e2813d2c60a537,sr,10
C19d35e2813e09000cc7,sr,11
C19d35e2813f72422872,sr,13
C19d35e281404d049802,sr,?
C19d35e281411bcaeb8c,fr,8
C19d35e28144f3a3742f,st,0
C19d35e28145e57c1722,st,0
C19d35e281468f88efaa,sl,10
C19d35e2814762a749ff,sl,10
C19d35e2814762a749ff,▼,15
C19d35e2814762a749ff,乱打,10
C19d35e281483b9b7bbd,sl,11
C19d35e2814a59a428cc,Ude,6
C19d35e2814ba23fac08,Ude,8
C19d35e2814cd1880b1b,st,0
C19d35e2814cd1880b1b,双,0
C19d35e2814d7b1476a3,st,1
C19d35e2814ebec55a15,st,2
C19d35e2814f77ed172b,st,2
C19d35e281502ca6c6e6,st,3
C19d35e28151fa44583d,st,0
C19d35e28153dae5f7aa,sr,0
C19d35e281540ab21f16,sr,5
C19d35e281552d300b85,sr,6
C19d35e281552d300b85,▽,10
C19d35e28156203dbe11,sr,9
C19d35e2815733ddb322,sr,10
C19d35e28158c6717eb6,sr,11
C19d35e2815915b709a6,ln,5
C19d35e2815915b709a6,sr,?
C19d35e2815db7e1f4d3,ξ,2
C19d35e2815e563bf47a,sr,2
C19d35e2815f49f959ca,SB,2
C19d35e2815f49f959ca,fr,2
C19d35e28160971b82ae,st,1
C19d35e281617f2c6aed,st,1
C19d35e281617f2c6aed,重発狂,1
C19d35e28162816b1eb9,st,2
C19d35e28163f2416cfb,▼,4
C19d35e281640fd980a3,▼,9
C19d35e281654b0ef348,▼,8
C19d35e281662e79b4dd,▼,8
C19d35e281677d46baf2,▼,9
C19d35e2816825deb0cc,▼,9
C19d35e28169e012ae44,▼,10
C19d35e2816a20ef248d,▼,12
C19d35e2816b42c1f61a,▼,13
C19d35e2816ca602b59b,▼,16
C19d35e2816de4557da5,▽,5
C19d35e2816e00255903,▽,7
C19d35e2816ffa5c8f0b,▽,8
C19d35e28170ee358b3b,▽,8
C19d35e281719de4ca2a,▽,9
C19d35e281725e3f1bf7,▽,10
C19d35e28174ea672e40,st,2
C19d35e28174ea672e40,重発狂,2
C19d35e28176a9cc661a,ξ,5
C19d35e2817732fe4f51,ξ,6
C19d35e28178d652c4cf,sr,9
C19d35e2817a3fed366e,sr,11
C19d35e2817b1320a746,sr,11
C19d35e2817d72ec61c7,Ude,8
C19d35e2817ff0e2651a,sr,8
C19d35e2817ff0e2651a,▽,10
C19d35e2818044ff6a4b,▼,6
C19d35e28181ccf0b256,st,2
C19d35e28183285e3f23,ξ,12
C19d35e28184debe176f,st,2
C19d35e28184debe176f,双,2
C19d35e28186abbb6d54,ξ,3
C19d35e28187706690ab,ξ,12
C19d35e28188dfc00406,sr,10
C19d35e281893a4f17ad,sl,0
C19d35e281893a4f17ad,sr,12
C19d35e2818ad30d7520,▼,4
C19d35e2818cd209ab26,Ude,6
C19d35e2818d21076dbc,sl,1
C19d35e2818d21076dbc,乱打,1
C19d35e2818eae149022,sl,5
C19d35e2818f0fa3c506,sl,7
C19d35e2818f0fa3c506,乱打,7
C19d35e281917b06f4ec,st,0
C19d35e281925c5e1658,st,4
C19d35e28193815c232f,sl,1
C19d35e28193815c232f,▽,12
C19d35e281941795c320,sl,2
C19d35e281941795c320,乱打,2
C19d35e28195f83f0ee4,sl,7
C19d35e281962cfe4ee5,sl,12
C19d35e281962cfe4ee5,▼,18
C19d35e28197ffd9b9cf,sr,0
C19d35e28197ffd9b9cf,▽,7
C19d35e28198f5325dae,▽,8
C19d35e2819ac41e9290,fr,9
C19d35e2819ac41e9290,★★,3
C19d35e2819b3ab1e078,dl,6
C19d35e2819b3ab1e078,dy,1
C19d35e2819b3ab1e078,st,6
C19d35e2819e5275d7fb,dy,1
C19d35e2819e5275d7fb,st,6
C19d35e2819f53bcf4a0,▼,3
C19d35e281a0d455f315,▼,4
C19d35e281a223f48430,▽,10
C19d35e281a4f2448700,dl,3
C19d35e281a4f2448700,st,3
C19d35e281a6f7da628b,sr,12
C19d35e281a76435c763,dy,2
C19d35e281a76435c763,st,6
C19d35e281a76435c763,双,5
C19d35e281a9c1d7b8a7,▽,10
C19d35e281ab1d9d9fe3,sr,13
C19d35e281ab1d9d9fe3,▽,11+
C19d35e281ac172f52ef,ξ,4
C19d35e281ac172f52ef,▽,3
C19d35e281ae718ca48d,▽,6
C19d35e281afb175472a,sl,0
C19d35e281afb175472a,sr,13
C19d35e281afb175472a,▽,12-
C19d35e281b173c68e9e,ξ,4
C19d35e281b2a895b21e,ξ,8
C19d35e281b393307d24,ln,6
C19d35e281b44a12e419,ln,6
C19d35e281b568f2e9be,ln,6
C19d35e281b6d863ea04,ln,7
C19d35e281b77eb2c0bb,ln,8
C19d35e281b8e41ea075,ln,8
C19d35e281b9d0137fda,ln,8
C19d35e281bac61a4aeb,ln,9
C19d35e281bb7c0d72c4,ln,9
C19d35e281bc33303a3b,ln,10
C19d35e281bdee30ae3e,ln,10
C19d35e281be3c57981e,ln,10
C19d35e281bf0005bf6f,ln,12
C19d35e281c022d228c5,ln,12
C19d35e281c1e16901c1,ln,14
C19d35e281c3aeece71c,sr,4
C19d35e281c505734310,ξ,2
C19d35e281c505734310,▽,1
C19d35e281c66fb999a2,ξ,5
C19d35e281c75b705d9b,ξ,8
C19d35e281c8af2525b4,ξ,9
C19d35e281c8af2525b4,▽,5
C19d35e281c981a4fa01,ξ,9
C19d35e281cac94b5ff9,ξ,12
C19d35e281cac94b5ff9,▽,6
C19d35e281cb192dc7cd,ξ,13
C19d35e281cb192dc7cd,▽,7
C19d35e281cc01acc8a8,Ude,3
C19d35e281cc01acc8a8,▼,6
C19d35e281ce7fbf7a62,▽,7
C19d35e281d0f851198d,▽,9
C19d35e281d27c63d163,sr,7
C19d35e281d338f587a7,▼,6
C19d35e281d5ea6dcdf4,sr,9
C19d35e281d66b59e05a,SB,3
C19d35e281db3d66d648,dy,7
C19d35e281db3d66d648,st,12
C19d35e281dc6824fa7e,sl,0
C19d35e281dc6824fa7e,乱打,0
C19d35e281dd7d98b792,sl,11
C19d35e281deedcfe7df,▽,4
C19d35e281df646402e4,▽,9
C19d35e281e68ed7150b,sl,3
C19d35e281e68ed7150b,▼,4
C19d35e281e7293a20ea,dl,-2
C19d35e281e7293a20ea,▼,17
C19d35e281e9dd24c666,sr,0
C19d35e281ea0559c346,sr,11
C19d35e281ed74160112,SB,7
C19d35e281efed13a73c,st,4
C19d35e281f0a3dff91b,sr,4
C19d35e281f0a3dff91b,▽,8
C19d35e281f2b0186221,sr,10
C19d35e281f7a3b1a7ee,sr,12
C19d35e281f8e20a2e20,SB,5
C19d35e281f8e20a2e20,▼,10
C19d35e281fc74fe3520,sr,12
C19d35e281fc74fe3520,▽,11+
C19d35e281fe3af51be9,sr,1
C19d35e281ffb49daeb5,sr,1
C19d35e282007caa7ddc,sr,2
C19d35e28201fdd8226c,sr,5
C19d35e28201fdd8226c,▽,8
C19d35e2820240c5101a,sr,7
C19d35e282039f84bbf0,sl,0
C19d35e282039f84bbf0,sr,12
C19d35e282039f84bbf0,▽,11+
C19d35e282045b325c13,sr,!
C19d35e2820554cc7c0b,▼,3
C19d35e28206a3a69849,▼,4
C19d35e2820754286c23,▼,4
C19d35e28208cf3ee0a0,▼,6
C19d35e2820984fa9586,sl,7
C19d35e2820984fa9586,▼,11
C19d35e2820aaeaf67d6,▼,12
C19d35e2820b56050117,sl,7
C19d35e2820b56050117,▼,12
C19d35e2820c69bfa0d9,SB,6
C19d35e2820c69bfa0d9,fr,6
C19d35e2820c69bfa0d9,▼,15
C19d35e2820d616dc808,▼,18
C19d35e2820d616dc808,乱打,12
C19d35e2820e62bc1210,▽,2
C19d35e2820f07133d59,▽,2
C19d35e2821009eb7b0e,▽,6
C19d35e282114c19e11b,▽,6
C19d35e282123f9822da,▽,7
C19d35e28217e6ff1abf,sr,6
C19d35e28219ccc98629,st,3
C19d35e2821ab0ec686c,st,3
C19d35e2821ab0ec686c,双,3
C19d35e2821c805b273b,SB,8
C19d35e2821c805b273b,▼,20
C19d35e2821eaf602f8d,SB,4
C19d35e28220fea784f8,sr,9
C19d35e28225ecddccd2,▽,10
C19d35e2822654145342,▽,10
C19d35e28227ce7c5fde,▽,11
C19d35e282287971cc8a,▽,11+
C19d35e28229c02b7bf0,▽,12-
C19d35e2822af67b1c77,▽,12
C19d35e2822be3bae33c,▽,12+
C19d35e2822c453680b1,st,0
C19d35e2822c453680b1,▼,20
C19d35e2822d01884af1,dy,4
C19d35e2822d01884af1,st,9
C19d35e2822e29ad4487,▽,11
C19d35e282304a7d5e1c,sr,0
C19d35e28231ca11b0c2,Ude,2
C19d35e28232008074cc,dl,5
C19d35e28232008074cc,dy,0
C19d35e28232008074cc,st,5
C19d35e282332ea06f1b,dy,0
C19d35e282332ea06f1b,st,5
C19d35e282332ea06f1b,双,4
C19d35e28234bf9ad3d8,双,3
C19d35e282351b40c750,st,3
C19d35e282351b40c750,重発狂,3
C19d35e282365c994947,sl,9
C19d35e282365c994947,▼,15
C19d35e282365c994947,乱打,9
C19d35e28237c7e0a241,dl,6
C19d35e28237c7e0a241,st,6
C19d35e28238a0e137a5,Ude,3
C19d35e28238a0e137a5,sl,3
C19d35e282395e99c676,sr,1
C19d35e2823a8b6cb96f,sr,4
C19d35e2823b166fa662,sr,10
C19d35e2823d98452d22,sr,10
C19d35e2823e40c6fcb8,sl,0
C19d35e2823f20bd2e8c,dy,0
C19d35e2823f20bd2e8c,st,5
C19d35e2823f20bd2e8c,双,4
C19d35e282401371855e,dl,7
C19d35e282401371855e,dy,2
C19d35e282401371855e,st,7
C19d35e2824167c87f98,st,8
C19d35e2824167c87f98,重発狂,8
C19d35e28242b8163022,sl,7
C19d35e28242b8163022,乱打,7
C19d35e282430340f7ce,▼,7
C19d35e28244475d7f69,sr,3
C19d35e28244475d7f69,▽,8
C19d35e28245f40aa1cf,sr,0
C19d35e2824663d9fcc4,sr,0
C19d35e2824786853d21,SB,1
C19d35e2824786853d21,sr,?
C19d35e2824786853d21,▽,11+
C19d35e28248364ed67c,sr,6
C19d35e282495e7d75f7,st,4
C19d35e2824a67712868,sr,7
C19d35e2824a67712868,▽,10
C19d35e2824b72ee0ec9,sr,1
C19d35e2824b72ee0ec9,▽,7
C19d35e2824d12f1bef8,Ude,Ude2 (sub)
C19d35e2824d12f1bef8,sl,2
C19d35e2824d12f1bef8,▼,3
C19d35e2824e4422e2c0,sr,1
C19d35e2824f4e45b13e,sr,4
C19d35e282509e6e0d3c,sr,9
C19d35e28251d29b16be,dy,0
C19d35e28251d29b16be,st,5
C19d35e28252960e8f77,st,7
C19d35e282532906f02e,dl,9
C19d35e282532906f02e,dy,4
C19d35e282532906f02e,st,9
C19d35e282550aead273,st,8
C19d35e282550aead273,双,5
C19d35e2825618bd0c52,sl,6
C19d35e28258be4604fd,▽,3
C19d35e2825aeec1f0a8,dy,1
C19d35e2825b3311e3ef,sl,0
C19d35e2825b3311e3ef,▽,11
C19d35e2825c0e77601f,sl,8
C19d35e2825c0e77601f,乱打,8
C19d35e2825d7f89d482,▼,4
C19d35e2825e13b27315,ln,7
C19d35e2825fbcc88b5d,ln,10
C19d35e2826036bb8fd4,ln,12
C19d35e282611edafaef,ln,17
C19d35e282623ea0c4d6,st,1
C19d35e2826327024ebe,sl,1
C19d35e2826327024ebe,▼,1
C19d35e28317a82f620b,sr,0
C19d35e2831952cfe73a,st,3
C19d35e2831952cfe73a,▼,23
C19d35e2831d2ef04a26,sl,0
C19d35e2831d2ef04a26,sr,11
C19d35e2831d2ef04a26,乱打,0
C19d35e2831e0906c07a,sr,9
C19d35e2831e0906c07a,▽,10
C19d35e283202a743988,sr,13
C19d35e28321b6debd1a,▽,9
C19d35e283224b55d2ce,dy,1
C19d35e283224b55d2ce,st,6
C19d35e283224b55d2ce,重発狂,6
C19d35e283241d02c686,▼,10
C19d35e28326259c5af4,st,9
C19d35e283274f909ffb,dy,3
C19d35e283274f909ffb,st,8
C19d35e283286846e388,sr,5
C19d35e2832d1b34ce69,st,3
C19d35e2832fef2d0833,sr,1
C19d35e2833190451496,▼,4
C19d35e28338a9a2ce73,dy,2
C19d35e28338a9a2ce73,st,7
C19d35e28338a9a2ce73,重発狂,7
C19d35e283396e72f0c4,dy,2
C19d35e283396e72f0c4,st,7
C19d35e2833aa35b0554,▼,6
C19d35e2833b3de57592,▼,13
C19d35e2833c422355d7,sl,9
C19d35e2833c422355d7,▼,14
C19d35e2833d35022f19,▼,16
C19d35e2833e71b22dc2,▼,19
C19d35e2833e71b22dc2,重発狂,1
C19d35e2833f25c0bd49,st,1
C19d35e2833f25c0bd49,▼,21
C19d35e28340e9fee4c9,fr,8
C19d35e28340e9fee4c9,▼,22
C19d35e28341db6a637e,▽,6
C19d35e28342d08ab629,▽,6
C19d35e2834368d1c29e,▽,8
C19d35e28344476c9c5e,▽,9
C19d35e283459ba28bdb,▽,10
C19d35e28346f378fb2f,▽,12
C19d35e28348d0170ec9,st,3
C19d35e28349c65e50fd,st,4
C19d35e2834ac2356316,dl,-1
C19d35e2834b8b77f838,dl,0
C19d35e283502c685b34,st,3
C19d35e28351aac62ebb,dy,1
C19d35e28351aac62ebb,st,6
C19d35e28352e67d8d61,sr,12
C19d35e28352e67d8d61,▼,0
C19d35e28353ff7ca8ef,ξ,9
C19d35e28353ff7ca8ef,▽,5
C19d35e28357681c1325,sl,10
C19d35e28357681c1325,乱打,10
C19d35e28358ccc74dd1,sr,13
C19d35e28358ccc74dd1,▼,1
C19d35e28359ff4ceff8,▼,7
C19d35e28359ff4ceff8,乱打,4
C19d35e2835d71eb4d7d,st,4
C19d35e2835ea6ffce89,▽,3
C19d35e2835f03862e0a,▽,10
C19d35e283607b661b92,sr,13
C19d35e283607b661b92,▽,12
C19d35e28362b953b829,sr,4
C19d35e28363d4b861be,sr,5
C19d35e28364a4accfd5,sr,11
C19d35e2836838a8f43b,st,8
C19d35e2836838a8f43b,重発狂,8
C19d35e283691cc3644f,sl,2
C19d35e283691cc3644f,乱打,2
C19d35e2836a06f5838f,sl,6
C19d35e2836a06f5838f,▼,9
C19d35e2836a06f5838f,乱打,6
C19d35e2836ba125570f,▽,12
C19d35e2836c0c974626,sr,3
C19d35e2836c0c974626,▽,8
C19d35e283735addd628,dl,7
C19d35e283735addd628,st,7
C19d35e28375ca684b03,sl,9
C19d35e28375ca684b03,乱打,9
C19d35e2837684816885,▽,11
C19d35e28377e391a356,▽,12+
C19d35e283788ad5d844,▽,11+
C19d35e2837b90fc11ca,sr,12
C19d35e2837b90fc11ca,▽,11
C19d35e2837cc5f4a90a,sr,!
C19d35e2837dd4937ca0,ln,3
C19d35e2837eb83462be,双,0
C19d35e2837f4d64f765,▽,11+
C19d35e283862c010934,st,7
C19d35e2838778a54754,sr,12
C19d35e2838987aa0e50,sl,4
C19d35e2838987aa0e50,乱打,4
C19d35e2838a26a7e461,sl,5
C19d35e2838a26a7e461,乱打,5
C19d35e2838b34b853b0,dl, BEGINNER
C19d35e2838b34b853b0,sl,8
C19d35e2838cbbef965a,▼,1
C19d35e2838d9ae4d1e9,sr,1
C19d35e2838d9ae4d1e9,▽,8
C19d35e283952e116373,sr,13
C19d35e283961c55eda5,dl,6
C19d35e283961c55eda5,dy,1
C19d35e283961c55eda5,st,6
C19d35e283974a4a2eca,dy,2
C19d35e283974a4a2eca,st,7
C19d35e283974a4a2eca,重発狂,7
C19d35e2839883502f30,sr,11
C19d35e28399bff10bf5,sr,13
C19d35e2839ab32f87e4,dy,0
C19d35e2839ab32f87e4,双,4
C19d35e2839b72cf0ea2,dl,5
C19d35e2839c9f88955b,dl,5
C19d35e2839c9f88955b,dy,0
C19d35e2839d6371c4f1,dl,5
C19d35e2839f0f053136,dy,1
C19d35e2839f0f053136,st,6
C19d35e2839f0f053136,重発狂,6
C19d35e283a0d5d5dc5a,st,6
C19d35e283a0d5d5dc5a,双,5
C19d35e283a13dcc5bbd,sl,1
C19d35e283a13dcc5bbd,▽,12
C19d35e283a323db05ac,dl,6
C19d35e283a323db05ac,dy,1
C19d35e283a5a34672cc,dy,1
C19d35e283a5a34672cc,st,6
C19d35e283a6af096dd3,dl,dl8 (sub)
C19d35e283a6af096dd3,dy,3
C19d35e283a6af096dd3,st,8
C19d35e283a735138cf4,ξ,8
C19d35e283a735138cf4,▽,5
C19d35e283a8f30db6d2,▽,5
C19d35e283a9fe869755,ξ,7
C19d35e283aae88f9080,ξ,7
C19d35e283abf615a2c5,ξ,8
C19d35e283abf615a2c5,▽,4
C19d35e283acd635ac13,ξ,8
C19d35e283ad50573f20,ξ,9
C19d35e283ae43bbe9eb,ξ,10
C19d35e283b10b4e71f7,fr,0
C19d35e283b379c30891,st,0
C19d35e283b4e19006da,st,0
C19d35e283b5a7717a72,st,2
C19d35e283b6e404dca1,st,2
C19d35e283b73c048c76,st,2
C19d35e283b843cd4dd0,st,1
C19d35e283b95e9009b0,▽,5
C19d35e283ba9d998929,▽,5
C19d35e283bb0158939a,ξ,7
C19d35e283bb0158939a,▽,5
C19d35e283bc9fd3b93d,▽,5
C19d35e283bd45fe313b,▽,5
C19d35e283be04be3444,▽,5
C19d35e283bf7e29dcff,▽,6
C19d35e283c0f0029dc7,▽,6
C19d35e283c16b4cabd9,sl,0
C19d35e283c16b4cabd9,sr,12
C19d35e283c16b4cabd9,▽,11+
C19d35e283c2419bbfc2,sl,1
C19d35e283c2419bbfc2,▽,12
C19d35e283c37da7f9b2,ξ,10
C19d35e283c4d87389ee,ξ,11
C19d35e283c58c29d644,ξ,12
C19d35e283c6faa9fe86,st,1
C19d35e283c6faa9fe86,重発狂,1
C19d35e283c78f146544,st,1
C19d35e283c8599fd69b,st,1
C19d35e283c9cdcecc5a,st,1
C19d35e283c9cdcecc5a,▼,20
C19d35e283cfc801dbdc,▽,7
C19d35e283d01b86c37b,dy,0
C19d35e283d01b86c37b,st,5
C19d35e283d18acee6cc,sl,5
C19d35e283d235d26da9,st,0
C19d35e283d235d26da9,双,0
C19d35e283d341475e8d,▽,4
C19d35e283d4a9159d25,▽,6
C19d35e283d59761ae2b,▽,6
C19d35e283d690eb6993,ξ,11
C19d35e283d690eb6993,▽,6
C19d35e283d7f6864e43,ξ,11
C19d35e283d8e7fecbad,sr,1
C19d35e283d9c6c51b8f,ln,5
C19d35e283d9c6c51b8f,▽,10
C19d35e283da8c5d704d,ln,9
C19d35e283da8c5d704d,▽,12-
C19d35e283dbe4b5052f,ln,12
C19d35e283dc517f7ee9,乱打,1
C19d35e283dd53f44d63,乱打,1
C19d35e283dfd2a6626c,sl,4
C19d35e283dfd2a6626c,乱打,4
C19d35e283e1aaf64b29,乱打,5
C19d35e283e3208babc3,sl,6
C19d35e283e3208babc3,乱打,5
C19d35e283e489aef553,▼,4
C19d35e283e5ed828d65,sl,4
C19d35e283e5ed828d65,▼,6
C19d35e283e5ed828d65,乱打,4
C19d35e283e66dde230c,▼,16
C19d35e283e7d12598f1,dl, BEGINNER
C19d35e283e7d12598f1,▼,15
C19d35e283e8683bb83c,sr,5
C19d35e283e945c534e2,sr,5
C19d35e283eabd1c5a08,sr,6
C19d35e283efe6199431,st,3
C19d35e283efe6199431,重発狂,3
C19d35e283f1ae160122,st,4
C19d35e283f200691c10,st,8
C19d35e283f3cb22001a,st,8
C19d35e283f44c3cb657,sl,9
C19d35e283f44c3cb657,乱打,9
C19d35e283f59c1a051f,Ude,11
C19d35e283f59c1a051f,sl,11
C19d35e283f692ad7c22,sr,9
C19d35e283f692ad7c22,▼,0-
C19d35e283f7b2fddfbf,▽,6
C19d35e283f845b82e84,ξ,12
C19d35e283fba2cc440d,双,4
C19d35e283fc46b12f96,dy,0
C19d35e283fc46b12f96,st,5
C19d35e283fc46b12f96,重発狂,6
C19d35e283fdb4aa012a,dy,0
C19d35e283fe827c9d60,dy,0
C19d35e28400b234eca8,dy,1
C19d35e28400b234eca8,st,6
C19d35e28400b234eca8,★★,4
C19d35e28401fba61f43,dy,1
C19d35e28401fba61f43,重発狂,6
C19d35e2840278c8d3cb,dy,1
C19d35e2840278c8d3cb,st,6
C19d35e2840278c8d3cb,重発狂,6
C19d35e28403a7ebb00f,dy,1
C19d35e28403a7ebb00f,重発狂,6
C19d35e284048a4c36ea,dl,6
C19d35e284048a4c36ea,dy,1
C19d35e284048a4c36ea,st,6
C19d35e2840507ca429b,dy,2
C19d35e2840507ca429b,st,7
C19d35e28406f399e444,dy,2
C19d35e28407daeb77a6,dl,7
C19d35e28407daeb77a6,dy,2
C19d35e28408bee0df12,dy,2
C19d35e28408bee0df12,重発狂,7
C19d35e284099aa54057,dy,2
C19d35e284099aa54057,st,8
C19d35e2840a81cc0499,dy,3
C19d35e2840bee7f5c02,dy,3
C19d35e2840c6d59877d,重発狂,8
C19d35e2840df46ea7f8,dy,3
C19d35e2840ecbb7dbb7,dy,4
C19d35e284101dee3f2e,dy,4
C19d35e284119b629b82,dy,4
C19d35e28412a49307fa,dy,4
C19d35e28412a49307fa,★★,6
C19d35e284130ec19a2f,dy,4
C19d35e284130ec19a2f,重発狂,9
C19d35e284142113e434,dy,5
C19d35e284142113e434,双,6
C19d35e284173c40d392,▽,9
C19d35e28419b3b4f62c,sl,6
C19d35e2841d183f8fd1,dy,4
C19d35e2841d183f8fd1,st,9
C19d35e2841eab07719b,dl,9
C19d35e2841eab07719b,dy,4
C19d35e2841eab07719b,st,9
C19d35e2841fe72e614a,dl,9
C19d35e2841fe72e614a,dy,4
C19d35e2841fe72e614a,st,9
C19d35e284200e66dca3,▽,5
C19d35e284218673255c,ξ,11
C19d35e284218673255c,▽,6
C19d35e28422e9416be5,ξ,11
C19d35e2842380e2d437,sr,1
C19d35e28424d8b46734,sr,2
C19d35e284267bdb9e35,st,9
C19d35e2842895cb7822,sr,0
C19d35e284291f3c3701,sr,0
C19d35e2842aac89b0d8,sr,1
C19d35e2842baed1d513,sr,1
C19d35e2842cf354044c,sr,1
C19d35e2842dc65a87e2,fr,11
C19d35e284310afd5d09,dy,4
C19d35e284310afd5d09,★★,5
C19d35e284321be22d6e,乱打,3
C19d35e284335c4cc745,▽,9
C19d35e284341b44a1ba,sr,1
C19d35e284341b44a1ba,ξ,12
C19d35e284341b44a1ba,▽,7
C19d35e28435a621ad58,sr,0
C19d35e2843633532438,sr,0
C19d35e2843745ea28b1,sr,0
C19d35e2843829d0a1f8,sr,0
C19d35e284393856bb67,ln,2
C19d35e284393856bb67,▽,7
C19d35e2843ae4d69c90,dl,9
C19d35e2843b9144055c,Ude,2
C19d35e2843c9831413b,sl,7
C19d35e2843c9831413b,▼,12
C19d35e2843d1d19c017,▼,7
C19d35e2843ea640752d,dy,0
C19d35e2843ea640752d,st,5
C19d35e2843ea640752d,★★,4
C19d35e2843fbdc88262,sl,6
C19d35e284405aae4514,sl,6
C19d35e284405aae4514,乱打,6
C19d35e284419319c2c9,双,4
C19d35e2844225609685,dy,1
C19d35e2844439a5f0d2,dy,1
C19d35e2844537943c94,▼,6
C19d35e28446114df32e,▽,11
C19d35e28447308c180e,sr,5
C19d35e284487bcb86c0,dl,8
C19d35e284487bcb86c0,dy,3
C19d35e284487bcb86c0,st,8
C19d35e28452cf8ea918,sr,10
C19d35e28453310afb5b,sr,11
C19d35e2845f2e5689b1,▽,10
C19d35e28460bdeb87f6,▼,14
C19d35e2846123f96caa,▽,7
C19d35e284623a7cb386,▽,10
C19d35e28463fc548171,▽,12
C19d35e28464861d41c2,▽,12+
C19d35e28468b1b4eaef,▽,10
C19d35e28469d456d0e6,▽,11+
C19d35e2846aca8346d1,sr,?
C19d35e2846f3ec2f615,sl,3
C19d35e2846f3ec2f615,乱打,3
C19d35e284707fab99a4,sl,5
C19d35e28471555c988a,▼,1
C19d35e284723db1b339,▼,4
C19d35e28473175445fc,Ude,Ude5 (sub)
C19d35e28473175445fc,▼,10
C19d35e28474271b8f46,▽,8
C19d35e2847bbca805d3,▽,11
C19d35e2847f1bed1cf0,sl,4
C19d35e2847f1bed1cf0,乱打,4
C19d35e284806ff83ab6,▼,12
C19d35e284806ff83ab6,乱打,6
C19d35e284814e16cff2,▽,7
C19d35e28482ce501eab,▽,12
C19d35e284839eecfff8,sr,3
C19d35e284839eecfff8,▽,8
C19d35e2848730191e3c,dy,0
C19d35e2848730191e3c,st,5
C19d35e2848730191e3c,双,4
C19d35e284886124c9be,dy,3
C19d35e284886124c9be,st,8
C19d35e28489e4003fc4,▼,21
C19d35e284902e4c62af,sr,11
C19d35e284902e4c62af,▽,11
C19d35e28491c8e07486,双,3
C19d35e28493ba37a1a9,▽,10
C19d35e28494af331f7a,st,3
C19d35e284955574b8cf,▼,?
C19d35e28496224d35db,▽,8
C19d35e28498805018e9,sr,11
C19d35e28499cf02e77e,sl,0
C19d35e28499cf02e77e,sr,13
C19d35e28499cf02e77e,乱打,0
C19d35e2849ab4768fa5,dl,2
C19d35e2849de5e1573b,▽,9
C19d35e284a63dd98a07,dl,dl6 (sub)
C19d35e284a77fd84985,dy,0
C19d35e284aba034fc62,st,1
C19d35e284acaede20e4,st,1
C19d35e284acaede20e4,重発狂,1
C19d35e284b952d840bb,▼,8
C19d35e284ba8ce63aba,▼,4
C19d35e284bbe24b63ba,▼,6
C19d35e284bc75d3a544,▼,10
C19d35e284c3c33afccc,▼,23
C19d35e284c4c2137f37,dl,5
C19d35e284c5e461d503,dl,7
C19d35e284c5e461d503,st,7
C19d35e284c6e34ddc64,dl,8
C19d35e284c6e34ddc64,dy,3
C19d35e284cb0be81cb2,dy,0
C19d35e284cb0be81cb2,st,5
C19d35e284cda1bc3b86,dy,0
C19d35e284cda1bc3b86,st,5
C19d35e284cda1bc3b86,双,4
C19d35e284ce3d956cdb,重発狂,8
C19d35e284cf12bac814,dy,3
C19d35e284cf12bac814,st,8
C19d35e284d12f5c451a,sr,4
C19d35e284d2cc2fec11,fr,12
C19d35e284d2cc2fec11,★★,5
C19d35e284d90d97b367,dy,2
C19d35e284da1627c0a6,dy,2
C19d35e284dbf32d16b6,dl,7
C19d35e284dbf32d16b6,dy,2
C19d35e284de3b6e45eb,dy,1
C19d35e284de3b6e45eb,st,6
C19d35e284de3b6e45eb,▼,24
C19d35e284de3b6e45eb,重発狂,6
C19d35e284dfbe26e29b,sr,!
C19d35e284e1b5693b43,乱打,9
C19d35e284e3a7b9366a,dl,7
C19d35e284e6528dbfde,dy,2
C19d35e284e6528dbfde,st,7
C19d35e284e6528dbfde,重発狂,7
C19d35e284e9a6a3e074,▼,6
C19d35e284ea30b66bbe,dl,3
C19d35e284f19dfcde88,▼,16
C19d35e284f38fffc2b8,sl,12
C19d35e284f38fffc2b8,▼,19
C19d35e284f9808e85c2,▼,11
C19d35e28503554ae0f3,sl,1
C19d35e285079736ad8d,▼,6
C19d35e2850c57527926,dl,dl0 (sub)
C19d35e2850c57527926,st,0
C19d35e2850df1c1fc13,st,3
C19d35e2850eb6cbfe0c,sl,2
C19d35e2850fb93141d6,sl,10
C19d35e2850fb93141d6,乱打,10
C19d35e2851083c6d310,▼,13
C19d35e285196892130b,dy,5
C19d35e285196892130b,重発狂,10
C19d35e2851b9b218e60,sr,1
C19d35e2851b9b218e60,▽,9
C19d35e2851ccfeae3c5,sr,11
C19d35e2851fd6644c84,▽,11+
C19d35e28520b5190544,sr,8
C19d35e28521e4301000,sr,9
C19d35e28521e4301000,▽,11+
C19d35e28522aedb0729,ξ,3
C19d35e28522aedb0729,▽,3
C19d35e285238e4e25ee,▽,11+
C19d35e285244b42c0d9,sr,5
C19d35e285323ef51015,双,1
C19d35e28538e38a6c0b,ξ,5
C19d35e28538e38a6c0b,▽,3
C19d35e2853a49861469,sr,4
C19d35e2853bf43c9d55,sr,?
C19d35e2853ffa97a074,▼,4
C19d35e285413cd528bb,dy,3
C19d35e285424e338c75,sr,13
C19d35e285424e338c75,▽,12
C19d35e2854408dc0e8f,sr,13
C19d35e28545f1922029,▼,7
C19d35e2854654e63569,▽,5
C19d35e28547fafbe584,▽,6
C19d35e28548849c5a97,▽,6
C19d35e28549dd5f99f7,▽,8
C19d35e2854a472d1ff5,▽,9
C19d35e2854b82e0a356,▽,11
C19d35e2854cd4d49caa,▼,5
C19d35e2854cd4d49caa,▽,12+
C19d35e285564dc7b8db,dy,0
C19d35e285564dc7b8db,双,4
C19d35e285570897b599,dl,11
C19d35e2855974af9942,重発狂,8
C19d35e2855a500d6e3b,dy,2
C19d35e2855a500d6e3b,重発狂,7
C19d35e2855b5e413527,SB,-1
C19d35e2855c9f337587,SB,-1
C19d35e2855deda55da5,SB,-1
C19d35e2855ee81d69eb,SB,-1
C19d35e2855f4a69c279,SB,0
C19d35e2856054a535cb,SB,0
C19d35e285614ca8b448,SB,0
C19d35e285622a80c31f,SB,0
C19d35e28563e305d82d,SB,0
C19d35e285645cdf2ffe,SB,0
C19d35e28565996df1b2,SB,0
C19d35e285661e24a562,SB,0
C19d35e2856754e53e95,SB,0
C19d35e28568d46c83e6,SB,0
C19d35e285697c05a4b4,SB,0
C19d35e2856a98e8c39c,SB,0
C19d35e2856b9ba8a783,SB,1
C19d35e2856cf858e2c3,SB,1
C19d35e2856daceaa75a,SB,1
C19d35e2856ecd79bc42,SB,1
C19d35e2856fbb989d78,SB,1
C19d35e2857013b8109a,SB,1
C19d35e28571d1d9ece1,SB,1
C19d35e285727dade6de,SB,2
C19d35e28573b5fffef2,SB,2
C19d35e28574d7229352,SB,2
C19d35e285757f2c235a,SB,2
C19d35e28576d01e5b3f,SB,2
C19d35e2857710920418,SB,2
C19d35e28578b3d5da0d,SB,3
C19d35e285799f6a5a76,SB,3
C19d35e2857a5e9dce55,SB,3
C19d35e2857b4cb6f892,SB,4
C19d35e2857b4cb6f892,so,7
C19d35e2857c2efb776b,SB,4
C19d35e2857d52bf622e,SB,4
C19d35e2857e3a7955ac,SB,4
C19d35e2857f36f4985a,SB,5
C19d35e28580985f0baf,SB,5
C19d35e2858197dfd20a,SB,5
C19d35e285825fb3bbc9,SB,6
C19d35e28583035c8511,SB,6
C19d35e28583035c8511,so,11
C19d35e28584d092ca7f,SB,6
C19d35e285854008db9a,SB,6
C19d35e285860364e069,SB,6
C19d35e285871a1ca73c,SB,6
C19d35e28588553a43a9,SB,7
C19d35e285891575413d,SB,7
C19d35e2858a60990e05,SB,8
C19d35e2858b0565428f,SB,8
C19d35e2858ccb4aaf2c,SB,9
C19d35e2858dcb6fe227,SB,9
C19d35e2858e3087956c,SB,10
C19d35e2858fc8c35add,SB,11
C19d35e2858fc8c35add,fr,11
C19d35e2858fc8c35add,★★,5
C19d35e285903280738f,SB,11
C19d35e2859161d731c0,SB,12
C19d35e28593d38cda0f,SB,4
C19d35e28596fe3708ad,sr,2
C19d35e285977c5bd01f,dl,6
C19d35e285977c5bd01f,dy,1
C19d35e285977c5bd01f,重発狂,6
C19d35e28598a377e960,Ude,11
C19d35e28598a377e960,sl,11
C19d35e2859a8d3da34a,dy,1
C19d35e2859a8d3da34a,st,7
C19d35e2859b6e5c61d5,sl,3
C19d35e2859cb994d246,▼,13
C19d35e2859daaa85773,▽,10
C19d35e285a0cdb7dae1,sr,9
C19d35e285a10eaa2a76,dl,6
C19d35e285a271d32644,sr,9
C19d35e285a271d32644,▽,10
C19d35e285aae3330aef,ln,7
C19d35e285aae3330aef,sr,?
C19d35e285ab1fcd6b95,ln,10
C19d35e285acd1684f51,dy,5
C19d35e285acd1684f51,双,5
C19d35e285b186b6306b,dy,5
C19d35e285b186b6306b,重発狂,10
C19d35e285b2ccdb09fa,SB,1
C19d35e285b4aa6c0c02,sr,11
C19d35e285bc9e05c34e,st,0
C19d35e285bd544140b3,st,1
C19d35e285bd544140b3,重発狂,1
C19d35e285be23590cb5,st,2
C19d35e285be23590cb5,重発狂,2
C19d35e285bf8b65d140,sl,7
C19d35e285bf8b65d140,乱打,7
C19d35e285c0a699403b,dl, BEGINNER
C19d35e285c0a699403b,sl,7
C19d35e285c13ccdb7fd,sl,10
C19d35e285c13ccdb7fd,乱打,10
C19d35e285c493c8ec05,▽,11
C19d35e285c5f79ad1d8,▽,11+
C19d35e285c8aa940c8c,sr,7
C19d35e285c95ce606f7,dl,dl4 (sub)
C19d35e285caa0733ccc,dl,dl6 (sub)
C19d35e285cbedbc3643,dy,3
C19d35e285cc2242bd03,▼,9
C19d35e285cd42162ab4,sr,6
C19d35e285ce9db0c221,SB,3
C19d35e285d0a3547ea4,dl,2
C19d35e285d0a3547ea4,st,2
C19d35e285d1d11af961,dl,7
C19d35e285d2a8e84cdf,dl,7
C19d35e285d3ddc93260,dl,8
C19d35e285d3ddc93260,dy,5
C19d35e285d4e9728183,dl,8
C19d35e285d595ebeda5,dl,8
C19d35e285db07c58787,st,0
C19d35e285dc9d962a45,Ude,2
C19d35e285dc9d962a45,sl,2
C19d35e285dddb46e7c0,sl,11
C19d35e285dec50b12a3,sr,8
C19d35e285dfbca8dc51,dl, DELAYMASTER
C19d35e285e0d09aaac0,dy,3
C19d35e285e0d09aaac0,st,8
C19d35e285e105909b85,sn,9
C19d35e285e202554932,SB,5
C19d35e285e45ad78067,st,3
C19d35e285e5a63556d0,st,3
C19d35e285e666538f75,st,4
C19d35e285e74b871054,dl,10
C19d35e285e74b871054,dy,5
C19d35e285e74b871054,st,10
C19d35e285e8bef401b3,dl,10
C19d35e285ebf1ff6f46,dy,5
C19d35e285ebf1ff6f46,st,10
C19d35e285ec51ee677f,sr,6
C19d35e285ec51ee677f,▽,9
C19d35e285eede920c4b,dy,4
C19d35e285eede920c4b,双,6
C19d35e285f0afba69e6,sr,6
C19d35e285f0afba69e6,▽,9
C19d35e285f170d958a3,▽,9
C19d35e285f26aca120d,▽,9
C19d35e285f35571c264,sr,9
C19d35e285f445be29de,SB,2
C19d35e285f585b606fb,so,10
C19d35e285f585b606fb,▼,15
C19d35e285f63a5f8c2f,▽,8
C19d35e285f8163756c5,sr,11
C19d35e285f994e2c51c,dy,0
C19d35e285fba0b4ecc3,dy,0
C19d35e285fba0b4ecc3,st,6
C19d35e285fc4f0f4dca,▼,24
C19d35e285fdf34e62ff,SB,1
C19d35e285fe2259a59f,SB,2
C19d35e285ff401ac6f8,SB,2
C19d35e28600cde9b69c,SB,5
C19d35e2860148c91bc5,SB,5
C19d35e28602c3df14ea,▼,22
C19d35e28603b98e20e9,dy,0
C19d35e28603b98e20e9,双,4
C19d35e286043d25f13f,dy,0
C19d35e2860671ab297c,dy,0
C19d35e28608eecbd9f2,▽,9
C19d35e2860938f33939,▽,12+
C19d35e2860b120c0729,dy,6
C19d35e2860c1226423d,SB,3
C19d35e2860e052b7ae1,st,3
C19d35e2860f22ea4662,▼,5
C19d35e286107c6ddbb5,SB,2
C19d35e2861190dba91f,st,3
C19d35e28612788b5235,sr,8
C19d35e286138740e295,SB,7
C19d35e286138740e295,fr,8
C19d35e286138740e295,sn,1
C19d35e2861843f2fa35,SB,4
C19d35e28619ab55400d,st,0
C19d35e28619ab55400d,▼,20
C19d35e2861ae62df168,sr,5
C19d35e2861d8406ffa6,sr,10
C19d35e2861f41739412,SB,-1
C19d35e28620c76c4902,SB,-1
C19d35e28621caf1b44b,SB,-1
C19d35e28622be0ea3b9,SB,-1
C19d35e286239141865b,SB,1
C19d35e28625e0b8adde,fr,9
C19d35e286297d4a99f9,sl,0
C19d35e2862a35cd426b,sl,3
C19d35e2862b8dbb06cc,sr,2
C19d35e2862c0af66f72,sr,8
C19d35e2862d2f47a8a2,sr,12
C19d35e28631405ac756,▼,4
C19d35e2863614333968,sl,5
C19d35e2863614333968,▼,10
C19d35e28637e24bef8d,▼,13
C19d35e28638d04d0365,sr,8
C19d35e2863a821a90f8,dl,7
C19d35e2863a821a90f8,dy,2
C19d35e2863bc1445946,▼,4
C19d35e2863c9dba0ab3,▼,9
C19d35e2863d3a14f5dd,▼,11
C19d35e2863e0f3f2a73,sn,4
C19d35e2863e0f3f2a73,▼,23
C19d35e2863faf5d1f7f,▽,3
C19d35e2864042f85fcf,▽,4
C19d35e286414e7f6fc1,▽,5
C19d35e28642bcf648fd,▽,5
C19d35e28643f8b9d181,▽,7
C19d35e286448a78028d,▽,9
C19d35e286457b9e3e58,▽,10
C19d35e28646e8bff5c8,▽,10
C19d35e28647c9308997,▽,11
C19d35e28648017cf6c8,▽,12-
C19d35e2864929b957e4,sr,11
C19d35e2864a21682f18,sr,12
C19d35e2864b72f6c29a,sr,13
C19d35e2864ff75d7c60,SB,4
C19d35e2865093218c03,sn,8
C19d35e2865093218c03,★★,5
C19d35e28651932614c7,sr,6
C19d35e286572008c8c2,st,4
C19d35e28659031a77b0,sr,7
C19d35e28659031a77b0,▽,10
C19d35e2865add045e9f,sr,5
C19d35e2865b8d6d8dc3,sr,8
C19d35e2865c683afd07,sr,8
C19d35e2865f91293552,dy,0
C19d35e2865f91293552,st,5
C19d35e28660b7e45583,▽,4
C19d35e28661c1b16f34,ξ,4
C19d35e28661c1b16f34,▽,4
C19d35e286621a0e3ca4,▽,12-
C19d35e28664d5abe0e6,▽,8
C19d35e286660ed7e690,sr,8
C19d35e2866772296ced,dl,10
C19d35e2866772296ced,dy,5
C19d35e28668a5eabbc7,dy,5
C19d35e28668a5eabbc7,st,10
C19d35e28669be2366b5,▽,7
C19d35e2866a6d182921,sr,12
C19d35e2866b527e12ad,dy,4
C19d35e2866b527e12ad,st,9
C19d35e2866b527e12ad,重発狂,9
C19d35e2866c0b5101d1,dy,2
C19d35e2866c0b5101d1,重発狂,7
C19d35e2866df709677a,▼,23
C19d35e2866df709677a,重発狂,3
C19d35e2866e6f440721,dl,6
C19d35e2866f3d693753,dl,7
C19d35e286712ecde3da,▽,10
C19d35e28672a883a154,sr,11
C19d35e28675817c5862,▽,10
C19d35e28677ac0ac92e,▼,7
C19d35e286782fc298bd,▽,12+
C19d35e28679f8734e05,st,5
C19d35e2867ade0b7073,fr,7
C19d35e2867c2abcbfd4,sl,0
C19d35e2867c2abcbfd4,乱打,0
C19d35e2867e78790f34,SB,0
C19d35e2867fe4a95eb5,SB,0
C19d35e286805b5c5fdf,sl,0
C19d35e286832f92f22c,sr,6
C19d35e28684268892b2,sr,9
C19d35e28685ffc01e0a,dy,1
C19d35e28685ffc01e0a,★★,4
C19d35e2868646135edb,dy,1
C19d35e286870787d819,dy,0
C19d35e286870787d819,st,5
C19d35e28688d2a37c82,dy,1
C19d35e28688d2a37c82,st,6
C19d35e28688d2a37c82,重発狂,6
C19d35e2868988783f02,dy,2
C19d35e2868988783f02,st,7
C19d35e2868988783f02,重発狂,7
C19d35e2868a44780f6f,dy,3
C19d35e2868a44780f6f,重発狂,8
C19d35e2868b5e8e861e,dy,3
C19d35e2868cb07cda3b,重発狂,8
C19d35e2868db0601adf,SB,3
C19d35e2868e3d2eb09f,SB,7
C19d35e2868f956da84f,st,4
C19d35e28691f6046516,SB,1
C19d35e286921881d6f7,SB,12
C19d35e28694d77cdb0e,dl,10
C19d35e28694d77cdb0e,dy,5
C19d35e28694d77cdb0e,st,10
C19d35e28695285d7d50,ξ,9
C19d35e2869600c2334e,ξ,12
C19d35e2869600c2334e,▽,6
C19d35e2869791f4052f,ξ,8
C19d35e28698cf4de424,ξ,10
C19d35e28699bdd53307,ξ,10
C19d35e2869a41371f67,ξ,12
C19d35e2869b8079b836,sr,5
C19d35e2869c243f24cb,sr,9
C19d35e2869d1d97bd77,SB,0
C19d35e2869d1d97bd77,sr,?
C19d35e2869e6179c310,dl,10
C19d35e2869e6179c310,dy,5
C19d35e286a024022bcd,▼,6
C19d35e286a2b9a21d15,sl,2
C19d35e286a311619162,dl,12
C19d35e286a311619162,dy,8
C19d35e286a311619162,st,12
C19d35e286a497a5c9c4,▽,10
C19d35e286a6d147d1dd,重発狂,9
C19d35e286a76da5f587,SB,0
C19d35e286a8e8320c06,▽,4
C19d35e286a974591aa3,▽,4
C19d35e286aa439d9496,▽,4
C19d35e286abcdeae113,dl, BEGINNER
C19d35e286b125ace7ef,dy,5
C19d35e286b2280e7fd7,dy,5
C19d35e286b3168eddb1,dy,5
C19d35e286b3168eddb1,★★,6
C19d35e286b470e91eea,SB,9
C19d35e286b57444ad18,dl,10
C19d35e286b57444ad18,dy,5
C19d35e286b57444ad18,st,10
C19d35e286b57444ad18,重発狂,10
C19d35e286b6299cdec7,dl,10
C19d35e286b6299cdec7,dy,5
C19d35e286bab1943867,dy,5
C19d35e286bb221712d5,ξ,4
C19d35e286be1d0614a6,ξ,4
C19d35e286be1d0614a6,▽,4
C19d35e286bf90cdff4c,▽,5
C19d35e286c08e4ca8ef,▽,6
C19d35e286c103342a29,▽,9
C19d35e286c2dd448aa9,▽,9
C19d35e286c3590d765b,dl,10
C19d35e286c3590d765b,dy,5
C19d35e286c3590d765b,重発狂,10
C19d35e286c663b9cf45,dl,6
C19d35e286c663b9cf45,dy,1
C19d35e286c9db853993,sr,8
C19d35e286ca9c8c57e8,dl,9
C19d35e286cd5dab8e2e,dy,3
C19d35e286cd5dab8e2e,双,5
C19d35e286ced78217c9,dy,1
C19d35e286ced78217c9,重発狂,6
C19d35e286cf48b2bcd5,dy,2
C19d35e286cf48b2bcd5,st,7
C19d35e286cf48b2bcd5,重発狂,7
C19d35e286d1bd470c6f,sl,0
C19d35e286d1bd470c6f,乱打,0
C19d35e286d2d55c8a4f,sl,2
C19d35e286d41d5cb6c4,dl,dl7 (sub)
C19d35e286d41d5cb6c4,dy,2
C19d35e286d41d5cb6c4,st,7
C19d35e286db98cdddec,▽,12+
C19d35e286dc4f1805e5,▽,11
C19d35e286ddc9bbff97,▽,11
C19d35e286e35a7d229b,▼,0-
C19d35e286e41198004d,▽,8
C19d35e286e5db8e383f,sr,9
C19d35e286e63c59cf79,dl,5
C19d35e286e63c59cf79,dy,0
C19d35e286e63c59cf79,st,5
C19d35e286e88fcaa4ac,dy,0
C19d35e286e88fcaa4ac,重発狂,5
C19d35e286ea46841a34,▽,1
C19d35e286eb97d0d5be,▽,4
C19d35e286ec4821aa9f,ξ,6
C19d35e286ee5efbce94,st,8
C19d35e286efe98fd483,▼,4
C19d35e286efe98fd483,乱打,4
C19d35e286f06921b9de,▽,6
C19d35e286f19c332452,▽,11
C19d35e286f2a062922e,dl,11
C19d35e286f2a062922e,dy,6
C19d35e286f5cf73a2ad,dy,6
C19d35e286f68f4e50db,dy,6
C19d35e286fa6f095772,▽,10
C19d35e286fb23d7bb2a,dl,11
C19d35e286fb23d7bb2a,dy,6
C19d35e286fedf57f489,dy,6
C19d35e286ff9604ae55,dy,6
C19d35e286ff9604ae55,st,11
C19d35e287007d35899b,乱打,0
C19d35e28703d48bc136,SB,0
C19d35e287075cb4e225,st,4
C19d35e287075cb4e225,重発狂,4
C19d35e287081a0fa5c4,SB,1
C19d35e287081a0fa5c4,▽,11+
C19d35e2870fcaed8ca7,dy,5
C19d35e2870fcaed8ca7,st,10
C19d35e2870fcaed8ca7,双,6
C19d35e287107f29b0bb,dy,5
C19d35e287107f29b0bb,st,10
C19d35e2871277dbb1a9,▽,6
C19d35e28713ae28ab03,▽,7
C19d35e287175b434715,ξ,8
C19d35e287189cfbab35,dl,-2
C19d35e28719267a1f52,dl,7
C19d35e2871a7c153e50,dy,1
C19d35e2871a7c153e50,重発狂,6
C19d35e2871b16e589e8,dy,4
C19d35e2871b16e589e8,st,9
C19d35e2871cdf0e3deb,dy,2
C19d35e2871cdf0e3deb,st,7
C19d35e2871cdf0e3deb,重発狂,7
C19d35e2871d087247bb,双,5
C19d35e287204fbbd231,双,5
C19d35e28721c8959b5e,dy,4
C19d35e287227c0958bf,▽,11+
C19d35e28723dbf4929f,ξ,3
C19d35e287240c73f119,ξ,3
C19d35e28727a988662a,SB,0
C19d35e287283c7019c5,ξ,7
C19d35e287291fe634b3,ξ,8
C19d35e2872a33d87529,ξ,10
C19d35e2872b07689274,sr,10
C19d35e2872c36930f1f,sr,12
C19d35e2872de079d4d9,fr,7
C19d35e2872ebb07a51a,fr,10
C19d35e28730a1488211,dy,0
C19d35e28730a1488211,st,5
C19d35e28731e31340f6,▼,1
C19d35e287335d99e80c,▼,24
C19d35e2873441d6e276,dy,1
C19d35e2873441d6e276,双,5
C19d35e287351e603244,ξ,1
C19d35e287382c562be2,dy,3
C19d35e28739169ba469,ξ,4
C19d35e2873aada03a9a,fr,1
C19d35e2873aada03a9a,▼,?
C19d35e2873d0ea3cd26,sl,1
C19d35e2873f40714f59,SB,4
C19d35e2874070b19406,sl,2
C19d35e28741a8030021,Ude,4
C19d35e28741a8030021,sl,4
C19d35e287425ce29310,sl,5
C19d35e287425ce29310,▼,8
C19d35e287433332ede5,sl,8
C19d35e287433332ede5,乱打,8
C19d35e2874483630e1f,▽,11
C19d35e2874c111dbe96,SB,8
C19d35e2874d63ebf1f0,▽,3
C19d35e2874e057453b6,ξ,12
C19d35e2874f32a1b1f7,ξ,12
C19d35e28750057d6257,ξ,?
C19d35e28751f136e654,SB,-1
C19d35e28752d8047ef0,dy,3
C19d35e28752d8047ef0,st,8
C19d35e28752d8047ef0,重発狂,8
C19d35e287537209f89c,ln,4
C19d35e28754a127210c,dl,9
C19d35e28754a127210c,dy,4
C19d35e28754a127210c,st,9
C19d35e287578c399087,st,7
C19d35e287583face76c,dy,3
C19d35e287583face76c,重発狂,8
C19d35e287595a62d6d2,dy,3
C19d35e287595a62d6d2,st,8
C19d35e287595a62d6d2,双,5
C19d35e2875a7251438b,dy,3
C19d35e2875a7251438b,重発狂,8
C19d35e2875bb7d797c1,dy,2
C19d35e2875bb7d797c1,st,7
C19d35e2875c33496b09,dy,3
C19d35e2875c33496b09,重発狂,8
C19d35e2875db80e2ddc,dy,3
C19d35e2875db80e2ddc,重発狂,8
C19d35e2875eb3214b70,▽,10
C19d35e2875f76876388,fr,1
C19d35e2875f76876388,▽,？
C19d35e28760337d9a52,Ude,1
C19d35e287637374c289,dy,1
C19d35e287637374c289,st,6
C19d35e28764c59369c8,dy,1
C19d35e287659af61aab,ξ,3
C19d35e287659af61aab,▽,2
C19d35e28766e466c4ed,ξ,3
C19d35e287674ced94d7,SB,0
C19d35e2876871a7a133,SB,1
C19d35e287695fc7a5bb,ξ,3
C19d35e2876a28e0e9b1,fr,6
C19d35e2876bae38661f,dy,0
C19d35e2876bae38661f,st,5
C19d35e2876c60a63e56,ξ,4
C19d35e2876c60a63e56,▽,2
C19d35e2876da52beccd,ξ,11
C19d35e2876da52beccd,▽,5
C19d35e2876e2548e1d8,▽,12
C19d35e287721dfbd3a7,ξ,4
C19d35e2877341c34c96,双,3
C19d35e287748c5776fc,dy,3
C19d35e28775eefd5338,SB,0
C19d35e2877865b34f23,sl,12
C19d35e2877865b34f23,乱打,12
C19d35e28779803630e9,ξ,4
C19d35e2877adc0f5440,ξ,13
C19d35e2877da86ab275,SB,6
C19d35e2877f8d37f993,▽,11
C19d35e28780ab91d546,ξ,10
C19d35e2878166c17fa9,ξ,10
C19d35e2878260777743,sl,0
C19d35e28783980381e4,ξ,1
C19d35e28783980381e4,▽,1
C19d35e2878444921599,▽,9
C19d35e28785d6c5e789,dl,2
C19d35e28785d6c5e789,重発狂,2
C19d35e28789e04cdbf3,st,7
C19d35e2878a65d59458,▼,19
C19d35e2878cb6801c08,ξ,11
C19d35e2878d6f372f00,dy,1
C19d35e2878d6f372f00,st,6
C19d35e2878d6f372f00,双,4
C19d35e28790cf71bfaf,乱打,1
C19d35e28791d8d95000,ξ,11
C19d35e28792e221b37e,ln,12
C19d35e28793ef47f418,dl,10
C19d35e28793ef47f418,dy,5
C19d35e28793ef47f418,st,10
C19d35e28794595363e7,ξ,13
C19d35e2879d9dd7c3a6,sr,12
C19d35e2879e9a9321be,sl,7
C19d35e2879e9a9321be,乱打,7
C19d35e2879fdaf99421,▼,9
C19d35e287a02c7fd19b,▼,9
C19d35e287a1e525e87d,▽,5
C19d35e287a298d4f359,▽,6
C19d35e287a35d028607,▽,6
C19d35e287a41b7ea7bb,▽,7
C19d35e287a57b0b9269,▽,7
C19d35e287a674d56cc7,▽,8
C19d35e287a770038b4a,▽,10
C19d35e287a8f85a332f,▼,6
C19d35e287a99b063c65,★★,2
C19d35e287aad54253d8,sn,9
C19d35e287aad54253d8,★★,5
C19d35e287ad7aaadcda,▽,7
C19d35e287aeee45891b,▽,11
C19d35e287af82315173,ξ,12
C19d35e287af82315173,▽,5
C19d35e287b0a533633b,ln,3
C19d35e287b1e5528986,乱打,0
C19d35e287b2c5e97384,sl,2
C19d35e287b2c5e97384,▽,12+
C19d35e287b2c5e97384,乱打,2
C19d35e287b3867b5e08,▽,6
C19d35e287b424184e26,★★,6
C19d35e287b50da0bad0,sr,0
C19d35e287b91f1a0d55,SB,3
C19d35e287ba82e5d9c4,乱打,2
C19d35e287bc2c228d76,ξ,12
C19d35e287bd52a40735,乱打,1
C19d35e287be1e82cfaa,ξ,12
C19d35e287c147b1c974,SB,1
C19d35e287c484e99993,ξ,12
C19d35e287c51396cec8,ξ,12
C19d35e287c687dccd8a,ξ,12
C19d35e287c882a3abcd,▽,6
C19d35e287c927d29171,▽,7
C19d35e287ca2ec097b1,▽,9
C19d35e287cb156f1e81,ξ,13
C19d35e287cc048979b4,sr,8
C19d35e287cf5d7ddcb4,sl,4
C19d35e287d06e4a0815,sr,6
C19d35e287d51bd9a8b4,sl,7
C19d35e287d81b5e1720,SB,-1
C19d35e287db6905955e,sr,0
C19d35e287e1b1adbe01,乱打,1
C19d35e287eba405760b,dy,3
C19d35e287eba405760b,st,8
C19d35e287eba405760b,双,5
C19d35e287ec6084568f,▽,5
C19d35e287edb09aba3f,▽,8
C19d35e287eee39c91e0,sr,1
C19d35e287ef0178e4f3,双,3
C19d35e287f287f21032,sl,8
C19d35e287f287f21032,乱打,8
C19d35e287f3df618a31,ξ,6
C19d35e287f42545170e,ξ,6
C19d35e287f834e432a8,▽,12
C19d35e287f96012e0a8,▽,12
C19d35e287fa2e7c1480,▽,12
C19d35e287fb0a80f990,▽,12
C19d35e287fcca815a80,sr,13
C19d35e287fcca815a80,▽,12
C19d35e287fe25d96b9d,sr,2
C19d35e287ff1561bab0,sr,2
C19d35e288053df28e6e,sl,7
C19d35e28807f727bea4,ξ,11
C19d35e2880848de46b8,sr,0
C19d35e28809a0007a17,sr,1
C19d35e2880a04be4dda,sr,5
C19d35e2880bdbe71137,sr,6
C19d35e2880c44b249ea,sr,9
C19d35e2880df039d224,sr,12
C19d35e2880e38a52832,sr,13
C19d35e288147c74651b,ξ,8
C19d35e288147c74651b,▽,5
C19d35e2881589933a98,ξ,8
C19d35e2881589933a98,▽,5
C19d35e2881616985d1d,ξ,8
C19d35e28817c5415c24,ξ,10
C19d35e2881cd50c07d1,ξ,7
C19d35e2881cd50c07d1,▽,5
C19d35e2881d041537ac,▽,6
C19d35e2882126410757,SB,10
C19d35e2882126410757,★★,4
C19d35e288224ce06df5,sr,2
C19d35e28824fc5e6483,SB,11
C19d35e288265123d194,st,0
C19d35e288265123d194,重発狂,0
C19d35e288276c3d2b60,▼,4
C19d35e288287a2241b9,▼,7
C19d35e2882b03f4299c,sr,3
C19d35e2882c53f0c3ce,乱打,2
C19d35e2882ee310f51a,st,1
C19d35e2882ee310f51a,重発狂,1
C19d35e2882f2d637981,st,2
C19d35e2882f2d637981,重発狂,2
C19d35e28830a9ec8dde,st,3
C19d35e28831c1698a18,sl,4
C19d35e288322ed94c78,sl,3
C19d35e288339641b1ce,▼,12
C19d35e28834ad5d001c,▼,24
C19d35e2883a7045f0b3,Ude,9
C19d35e2883bf80eec1f,SB,-1
C19d35e2883cf7d535b3,SB,0
C19d35e2883df896c9e4,SB,4
C19d35e2883f3b64d432,▽,8
C19d35e288402d475509,▽,12+
C19d35e2884101e7b7cf,ln,17
C19d35e28844b7942922,▽,9
C19d35e28845b5db6abb,▽,12
C19d35e28848dbdd4de6,sr,13
C19d35e2884948caee6b,sl,2
C19d35e2884948caee6b,sr,13
C19d35e2884ad04c6414,dl,11
C19d35e2884ad04c6414,dy,6
C19d35e2884ad04c6414,st,11
C19d35e2884ad04c6414,重発狂,11
C19d35e2884b59c49ce2,▽,6
C19d35e2884cf140483e,▽,12
C19d35e2884f16a6bee5,dl,4
C19d35e288530c84cfaf,▼,6
C19d35e28855593a5415,▼,23
C19d35e28856de41a003,▽,6
C19d35e28857434088ae,▽,6
C19d35e2885836866041,▽,8
C19d35e28859b8aafe5d,▽,8
C19d35e2885a06aa8627,▽,9
C19d35e2885b9cc02a64,▽,10
C19d35e2885c5a7e6139,▽,11
C19d35e2885d1a31a519,▽,11+
C19d35e2885e75a74389,▽,12-
C19d35e2885f4263c941,★★,1
C19d35e28860f88a0e4a,sr,2
C19d35e28861999c4774,dl,査定中
C19d35e288637a54cc59,sr,3
C19d35e28866576d2aeb,fr,8
C19d35e28867188c1302,fr,10
C19d35e28868c46b38de,fr,10
C19d35e288691351fc1d,fr,12
C19d35e2886a9a8cb99a,fr,12
C19d35e2886e1ad9f96e,sl,8
C19d35e2886e1ad9f96e,乱打,8
C19d35e2886f1950832c,▼,8
C19d35e2887041f55080,▽,10
C19d35e288711bbb3bd0,ξ,2
C19d35e288729101d143,SB,-1
C19d35e288742afe4856,★★,2
C19d35e28875118b3cbd,fr,9
C19d35e28879f0e97b10,sr,?
C19d35e2887a2c4f937d,ln,15
C19d35e2887bea85cebf,SB,1
C19d35e2887c8d90fbfa,sl,9
C19d35e2887dbf45b15b,▽,7
C19d35e2887e4a231be8,▽,10
C19d35e28892f91b9a5f,▽,8
C19d35e2889304bf8be4,▽,10
C19d35e28894e9027ec7,▽,11
C19d35e288953d65519c,▽,11+
C19d35e28896af3f8ba7,▽,11+
C19d35e288973c9f454f,ξ,4
C19d35e2889973fc6272,SB,4
C19d35e2889ea9d8d5cd,▽,12+
C19d35e2889fb3044c31,▽,7
C19d35e288a040969957,▽,10
C19d35e288a1e78d3835,▽,10
C19d35e288a25c38e0a2,▽,10
C19d35e288a39cbe77fc,sr,1
C19d35e288a5df9ed044,dl,3
C19d35e288a6ec0692d8,乱打,1
C19d35e288a75c21acab,sr,7
C19d35e288a81e84caab,Ude,2
C19d35e288a91e397df2,▼,22
C19d35e288abe50412ac,▼,5
C19d35e288acda718a19,sl,0
C19d35e288acda718a19,▽,11+
C19d35e288ade13d4850,st,2
C19d35e288ae668a3371,sl,1
C19d35e288af24cca60d,sl,3
C19d35e288b091cba5b1,fr,8
C19d35e288b18b6adbe6,▼,3
C19d35e288b18b6adbe6,▽,12+
C19d35e288b4052fc53f,▽,8
C19d35e288b5f80ed12c,▼,5
C19d35e288b70c9f8fbd,Ude,4
C19d35e288b9153ac999,sl,0
C19d35e288ba26c8245c,SB,5
C19d35e288bcf3835727,▼,10
C19d35e288bfac5d93b3,▼,17
C19d35e288c0cc0e119d,▽,10
C19d35e288c2490a33cc,▼,22
C19d35e288c3faec3ac3,▽,9
C19d35e288c4e4b39023,▽,9
C19d35e288c5dbf122f9,▽,10
C19d35e288cc84f03f68,sl,4
C19d35e288cc84f03f68,▼,6
C19d35e288cda30717cc,sl,6
C19d35e288cda30717cc,▼,10
C19d35e288ce058e1bda,▼,15
C19d35e288cf10849867,▽,4
C19d35e288d029632385,▽,5
C19d35e288d19bd511e5,▽,6
C19d35e288d27ab8c64f,▽,7
C19d35e288d398ea7797,▽,10
C19d35e288d4e87b7729,▽,11+
C19d35e288d5e4c280d3,dl, DELAYMASTER
C19d35e288d6123575cb,Ude,4
C19d35e288d88540bda3,st,4
C19d35e288d968cbf431,sl,3
C19d35e288dabc9aabf5,▼,8
C19d35e288dbdb01ab12,dl,10
C19d35e288dbdb01ab12,重発狂,10
C19d35e288dc33340901,dl,10
C19d35e288dc33340901,dy,5
C19d35e288dc33340901,st,10
C19d35e288dc33340901,重発狂,10
C19d35e288dd85513752,dl,10
C19d35e288e0027560eb,▼,3
C19d35e288e14bb48780,▽,2
C19d35e288e2efc40c67,fr,7
C19d35e288e2efc40c67,ln,21
C19d35e288e45d5515b9,SB,1
C19d35e288e58267ee68,▽,7
C19d35e288e603d8305a,▼,6
C19d35e288eacd464e09,SB,3
C19d35e288eb424c12f2,▼,0
C19d35e288ecd7543806,dl,7
C19d35e288ed259f7c51,▽,8
C19d35e288ee0aa7aad5,ξ,4
C19d35e288ef2fa90a93,ξ,4
C19d35e288f0d735f712,ξ,4
C19d35e288f14a56e5d5,sr,11
C19d35e288f39cdd5285,sl,0
C19d35e288f40419687e,▽,12-
C19d35e288f595216fb5,fr,9
C19d35e288f595216fb5,▼,23
C19d35e288f595216fb5,★★,3
C19d35e288f87449c87f,sl,0
C19d35e288f87449c87f,▽,11
C19d35e288f87449c87f,乱打,0
C19d35e288fb49bb5d88,▽,9
C19d35e288ff16e6ae51,▽,10
C19d35e2890014e52967,▽,11+
C19d35e289016803082d,▽,10
C19d35e28902d5ffd8bb,▽,12-
C19d35e28903ec97e8ca,SB,3
C19d35e28904627af265,st,0
C19d35e28904627af265,▼,18
C19d35e28904627af265,重発狂,0
C19d35e2891016eb043c,▽,11+
C19d35e28911d79b5b3c,ξ,3
C19d35e2891216a0e2f4,ξ,3
C19d35e289138c656d07,ξ,3
C19d35e28914b76e0ee8,ξ,3
C19d35e28915dffe6f3d,ξ,3
C19d35e289168d5200f0,sr,8
C19d35e28917ee35b2f1,dl,3
C19d35e289215b2105e5,ξ,9
C19d35e289215b2105e5,▽,4
C19d35e2892247495d38,ξ,3
C19d35e2892247495d38,▽,2
C19d35e289238c2dddfa,ξ,5
C19d35e28924d9964791,ξ,5
C19d35e289281032d266,sl,4
C19d35e2892a8de5f603,sl,3
C19d35e2892a8de5f603,▼,4
C19d35e2892b8a2dc0bb,▽,10
C19d35e2892c47591924,▽,9
C19d35e2892d2fcf6bc4,▽,11
C19d35e2892e08d182b9,SB,0
C19d35e28930c799f254,sr,!
C19d35e2893242cc6df0,▽,9
C19d35e289347bfc6720,sl,0
C19d35e2893590a4da90,sl,0
C19d35e28936162c8fc1,▼,16
C19d35e2893725308bd8,ξ,8
C19d35e2893829d42620,SB,-1
C19d35e28939c373cde2,sl,2
C19d35e28939c373cde2,乱打,2
C19d35e2893b83f6b7f1,▽,8
C19d35e2893cfaa80b9b,sr,12
C19d35e2893d51d963bf,dl,3
C19d35e28941d4f6788a,▽,11
C19d35e28943fde60be5,▽,11+
C19d35e28944e4cacb03,st,0
C19d35e28945c031d83e,sl,10
C19d35e289490f615dfb,▼,20
C19d35e2894a9193330b,ξ,6
C19d35e2894b507e6246,ξ,7
C19d35e2894b507e6246,▽,5
C19d35e2894c983070f1,sr,12
C19d35e2894d537e8873,▽,12+
C19d35e2894e84312bb5,dl,11
C19d35e2894e84312bb5,dy,6
C19d35e2894e84312bb5,重発狂,11
C19d35e289511ac9fec3,▽,3
C19d35e289527ac6e41a,▽,3
C19d35e28953ed9adc0d,ξ,12
C19d35e28953ed9adc0d,▽,6
C19d35e2895426ff88dc,▽,12-
C19d35e28955010455c5,▽,11
C19d35e289564bbd8c88,sl,0
C19d35e28958d51cbab4,▽,9
C19d35e289596e9b2550,sl,7
C19d35e2896098286d7c,▽,7
C19d35e289616fe2e8ae,▽,7
C19d35e2896313c1a1c9,▽,11+
C19d35e28967ceb23b23,▽,10
C19d35e2896847289dbe,sl,12
C19d35e2896847289dbe,乱打,12
C19d35e28969aec0286d,▽,8
C19d35e2896a0b35852d,▽,9
C19d35e2896b99429b90,so,0
C19d35e2896b99429b90,▽,11
C19d35e2896db22f1767,▽,10
C19d35e2896e286e6eac,▽,11+
C19d35e2896f4a375142,▽,12
C19d35e289703e70a22f,▽,8
C19d35e289717cf6fcea,▽,9
C19d35e2897290c568f5,▽,11
C19d35e28973990ad844,▽,11
C19d35e28974a3d82d9d,sr,8
C19d35e28975a34b57b3,sl,0
C19d35e28975a34b57b3,▽,11
C19d35e289761ab8e329,▽,11
C19d35e289799fdbc371,▼,6
C19d35e2897a08f0c104,▼,24
C19d35e2897b1dfa8c12,▽,5
C19d35e28984b7540f05,SB,3
C19d35e289878e278016,▼,22
C19d35e289885c99ddf6,dy,1
C19d35e28989a8ad68b1,dy,1
C19d35e2898a899f7129,dy,1
C19d35e2898b30f79f75,dy,2
C19d35e2898d5f5573be,dy,2
C19d35e2898d5f5573be,st,7
C19d35e2898ecabbdc3f,dy,3
C19d35e2899079412a0e,dy,4
C19d35e2899079412a0e,重発狂,9
C19d35e289925d2736da,dy,5
C19d35e28993638a9357,dy,5
C19d35e28993638a9357,st,10
C19d35e28994187385be,dy,5
C19d35e28994187385be,st,10
C19d35e28994187385be,双,6
C19d35e28995239fa428,dy,5
C19d35e28995239fa428,重発狂,10
C19d35e289968ea9ab75,dy,6
C19d35e2899971d44a1f,sl,0
C19d35e2899daf19fb28,sl,0
C19d35e2899e2b52786c,▽,11
C19d35e2899f06e40ab8,sl,1
C19d35e2899f06e40ab8,乱打,1
C19d35e289a0c95b27c8,sl,6
C19d35e289a1c7b512e9,▼,10
C19d35e289a5679f4658,▽,10
C19d35e289a720620dc1,▼,8
C19d35e289a852c9eb72,▼,14
C19d35e289a956079fba,▽,5
C19d35e289aa1f704007,▽,7
C19d35e289abeba58db8,▽,10
C19d35e289ac63301993,▽,11
C19d35e289ad030a8b66,▽,12+
C19d35e289ae82933571,★★,2
C19d35e289af9e2b7ab8,★★,2
C19d35e289b003d3fe2c,ln,9
C19d35e289b24404c4d9,dy,0
C19d35e289b353717739,▽,8
C19d35e289b4987b9315,sl,1
C19d35e289b4987b9315,▽,12+
C19d35e289b50e675ec0,sr,12
C19d35e289b7681e063e,▽,11
C19d35e289bb39b24812,▽,2
C19d35e289bcce8ee02c,▽,2
C19d35e289bd58c9a0a8,fr,8
C19d35e289be6ecba1fe,SB,0
C19d35e289bf2b8cacc8,dl,削除
C19d35e289c1ef97467d,★★,2
C19d35e289c475fbd979,SB,-1
C19d35e289c8a7ff3eaf,st,1
C19d35e289cd973a6db6,dy,3
C19d35e289cd973a6db6,st,8
C19d35e289cd973a6db6,双,5
C19d35e289cee474f965,SB,1
C19d35e289cfd08e996a,▽,9
C19d35e289d0db0f89af,▽,11
C19d35e289d17e88036f,ξ,13
C19d35e289d697b3effa,▽,10
C19d35e289d760b8664f,sl,0
C19d35e289d80f2f7d71,st,1
C19d35e289dc122dfebc,▽,10
C19d35e289ddc0cd0322,sl,2
C19d35e289ddc0cd0322,▼,4
C19d35e289ddc0cd0322,乱打,2
C19d35e289def9cef5e8,▽,2
C19d35e289e1836c84fe,▼,9
C19d35e289e27c1822c6,ln,14
C19d35e289e3daf8aebe,dy,1
C19d35e289e4631f030e,▼,4
C19d35e289e6149069c9,ln,15
C19d35e289e7d9fab130,ln,16
C19d35e289e8e91f0170,ln,17
C19d35e289e9254adef1,ln,18
C19d35e289ee942c7dd1,▼,13
C19d35e28a1ebe67de71,dy,0
C19d35e28a1f4adca4fe,dy,3
C19d35e28a20b36b7b45,dy,5
C19d35e28a21d1744998,SB,2
C19d35e28a2389f6206b,▽,10
C19d35e28a24be54434c,▽,9
C19d35e28a25c8dd7946,dy,0
C19d35e28a25c8dd7946,st,5
C19d35e28a26f8c6b757,sl,0
C19d35e28a2708487b25,sl,1
C19d35e28a28f3ce2d14,sl,6
C19d35e28a29e9040977,sl,3
C19d35e28a2a48c4750b,▼,10
C19d35e28a2b4ffb84ae,▽,12-
C19d35e28a2ffbb22473,▼,5
C19d35e28a301df9350c,▼,6
C19d35e28a3237652b1d,▼,11
C19d35e28a36df40bede,sl,8
C19d35e28a37bd52b253,▼,7
C19d35e28a3873b16869,ln,9
C19d35e28a39bf633024,▽,2
C19d35e28a3bf8bdaaae,SB,3
C19d35e28a3dd063f543,SB,2
C19d35e28a3f8bc0e320,sl,3
C19d35e28a419095b2b3,乱打,0
C19d35e28a447b373e9e,st,9
C19d35e28a452c6423d1,fr,9
C19d35e28a452c6423d1,▼,21
C19d35e28a479db4a114,SB,1
C19d35e28a49ff27820f,▽,11+
C19d35e28a4c6cfd3384,▽,9
C19d35e28a4de53eb5b6,▼,3
C19d35e28a4fb8f87911,▼,8
C19d35e28a502b76a061,▽,8
C19d35e28a57a7320d1f,▼,6
C19d35e28a597afcd452,dy,4
C19d35e28a597afcd452,st,9
C19d35e28a5acd8e5071,▼,9
C19d35e28a5bbc5c3852,▽,5
C19d35e28a5c99aa21e7,▽,8
C19d35e28a5d2806a461,▽,12-
C19d35e28a5e0f52a580,sl,1
C19d35e28a5e0f52a580,▽,12+
C19d35e28a61c6c57855,▽,8
C19d35e28a6204a7f754,st,3
C19d35e28a6204a7f754,重発狂,3
C19d35e28a63b49bd4a3,sl,1
C19d35e28a642bf22037,sr,13
C19d35e28a67bf0ea854,▼,6
C19d35e28a68f77134e3,重発狂,0
C19d35e28a694697011a,▽,12-
C19d35e28a6b17f58679,st,4
C19d35e28a6b17f58679,▼,24
C19d35e28a6c4fd9b9e9,st,4
C19d35e28a6d0e32babf,dy,0
C19d35e28a6d0e32babf,st,6
C19d35e28a6d0e32babf,双,4
C19d35e28a6e1b8945e6,dy,0
C19d35e28a6e1b8945e6,st,5
C19d35e28a6fcb57b2f7,st,7
C19d35e28a7053eae636,▽,11+
C19d35e28a72a8c30488,st,6
C19d35e28a74346693f5,so,0
C19d35e28a74346693f5,sr,12
C19d35e28a75a6b226f2,ln,8
C19d35e28a76e6c5817a,dl,5
C19d35e28a77bd218a71,dl,5
C19d35e28a787fa1d385,dl,5
C19d35e28a7aef74b87f,st,2
C19d35e28a7aef74b87f,▼,22
C19d35e28a7b2b540e8e,dl,6
C19d35e28a7b2b540e8e,st,6
C19d35e28a7c047da8ff,dl,9
C19d35e28a7d635f74be,dl,9
C19d35e28a7d635f74be,dy,4
C19d35e28a802a72c5f6,▼,6
C19d35e28a810386988c,▽,9
C19d35e28a824d1fe128,▽,10
C19d35e28a8320aff2f6,▽,10
C19d35e28a87969013c6,▼,15
C19d35e28a8dc9f3d2ab,dy,2
C19d35e28a8dc9f3d2ab,重発狂,7
C19d35e28a91360a8138,sr,11
C19d35e28a9374468256,st,3
C19d35e28a94e1f9bcfe,sl,0
C19d35e28a94e1f9bcfe,▽,11+
C19d35e28a95672a38da,sl,1
C19d35e28a96b09e98ac,sl,2
C19d35e28a96b09e98ac,乱打,3
C19d35e28a97dc59dd87,sl,4
C19d35e28a97dc59dd87,乱打,4
C19d35e28a983ebf5c5f,sl,5
C19d35e28a9909aefbdc,sl,6
C19d35e28a9ae011b15d,sl,9
C19d35e28a9ae011b15d,乱打,9
C19d35e28a9e92873af6,sl,6
C19d35e28a9e92873af6,▼,10
C19d35e28a9fb679d52d,sl,9
C19d35e28aa0ab46030d,▼,18
C19d35e28aa6e9606ace,sl,1
C19d35e28aa71a6b463e,ξ,7
C19d35e28ab250a47c64,▽,12-
C19d35e28ab3b9922ae6,★★,5
C19d35e28ab47eb90ef9,sr,12
C19d35e28ab79b7931fd,▼,3
C19d35e28ab8b2dd64a9,sr,10
C19d35e28abf946e3acb,▽,10
C19d35e28ac300fadd4b,▽,9
C19d35e28ac47ce139aa,ξ,7
C19d35e28ac869e0224e,sl,4
C19d35e28ac869e0224e,▼,6
C19d35e28ac869e0224e,乱打,4
C19d35e28ac9a487a1cb,sl,4
C19d35e28acaeefe88d8,SB,9
C19d35e28acbefca4ce7,SB,10
C19d35e28acdcd92565d,sl,2
C19d35e28acdcd92565d,▽,12+
C19d35e28acfd3bd911b,st,2
C19d35e28ad09455c17d,Ude,Ude12 (sub)
C19d35e28ad61adb4584,乱打,4
C19d35e28ad9e5f13246,▽,3
C19d35e28ada57559cb4,▽,4
C19d35e28ae2871fa0cd,sl,0
C19d35e28ae2871fa0cd,▽,11+
C19d35e28ae56bffe4a3,sl,11
C19d35e28ae8f8636c03,sl,0
C19d35e28ae9ea734a79,sl,1
C19d35e28aea941276c3,sl,2
C19d35e28aeb16a2ee43,sl,1
C19d35e28aec905cd2d2,sl,6
C19d35e28aed7c1acecf,sl,12
C19d35e28aee98852c4a,sl,11
C19d35e28afb08ef1a1e,Ude,11
C19d35e28b015a65031c,▽,7
C19d35e28b0425b760b9,st,3
C19d35e28b0586e82823,双,2
C19d35e28b09ca6410f4,sl,1
C19d35e28b09ca6410f4,乱打,1
C19d35e28b0c24a152eb,dy,4
C19d35e28b0c24a152eb,st,9
C19d35e28b1087e4f7ef,乱打,5
C19d35e28b11b170f698,sl,7
C19d35e28b12f8f7e4d0,▼,17
C19d35e28b13a97baee1,▽,10
C19d35e28b155c57ebf4,乱打,10
C19d35e28b18a9a57b95,▽,8
C19d35e28b1ab88af2ad,▽,9
C19d35e28b1bb7bb2f43,▽,8
C19d35e28b1c655a3f70,▼,3
C19d35e28b1ec5e30347,so,5
C19d35e28b1ec5e30347,▼,6
C19d35e28b1f6f486326,so,5
C19d35e28b1f6f486326,▼,6
C19d35e28b2037a42dee,▼,7
C19d35e28b212b58f614,▼,9
C19d35e28b2211c05f7c,ξ,8
C19d35e28b2211c05f7c,▽,4
C19d35e28b2376d31412,▽,4
C19d35e28b2431eca282,▽,5
C19d35e28b25e4fb9c71,▽,5
C19d35e28b26c171366d,▽,6
C19d35e28b275d3e4b71,▽,6
C19d35e28b28d0f21034,▽,6
C19d35e28b29ef5db772,▽,8
C19d35e28b2a7487c404,▽,8
C19d35e28b2b0beec735,▽,9
C19d35e28b2cf68ae038,▽,9
C19d35e28b2d858216c1,▽,9
C19d35e28b2e4c41d570,▽,10
C19d35e28b2fcd65e6e0,▽,10
C19d35e28b30878ed2c1,▽,10
C19d35e28b3156153a80,▽,10
C19d35e28b32aa03d04a,▽,10
C19d35e28b339d614c77,▽,10
C19d35e28b341fc8766a,▽,10
C19d35e28b358f2f71f3,▽,11
C19d35e28b36ce1fa712,▽,11+
C19d35e28b378e774f5a,▽,12-
C19d35e28b38583c378b,▽,12-
C19d35e28b39a778ebcb,▽,8
C19d35e28b3d46eda726,▽,11
C19d35e28b3e72ce99cf,▽,4
C19d35e28b3f5c2b3871,▽,4
C19d35e28b40919a6ed7,▽,6
C19d35e28b43c440200f,▼,19
C19d35e28b448690f52b,▽,4
C19d35e28b453b6b8b35,▽,9
C19d35e28b46723580a9,ξ,6
C19d35e28b472f36f666,ξ,8
C19d35e28b48a0c6db6b,ξ,11
C19d35e28b4b4ea86cf0,▽,11+
C19d35e28b4d3bdeabdf,▼,20
C19d35e28b4eb707ff48,▽,10
C19d35e28b512b0ab4f2,▽,3
C19d35e28b527fb02821,▽,3
C19d35e28b5354f60abd,▽,6
C19d35e28b54b101e8ea,▽,6
C19d35e28b55e3835e57,▽,6
C19d35e28b564726dab3,▽,6
C19d35e28b5742fd96db,▽,6
C19d35e28b5831afff64,▽,8
C19d35e28b5af7836938,Ude,Ude0 (sub)
C19d35e28b5af7836938,sl,0
C19d35e28b5af7836938,乱打,0
C19d35e28b5b38a3a81a,sl,3
C19d35e28b5c311e7909,sl,6
C19d35e28b5dec15701c,▽,6
C19d35e28b5e0d2440f6,▽,10
C19d35e28b5f5cb8705c,dy,1
C19d35e28b60026a8fa4,dy,？
C19d35e28b62374317a6,sl,0
C19d35e28b63cff4f678,▼,3
C19d35e28b64b1568eaa,▽,8
C19d35e28b653d4bfc31,▽,9
C19d35e28b6666093d75,▽,11
C19d35e28b68503aee25,▽,10
C19d35e28b6962cca96d,▽,10
C19d35e28b7502e9895f,▽,11+
C19d35e28b76811d99fe,sr,13
C19d35e28b77532666e6,sl,1
C19d35e28b7b4144dcc6,▼,3
C19d35e28b7c54d78ead,▽,12+
C19d35e28b7ddc5332fe,▽,12+
C19d35e28b7ea925d733,sr,11
C19d35e28b7f6ff88dc2,双,0
C19d35e28b8258caff68,▽,10
C19d35e28b884f41b957,▽,9
C19d35e28b8941905c05,▽,8
C19d35e28b8a66ee8045,▽,8
C19d35e28b8bd06439d6,▽,9
C19d35e28b8ef2e3dcc5,dy,6
C19d35e28b8ef2e3dcc5,st,11
C19d35e28b8ef2e3dcc5,重発狂,11
C19d35e28b93abb85f33,st,0
C19d35e28b9438e41e26,sl,5
C19d35e28b9438e41e26,▼,7
C19d35e28b95db2e0aae,▽,6
C19d35e28b9bea920c89,sl,0
C19d35e28b9d43ba4580,SB,0
C19d35e28b9d43ba4580,▽,10
C19d35e28ba3004631ca,SB,3
C19d35e28ba436e2f7b9,▼,5
C19d35e28ba5dd2d2b41,▽,9
C19d35e28bab8a7c94fa,▽,9
C19d35e28bace6205d59,▽,10
C19d35e28bae5cb19474,sl,8
C19d35e28baf75f0ac77,▽,4
C19d35e28bb02279ae30,▽,7
C19d35e28bb1059ca2a8,SB,9
C19d35e28bb4ad0ebcc3,Ude,2
C19d35e28bb4ad0ebcc3,sl,2
C19d35e28bb4ad0ebcc3,▽,12+
C19d35e28bb680eefb0c,st,3
C19d35e28bb7d82d7cd0,st,4
C19d35e28bb875dae1cd,▽,3
C19d35e28bb991093430,▽,4
C19d35e28bba98fb17bc,▽,4
C19d35e28bbb44c60fd3,▽,10
C19d35e28bbc480f942b,▽,10
C19d35e28bc08cdbcfef,▽,9
C19d35e28bc494d9f972,sl,5
C19d35e28bc494d9f972,▼,9
C19d35e28bc529d201df,▽,6
C19d35e28bc60ac19b81,▽,11
C19d35e28bc7a13b9861,ln,11
C19d35e28bcba627ed29,sl,7
C19d35e28bccde87b166,st,1
C19d35e28bcdaa18d403,st,0
C19d35e28bce516b0f06,sl,10
C19d35e28bcffed6885c,dl,6
C19d35e28bd4818b40ed,▽,6
C19d35e28bd5a9441feb,dl, BEGINNER
C19d35e28bd6668c2ba7,dl, BEGINNER
C19d35e28bda8127710c,dy,0
C19d35e28bdb6af4a787,SB,1
C19d35e28bdcefaece55,SB,1
C19d35e28bdfe74525ca,sl,6
C19d35e28bdfe74525ca,乱打,6
C19d35e28be0d0c5dd70,▽,10
C19d35e28be16ae48215,sl,0
C19d35e28be35850ba06,dl,dl3 (sub)
C19d35e28be35850ba06,fr,8
C19d35e28be4cf017e0b,sl,11
C19d35e28be5260e66ec,st,1
C19d35e28be83e512496,▽,11+
C19d35e28be9f922c359,st,0
C19d35e28beac9efdd61,▼,7
C19d35e28beb741760c2,▽,10
C19d35e28bec76c85891,sr,13
C19d35e28bedc2a059d5,SB,3
C19d35e28bf34d90970a,ξ,10
C19d35e28bf61a00241f,st,2
C19d35e28bf7a8d5c00d,sl,2
C19d35e28bfb0a5199ff,▼,11
C19d35e28bfc74545d2a,sl,8
C19d35e28bfc74545d2a,▼,14
C19d35e28bfeb1b40b4d,▼,15
C19d35e28bffb275dd69,dl,5
C19d35e28bffb275dd69,st,5
C19d35e28c04fb9bc3e9,▼,6
C19d35e28c0523b8f6d6,▼,8
C19d35e28c0673c5822d,▼,11
C19d35e28c078e008c8a,▼,15
C19d35e28c08f9e07358,★★,4
C19d35e28c0916c62963,sr,12
C19d35e28c0a6dfbdd41,ln,7
C19d35e28c0b581b731d,dl,10
C19d35e28c0b581b731d,重発狂,10
C19d35e28c0c27155e45,dy,3
C19d35e28c0c27155e45,st,8
C19d35e28c0ecc79234a,▽,3
C19d35e28c0f6b5e947e,ln,22
C19d35e28c117d2744b4,▼,8
C19d35e28c127e91cb42,▽,6
C19d35e28c13f3d3ce79,sr,5
C19d35e28c148ccfa324,▽,6
C19d35e28c1506a123de,▽,10
C19d35e28c16884c085f,▽,12
C19d35e28c17ac068096,Ude,0
C19d35e28c17ac068096,▼,0
C19d35e28c18a0effd83,▼,4
C19d35e28c19ff1dde2d,▼,4
C19d35e28c1aeded9931,▼,8
C19d35e28c1b96e3b2bb,▼,10
C19d35e28c1c4de08512,▼,16
C19d35e28c1d2dbc738f,▽,1
C19d35e28c1e2b62b774,▽,1
C19d35e28c1f8c7a86a1,▽,3
C19d35e28c209af5be00,▽,5
C19d35e28c2101dbe6e1,▽,6
C19d35e28c228c44efe2,▽,6
C19d35e28c236c380f9d,▽,7
C19d35e28c244c2079f3,▽,7
C19d35e28c2526882dd1,▽,7
C19d35e28c26ebe1c326,▽,7
C19d35e28c27c21f786f,▽,7
C19d35e28c28e8f23578,▽,8
C19d35e28c290e191f62,▽,8
C19d35e28c2a72b0f3b5,▽,8
C19d35e28c2be76098e4,▽,8
C19d35e28c2cd7806edc,SB,0
C19d35e28c2cd7806edc,▽,9
C19d35e28c2db36083cf,ln,6
C19d35e28c2db36083cf,▽,9
C19d35e28c2e30cf56a6,▽,9
C19d35e28c2fe5a9716e,▽,9
C19d35e28c30d82249ed,▽,9
C19d35e28c318907b3a6,▽,10
C19d35e28c32241afba0,▽,10
C19d35e28c334230cecf,▽,10
C19d35e28c346ae0c84c,▽,10
C19d35e28c351722bc40,▽,10
C19d35e28c3667c785fa,▽,11
C19d35e28c37c2f283f6,sl,0
C19d35e28c37c2f283f6,▽,11+
C19d35e28c38dc77e658,SB,1
C19d35e28c38dc77e658,▽,12-
C19d35e28c391a9aa2f7,ln,9
C19d35e28c391a9aa2f7,▽,12-
C19d35e28c3aa5c73452,▽,12+
C19d35e28c3b22a36e63,▽,12+
C19d35e28c3c7b205ad8,SB,10
C19d35e28c3c7b205ad8,★★,5
C19d35e28c3f348058d7,▼,4
C19d35e28c40a458414c,sr,4
C19d35e28c436ff4c47a,▽,9
C19d35e28c4489a76ec6,SB,1
C19d35e28c45657fe550,sl,5
C19d35e28c463d50a13a,▽,7
C19d35e28c4712f4ec12,sl,2
C19d35e28c4712f4ec12,乱打,2
C19d35e28c483eec6b65,sl,5
C19d35e28c49fd66f155,sl,9
C19d35e28c4ad1866bed,sl,8
C19d35e28c4ad1866bed,乱打,8
C19d35e28c4c4bda6ff6,ξ,6
C19d35e28c51afa0cba2,▽,4
C19d35e28c525d28bdf7,▽,4
C19d35e28c53d7513eb5,▽,4
C19d35e28c547ad91ab0,▼,16
C19d35e28c5524488446,▽,9
C19d35e28c56da101caa,▽,11
C19d35e28c571335c42c,sl,11
C19d35e28c588cda06a7,sl,10
C19d35e28c59cc4c69c4,Ude,11
C19d35e28c59cc4c69c4,sl,11
C19d35e28c5a21959d3d,SB,4
C19d35e28c5a21959d3d,fr,3
C19d35e28c5a21959d3d,▼,9
C19d35e28c5b25426cd8,▽,1
C19d35e28c5c898f2bb4,▽,4
C19d35e28c5eb269aa5a,sl,1
C19d35e28c5eb269aa5a,乱打,1
C19d35e28c629ec600f2,▽,2
C19d35e28c63373bb910,sr,13
C19d35e28c64dca76633,▽,3
C19d35e28c6a6a12b19e,ξ,4
C19d35e28c6f1dde3c31,▽,4
C19d35e28c72a317ae2e,▽,4
C19d35e28c73d6ef49b3,▽,10
C19d35e28c74c5c949a5,dl,dl4 (sub)
C19d35e28c798f8e7875,st,0
C19d35e28c7a2fd56edd,ξ,5
C19d35e28c7a2fd56edd,▽,4
C19d35e28c7b5477603c,▽,5
C19d35e28c7c45721e60,ln,12
C19d35e28c7de93bde3b,ln,17
C19d35e28c7fd64f2e3a,SB,1
C19d35e28c8156f90cc5,dy,1
C19d35e28c8156f90cc5,st,6
C19d35e28c8296b45ace,▽,8
C19d35e28c891fea25cc,SB,2
C19d35e28c8a8e1ccdc3,SB,4
C19d35e28c8c95e698f7,dy,3
C19d35e28c8ed3f9eaf2,sl,5
C19d35e28c8fb7e1a2ae,sl,5
C19d35e28c91e5785a57,ln,7
C19d35e28c926f7b82d5,ln,17
C19d35e28c9380bcd25d,▽,？
C19d35e28c95c8d6e65e,▽,8
C19d35e28c996d55eb3e,▽,11+
C19d35e28c9aa88a5984,dl,4
C19d35e28c9aa88a5984,st,4
C19d35e28ca698208574,▽,9
C19d35e28ca86e7bfe17,▽,10
C19d35e28cab6216f473,ln,10
C19d35e28cad5b8da0d0,▽,8
C19d35e28cae818852ab,▽,9
C19d35e28cb3382dfb8c,sl,11
C19d35e28cb3382dfb8c,乱打,11
C19d35e28cb4baa0b60c,▽,11
C19d35e28cb5d6286500,dl,査定中
C19d35e28cb7f97c8990,fr,1
C19d35e28cb8455b41b5,fr,2
C19d35e28cbd60db248c,▼,3
C19d35e28cbe2cc2e17e,▼,3
C19d35e28cbf59c47aae,▼,3
C19d35e28cc0ac04aeb2,▼,4
C19d35e28cc19f2f8f65,▼,8
C19d35e28cc24e787a2d,so,8
C19d35e28cc24e787a2d,▼,12
C19d35e28cc371ae32b8,▽,6
C19d35e28cc4da6fb219,▽,6
C19d35e28cc58843daaf,▽,6
C19d35e28cc61b2a7179,▽,8
C19d35e28cc76265122f,▽,8
C19d35e28cc861fa78f5,▽,8
C19d35e28cc9011bea7e,▽,9
C19d35e28ccaa202506a,▽,10
C19d35e28ccbab939bcf,▽,10
C19d35e28ccce3e88985,▽,10
C19d35e28ccd6ccac73c,▽,11
C19d35e28ccea7e7b37a,▽,11
C19d35e28ccfac78fb5d,so,1
C19d35e28ccfac78fb5d,▽,12-
C19d35e28cd0f9daad8d,▽,12+
C19d35e28cd1303f0f6d,★★,3
C19d35e28cd24f267220,ln,12
C19d35e28cd39ecf4342,ln,13
C19d35e28cd4a5cf51af,▼,13
C19d35e28cd5c6522f47,ln,12
C19d35e28cd7450252d2,sl,0
C19d35e28cd80a24c442,sl,0
C19d35e28cd940ea86df,sl,1
C19d35e28cda69d153a8,sl,2
C19d35e28cdb72915156,sl,2
C19d35e28cdc78351767,sl,5
C19d35e28cdd8f99def0,▽,5
C19d35e28cde5b5e6589,fr,7
C19d35e28ce2727d289b,▽,8
C19d35e28ce48b14ef63,▽,7
C19d35e28ce580febf2c,▽,7
C19d35e28ce672f23558,▽,8
C19d35e28ce99718d400,▼,10
C19d35e28ceaaaa2d608,sl,0
C19d35e28ceb5eaf98ab,▼,11
C19d35e28cec0cee0cf5,ln,19
C19d35e28cee1fb53c0e,sl,0
C19d35e28cee1fb53c0e,▽,11
C19d35e28cef4137b70d,sl,1
C19d35e28cf0761d59a7,sl,4
C19d35e28cf0761d59a7,▼,7
C19d35e28cf289e5fd19,sl,5
C19d35e28cf35c0a5225,sl,10
C19d35e28cf35c0a5225,乱打,10
C19d35e28cf482cad133,sl,11
C19d35e28cf5d56c47bd,▽,10
C19d35e28cf67b6e4d8f,▼,15
C19d35e28cf70f2c78fa,▽,5
C19d35e28cfca19be652,▼,9
C19d35e28cfdeb00e04f,▽,10
C19d35e28cfea6287c8a,dy,6
C19d35e28d01b3d49b4b,st,3
C19d35e28d01b3d49b4b,重発狂,3
C19d35e28d0224aba6b2,ξ,8
C19d35e28d03052f0dbd,ξ,10
C19d35e28d046cdd3f68,dy,7
C19d35e28d0817810fe6,▽,7
C19d35e28d0929436860,▽,8
C19d35e28d0be0900c34,▽,10
C19d35e28d0c360d8c25,dl,3
C19d35e28d0c360d8c25,st,3
C19d35e28d0d85055fe0,st,4
C19d35e28d1208344ec6,▽,5
C19d35e28d15b015fdcb,乱打,7
C19d35e28d16a2b9e554,st,3
C19d35e28d16a2b9e554,▼,23
C19d35e28d16a2b9e554,双,3
C19d35e28d1e190084f4,乱打,10
C19d35e28d1fd955755f,▽,10
C19d35e28d2372e6ddd5,乱打,7
C19d35e28d2447208ece,sl,1
C19d35e28d25d6d28e47,sl,2
C19d35e28d25d6d28e47,乱打,2
C19d35e28d26fae95f89,sl,3
C19d35e28d279e6b8859,sl,3
C19d35e28d28d8827729,st,0
C19d35e28d2d0d5ebf63,ξ,6
C19d35e28d3153846d54,▽,5
C19d35e28d34f205a4f6,SB,0
C19d35e28d38ae7b4cc1,▽,4
C19d35e28d3d6ea32bb0,▼,18
C19d35e28d3d6ea32bb0,乱打,12
C19d35e28d3e60b53c12,▽,4
C19d35e28d403532d372,dl,3
C19d35e28d42c157170b,dy,3
C19d35e28d43642665a7,st,0
C19d35e28d44ad5b8511,▼,24
C19d35e28d454e9a1654,▽,10
C19d35e28d46049f4b65,ln,9
C19d35e28d471b31d173,fr,9
C19d35e28d471b31d173,ln,22
C19d35e28d4ca4503db9,▽,8
C19d35e28d4d4e4e6f5c,▽,11+
C19d35e28d4ef006ad73,▽,10
C19d35e28d4f1fb7acb9,▽,8
C19d35e28d50cbffd207,▽,7
C19d35e28d51e397c860,▽,8
C19d35e28d52601cb47c,▽,6
C19d35e28d5728596dd2,▼,15
C19d35e28d58a6a8b56a,▼,15
C19d35e28d5a708c2c31,st,1
C19d35e28d5cc41263c9,▽,10
C19d35e28d5e07322d43,▽,9
C19d35e28d60ede91205,st,2
C19d35e28d610ba61649,sl,2
C19d35e28d62dd2f33b1,dl, BEGINNER
C19d35e28d62dd2f33b1,sl,9
C19d35e28d633dcc5d38,sl,2
C19d35e28d633dcc5d38,▼,2
C19d35e28d633dcc5d38,乱打,2
C19d35e28d64172daff0,▼,4
C19d35e28d6538e71247,▽,3
C19d35e28d668770c11b,▽,4
C19d35e28d67b5924a91,▽,5
C19d35e28d6850451b6f,▽,7
C19d35e28d692b9e9ee8,▽,7
C19d35e28d6ad909e49a,▽,8
C19d35e28d6b649e66c6,▽,8
C19d35e28d6cc0a43648,▽,8
C19d35e28d6d0c7017ac,▽,9
C19d35e28d6e29774dea,▽,10
C19d35e28d6f1a8fe584,▽,10
C19d35e28d70cdf31565,▽,11+
C19d35e28d71092fccb9,▽,12-
C19d35e28d73e9b695b0,ξ,6
C19d35e28d73e9b695b0,▽,4
C19d35e28d74e4b68655,ξ,7
C19d35e28d75c9537b0c,dl,11
C19d35e28d8004833893,dy,0
C19d35e28d8175e4c606,dy,5
C19d35e28d834fc39956,sl,1
C19d35e28d834fc39956,乱打,1
C19d35e28d84b3bb6aee,sl,12
C19d35e28d8574412d6e,▽,3
C19d35e28d8649fefe47,ξ,6
C19d35e28d8649fefe47,▽,3
C19d35e28d885972b9c2,sl,4
C19d35e28d894686c528,sl,4
C19d35e28d8a3feb7d18,sl,6
C19d35e28d8bf88fe612,sl,11
C19d35e28d8cb977314f,▽,7
C19d35e28d91aeabc065,乱打,10
C19d35e28d92f86f1a13,sl,6
C19d35e28d93fc34e349,▽,7
C19d35e28d982218a491,ln,14
C19d35e28d9bd9a88795,▽,6
C19d35e28d9cae7ac33a,sr,?
C19d35e28d9eefb3c8a4,dy,0
C19d35e28d9f5bd37ddb,dl,7
C19d35e28d9f5bd37ddb,dy,2
C19d35e28d9f5bd37ddb,重発狂,7
C19d35e28da0c75622f8,dy,4
C19d35e28da0c75622f8,st,9
C19d35e28da5a64cebee,dy,3
C19d35e28da5a64cebee,st,8
C19d35e28da5a64cebee,重発狂,8
C19d35e28da70484b624,ln,26
C19d35e28daaf1124b71,▽,12-
C19d35e28daf61ab07bc,▽,9
C19d35e28db117261b4a,▽,10
C19d35e28db24b583867,▽,12
C19d35e28db51bb9970f,dy,1
C19d35e28dba78f2ec43,dl,0
C19d35e28dba78f2ec43,st,0
C19d35e28dbb8d132833,sl,12
C19d35e28dbc7873dc8e,▼,17
C19d35e28dbdd04a5410,▽,12
C19d35e28dbec07a30aa,▽,12
C19d35e28dc2f2ab96ea,乱打,6
C19d35e28dc4517171c8,sl,2
C19d35e28dc52375d63f,sl,4
C19d35e28dc52375d63f,乱打,4
C19d35e28dc65315aa55,sl,5
C19d35e28dc65315aa55,乱打,5
C19d35e28dc7e3dac09d,sl,6
C19d35e28dc843502704,▽,9
C19d35e28dc9497cead1,▽,9
C19d35e28dca50de39bc,▽,9
C19d35e28dcb1019fb21,▽,10
C19d35e28dcf6b00ed5d,fr,9
C19d35e28dd0b12e7128,sl,6
C19d35e28dd188daec90,sl,8
C19d35e28dd26cc62627,▼,0
C19d35e28dd300d0c2b7,▼,5
C19d35e28dd447741d5d,▼,7
C19d35e28dd5f66830eb,▽,8
C19d35e28dd67ad78132,▽,8
C19d35e28dd7de2edf44,▽,8
C19d35e28dd8e6f07a11,▽,8
C19d35e28dd9a9b9baa6,▽,9
C19d35e28dda6c81a816,▽,9
C19d35e28ddb7585c396,▽,10
C19d35e28ddc8a6aa234,▽,11
C19d35e28ddd4ca0fb53,▽,11
C19d35e28dde1872bfa9,▽,11+
C19d35e28ddfc87d5833,▽,11+
C19d35e28de0fea4b2f9,dy,5
C19d35e28de1696d256a,SB,4
C19d35e28de2723bcd81,SB,4
C19d35e28de3c273f840,sl,10
C19d35e28de3c273f840,乱打,10
C19d35e28de4310c3d35,sl,10
C19d35e28de5c84e7e37,▼,2
C19d35e28de6a3b1803e,▽,7
C19d35e28de7d73f9be5,▽,11
C19d35e28de83cfde151,st,1
C19d35e28de83cfde151,双,0
C19d35e28deb8fe9f5b2,▽,8
C19d35e28dece3c5279a,▽,11+
C19d35e28ded12347422,▽,12+
C19d35e28defddf47dc5,dy,2
C19d35e28df11ebb96c8,▽,8
C19d35e28df2c50d78d0,▽,8
C19d35e28df3b86ffde2,sr,12
C19d35e28df4cf867725,dy,2
C19d35e28df57c48712d,SB,4
C19d35e28df8c5445935,st,1
C19d35e28dfe7343ca53,▽,11
C19d35e28dffce646cfa,ln,13
C19d35e28e065409c509,ln,17
C19d35e28e078670129f,sr,?
C19d35e28e0bbe7a22ed,sr,7
C19d35e28e0c5c40d27f,fr,7
C19d35e28e13e48dd664,st,2
C19d35e28e13e48dd664,重発狂,1
C19d35e28e148b3d4192,dl,3
C19d35e28e148b3d4192,st,3
C19d35e28e185ee119bf,st,1
C19d35e28e1958676dab,st,2
C19d35e28e1958676dab,重発狂,2
C19d35e28e1acefe8da5,st,2
C19d35e28e1b6ab65e5a,st,2
C19d35e28e1c97c2491c,st,2
C19d35e28e1da9ad88f9,st,2
C19d35e28e1da9ad88f9,重発狂,11
C19d35e28e1e0abe633e,sl,1
C19d35e28e1f3704bc63,sl,3
C19d35e28e217318e17c,▽,3
C19d35e28e226101fffb,ξ,3
C19d35e28e2321bf94d9,st,3
C19d35e28e24482a2b60,dl,3
C19d35e28e24482a2b60,st,3
C19d35e28e2526d9318b,sl,1
C19d35e28e2526d9318b,▼,3
C19d35e28e2606f6eb6e,Ude,Ude2 (sub)
C19d35e28e2606f6eb6e,sl,2
C19d35e28e2606f6eb6e,▼,3
C19d35e28e274e130b4b,dl, BEGINNER
C19d35e28e274e130b4b,sl,4
C19d35e28e2890e9b762,sl,6
C19d35e28e2890e9b762,乱打,6
C19d35e28e29107dbe0f,dl, BEGINNER
C19d35e28e29107dbe0f,sl,9
C19d35e28e2d8cdbecff,st,1
C19d35e28e2e25648b91,st,1
C19d35e28e2e25648b91,重発狂,1
C19d35e28e2fa00893a5,dl,1
C19d35e28e2fa00893a5,st,1
C19d35e28e304159e403,st,1
C19d35e28e304159e403,▼,21
C19d35e28e304159e403,重発狂,1
C19d35e28e3146ec9b42,st,1
C19d35e28e3291bc62de,st,1
C19d35e28e334629d04c,st,1
C19d35e28e34d5a2a3b7,▽,11+
C19d35e28e35d44e24c6,ln,15
C19d35e28e36298b7aee,ln,16
C19d35e28e3713fe37e8,ln,16
C19d35e28e3aaeb021a2,st,2
C19d35e28e3bf3e72d27,st,3
C19d35e28e3c4afb1d6a,st,4
C19d35e28e4021320710,st,2
C19d35e28e4021320710,双,1
C19d35e28e4131b82cef,st,2
C19d35e28e4131b82cef,双,2
C19d35e28e42500abb33,sl,6
C19d35e28e43817563eb,st,3
C19d35e28e43817563eb,★★,3
C19d35e28e45f135839b,SB,5
C19d35e28e46c5cacadd,st,1
C19d35e28e47e30fe338,ln,16
C19d35e28e480f9613a2,ln,16
C19d35e28e4a480ff0e5,ξ,6
C19d35e28e4ea97c36e7,▽,9
C19d35e28e534659c2a3,▽,2
C19d35e28e545ff9288f,▽,4
C19d35e28e552598e359,▽,8
C19d35e28e56d3cb3e72,so,1
C19d35e28e56d3cb3e72,▽,12+
C19d35e28e574f85fe77,dl,7
C19d35e28e574f85fe77,dy,2
C19d35e28e574f85fe77,st,7
C19d35e28e589c3e5193,dy,2
C19d35e28e589c3e5193,st,7
C19d35e28e589c3e5193,重発狂,7
C19d35e28e5976b0f478,SB,2
C19d35e28e5b941c78f2,▽,10
C19d35e28e5c3e71e647,▽,10
C19d35e28e5f226d654e,st,2
C19d35e28e60a110b45b,st,2
C19d35e28e61ff0a153d,st,2
C19d35e28e62889341a7,st,3
C19d35e28e63925ba559,st,3
C19d35e28e649b6bf91b,▽,7
C19d35e28e6597ad9b42,dl,0
C19d35e28e661c8f1f61,dl,3
C19d35e28e67b1f382f4,dl,9
C19d35e28e69ae88f1f4,st,3
C19d35e28e6a28cd833d,st,3
C19d35e28e6b3b08355c,st,3
C19d35e28e6c6b1e5e5b,dl,12
C19d35e28e6c6b1e5e5b,dy,6
C19d35e28e6d4556e179,dy,6
C19d35e28e70d110f416,▽,10
C19d35e28e73fb27bca6,dl,-2
C19d35e28e76b07759c3,SB,-1
C19d35e28e77386bce13,SB,0
C19d35e28e78d3b90214,SB,0
C19d35e28e79f87762e2,SB,0
C19d35e28e7a0dd608ac,SB,0
C19d35e28e7b735a4e85,SB,1
C19d35e28e7cd9811537,SB,1
C19d35e28e7dc840300b,SB,2
C19d35e28e7e4d648608,SB,2
C19d35e28e7f7923151b,SB,3
C19d35e28e80935f51f8,SB,3
C19d35e28e818a27c046,SB,3
C19d35e28e824cc750bb,SB,4
C19d35e28e831e21b4b8,SB,5
C19d35e28e84949da8c6,SB,6
C19d35e28e84949da8c6,▼,15
C19d35e28e86fc833c34,st,0
C19d35e28e86fc833c34,重発狂,0
C19d35e28e87d977bfe5,sl,5
C19d35e28e87d977bfe5,乱打,5
C19d35e28e8845644993,sl,5
C19d35e28e896f713e4a,▼,24
C19d35e28e8aa97a599d,dy,6
C19d35e28e8b507fe9b0,SB,7
C19d35e28e8c81a6c0eb,st,12
C19d35e28e8d89a2ffa5,▼,1
C19d35e28e8e2f586c47,sl,2
C19d35e28e8e2f586c47,▼,5
C19d35e28e8f4f4a3485,▼,9
C19d35e28e9028f0d42d,▼,12
C19d35e28e9186102efd,▼,19
C19d35e28e92553c783a,▼,19
C19d35e28e93d382e3a6,▼,22
C19d35e28e94e03eaa08,▽,6
C19d35e28e95a8406038,▽,8
C19d35e28e9686410f85,▽,8
C19d35e28e97390f923b,▽,8
C19d35e28e988768d469,▽,8
C19d35e28e996a8109e6,▽,10
C19d35e28e9aa39f6577,▽,10
C19d35e28e9bd4b7c5c8,▽,10
C19d35e28e9cbb9e26e1,▽,10
C19d35e28e9d6979627a,▽,11
C19d35e28e9ebe27a42e,sl,0
C19d35e28e9ebe27a42e,▽,11
C19d35e28e9fd82bb31f,▽,11
C19d35e28ea0f14ef620,▽,11+
C19d35e28ea1e1ea73f5,▽,11+
C19d35e28ea28ad90e5d,▽,12-
C19d35e28ea351ac2a77,dl,4
C19d35e28ea351ac2a77,重発狂,4
C19d35e28ea4d90d57b1,dy,1
C19d35e28ea7d827e568,sl,0
C19d35e28ea7d827e568,▽,12-
C19d35e28ea7d827e568,乱打,0
C19d35e28ea89a9cb609,▽,7
C19d35e28ea9918ebe06,▽,8
C19d35e28eaa1e72371c,▽,10
C19d35e28eab72ab41f9,▽,11
C19d35e28eb38d5160fb,▼,17
C19d35e28eb4a97436fb,▽,8
C19d35e28eb5c689999d,▽,11
C19d35e28eb660d7291d,SB,2
C19d35e28eb660d7291d,fr,2
C19d35e28eb8520e828a,▽,10
C19d35e28ebb33721207,sl,3
C19d35e28ebb33721207,▼,3
C19d35e28ebc8cf8ccfd,so,2
C19d35e28ebc8cf8ccfd,▼,3
C19d35e28ebd686ec45a,▼,3
C19d35e28ebef41c477b,▽,8
C19d35e28ec1a3d8c225,st,4
C19d35e28ec243709296,dy,1
C19d35e28ec243709296,st,6
C19d35e28ec243709296,重発狂,6
C19d35e28ec32cc1f9f1,sl,4
C19d35e28ec41adb2a1f,▽,5
C19d35e28ec5fb09c1b1,▽,5
C19d35e28ec634a8e83e,▽,7
C19d35e28ec75041e4b2,▽,8
C19d35e28ec8c552e834,▽,9
C19d35e28ec9fff06209,▽,10
C19d35e28eca0bb139b9,▽,11
C19d35e28ecb279c131e,fr,5
C19d35e28ecb279c131e,ln,15
C19d35e28ecc7abb39e5,ln,17
C19d35e28ecd04df16f1,dl,7
C19d35e28ecd04df16f1,dy,2
C19d35e28ecd04df16f1,st,7
C19d35e28ece7e9c4ce6,dl,9
C19d35e28ed0c6853aae,st,4
C19d35e28ed0c6853aae,双,3
C19d35e28ed1412e9a35,ln,16
C19d35e28ed2b457e603,dy,0
C19d35e28ed2b457e603,双,4
C19d35e28ed54d8a6d0f,乱打,5
C19d35e28ed66ebaba82,st,4
C19d35e28ed7bf33f6fc,dl,4
C19d35e28ed7bf33f6fc,st,4
C19d35e28ed8d7e26eb3,dy,1
C19d35e28ed8d7e26eb3,st,6
C19d35e28ed919c33cc0,dl,8
C19d35e28edac99adc56,dl,9
C19d35e28edac99adc56,dy,4
C19d35e28edef8ec79d4,乱打,10
C19d35e28edf9071ea2e,▽,1
C19d35e28ee05b6a5f68,SB,1
C19d35e28ee05b6a5f68,▽,11
C19d35e28ee3bd75cd50,dy,4
C19d35e28ee47cf715ef,dy,4
C19d35e28ee47cf715ef,st,9
C19d35e28ee5e94f0df2,SB,8
C19d35e28ee95440f321,▼,7
C19d35e28eedc7470926,st,3
C19d35e28eee30298596,dy,3
C19d35e28eee30298596,st,8
C19d35e28ef27bdf6a49,st,0
C19d35e28ef27bdf6a49,重発狂,0
C19d35e28ef33c19d421,dl,dl-1 (sub)
C19d35e28ef33c19d421,sl,12
C19d35e28ef494e695b9,▼,20
C19d35e28ef5d73b72f8,▽,1
C19d35e28ef640727221,dy,3
C19d35e28ef640727221,双,5
C19d35e28ef8d6865e20,st,6
C19d35e28ef9830add11,sl,1
C19d35e28ef9830add11,▽,12-
C19d35e28efa87a38383,dl,査定中
C19d35e28efbc10a236d,fr,4
C19d35e28efcadba4bd8,dy,4
C19d35e28eff26edf1e2,st,5
C19d35e28f006faf2624,▼,17
C19d35e28f02e5180a90,▼,4
C19d35e28f03c7d93edf,▽,9
C19d35e28f08968b0040,sl,5
C19d35e28f0927d8e92c,▽,1
C19d35e28f0a744d6b48,▽,2
C19d35e28f0cb5d3cb88,乱打,3
C19d35e28f0db7f266c3,st,5
C19d35e28f0db7f266c3,▼,24
C19d35e28f0e87b825cb,dy,0
C19d35e28f0e87b825cb,st,5
C19d35e28f0fcf2f804b,st,6
C19d35e28f10a6512dbc,dy,4
C19d35e28f10a6512dbc,双,5
C19d35e28f11b3ed819e,dl,8
C19d35e28f11b3ed819e,dy,3
C19d35e28f132dc640b5,dy,3
C19d35e28f14b444fd98,dy,4
C19d35e28f1540f106ef,dy,4
C19d35e28f1540f106ef,st,9
C19d35e28f1657ce74e4,dy,3
C19d35e28f17ff270e20,dy,4
C19d35e28f183f95bc38,dy,4
C19d35e28f194c516799,dy,4
C19d35e28f194c516799,st,9
C19d35e28f194c516799,重発狂,9
C19d35e28f1aad10a688,乱打,4
C19d35e28f1b570d6425,dy,3
C19d35e28f1b570d6425,双,5
C19d35e28f1d578c4e66,dy,3
C19d35e28f1d578c4e66,重発狂,8
C19d35e28f1eb7b963cc,SB,4
C19d35e28f20949ed499,乱打,10
C19d35e28f2140eabd37,st,4
C19d35e28f226569d6f4,▼,16
C19d35e28f239eb6dc6b,▽,7
C19d35e28f24195ceaaa,▽,7
C19d35e28f25eb568370,▽,11
C19d35e28f28a2835b2c,▽,12-
C19d35e28f2bb6f11cbc,dy,0
C19d35e28f2bb6f11cbc,st,5
C19d35e28f2bb6f11cbc,双,4
C19d35e28f2caf401ee8,▼,8
C19d35e28f32b4717402,dl,5
C19d35e28f32b4717402,st,5
C19d35e28f37755b85ce,dy,1
C19d35e28f388fab8ed2,dy,3
C19d35e28f388fab8ed2,重発狂,8
C19d35e28f39ae06842c,dy,0
C19d35e28f39ae06842c,st,5
C19d35e28f39ae06842c,★★,4
C19d35e28f39ae06842c,重発狂,5
C19d35e28f3a50991c71,dy,4
C19d35e28f3a50991c71,st,9
C19d35e28f3b5e754876,▽,7
C19d35e28f3c4a2e7ef3,▽,10
C19d35e28f3da706b1ad,▽,11
C19d35e28f3ea0efb42e,双,5
C19d35e28f475664eb54,▼,19
C19d35e28f4818abafab,ln,17
C19d35e28f49749c93e4,ln,18
C19d35e28f4a1ba416a6,dl,1
C19d35e28f4dad3e094d,乱打,7
C19d35e28f4e8d313179,st,2
C19d35e28f4e8d313179,▼,22
C19d35e28f4f8a98ed76,sl,1
C19d35e28f50742f8a2e,sl,5
C19d35e28f51a1c26159,sl,12
C19d35e28f51a1c26159,▼,16
C19d35e28f52ddfd566e,sr,1
C19d35e28f53a81cb739,乱打,4
C19d35e28f582db9f989,▽,2
C19d35e28f59d8ea208d,▽,5
C19d35e28f5a151427a0,▽,7
C19d35e28f5fa86a458f,fr,8
C19d35e28f65900c5491,st,4
C19d35e28f65900c5491,重発狂,4
C19d35e28f6638f5b1bd,▼,15
C19d35e28f6757e5da6e,▼,15
C19d35e28f68c920005f,ξ,6
C19d35e28f6a3e7f9b65,sl,8
C19d35e28f6b7a3dd15f,dy,3
C19d35e28f6b7a3dd15f,st,8
C19d35e28f6b7a3dd15f,双,4
C19d35e28f6c9309e8e7,dy,2
C19d35e28f6c9309e8e7,双,4
C19d35e28f6da83bb342,dl,7
C19d35e28f6da83bb342,dy,2
C19d35e28f6ef616396b,dl,8
C19d35e28f6ef616396b,dy,3
C19d35e28f6f14a98233,dl,8
C19d35e28f6f14a98233,dy,3
C19d35e28f6f14a98233,st,8
C19d35e28f705678299c,dy,3
C19d35e28f7177778300,dy,3
C19d35e28f72aaa7471a,dy,2
C19d35e28f72aaa7471a,重発狂,7
C19d35e28f796814d17b,▼,3
C19d35e28f7a9983ee14,▼,5
C19d35e28f7bc9e876cd,▼,6
C19d35e28f7c84deb755,sl,6
C19d35e28f7c84deb755,▼,8
C19d35e28f7e209d2db7,▼,10
C19d35e28f7f08e9a07c,▽,3
C19d35e28f8022b31f2d,▽,6
C19d35e28f8135320e8e,▽,6
C19d35e28f823709d946,▽,8
C19d35e28f839f9eef1b,▽,9
C19d35e28f84e9e1449c,▽,9
C19d35e28f852ef35fec,▽,9
C19d35e28f8653c84e9e,▽,10
C19d35e28f8708e10d90,▽,10
C19d35e28f88796739c4,▽,10
C19d35e28f895f4b5565,▽,10
C19d35e28f8a9a5654ce,▽,10
C19d35e28f8bc4f9bd27,▽,11
C19d35e28f8ce75bf271,▽,11
C19d35e28f8d6ef34e14,▽,11+
C19d35e28f8e8227fdf3,▽,11+
C19d35e28f8f2059f242,▽,11+
C19d35e28f906ae91d62,▽,12
C19d35e28f914eb33001,▽,12
C19d35e28f9239446cdf,so,2
C19d35e28f9239446cdf,▽,12+
C19d35e28f95c014ce57,st,5
C19d35e28f965125a203,▼,4
C19d35e28f97075384c2,Ude,6
C19d35e28f97075384c2,sl,6
C19d35e28f9852a721ea,dy,0
C19d35e28f9852a721ea,双,4
C19d35e28f99b6af5a33,dy,1
C19d35e28f99b6af5a33,双,4
C19d35e28f9a62af3ac1,dl,5
C19d35e28f9d7b771a10,双,2
C19d35e28fa59c07a49e,▽,3
C19d35e28fa65966992e,▽,4
C19d35e28fa793023648,▽,6
C19d35e28fa8c5181335,ln,20
C19d35e28fab6cc7b8d1,▽,12
C19d35e28fac958c2d05,sl,0
C19d35e28fad838e8439,sl,5
C19d35e28fad838e8439,乱打,5
C19d35e28faed2264c6f,Ude,0
C19d35e28faed2264c6f,sl,0
C19d35e28fafd2e8e666,sl,2
C19d35e28fb07bd59514,sl,3
C19d35e28fb07bd59514,乱打,3
C19d35e28fbdff4f54db,st,1
C19d35e28fbdff4f54db,重発狂,1
C19d35e28fbe1f1908fe,st,4
C19d35e28fbfce1965fd,sl,8
C19d35e28fbfce1965fd,乱打,8
C19d35e28fc064ba80c1,sl,10
C19d35e28fc115ae4414,双,6
C19d35e28fc468735549,sl,8
C19d35e28fc55f30d422,▼,17
C19d35e28fc7eeeca982,▽,11+
C19d35e28fc81318265f,▽,11+
C19d35e28fceff711e6f,sr,3
C19d35e28fcf88c36309,sr,?
C19d35e28fd09830ece2,乱打,11
C19d35e28fd15faecd07,st,4
C19d35e28fd15faecd07,重発狂,4
C19d35e28fd2a0faeb02,▽,8
C19d35e28fd35fd36e7a,▽,11
C19d35e28fd46ef197e6,双,3
C19d35e28fd57ecfdf07,双,6
C19d35e28fd785161089,dy,0
C19d35e28fda556323f9,▼,5
C19d35e28fe0b92be569,▼,3
C19d35e28fe2da4eba83,▼,12
C19d35e28fe31b12e03f,sr,!
C19d35e28fe4d5d3a7c6,ln,14
C19d35e28fe52fc3d988,ln,19
C19d35e28fe68f53f4d3,fr,6
C19d35e28fe70a9c7a26,sl,4
C19d35e28fe70a9c7a26,乱打,4
C19d35e28fe832e83c24,sl,7
C19d35e28fe832e83c24,乱打,7
C19d35e28fe927460691,dy,7
C19d35e28fe927460691,★★,7
C19d35e28feb43989174,ln,18
C19d35e28fecfb2da576,双,1
C19d35e28fed659ec98a,双,4
C19d35e28feef9054219,Ude,7
C19d35e28ff2c4761edf,dl,削除
C19d35e28ff300f5df21,sl,1
C19d35e28ff4afb101f9,▽,6
C19d35e28ffb514b8226,st,7
C19d35e28ffcb9d010d0,dl, BEGINNER
C19d35e28ffcb9d010d0,sl,9
C19d35e28ffd92ab2744,▼,9
C19d35e28ffe70db5d37,ln,16
C19d35e2900201da122a,▽,11
C19d35e2900373e70aea,fr,3
C19d35e290087ea33fbd,st,6
C19d35e290087ea33fbd,重発狂,6
C19d35e29009ab7041fb,▽,4
C19d35e2900ab2645925,▽,12+
C19d35e2900b38a4b90e,▽,7
C19d35e2900f025904db,▽,10
C19d35e29017eb74be75,▼,4
C19d35e2901863fd9bba,sl,3
C19d35e2901863fd9bba,▼,7
C19d35e29019b838788b,▼,13
C19d35e2901a6715a882,▼,14
C19d35e2901b61a5365c,▽,5
C19d35e2901cd85ed426,▽,6
C19d35e2901dcc92b5a2,▽,7
C19d35e2901fa02c5fdd,▽,9
C19d35e290209064d7eb,▽,11
C19d35e29021220fddf1,▽,11
C19d35e29022ae05e7fd,▽,11
C19d35e29023fd0d68bd,★★,2
C19d35e2902a9ee8eda1,▽,10
C19d35e2902bc3f583fb,乱打,5
C19d35e29032812b2ac6,st,1
C19d35e29032812b2ac6,重発狂,1
C19d35e290339bd81d1e,st,3
C19d35e2903441ff77cd,st,4
C19d35e29035276653a6,st,3
C19d35e29036fb95c152,sl,12
C19d35e29036fb95c152,乱打,12
C19d35e29037b20e5f2e,sl,12
C19d35e29037b20e5f2e,乱打,12
C19d35e290383324d408,▼,5
C19d35e2903952730860,sn,5
C19d35e2903952730860,★★,3
C19d35e2903a4b302650,dy,0
C19d35e2903a4b302650,重発狂,5
C19d35e2903bda681fa6,sl,2
C19d35e2903c458775a4,sl,12
C19d35e2903c458775a4,乱打,12
C19d35e2903dacb2beaf,ln,19
C19d35e2903ea5b65d93,ln,21
C19d35e2904355e608e5,dy,0
C19d35e2904355e608e5,重発狂,5
C19d35e2904453827a59,st,3
C19d35e2904959c3f8dc,SB,0
C19d35e2904959c3f8dc,▽,10
C19d35e2904a2e53bd7b,ln,6
C19d35e2904ba0bc6eb5,ln,16
C19d35e2904cb21678f5,SB,1
C19d35e2904fb72a7329,sl,10
C19d35e290503d457223,▼,6
C19d35e29052d49c8025,▼,13
C19d35e2905391da2e92,ln,17
C19d35e2905497532115,乱打,12
C19d35e29057132aa63f,乱打,3
C19d35e290584282d4dd,st,7
C19d35e290584282d4dd,重発狂,7
C19d35e29059184ac28c,st,10
C19d35e29059184ac28c,重発狂,9
C19d35e2905ac8b24a1d,▼,17
C19d35e2905b5b26c2c0,ln,17
C19d35e2905d18352059,st,2
C19d35e2905e152d70f7,st,4
C19d35e290627bd38628,sl,10
C19d35e290637b13e441,sl,11
C19d35e290637b13e441,乱打,11
C19d35e29064acc584cf,sl,11
C19d35e2906514d73b75,Ude,11
C19d35e2906514d73b75,sl,11
C19d35e2906664a22d9a,ln,19
C19d35e2906999d9d43a,▽,12
C19d35e2906ac17b6867,▽,8
C19d35e2906bca5de173,▽,9
C19d35e290714edefe79,▽,6
C19d35e2907483192a48,▽,7
C19d35e2907506c8e1a7,dl,10
C19d35e29076dd104621,dy,6
C19d35e2907806c0c4e1,dl,6
C19d35e2907806c0c4e1,st,6
C19d35e2907a1836960c,SB,5
C19d35e2907c363452d0,st,11
C19d35e2907d39c18265,Ude,8
C19d35e2907d39c18265,sl,8
C19d35e2907e39f5b72d,▽,6
C19d35e2907fdd0f6404,fr,1
C19d35e290818e49c68a,dl,4
C19d35e290818e49c68a,st,4
C19d35e29082fe528396,dl,5
C19d35e29082fe528396,st,5
C19d35e29083586628a5,sl,1
C19d35e29083586628a5,▽,12
C19d35e2908476f26a9c,sl,7
C19d35e2908c7da6d961,ln,19
C19d35e2908d4f4220f8,dl,11
C19d35e2908f64f3169e,sl,12
C19d35e29090d3ca576d,st,1
C19d35e2909149125957,st,3
C19d35e2909203111282,st,4
C19d35e2909203111282,重発狂,5
C19d35e29094f6738505,ln,9
C19d35e29095fae74232,dl,10
C19d35e29095fae74232,dy,5
C19d35e29095fae74232,重発狂,10
C19d35e290979017d050,▽,9
C19d35e29099084276b6,dl,7
C19d35e29099084276b6,dy,2
C19d35e2909bd27a7777,ln,23
C19d35e2909cbca20485,st,1
C19d35e2909cbca20485,重発狂,1
C19d35e290a0f56d4bae,▽,12-
C19d35e290a31db5f497,dl,2
C19d35e290a31db5f497,st,2
C19d35e290a4fddd4c9b,st,3
C19d35e290a4fddd4c9b,重発狂,3
C19d35e290a59086c9b1,st,5
C19d35e290a6ea1c6912,st,5
C19d35e290a721d3e736,▽,12-
C19d35e290ad9176aec1,st,3
C19d35e290ae414ea0c8,dl,9
C19d35e290ae414ea0c8,dy,4
C19d35e290afb9d7be21,▼,24
C19d35e290b0cc979d56,▽,6
C19d35e290b32bcce4cd,▽,10
C19d35e290b47e92d809,st,1
C19d35e290b47e92d809,重発狂,1
C19d35e290b6699c20c8,▼,5
C19d35e290b7a5bf244b,▼,7
C19d35e290b811f20a47,▼,?
C19d35e290b9fc8020fa,▽,4
C19d35e290baa3c64003,▽,7
C19d35e290bb34eb45c5,▽,8
C19d35e290bc126b326a,▽,8
C19d35e290bd361af60d,▽,8
C19d35e290be566f322f,▽,9
C19d35e290bf17f9f741,▽,9
C19d35e290c0bbc9d7a2,▽,10
C19d35e290c18c096ee8,▽,10
C19d35e290c28c74c216,▽,10
C19d35e290c3d67eabd4,▽,10
C19d35e290c473290bb2,▽,11
C19d35e290c581ed00e4,▽,11+
C19d35e290c6743b6e3e,▽,11+
C19d35e290c70a92b6a5,▽,12-
C19d35e290c87b7f0907,so,1
C19d35e290c87b7f0907,▽,12
C19d35e290c92746ad49,sl,0
C19d35e290c92746ad49,乱打,0
C19d35e290ca4c97c5e3,sl,3
C19d35e290cbc598b4b6,sl,10
C19d35e290cbc598b4b6,乱打,10
C19d35e290cc14bfc334,dy,4
C19d35e290cc14bfc334,重発狂,9
C19d35e290d04611fb1c,Ude,1
C19d35e290d04611fb1c,sl,1
C19d35e290d17f231cdb,dl,8
C19d35e290d2869235b1,乱打,5
C19d35e290d52fb73ffb,▼,8
C19d35e290dd53ff0a90,SB,1
C19d35e290df1bfe5608,乱打,7
C19d35e290e15700b87b,dy,4
C19d35e290e15700b87b,双,5
C19d35e290e2e79bff36,双,5
C19d35e290e5ea104715,SB,3
C19d35e290ead3374c07,▼,9
C19d35e290ebef60860b,dl,10
C19d35e290ebef60860b,dy,5
C19d35e290ec3546736e,dl,10
C19d35e290ec3546736e,dy,6
C19d35e290ef6f3cbd41,dy,2
C19d35e290ef6f3cbd41,st,8
C19d35e290ef6f3cbd41,重発狂,8
C19d35e290f231b5c9d8,ξ,10
C19d35e290f3e626f415,ξ,10
C19d35e290f3e626f415,▽,6
C19d35e290f4f2daca50,ξ,11
C19d35e290f561669216,sr,1
C19d35e290f6b4886c35,sr,1
C19d35e290fa6f6d0fde,▽,7
C19d35e290fbf30092ea,sr,1
C19d35e290fcbb5a9078,Ude,2
C19d35e290fcbb5a9078,sl,3
C19d35e29102743d666f,dy,1
C19d35e29103f9ef38e4,dy,1
C19d35e291046094b5b9,dy,1
C19d35e2910711d5ed52,▽,2
C19d35e291081db9b22e,▽,4
C19d35e291098862c61e,▽,11+
C19d35e2910cece04f86,st,0
C19d35e2910d492b378d,st,3
C19d35e2910d492b378d,重発狂,3
C19d35e2910e7d2fa40f,st,4
C19d35e2910e7d2fa40f,重発狂,4
C19d35e2910f8ef8f0c1,sl,5
C19d35e2910f8ef8f0c1,▼,8
C19d35e291107edfc0b8,so,11
C19d35e291107edfc0b8,▼,17
C19d35e29111808f1521,▽,5
C19d35e29112e78a2203,▽,11
C19d35e291142befe9cf,dl,10
C19d35e29115eabb9ef4,dl, DELAYMASTER
C19d35e291174bc16f93,st,1
C19d35e291188a79cef2,sl,6
C19d35e291188a79cef2,乱打,6
C19d35e291196dc5b313,Ude,6
C19d35e291196dc5b313,sl,6
C19d35e2911a2483a229,Ude,11
C19d35e2911a2483a229,sl,11
C19d35e2911b1eb08a7c,sl,12
C19d35e2911b1eb08a7c,乱打,12
C19d35e2911f6250ef7b,dl, DELAYMASTER
C19d35e2911f6250ef7b,dy,8
C19d35e2911f6250ef7b,st,12
C19d35e29120b281fde7,▼,0-
C19d35e2912121f75306,SB,2
C19d35e2912121f75306,▼,4
C19d35e291244c8b30e2,sl,9
C19d35e291244c8b30e2,乱打,9
C19d35e291264da56266,SB,1
C19d35e29129ad65d307,▼,5
C19d35e2912a0b1d0749,▼,6
C19d35e2912df017fbd7,SB,1
C19d35e2912f934e3290,▽,11
C19d35e29132cd7db17b,st,0
C19d35e2913320225a00,st,2
C19d35e29134dfe2ad5d,st,1
C19d35e29135679d9c88,▽,1
C19d35e2913701bafd39,乱打,9
C19d35e2913a826459b3,st,2
C19d35e2913ba346f7f7,st,2
C19d35e2913ba346f7f7,重発狂,3
C19d35e2913c05d3d801,st,3
C19d35e2913de0272156,st,3
C19d35e2913e540227db,st,3
C19d35e2913fb3604133,st,3
C19d35e29140265e0a84,st,4
C19d35e29140265e0a84,重発狂,4
C19d35e29141efff5625,★★,2
C19d35e291425bf87a0b,dl,9
C19d35e2914308af2aab,Ude,4
C19d35e29148c5e86a77,dy,5
C19d35e2914967c50dc6,SB,3
C19d35e2914ad8b69582,SB,3
C19d35e2914c54240be1,st,0
C19d35e2914dba4d9c28,st,4
C19d35e2914ec0f322b4,fr,10
C19d35e29150605dd7df,dy,4
C19d35e29152eb572ecd,▽,10
C19d35e29155a4d8618d,st,0
C19d35e29155a4d8618d,重発狂,1
C19d35e2915c62434b24,st,1
C19d35e2915d100db915,sl,2
C19d35e2915d100db915,▼,3
C19d35e2915d100db915,乱打,2
C19d35e2915e8b26068f,sl,4
C19d35e2915f719488fd,sl,3
C19d35e2915f719488fd,▼,5
C19d35e2916038125de9,sl,7
C19d35e291615e912966,sl,12
C19d35e291615e912966,乱打,12
C19d35e29163963925bf,双,2
C19d35e2916a5c48a8df,st,5
C19d35e2916a5c48a8df,重発狂,5
C19d35e2916b30505df7,Ude,Ude0 (sub)
C19d35e2916b30505df7,sl,0
C19d35e2916c59050be6,Ude,4
C19d35e2916c59050be6,sl,4
C19d35e2916d751db8c1,Ude,4
C19d35e2916d751db8c1,sl,4
C19d35e2916e84a36ef7,sl,5
C19d35e2916f6127a2c9,sl,5
C19d35e29170fb8808b8,▼,5
C19d35e291716e7a47d1,▽,7
C19d35e291722529cbc0,▽,8
C19d35e291736da85709,▽,8
C19d35e29174bde53067,▽,9
C19d35e2917525231afe,▽,9
C19d35e2917658320072,▽,10
C19d35e29177ff719bd8,▽,10
C19d35e29178fa2941c5,▽,10
C19d35e29179fe218fa8,▽,10
C19d35e2917a132f4843,▽,10
C19d35e2917baa2a5637,▽,10
C19d35e2917c29a52cae,▽,11
C19d35e2917ddd7b55f1,▽,11+
C19d35e2917e4c34d7e0,▽,12+
C19d35e2917f7c54d8b7,双,3
C19d35e291802e3f6e7c,dl,9
C19d35e291840b355b8a,st,3
C19d35e291856f9861f6,dl,1
C19d35e291856f9861f6,重発狂,1
C19d35e29187a072689c,dy,4
C19d35e29187a072689c,st,9
C19d35e2918890ff6ecb,▼,4
C19d35e29189f60d364d,▼,6
C19d35e2918a11a5539f,▼,7
C19d35e2918b4583bbf9,▼,9
C19d35e2918de0cc335a,dy,2
C19d35e2918de0cc335a,sn,7
C19d35e2918eb34ece10,dl,2
C19d35e291903bad95f1,▽,8
C19d35e29191ecb95118,▽,9
C19d35e29192d7459093,★★,2
C19d35e2919779a8d427,▽,3
C19d35e291985378f6c2,▽,6
C19d35e2919962fb40ee,▽,6
C19d35e2919a68313b4c,▽,6
C19d35e2919b0b846610,▽,6
C19d35e2919ce6a5c909,▽,7
C19d35e2919dc1109b8d,SB,-1
C19d35e2919dc1109b8d,▽,9
C19d35e291a30cc8fefe,▽,11
C19d35e291a69055b527,dy,5
C19d35e291a78c6d348b,dy,4
C19d35e291a812f280fe,dl, BEGINNER
C19d35e291afff120480,dy,3
C19d35e291b043fec9b0,dy,4
C19d35e291b1076ed532,st,4
C19d35e291b2aa790eb6,★★,4
C19d35e291b307aac3ce,st,2
C19d35e291b307aac3ce,双,3
C19d35e291b4cbbdf77b,dy,0
C19d35e291b4cbbdf77b,重発狂,5
C19d35e291b5b539eb03,▽,12-
C19d35e291b88100f999,st,2
C19d35e291b9cfff69c3,st,2
C19d35e291b9cfff69c3,重発狂,2
C19d35e291ba3a4da09d,dy,7
C19d35e291ba3a4da09d,st,12
C19d35e291bbb3248571,sl,3
C19d35e291bbb3248571,乱打,3
C19d35e291bc5b668df3,Ude,Ude3 (sub)
C19d35e291bc5b668df3,sl,3
C19d35e291bd1e120509,sl,4
C19d35e291be50af95e7,ξ,5
C19d35e291c330d0510a,dy,0
C19d35e291c330d0510a,st,5
C19d35e291c44ac5a0b2,▽,11
C19d35e291cdfa346000,st,3
C19d35e291cea7b99413,▽,8
C19d35e291cf266282d3,dy,0
C19d35e291cf266282d3,st,5
C19d35e291cf266282d3,双,4
C19d35e291d3b7e70dc5,▽,8
C19d35e291d45b7083ca,sl,11
C19d35e291d55812aedf,▽,2
C19d35e291d64bad3406,▽,3
C19d35e291d966bc161c,▽,10
C19d35e291dc505fc5ec,SB,提案
C19d35e291ddf10f2443,乱打,11
C19d35e291dfddce2f25,▽,1
C19d35e291e0ef97a11e,▽,3
C19d35e291e575f282f0,▽,9
C19d35e291e738529f2e,st,1
C19d35e291e738529f2e,重発狂,1
C19d35e291e8d0167014,▽,12-
C19d35e291ee710d74c3,st,0
C19d35e291ee710d74c3,乱打,12
C19d35e291ef4339f726,sl,12
C19d35e291ef4339f726,乱打,12
C19d35e291f02b30b0f2,sr,!
C19d35e291f1ad62ccbb,dy,0
C19d35e291f1ad62ccbb,双,4
C19d35e291f2f7039297,dy,0
C19d35e291f2f7039297,双,4
C19d35e291f735171450,dy,1
C19d35e291f735171450,st,6
C19d35e291f832ff8329,dy,1
C19d35e291f832ff8329,重発狂,6
C19d35e2920249ddd6a5,st,0
C19d35e292032d32bfb9,ξ,7
C19d35e29205d30745b0,▽,11+
C19d35e2920a00473562,▽,11
C19d35e2920cbe8035c1,▽,11
C19d35e2920e15c29b17,▽,3
C19d35e2920f370475f2,▽,3
C19d35e292102bd244e7,▽,3
C19d35e29211b490f379,▽,3
C19d35e292139d5c86de,▽,10
C19d35e2921cec47de15,▽,10
C19d35e2921d11cee02c,▽,10
C19d35e292241a97f031,▽,9
C19d35e292285005b338,st,1
C19d35e2922941820454,▽,11+
C19d35e2922ae98dafa5,乱打,7
C19d35e2922d0d0ec971,sl,9
C19d35e2922d0d0ec971,▼,13
C19d35e2922eaf17542f,▽,10
C19d35e29231e303798d,▽,11+
C19d35e29234c04cce6e,st,5
C19d35e292380d9f5ea7,SB,2
C19d35e29239a1754373,sl,11
C19d35e2923ad21b6094,dl,11
C19d35e2923ad21b6094,st,11
C19d35e2923b15d20be9,▽,8
C19d35e29241d3c53e7f,▼,4
C19d35e2924286b5d193,▼,11
C19d35e2924310337f02,▽,8
C19d35e2924bf98a72fe,st,1
C19d35e2924cce0b9968,st,3
C19d35e2924cce0b9968,重発狂,3
C19d35e2924df0e8265c,st,10
C19d35e2924e5b27c72c,sl,7
C19d35e29252655dea8a,dy,1
C19d35e292550644a3ae,dl,6
C19d35e292550644a3ae,重発狂,6
C19d35e29256d261644e,sl,0
C19d35e29257d4bd7b07,sl,1
C19d35e29258fb235581,sl,6
C19d35e29259ac6c4b57,sl,11
C19d35e29259ac6c4b57,乱打,11
C19d35e2925ab5acc756,sl,10
C19d35e2925ba5c95eda,dl,10
C19d35e2925ba5c95eda,重発狂,10
C19d35e2925fa3dfec6c,so,2
C19d35e2925fa3dfec6c,▽,12+
C19d35e29265005a25d0,▽,12-
C19d35e2926631bb373e,▽,8
C19d35e29268d8e08c77,▽,10
C19d35e2926d7918591f,dy,1
C19d35e2926eacc40fba,sl,8
C19d35e2926eacc40fba,乱打,8
C19d35e29270f1f4a2b1,st,10
C19d35e292712c2b2fa0,dy,5
C19d35e292712c2b2fa0,st,10
C19d35e29272773f26db,dy,0
C19d35e292733f400776,dy,0
C19d35e292733f400776,st,4
C19d35e292744b7f3e79,dy,2
C19d35e292744b7f3e79,st,7
C19d35e29278771b1456,▼,3
C19d35e29279a0b528a3,▼,5
C19d35e2927a5e4a62bf,▼,7
C19d35e2927b96d9fb5c,▼,7
C19d35e2927ca6e91bfd,▼,9
C19d35e2927dc01660a4,▼,17
C19d35e2927ed7f6f2fe,▽,5
C19d35e2927f04bd2b15,▽,7
C19d35e292811f0f1277,▽,9
C19d35e29282616bbe60,▽,9
C19d35e292838ef5da10,▽,10
C19d35e292844f59a18a,▽,10
C19d35e2928568cd803a,▽,11
C19d35e29286f41c44a1,▽,11+
C19d35e29287cd30b468,▽,12
C19d35e292886f790510,dy,1
C19d35e292886f790510,双,4
C19d35e29289d096dda5,dy,0
C19d35e29293ad500eb0,▽,3
C19d35e292941e223ed0,▽,4
C19d35e29297527b5215,st,1
C19d35e29297527b5215,▼,20
C19d35e292985aa8e3f6,ξ,3
C19d35e29299ab963b8b,ξ,4
C19d35e2929cd38b7208,sl,1
C19d35e2929fd21a1fb6,sl,1
C19d35e292a260e24425,sl,2
C19d35e292a554fe1806,▽,10
C19d35e292a914684b7c,▽,9
C19d35e292ab48643062,▽,12+
C19d35e292af6c546f7d,st,0
C19d35e292b09ca99044,st,3
C19d35e292b09ca99044,重発狂,3
C19d35e292b2443d44aa,sl,12
C19d35e292b3fe921c6c,▽,12
C19d35e292b548f5b659,st,1
C19d35e292b548f5b659,重発狂,1
C19d35e292b68802f99f,dy,2
C19d35e292b68802f99f,st,7
C19d35e292b7966e8226,▼,1
C19d35e292b9cb002a0e,双,3
C19d35e292bfbdbf59fa,▽,6
C19d35e292c0ae136d77,▽,10
C19d35e292c2b4e582a9,▽,5
C19d35e292c3514c69b0,▽,4
C19d35e292c471816544,▽,4
C19d35e292c55d3b6cd0,▽,5
C19d35e292c6a59db14b,▽,5
C19d35e292c7b9d67655,▽,6
C19d35e292cca12a3d01,▽,11+
C19d35e292cd80bf5b72,▼,3
C19d35e292dae7dfdcf4,st,2
C19d35e292e217ff29f8,dy,2
C19d35e292e217ff29f8,双,5
C19d35e292e5c6864f0b,sl,2
C19d35e292e7ef2cea1f,▽,12+
C19d35e292e8a829a8d3,dy,2
C19d35e292e9b0f17309,dy,2
C19d35e292ea620bc8dd,SB,提案
C19d35e292ea620bc8dd,▽,11+
C19d35e292ec9da02a4b,▼,4
C19d35e292edb012b3b2,sl,6
C19d35e292edb012b3b2,▼,9
C19d35e292fde718bc71,st,0
C19d35e292fde718bc71,重発狂,0
C19d35e292fe27860208,sl,4
C19d35e292ff53195abc,▽,2
C19d35e293008fdaf1cf,▽,5
C19d35e293017859249c,ξ,12
C19d35e293017859249c,▽,6
C19d35e293023fd837d3,ln,8
C19d35e29303944ff109,ln,9
C19d35e29304d2a9a7b7,双,6
C19d35e293069b4710f6,so,2
C19d35e293069b4710f6,▽,12+
C19d35e2930be02f56ed,sl,10
C19d35e2930da98414f4,dy,0
C19d35e29313c4680113,▼,5
C19d35e2931445f2bf53,▽,5
C19d35e29315f6a75cfe,▽,5
C19d35e2934ade702d41,sl,12
C19d35e2934ade702d41,乱打,12
C19d35e2934b1c640c42,▽,6
C19d35e2934e9b0d3f35,SB,提案
C19d35e2934fcff26118,▽,9
C19d35e29351de5558b6,sl,1
C19d35e29352fd650d06,乱打,7
C19d35e29354eb019577,▼,13
C19d35e2935c54219c92,st,3
C19d35e2935d03fd264d,dy,1
C19d35e2935d03fd264d,st,7
C19d35e2935e68e9b9a6,▽,5
C19d35e2935f194d9ed2,▽,5
C19d35e2936039c187fc,sl,0
C19d35e2936039c187fc,乱打,0
C19d35e29362c24e80b5,so,3
C19d35e293636968c8b3,▼,4
C19d35e293703878a3b2,▽,1
C19d35e29372f2ea992c,Ude,2
C19d35e29372f2ea992c,sl,2
C19d35e29375efe2d2d4,▽,10
C19d35e2937833d63cd8,dy,2
C19d35e2937833d63cd8,双,5
C19d35e2937920a2a94f,dy,1
C19d35e2937adcaae69b,乱打,5
C19d35e2937ba455a251,重発狂,0
C19d35e2938873245b57,dy,0
C19d35e2938969bfda16,dy,2
C19d35e2938c782fef07,dl,1
C19d35e2938c782fef07,st,0
C19d35e2938e2948462d,乱打,9
C19d35e293930609362a,dl,1
C19d35e293930609362a,st,1
C19d35e293964cfd7f3c,sl,6
C19d35e293972b1bf483,sl,8
C19d35e2939880b94b8f,sl,11
C19d35e2939880b94b8f,乱打,11
C19d35e29399d323ff0e,fr,8
C19d35e2939b306a85a9,sl,3
C19d35e2939d675f1b0e,sl,4
C19d35e2939d675f1b0e,乱打,4
C19d35e2939e9e00c220,dy,0
C19d35e2939e9e00c220,st,5
C19d35e2939e9e00c220,双,4
C19d35e2939f48230bca,dy,2
C19d35e2939f48230bca,st,7
C19d35e2939f48230bca,重発狂,7
C19d35e293a2d5546131,乱打,8
C19d35e293a4948b8fb5,st,3
C19d35e293a4948b8fb5,重発狂,3
C19d35e293ada6c37221,▽,5
C19d35e293b50b26b517,Ude,10
C19d35e293b6cebe4b9d,▽,4
C19d35e293b789e9de14,▽,6
C19d35e293b82b6a48a7,dl,6
C19d35e293b82b6a48a7,dy,1
C19d35e293b82b6a48a7,重発狂,6
C19d35e293baf87dcc12,dy,4
C19d35e293be3df89f14,dy,5
C19d35e293bf147cd793,▼,14
C19d35e293c80fa9e5b8,乱打,12
C19d35e293c91a2656e9,乱打,12
C19d35e293ca93bf2513,乱打,12
C19d35e293cb0055a132,▽,6
C19d35e293cc89d0b6af,▽,8
C19d35e293cd2f79ca24,▽,9
C19d35e293ce1f9bf94a,双,4
C19d35e293d0266485dc,▼,18
C19d35e293d1bdfbf602,▽,5
C19d35e293d33633971a,st,5
C19d35e293d33633971a,重発狂,5
C19d35e293d4be4339e6,▽,8
C19d35e293d73a68fb87,▽,7
C19d35e293d888910817,乱打,8
C19d35e293d9999c5523,fr,8
C19d35e293e0c1f26ed5,▽,4
C19d35e293e7261ef41a,sl,3
C19d35e293e85b619767,st,3
C19d35e293e85b619767,重発狂,3
C19d35e293e92c09280a,sl,11
C19d35e293eab3d397d0,Ude,12
C19d35e293eb0bf513df,▽,2
C19d35e293ec95f4852f,▽,3
C19d35e293ed8f791990,乱打,12
C19d35e293f023ba26dd,st,4
C19d35e293f1b81a644b,▽,4
C19d35e293f280602f47,▽,4
C19d35e293f3a2dce416,▽,5
C19d35e293f4a98d78ef,dy,1
C19d35e293f4a98d78ef,双,4
C19d35e293f55e01cc24,双,5
C19d35e293f64299b0a8,dy,1
C19d35e293f64299b0a8,st,6
C19d35e293f64299b0a8,双,5
C19d35e293f87c23ba58,dy,1
C19d35e293f87c23ba58,st,6
C19d35e29401f720bce7,▽,6
C19d35e29404dc77eda1,st,1
C19d35e29405c4563922,▽,7
C19d35e2940a4329b3b4,乱打,3
C19d35e2940b3db3f959,乱打,10
C19d35e2940d912284ee,▽,5
C19d35e2940e7b410002,ξ,11
C19d35e29414f2eef0f7,st,0
C19d35e294156c004ac4,ξ,4
C19d35e294156c004ac4,▽,3
C19d35e294161f0f899b,▽,3
C19d35e294171ab3b81b,▽,3
C19d35e2941813ec6550,▽,3
C19d35e294195a381ee4,▽,3
C19d35e2941a345b795e,▽,4
C19d35e2941bd005f486,▽,5
C19d35e2941ccdb059a3,▽,6
C19d35e2941dffba6a47,ln,13
C19d35e294216d4c6954,▽,4
C19d35e29422825cf2bc,ξ,6
C19d35e2942749953ff3,▽,7
C19d35e29429635873cd,▽,2
C19d35e2942a0760908c,▽,2
C19d35e2942bf293b3fa,▽,2
C19d35e2942c3459d378,▽,3
C19d35e2942d6e6d316f,▽,5
C19d35e294310476019e,▽,4
C19d35e294328dadd0c8,▽,4
C19d35e2943384b70be5,▽,9
C19d35e2943412bcecef,▽,10
C19d35e2943cc9a65fa1,乱打,11
C19d35e2943d21a9d3a3,乱打,3
C19d35e2943f26bb8808,fr,12
C19d35e29443a0fe2188,▽,8
C19d35e294499d976e0d,st,3
C19d35e2944a168ef132,▽,7
C19d35e2944b8e7ec033,▽,11
C19d35e2944c75056c2f,dy,5
C19d35e2944c75056c2f,st,10
C19d35e2944c75056c2f,双,5
C19d35e2944fc3c81b33,▼,17
C19d35e294503c82a9fc,双,3
C19d35e29451a1898dbd,双,3
C19d35e294575d8743fc,SB,4
C19d35e29465cea4e9bf,st,1
C19d35e29465cea4e9bf,▼,21
C19d35e2946632903794,st,2
C19d35e2946632903794,▼,22
C19d35e29467ed8970ae,sl,3
C19d35e2946809f55a33,sl,4
C19d35e2946809f55a33,乱打,4
C19d35e29469f74207cc,sl,4
C19d35e2946a3452649f,sl,5
C19d35e2946b7f3fd276,sl,6
C19d35e2946c95e8c3d2,sl,10
C19d35e2946df1b47356,▽,9
C19d35e2946e06b7e663,fr,8
C19d35e2946fbacc3c2a,st,1
C19d35e29470f8798aab,st,0
C19d35e29471d84b5bc2,st,4
C19d35e29471d84b5bc2,▼,24
C19d35e29471d84b5bc2,重発狂,4
C19d35e29473d94b2c33,st,4
C19d35e29475adc8f810,Ude,Ude0 (sub)
C19d35e29475adc8f810,sl,0
C19d35e294767ffd7092,Ude,Ude7 (sub)
C19d35e294767ffd7092,sl,7
C19d35e2947773762f90,ln,9
C19d35e2947a48bef9ba,SB,-1
C19d35e2947d3d2481d5,▽,1
C19d35e2947e449188f7,dl,6
C19d35e2947e449188f7,sn,6
C19d35e2947f0c5871bc,dl,7
C19d35e29482d85607df,▽,11
C19d35e294831adc4986,▼,7
C19d35e29484c95d660c,▽,10
C19d35e294851f8ad00c,▽,10
C19d35e294868e50a27f,▽,10
C19d35e2948775a44e2f,▽,11
C19d35e294889bca1e9f,st,2
C19d35e294893f31c2a2,▽,12+
C19d35e2948a6a7dc0a7,sl,5
C19d35e2948a6a7dc0a7,▼,9
C19d35e2948b6e6ca24b,▼,14
C19d35e2948c1d32e147,▽,4
C19d35e2948de68a4d4d,▽,4
C19d35e2948e4b1e270c,▽,6
C19d35e2948f25313962,▽,6
C19d35e29490879ffef1,▽,7
C19d35e29491c5b0c97f,▽,7
C19d35e294929422d305,▽,8
C19d35e2949327ca4784,▽,9
C19d35e294946d8482ee,▽,9
C19d35e294954b215373,▽,9
C19d35e294963f6e6d0f,▽,10
C19d35e29497cf05b207,▽,11+
C19d35e2949c0553c036,sl,9
C19d35e2949c0553c036,乱打,9
C19d35e2949da010ca9d,sl,11
C19d35e2949da010ca9d,乱打,11
C19d35e2949e54e9a21b,sl,12
C19d35e294a2d806e765,SB,0
C19d35e294a30e8ea23a,SB,1
C19d35e294a4e2296492,SB,5
C19d35e294a679705e62,▽,10
C19d35e294a7308ab8bc,so,0
C19d35e294adc4848fa2,dl,0
C19d35e294adc4848fa2,st,0
C19d35e294aef4c65ecb,sl,1
C19d35e294afedc86dbf,sl,2
C19d35e294b0573b3c39,sl,11
C19d35e294b14ba51855,Ude,Ude6 (sub)
C19d35e294b14ba51855,▼,9
C19d35e294baab33fcf2,▼,16
C19d35e294bb0a19f210,▽,10
C19d35e294bca1d2023e,▽,10
C19d35e294c02dfbad67,st,2
C19d35e294c1516560d9,▼,8
C19d35e294c20c278fbe,dl,5
C19d35e294c20c278fbe,dy,0
C19d35e294c20c278fbe,st,5
C19d35e294c33c0ecd68,fr,9
C19d35e294c52191bcf6,sl,10
C19d35e294c61974606f,st,1
C19d35e294c61974606f,重発狂,1
C19d35e294c78c20aeff,st,5
C19d35e294c78c20aeff,重発狂,5
C19d35e294c8af4f72a8,st,5
C19d35e294c9820e1afc,st,5
C19d35e294c9820e1afc,重発狂,5
C19d35e294ca138e9db7,st,5
C19d35e294cb816fe33d,▽,10
C19d35e294cf17b8d63f,▼,13
C19d35e294d03deaca6a,Ude,7
C19d35e294d1ac27c3ec,dy,3
C19d35e294d3e82ade2e,乱打,6
C19d35e294d72a40dbe0,▼,3
C19d35e294d879edf899,sl,2
C19d35e294d879edf899,▼,4
C19d35e294d950ab8e7b,▼,4
C19d35e294da3fbd477b,▼,15
C19d35e294dbd2aeb135,▽,1
C19d35e294e0456d1db5,乱打,5
C19d35e294e1569ed8e2,乱打,9
C19d35e294e2e9a2eff3,乱打,0
C19d35e294e5c2e11166,st,0
C19d35e294e5c2e11166,重発狂,0
C19d35e294e65bcb51a2,▽,10
C19d35e294e7836d8081,▽,10
C19d35e294e8f4f5a958,▽,8
C19d35e294e942a28a21,st,0
C19d35e294ea17b056df,st,0
C19d35e294eb858295e2,st,0
C19d35e294ec474e7ef0,st,1
C19d35e294edb6b8b11a,dl,-1
C19d35e294edb6b8b11a,sl,11
C19d35e294ee1322f4fb,st,0
C19d35e294f5f3935f61,乱打,6
C19d35e294f6583bc7a3,乱打,6
C19d35e294fa977c4e03,▼,20
C19d35e294fbc99d388c,st,0
C19d35e294feaca44b87,st,3
C19d35e294ffcf3f05a0,sl,7
C19d35e294ffcf3f05a0,乱打,7
C19d35e29500e1c2b8dc,sl,8
C19d35e29500e1c2b8dc,▼,12
C19d35e295013c5cb9b1,st,0
C19d35e295013c5cb9b1,乱打,12
C19d35e29504ad56bf93,SB,-1
C19d35e29505a035b90f,sl,1
C19d35e29505a035b90f,乱打,1
C19d35e2950679574960,sl,5
C19d35e2950679574960,乱打,4
C19d35e2950752fbf902,sl,5
C19d35e29508928daaef,▽,1
C19d35e2950ccf6b241e,st,2
C19d35e2950ccf6b241e,▼,22
C19d35e2950df04c4d53,▼,9
C19d35e295126373eb69,sl,8
C19d35e29514ae4f4731,st,2
C19d35e29514ae4f4731,重発狂,2
C19d35e29515d0eced42,sl,2
C19d35e29519d5e5b01b,st,2
C19d35e2951af5faa673,▼,14
C19d35e2951bc11ef7f5,▽,4
C19d35e2951cc573b9be,▽,4
C19d35e2951d2b02962d,▽,4
C19d35e2951eb9c26be9,▽,7
C19d35e2951fd96b107b,st,1
C19d35e295204662ef16,st,2
C19d35e295204662ef16,重発狂,2
C19d35e29521c993cf07,st,3
C19d35e29521c993cf07,重発狂,3
C19d35e29522e0758b3c,st,6
C19d35e29522e0758b3c,重発狂,6
C19d35e2952307b66f18,▽,4
C19d35e29524613b7e18,▽,4
C19d35e2952585c05621,ln,11
C19d35e29527f982e7d3,st,2
C19d35e295281fc5c5d8,st,2
C19d35e29529a167dc21,st,2
C19d35e2952a059a02bc,st,5
C19d35e2952b34c28340,▽,5
C19d35e2952d9e90f1ee,st,3
C19d35e2952d9e90f1ee,重発狂,3
C19d35e2952e5874112d,▼,9
C19d35e2952f2b516800,▽,9
C19d35e29530ecce2e37,ln,12
C19d35e295317b789d65,ln,17
C19d35e2953c92d8bac6,st,1
C19d35e2953d243d03f8,st,1
C19d35e295444a7812a4,▽,11+
C19d35e29545d87b4ef4,▽,11+
C19d35e29549135ad740,st,4
C19d35e2954eeb0d4b06,st,1
C19d35e2954eeb0d4b06,▼,20
C19d35e2954eeb0d4b06,重発狂,1
C19d35e2954f81e16483,st,4
C19d35e29550926e9ade,▼,4
C19d35e29551985d86d1,▼,12
C19d35e29552e8d02487,▼,24
C19d35e295539275f0de,▽,6
C19d35e2955441632ed6,▽,8
C19d35e295552bfea085,▽,8
C19d35e2955656905b52,▽,9
C19d35e29557517dd2c3,▽,10
C19d35e29558be629199,▽,11
C19d35e2955a9a112166,乱打,12
C19d35e2955bf424f886,重発狂,0
C19d35e2955f6087c966,st,0
C19d35e2955f6087c966,重発狂,0
C19d35e29560a356823e,st,3
C19d35e29560a356823e,重発狂,3
C19d35e295618c763234,st,3
C19d35e295618c763234,重発狂,3
C19d35e29562cf5edf7c,sl,0
C19d35e29563eca2d425,sl,1
C19d35e29564517e547c,sl,4
C19d35e29564517e547c,乱打,4
C19d35e2956545160b5d,sl,5
C19d35e2956545160b5d,乱打,5
C19d35e2956751337d64,ln,11
C19d35e2956992998efb,重発狂,4
C19d35e2956a25a931e5,dy,2
C19d35e2956a25a931e5,双,4
C19d35e2956e6ad171bd,乱打,9
C19d35e2956f4f75b92d,乱打,9
C19d35e29570cccf417f,st,3
C19d35e29570cccf417f,▼,23
C19d35e295712c1b7859,Ude,8
C19d35e295712c1b7859,sl,8
C19d35e29572b2c24e49,sl,9
C19d35e29572b2c24e49,乱打,9
C19d35e295737578f166,sl,11
C19d35e295737578f166,乱打,10
C19d35e29574afd7b1a2,ξ,7
C19d35e2957d94ebda3e,dl,4
C19d35e2957d94ebda3e,st,3
C19d35e29581f2aa8a33,st,0
C19d35e29582b0cf729a,dl,5
C19d35e29582b0cf729a,st,5
C19d35e29582b0cf729a,★★,4
C19d35e29583f79d881b,★★,6
C19d35e29584d724f346,ξ,3
C19d35e29585fbccfd0b,dl,10
C19d35e29585fbccfd0b,dy,5
C19d35e29586229f2612,dy,4
C19d35e29588cdb43db8,▽,7
C19d35e29589c6ab0c13,ξ,12
C19d35e2958e6cf0ac87,st,1
C19d35e2958e6cf0ac87,重発狂,1
C19d35e2958ff5a843f6,st,5
C19d35e2958ff5a843f6,重発狂,5
C19d35e295907b490fd9,★★,1
C19d35e29591d56618a0,dy,5
C19d35e29591d56618a0,st,10
C19d35e29591d56618a0,双,6
C19d35e29592a1154444,dl,10
C19d35e29592a1154444,dy,5
C19d35e295956f88a2f4,dy,5
C19d35e295966d251a86,dy,5
C19d35e2959726f2ec2f,dy,5
C19d35e295994afb3b14,双,1
C19d35e2959c204fbcc2,st,4
C19d35e2959db3fd5e8d,st,5
C19d35e2959e09faf0fd,dl,3
C19d35e2959e09faf0fd,st,3
C19d35e295a014f3ea2e,st,1
C19d35e295a014f3ea2e,重発狂,2
C19d35e295a1901e9298,dl,7
C19d35e295a1901e9298,st,7
C19d35e295a1901e9298,重発狂,7
C19d35e295abee26684e,dl,10
C19d35e295abee26684e,dy,5
C19d35e295ae4d636587,dy,3
C19d35e295af5c592857,乱打,11
C19d35e295b0f13315bf,st,0
C19d35e295b0f13315bf,重発狂,0
C19d35e295b2a59527b1,sl,3
C19d35e295b41719ea37,st,4
C19d35e295b52f8d13f5,st,4
C19d35e295b6e904cf23,st,5
C19d35e295b7da38ac42,sl,5
C19d35e295b85e6fbd57,▽,12-
C19d35e295ba28c23b2b,双,5
C19d35e295bd671ace1d,dy,6
C19d35e295be6841276d,st,1
C19d35e295bf99b6624c,sl,5
C19d35e295bf99b6624c,乱打,5
C19d35e295c02a15db3c,dl,dl8 (sub)
C19d35e295c40957b3b5,st,1
C19d35e295c40957b3b5,重発狂,2
C19d35e295c52f0966fc,st,9
C19d35e295c52f0966fc,重発狂,9
C19d35e295c63fbd3119,st,9
C19d35e295c760ab56ad,★★,8
C19d35e295cf99cf4a47,▽,10
C19d35e295d2185240f6,st,9
C19d35e295d3bdc93ed5,dl,10
C19d35e295d3bdc93ed5,st,10
C19d35e295d4a9991655,sl,6
C19d35e295d5321b7c65,dl,8
C19d35e295d77dd7059b,dy,5
C19d35e295d86179e237,双,4
C19d35e295d9d798aa68,dl,3
C19d35e295dc476b8736,dl,7
C19d35e295df70fb75d2,st,4
C19d35e295e0d425b8fa,st,4
C19d35e295e1eab6d8ec,sl,4
C19d35e295e1eab6d8ec,乱打,4
C19d35e295e2d8f959c4,▼,23
C19d35e295e5989d7afd,st,3
C19d35e295e6b86b81c1,st,3
C19d35e295e6b86b81c1,重発狂,3
C19d35e295e7b75216c2,dl,4
C19d35e295e7b75216c2,st,4
C19d35e295e86449acf5,st,5
C19d35e295e9eb5fb804,ξ,5
C19d35e295ea3af7438d,ξ,5
C19d35e295f39e506f28,st,3
C19d35e295f7879b3035,dy,5
C19d35e295f84e4e919b,dl,3
C19d35e295f84e4e919b,st,3
C19d35e295f95d4288bd,fr,7
C19d35e295fa23724713,fr,8
C19d35e295fe0b82819f,dy,5
C19d35e295ff462c8f37,▼,4
C19d35e29601122fcba8,st,0
C19d35e29601122fcba8,重発狂,0
C19d35e29602f60bdd5d,st,4
C19d35e296039afd4d68,▼,3
C19d35e296042ab11cff,▼,3
C19d35e296052130eeb5,▼,4
C19d35e29606bc94ebcb,▼,4
C19d35e29607e8e1abfb,▼,6
C19d35e29608cb163bf8,▼,7
C19d35e29609d1161329,▼,7
C19d35e2960a8acaf5a6,st,3
C19d35e2960a8acaf5a6,▼,23
C19d35e2960b97675a02,▽,4
C19d35e2960cc87a5e47,▽,4
C19d35e2960d4e53090f,▽,5
C19d35e2960ecbaf6bd7,▽,5
C19d35e29610d96a4f2f,▽,6
C19d35e296119d584fbf,▽,7
C19d35e29612dc796389,▽,7
C19d35e29613ee739107,▽,7
C19d35e296147dcf6264,▽,8
C19d35e296152e5e9f79,▽,9
C19d35e2961668120fc4,▽,9
C19d35e29617600d2094,▽,10
C19d35e296187b44c35d,▽,10
C19d35e29619fe9970e5,▽,10
C19d35e2961af2af3c16,▽,11
C19d35e2961bb6715f4a,▽,11
C19d35e2961c87cef782,▽,11
C19d35e2961d9f82cc2a,▽,11
C19d35e2961eb4a01b03,▽,11+
C19d35e2961f78a6a497,▽,11+
C19d35e29620af6533da,▽,12-
C19d35e2962162534564,▽,12-
C19d35e296225bd6f1b9,▽,12
C19d35e296279881f2c5,dl,4
C19d35e296279881f2c5,st,4
C19d35e29628c5932e6f,st,5
C19d35e29628c5932e6f,▼,24
C19d35e29629c829e63c,dl,5
C19d35e29629c829e63c,st,5
C19d35e29629c829e63c,▼,24
C19d35e2962aa81ca1b0,st,6
C19d35e2962bcc516f24,dl,6
C19d35e2962bcc516f24,st,6
C19d35e2962c1ddfaf67,st,6
C19d35e296322564c3b6,dy,5
C19d35e29633dbe382b5,sl,4
C19d35e29633dbe382b5,乱打,4
C19d35e29634e8884b53,fr,1
C19d35e296395c4daa26,重発狂,1
C19d35e2963b45a795e9,重発狂,0
C19d35e2963c27898b92,st,5
C19d35e2963c27898b92,重発狂,5
C19d35e2963d07324b14,sl,1
C19d35e2963eac5b8746,sl,1
C19d35e2964aa51e6bd1,st,4
C19d35e2964b4b84737e,sl,4
C19d35e2964b4b84737e,▼,8
C19d35e2964c89b7faaa,sl,7
C19d35e2964d86ace482,dl,8
C19d35e2964d86ace482,dy,3
C19d35e2964d86ace482,st,8
C19d35e2964d86ace482,重発狂,8
C19d35e2965699b7c690,st,0
C19d35e296570a364075,▽,9
C19d35e29658eb7b398f,▽,9
C19d35e29659daf54d74,fr,9
C19d35e29659daf54d74,ln,23
C19d35e2965a98e74041,dl,11
C19d35e2965a98e74041,dy,6
C19d35e2965bcfaa26af,dl,12
C19d35e2965bcfaa26af,dy,7
C19d35e2965c872d7d1b,dl,12
C19d35e2965c872d7d1b,dy,7
C19d35e2965d8c6be92a,fr,4
C19d35e29660ecb9cc9b,dy,7
C19d35e296611e62d7e6,SB,4
C19d35e29664c59b11cd,st,3
C19d35e29664c59b11cd,重発狂,3
C19d35e29665afa6e04b,st,3
C19d35e296662d119f00,sl,10
C19d35e296662d119f00,乱打,10
C19d35e296674ccbfaa5,★★,4
C19d35e296684ec3d30d,dl,2
C19d35e296696e455460,dl,3
C19d35e2966a8cd3bfc3,dl,5
C19d35e2966b909cc6f2,dl,8
C19d35e2966c5c7e57f0,dl,9
C19d35e2966dab19e220,dl,10
C19d35e2966e9a9ac7da,fr,5
C19d35e2966f482e6eb6,dy,1
C19d35e2966f482e6eb6,重発狂,6
C19d35e29670569050d9,dy,4
C19d35e2967450720295,st,2
C19d35e2967450720295,重発狂,2
C19d35e296756b7f8764,sl,9
C19d35e296756b7f8764,乱打,9
C19d35e29676d4426ff7,sl,11
C19d35e29676d4426ff7,乱打,11
C19d35e296779b61146e,▼,0-
C19d35e29678488de32c,★★,3
C19d35e29678488de32c,重発狂,6
C19d35e29679c26f2a2a,★★,3
C19d35e2967b21f54629,st,3
C19d35e2967ce005c013,st,3
C19d35e2967d60d56990,st,4
C19d35e2967e58599973,st,4
C19d35e2967faa4aa26d,st,7
C19d35e296801d5b4d45,sl,9
C19d35e29681f64252a2,sl,10
C19d35e29681f64252a2,乱打,10
C19d35e296820e76c06b,st,0
C19d35e296820e76c06b,重発狂,0
C19d35e29684acb39588,st,5
C19d35e29685f30a91e2,st,0
C19d35e29689d9c4292d,▽,11
C19d35e2968d826f79b0,st,5
C19d35e2968d826f79b0,重発狂,5
C19d35e2968ed75244e2,st,5
C19d35e296930a0f8f2d,st,7
C19d35e296930a0f8f2d,重発狂,7
C19d35e296950a930e4d,dy,？
C19d35e29698beae199e,重発狂,2
C19d35e2969c157ddbd5,▽,10
C19d35e2969d156a79cb,st,2
C19d35e2969d156a79cb,重発狂,3
C19d35e2969e64f67ee5,▼,11
C19d35e2969f81b7cf33,乱打,3
C19d35e296a341664990,st,3
C19d35e296a447db2696,dl,3
C19d35e296a447db2696,st,3
C19d35e296a7d78a9aa4,st,2
C19d35e296a7d78a9aa4,▼,21
C19d35e296a833a3cfcd,sl,1
C19d35e296a9568fd000,sl,3
C19d35e296aaab72bedf,sl,12
C19d35e296aaab72bedf,乱打,12
C19d35e296ad13123866,sl,3
C19d35e296aede6db301,Ude,8
C19d35e296aede6db301,sl,8
C19d35e296b0eefe590b,sl,2
C19d35e296b3bd57dad3,dy,6
C19d35e296b3bd57dad3,st,11
C19d35e296b465de444f,▽,4
C19d35e296b51435865d,▽,6
C19d35e296bbca98e972,Ude,Ude8 (sub)
C19d35e296bbca98e972,sl,8
C19d35e296bd94e257ae,st,0
C19d35e296be75de20b1,st,1
C19d35e296bf9a42948a,st,3
C19d35e296c08f26d8b0,sl,12
C19d35e296c08f26d8b0,乱打,12
C19d35e296c1f734b08c,sl,7
C19d35e296c1f734b08c,乱打,7
C19d35e296c253bcd9ec,st,3
C19d35e296c35ea0c93a,sl,12
C19d35e296c4976fec01,▼,22
C19d35e296c534fd8ade,▽,7
C19d35e296c6136188e5,▽,7
C19d35e296c7fd805c88,▽,7
C19d35e296c840d05473,▽,7
C19d35e296cba26c1581,▽,11
C19d35e296cd6bbaeb31,so,4
C19d35e296cd6bbaeb31,▼,8
C19d35e296cf39074172,dl,3
C19d35e296cf39074172,st,3
C19d35e296d0fe91e4fe,st,4
C19d35e296d19c24f5aa,st,4
C19d35e296d19c24f5aa,重発狂,3
C19d35e296d2d013a345,sl,4
C19d35e296d2d013a345,▼,5
C19d35e296d3115fc077,▼,7
C19d35e296d4afd8c717,▼,7
C19d35e296d54b122497,▽,6
C19d35e296d6fd6d6fe8,▽,7
C19d35e296d7fced2d75,▽,7
C19d35e296d82bb22f1d,▽,7
C19d35e296d9930dbbad,▽,7
C19d35e296dab3cf6e7d,▽,7
C19d35e296db23ae57f6,dy,1
C19d35e296dc4f6e2b67,st,1
C19d35e296dd381ecc2f,st,4
C19d35e296de6851204f,st,3
C19d35e296de6851204f,▼,23
C19d35e296df2e224c14,▽,7
C19d35e296e006204ba6,▽,7
C19d35e296e1876d92ad,▽,7
C19d35e296e25d015849,▽,7
C19d35e296e355c78245,▽,7
C19d35e296e4ba125ae5,▽,7
C19d35e296e597301b0f,▽,7
C19d35e296e659476eb3,▽,7
C19d35e296e967fc47b7,▽,2
C19d35e296ea692a089b,▽,2
C19d35e296eb5c50d5d5,▽,7
C19d35e296ec9eb7b673,▽,7
C19d35e296f05d8a288f,st,2
C19d35e296f05d8a288f,重発狂,2
C19d35e296f13489e53e,st,4
C19d35e296f13489e53e,重発狂,4
C19d35e296f28982a6f4,▼,17
C19d35e296f383d65586,▽,2
C19d35e296f43df2e0d3,ξ,5
C19d35e296f43df2e0d3,▽,3
C19d35e296f5d4dd4f53,▽,7
C19d35e296f6614cfd1c,st,7
C19d35e296f7e0e788aa,dl,8
C19d35e296f7e0e788aa,st,8
C19d35e296f9e939b304,▽,11
C19d35e296fca200ed87,st,4
C19d35e296ff90179c23,▽,8
C19d35e2970050355f82,fr,8
C19d35e29705b8a200e5,st,3
C19d35e29705b8a200e5,重発狂,3
C19d35e297063c6a6d10,st,9
C19d35e297063c6a6d10,重発狂,9
C19d35e2970708cf2bf9,sl,5
C19d35e2970708cf2bf9,乱打,5
C19d35e29709963bc868,ξ,6
C19d35e2970c20b8fa36,st,7
C19d35e2970c20b8fa36,重発狂,7
C19d35e2970da07f8eca,▼,6
C19d35e2970ffefc1922,▽,6
C19d35e297108639a172,▽,8
C19d35e29711bfa5f41f,▽,8
C19d35e29712c8692e8b,▽,8
C19d35e2971323cc6ece,▽,10
C19d35e29714f0f8eaae,▽,10
C19d35e29715b621c6f2,▽,11+
C19d35e2971690e68362,▽,12
C19d35e29717fd719890,SB,7
C19d35e2971875832140,重発狂,5
C19d35e2971acb23b973,st,1
C19d35e2971bdb4e1db4,st,2
C19d35e2971c134b5a61,st,3
C19d35e2971d598209da,dl,3
C19d35e2971d598209da,st,3
C19d35e2971edbd0a589,st,3
C19d35e2971fa9b95e3e,st,4
C19d35e297203c32a414,sl,12
C19d35e297203c32a414,乱打,12
C19d35e29721a34366c1,▼,10
C19d35e2972225972bb9,▽,8
C19d35e297238c83695a,乱打,8
C19d35e2972509ad00e1,▼,24
C19d35e2972509ad00e1,★★,4
C19d35e29726a88d4bf9,▽,8
C19d35e2972787394427,▽,8
C19d35e29728b7d90117,▽,8
C19d35e2972ccb99ee1e,sl,11
C19d35e2972da0720f91,▽,9
C19d35e2972ef12d61d3,▽,6
C19d35e2972fc90e9844,dy,2
C19d35e2973024a7a1a7,dl,3
C19d35e2973024a7a1a7,st,4
C19d35e2973199d2a4ac,st,4
C19d35e297322bbd927f,▽,6
C19d35e297337a381414,▽,6
C19d35e2973988478883,乱打,3
C19d35e2973adfa28299,▽,6
C19d35e2973b3cbcf36b,ln,13
C19d35e2973d04b387e2,dy,5
C19d35e2973d04b387e2,st,10
C19d35e2973f25343ac7,▽,6
C19d35e29740b9dccb4f,▽,6
C19d35e29742eb77b7f7,重発狂,3
C19d35e29744fe7059a6,dl,2
C19d35e2974527326224,dl,10
C19d35e2974527326224,dy,5
C19d35e2974715fdbb48,st,6
C19d35e297480df37ef0,dl,9
C19d35e2974960f5060c,SB,9
C19d35e2974c6889d8fb,▽,4
C19d35e29751079be3a1,dl,12
C19d35e29751079be3a1,st,12
C19d35e29752c0f830ce,▽,4
C19d35e297538bf4f20c,双,6
C19d35e297563a03f02d,dy,0
C19d35e297563a03f02d,st,5
C19d35e297594586dd11,dy,0
C19d35e297594586dd11,双,4
C19d35e2975a1bc5f1bd,dy,0
C19d35e2975b0c91292a,dy,1
C19d35e2975f4ed4430d,st,1
C19d35e297603884bbe2,st,1
C19d35e2976132fe111c,st,2
C19d35e2976132fe111c,重発狂,2
C19d35e297620fc76e48,▽,6
C19d35e297661f4ee555,dl,9
C19d35e297661f4ee555,重発狂,9
C19d35e29767562c5dae,fr,12
C19d35e2976b36769ab6,dl,3
C19d35e2976b36769ab6,st,3
C19d35e2976c00d54401,▼,12
C19d35e2976d5541b30f,ξ,8
C19d35e2976e47afc0bd,双,6
C19d35e2976f94e9739e,▽,8
C19d35e29770174c9dc9,▼,9
C19d35e29771ba6b4925,▽,9
C19d35e2977508e0be61,重発狂,0
C19d35e29776a1732df2,dl,7
C19d35e29776a1732df2,st,7
C19d35e297779fb9389a,sl,1
C19d35e297779fb9389a,乱打,1
C19d35e2977871382d74,▽,6
C19d35e2978314a1a014,st,4
C19d35e2978314a1a014,重発狂,3
C19d35e297844d656639,双,4
C19d35e297859f65506f,dy,6
C19d35e297859f65506f,双,6
C19d35e29787bc33bfd2,dy,7
C19d35e2978cb9be5c65,sl,5
C19d35e2978cb9be5c65,乱打,5
C19d35e2978d5b37456d,dl,7
C19d35e2978d5b37456d,st,7
C19d35e2978d5b37456d,重発狂,7
C19d35e2978f635ce0bf,重発狂,5
C19d35e297919649ae35,▽,6
C19d35e29792a61f5334,▽,6
C19d35e297934f9e294c,▽,10
C19d35e29795356a3b00,sl,12
C19d35e29795356a3b00,乱打,12
C19d35e297971a8a34d6,dy,5
C19d35e297993f74e8b7,▽,6
C19d35e2979a8374ef62,▽,9
C19d35e2979b43ecfab0,▽,10
C19d35e2979cb8e63f97,▽,11
C19d35e297a50fcb1de8,st,2
C19d35e297a50fcb1de8,重発狂,3
C19d35e297a8953ab9e1,▽,4
C19d35e297a9488b637d,▽,10
C19d35e297aadb99179f,★★,3
C19d35e297abd9e77e35,dl,5
C19d35e297abd9e77e35,重発狂,5
C19d35e297b685c0fdab,SB,5
C19d35e297ba3833999d,▽,4
C19d35e297bbbcae583a,▽,6
C19d35e297bc2b7c7ab8,dl,7
C19d35e297bd1a49fc5b,乱打,4
C19d35e297c5495ad94a,dl,査定中
C19d35e297c5495ad94a,▼,22
C19d35e297c7955e0ac0,▽,9
C19d35e297cb72b8f761,st,5
C19d35e297cc83b53276,▼,2
C19d35e297cd2b93832a,sl,1
C19d35e297cd2b93832a,▼,2
C19d35e297cd2b93832a,乱打,1
C19d35e297ce12090a02,so,3
C19d35e297ce12090a02,▼,4
C19d35e297cfd8deeaf7,SB,提案
C19d35e297d0acad251d,SB,提案
C19d35e297d1f996739e,SB,提案
C19d35e297d23ad99e3b,st,2
C19d35e297d23ad99e3b,重発狂,2
C19d35e297d391469031,st,3
C19d35e297d391469031,重発狂,3
C19d35e297d42ec847eb,st,6
C19d35e297d5f97a3ffc,Ude,3
C19d35e297d5f97a3ffc,sl,3
C19d35e297d6f1f405c3,sl,5
C19d35e297d6f1f405c3,乱打,5
C19d35e297d707221933,乱打,9
C19d35e297d87efca443,Ude,Ude9 (sub)
C19d35e297d87efca443,sl,9
C19d35e297d93228c73a,sl,11
C19d35e297d93228c73a,▼,18
C19d35e297d93228c73a,乱打,11
C19d35e297da0a751a2e,▽,5
C19d35e297e229b20f03,st,0
C19d35e297e229b20f03,重発狂,0
C19d35e297e38f9b6bff,st,1
C19d35e297e4805b6ef6,dl,2
C19d35e297e4805b6ef6,st,1
C19d35e297e50eb24a3e,▽,6
C19d35e297e6aca0e87b,st,2
C19d35e297e7d409beac,st,3
C19d35e297e8f6be7598,st,4
C19d35e297e8f6be7598,重発狂,4
C19d35e297e9a23f95d0,▼,13
C19d35e297ea5a292126,▽,10
C19d35e297eb2f60769d,▽,12
C19d35e297ec52d93cd2,▽,3
C19d35e297ed59e5d769,▽,7
C19d35e297eed310b603,▽,8
C19d35e297ef2fd38d42,▽,8
C19d35e297f0ffc05d85,▽,9
C19d35e297f15ac03590,▽,9
C19d35e297f21038704b,▽,10
C19d35e297f3e6fe00fc,▽,10
C19d35e297f4f9d02f0a,▽,11
C19d35e297f514061033,▽,11
C19d35e297f645b15c52,▽,11
C19d35e297f76426ee80,▽,11+
C19d35e297f8e7e379c8,▽,12-
C19d35e297f9d21b1389,▽,12
C19d35e297fa36c8fac2,▽,12
C19d35e297fbe1e00037,sn,2
C19d35e297fbe1e00037,★★,3
C19d35e297fc04fe2d2b,st,6
C19d35e297fd2ed3d92a,▼,15
C19d35e297fe3745de38,▽,10
C19d35e297ffd7538e99,fr,3
C19d35e29802c05c4be0,▼,3
C19d35e2980358268970,▼,3
C19d35e298042acd3e34,▼,3
C19d35e298055f682885,▼,4
C19d35e29806f4135f5a,▼,7
C19d35e29807e9789575,▼,9
C19d35e298089f506f50,▼,10
C19d35e29809b72d3396,▼,13
C19d35e2980a3e894d8b,▽,1
C19d35e2980b585c2036,dl,6
C19d35e2980c8490cf0c,乱打,0
C19d35e2980d7b44991a,st,9
C19d35e2980e05cc6d2f,st,9
C19d35e2980f9b372338,▽,6
C19d35e298104e7fdce4,▽,11
C19d35e2981227358c46,重発狂,6
C19d35e29813c4f6d538,▼,6
C19d35e29814e5a8a0f5,▼,6
C19d35e2981522bc6a63,▼,12
C19d35e29816ce1c04c6,dl,10
C19d35e29818c6f10f1a,SB,4
C19d35e2981d3c816095,dl,8
C19d35e2981d3c816095,st,8
C19d35e2981e54ca4c14,▽,3
C19d35e29826a0b63fe3,st,8
C19d35e298275c326c2e,dy,6
C19d35e298275c326c2e,双,6
C19d35e29828e26b14a5,dy,2
C19d35e29829969fc550,dy,5
C19d35e2982a561fb581,dy,6
C19d35e2982b8cfde1cb,dy,6
C19d35e2982c7f49579e,dy,6
C19d35e2982d9c33db3d,dl,11
C19d35e2982d9c33db3d,dy,6
C19d35e2982ec43216cd,▽,8
C19d35e2982f02dee39c,dl,9
C19d35e29830bfea95c0,sl,1
C19d35e29831ae0f42c4,st,2
C19d35e29831ae0f42c4,重発狂,2
C19d35e29832a3b4c697,st,9
C19d35e2983304bf4813,sl,2
C19d35e29834039c629f,sl,2
C19d35e2983530c0f232,sl,2
C19d35e2983676903f21,Ude,4
C19d35e2983676903f21,sl,4
C19d35e2983724b55074,sl,5
C19d35e2983837428f0e,Ude,5
C19d35e2983837428f0e,sl,5
C19d35e29839d197db5f,sl,5
C19d35e2983a68582ad1,sl,6
C19d35e2983b9dfacd00,sl,5
C19d35e2983c36264903,▽,9
C19d35e2983f2f6a69c6,fr,7
C19d35e2983f2f6a69c6,重発狂,1
C19d35e29842944146e6,sl,0
C19d35e29843dcc14f30,sl,2
C19d35e2984402516b50,sl,9
C19d35e2984402516b50,乱打,9
C19d35e29845c9126333,sl,12
C19d35e29845c9126333,乱打,12
C19d35e29846061c4021,fr,9
C19d35e29846061c4021,sn,2
C19d35e29848c42d428a,st,2
C19d35e29848c42d428a,重発狂,2
C19d35e29849e8172eb9,st,3
C19d35e29849e8172eb9,重発狂,3
C19d35e2984a66abd565,st,7
C19d35e2984ba0cfee3d,▽,10
C19d35e2984c428efae9,st,11
C19d35e2984f6cab77ee,ξ,5
C19d35e2985081dcd154,dl,10
C19d35e2985081dcd154,dy,5
C19d35e298518a97f542,dy,5
C19d35e29853a9fc2734,st,2
C19d35e29853a9fc2734,重発狂,2
C19d35e29854a58b6b93,▼,16
C19d35e29855e984e441,dl,3
C19d35e2985acc96f14b,st,0
C19d35e2985acc96f14b,重発狂,0
C19d35e2985b6f534793,st,0
C19d35e2985cce203e81,st,1
C19d35e2985cce203e81,重発狂,1
C19d35e2985d1bef80ac,st,3
C19d35e2985eb7293aca,dl,4
C19d35e2985eb7293aca,st,4
C19d35e2985eb7293aca,重発狂,4
C19d35e2985fc25da960,st,5
C19d35e298602ac1ec27,st,7
C19d35e298602ac1ec27,重発狂,7
C19d35e29861fec4b990,dy,6
C19d35e29861fec4b990,st,11
C19d35e298622b199b4c,dl,12
C19d35e298622b199b4c,st,12
C19d35e2986347bdb314,▽,5
C19d35e298649b091e1c,ξ,8
C19d35e29865960af2ce,ξ,8
C19d35e29866d9ec3ade,ξ,11
C19d35e29867e7ac9b66,dl,1
C19d35e29867e7ac9b66,重発狂,1
C19d35e298698e8f0661,st,4
C19d35e2986a274a4ce5,dy,0
C19d35e2986a274a4ce5,双,4
C19d35e2986fcd8af76e,dy,4
C19d35e29870e8df4828,dy,5
C19d35e29872dc2ee721,▽,7
C19d35e298734f743c90,▽,10
C19d35e2987462606f89,双,1
C19d35e298758f637430,dl,1
C19d35e298760d647799,sl,1
C19d35e29877dc5828e5,dl,5
C19d35e29877dc5828e5,st,5
C19d35e2987890ec19d3,st,5
C19d35e298796e3a7efa,st,5
C19d35e2987af2965f9e,st,5
C19d35e2987cc055018b,dy,1
C19d35e2987cc055018b,st,6
C19d35e2987e2163f66f,重発狂,3
C19d35e2987fd177dba2,st,6
C19d35e29880ad664e36,st,6
C19d35e298815c0f38f3,▼,17
C19d35e29882c5e05ed0,▽,3
C19d35e298880b1f0e88,▽,4
C19d35e298893de11afb,st,4
C19d35e2988a3b4ffe19,ξ,3
C19d35e2988a3b4ffe19,▽,2
C19d35e2988b0bd8b028,▽,3
C19d35e2988c35d4ea66,▽,3
C19d35e2988ddc588be7,▽,3
C19d35e2988ed57a7c9a,dl,5
C19d35e2988ed57a7c9a,重発狂,5
C19d35e2988f02900df5,乱打,4
C19d35e29890cac53f98,sl,9
C19d35e29891314e7086,st,1
C19d35e29891314e7086,重発狂,1
C19d35e298926af98e19,st,6
C19d35e298926af98e19,重発狂,6
C19d35e29896b0d5a5fe,sl,0
C19d35e298979314f003,sl,4
C19d35e298983f5535f7,sl,5
C19d35e29899bec182c8,sl,10
C19d35e29899bec182c8,乱打,10
C19d35e2989aac47241d,sl,11
C19d35e298a04606c906,乱打,7
C19d35e298a3723f812d,st,4
C19d35e298a44e048772,ln,7
C19d35e298a5a6426825,ln,7
C19d35e298b3d3e0f441,so,5
C19d35e298bb1a234d23,st,4
C19d35e298bb1a234d23,重発狂,4
C19d35e298bc97108b83,▽,1
C19d35e298bd1867acde,▽,2
C19d35e298be60a97088,sn,2
C19d35e298be60a97088,★★,1
C19d35e298c04720c5c1,双,4
C19d35e298c44b00ec40,▽,6
C19d35e298c57283ac0a,▽,6
C19d35e298c6b47620b8,dl, BEGINNER
C19d35e298c6b47620b8,乱打,4
C19d35e298cb5a0d9b61,sl,12
C19d35e298cc08231341,▽,5
C19d35e298cd6578c631,▽,6
C19d35e298d6e2d9c85b,▼,18
C19d35e298dd10be8215,ξ,12
C19d35e298dee9a25f11,dl, BEGINNER
C19d35e298dee9a25f11,乱打,4
C19d35e298e04e83f9d3,重発狂,1
C19d35e298e183fe5f89,▽,9
C19d35e298e20e8fcd66,dl,3
C19d35e298e20e8fcd66,重発狂,3
C19d35e298e38448691c,dl,9
C19d35e298e87ba095e7,st,4
C19d35e298e962478cc3,sl,0
C19d35e298eae5b8a366,sl,2
C19d35e298ecb00d24f1,dl,4
C19d35e298f0318b3ee1,乱打,5
C19d35e298f1570f4999,sl,4
C19d35e298f21f013068,ξ,5
C19d35e298f21f013068,▽,3
C19d35e298f33f7ef66c,dl,2
C19d35e298f781b56de3,SB,6
C19d35e298f8051714eb,▽,5
C19d35e298f9435482df,双,4
C19d35e298fdf74356eb,sl,12
C19d35e298fdf74356eb,乱打,12
C19d35e298fef054ddae,Ude,12
C19d35e298fef054ddae,st,0
C19d35e298fff1b69e3a,st,0
C19d35e298fff1b69e3a,▼,19
C19d35e2990035b80858,▽,10
C19d35e299019114b6e4,fr,10
C19d35e29905c9e6f697,▼,24
C19d35e29906b0549f4c,▽,5
C19d35e299071b7e0fcc,★★,3
C19d35e29909ecd491ed,▽,11+
C19d35e2990bdb3f6054,▽,10
C19d35e2990f40680c8e,▼,16
C19d35e299120513ef41,▼,4
C19d35e29913bdd0ce7a,▽,10
C19d35e299157962117c,dl,4
C19d35e2991b62f22c3d,▽,10
C19d35e299217c7a1b2d,▼,12
C19d35e2992267ae2ab1,dl,査定中
C19d35e2992925f3749a,sl,4
C19d35e2992c2611ed97,乱打,10
C19d35e2992d758d51b1,▽,10
C19d35e29934c1673cba,so,2
C19d35e29940a2228b8a,重発狂,9
C19d35e29943b3facda5,st,3
C19d35e2994d2216c875,st,10
C19d35e2994fefe0b4b7,so,7
C19d35e29950ce233afa,fr,7
C19d35e29954cbe8454d,sl,4
C19d35e29954cbe8454d,乱打,4
C19d35e29957ffec22b7,重発狂,6
C19d35e2995ad0170600,▼,24
C19d35e2995be1a98a0b,▼,24
C19d35e2995c2590f08c,▼,24
C19d35e29966d504e0c7,▼,5
C19d35e299674364f9f4,▼,6
C19d35e2996879398cdb,▼,14
C19d35e29969e4c21c78,st,1
C19d35e29969e4c21c78,▼,20
C19d35e29969e4c21c78,重発狂,1
C19d35e2996af3623c5b,▼,21
C19d35e2996ba6b1e17e,▽,4
C19d35e2996ca32d6955,▽,5
C19d35e2996d84e0660b,▽,6
C19d35e2996ecd4f518d,▽,6
C19d35e2996f5d14f8b5,▽,8
C19d35e29970df550954,▽,8
C19d35e29971dd758cd2,▽,8
C19d35e29972debb9724,▽,8
C19d35e2997348346f98,▽,8
C19d35e29974576fcb1b,▽,10
C19d35e2997574a78773,▽,10
C19d35e29976b27bcdaa,▽,10
C19d35e2997797981f3e,▽,10
C19d35e2997820e8443c,sl,0
C19d35e2997820e8443c,▽,11
C19d35e29979aab74c00,▽,12-
C19d35e2997af78f164b,▽,12-
C19d35e2997b029a9010,▽,12
C19d35e2997cabce682b,▽,12
C19d35e2997f0f46bb2a,▽,11
C19d35e29983c4045b18,dl,0
C19d35e29983c4045b18,st,1
C19d35e299844fb455e4,st,0
C19d35e29985671dc5bd,Ude,3
C19d35e29985671dc5bd,sl,3
C19d35e2998682aac2c5,sl,4
C19d35e2998682aac2c5,▼,7
C19d35e2998682aac2c5,乱打,4
C19d35e299871568e799,sl,6
C19d35e29988df2956ea,sl,8
C19d35e29988df2956ea,乱打,8
C19d35e299890375fde3,sl,9
C19d35e299890375fde3,乱打,9
C19d35e2998a32d73690,sl,10
C19d35e2998a32d73690,乱打,10
C19d35e2998b3d22c06d,sl,11
C19d35e2998c34346fee,sl,12
C19d35e2998c34346fee,乱打,11
C19d35e2998dc0368a2a,sl,12
C19d35e2998dc0368a2a,乱打,12
C19d35e2999548678b19,乱打,6
C19d35e2999761d49b95,st,1
C19d35e2999761d49b95,重発狂,1
C19d35e2999888dc12be,st,3
C19d35e2999888dc12be,重発狂,3
C19d35e2999976036ea3,sl,2
C19d35e2999976036ea3,乱打,2
C19d35e2999a3ade9e75,Ude,7
C19d35e2999a3ade9e75,sl,7
C19d35e299a35b1751cf,so,0
C19d35e299ab76674df2,dl,9
C19d35e299bb3d41a1f5,▼,14
C19d35e299bd8e242a11,▽,6
C19d35e299be10f70fc2,▽,7
C19d35e299c5e8f81d6e,sl,2
C19d35e299c63fe39f4d,so,3
C19d35e299c768b1ddb6,so,1
C19d35e299c881ce961d,so,1
C19d35e299caeadebf99,so,6
C19d35e299caeadebf99,▼,11
C19d35e299d02d729e97,▼,14
C19d35e299d148e345f1,Ude,11
C19d35e299d698407751,SB,提案
C19d35e299d698407751,▼,15
C19d35e299d7fec0966f,▼,21
C19d35e299d9338c8539,sl,2
C19d35e299da33117b94,sl,6
C19d35e299db44e1045b,sl,9
C19d35e299dc6e5832e3,Ude,12
C19d35e299dc6e5832e3,sl,12
C19d35e299dd2d3c1f1b,sl,11
C19d35e299dd2d3c1f1b,乱打,11
C19d35e299defb065a0d,st,0
C19d35e299e4f0e00ee9,sl,1
C19d35e299e57c63f18c,sl,1
C19d35e299e6b960d41f,fr,8
C19d35e299e6b960d41f,ln,22
C19d35e299e7f289423a,fr,12
C19d35e299e97e7ade0e,sl,9
C19d35e299ea17968f95,sl,9
C19d35e299eb88015390,▼,9
C19d35e299ec999f648b,▼,20
C19d35e299f6f7d09060,dl,10
C19d35e299f9808a62be,sl,1
C19d35e299f9808a62be,▼,1
C19d35e299fc9bcc24b3,▼,21
C19d35e29a01c9bdafb4,so,2
C19d35e29a10cccc0f0d,so,12
C19d35e29a10cccc0f0d,▼,18
C19d35e29a119ba9d657,▽,10
C19d35e29a17210a34a0,重発狂,1
C19d35e29a183e164515,dl,1
C19d35e29a1a44471800,dl,3
C19d35e29a1a44471800,st,3
C19d35e29a1be3fa688a,sl,3
C19d35e29a1be3fa688a,▼,6
C19d35e29a1d10f5e13d,sl,1
C19d35e29a1e594d38f3,sl,0
C19d35e29a1fe8cf74d7,sl,1
C19d35e29a20f130fa74,sl,5
C19d35e29a20f130fa74,乱打,5
C19d35e29a217c3980af,Ude,7
C19d35e29a217c3980af,sl,7
C19d35e29a217c3980af,乱打,7
C19d35e29a22ddfd0f60,Ude,Ude8 (sub)
C19d35e29a22ddfd0f60,sl,8
C19d35e29a233327071b,sl,10
C19d35e29a233327071b,乱打,10
C19d35e29a24cfd8e62d,Ude,12
C19d35e29a24cfd8e62d,sl,12
C19d35e29a2779abd564,▼,?
C19d35e29a299b4ebc6f,▽,11
C19d35e29a2d35629ca2,st,1
C19d35e29a2d35629ca2,重発狂,1
C19d35e29a2fd8d07f8f,SB,-1
C19d35e29a337037ca74,dl,3
C19d35e29a38efacdb63,sl,4
C19d35e29a3936d52e96,▽,5
C19d35e29a4026132177,st,5
C19d35e29a4026132177,重発狂,5
C19d35e29a41d45274aa,▽,1
C19d35e29a47a326fe62,so,10
C19d35e29a50de159e3a,sl,4
C19d35e29a52374f1eeb,st,5
C19d35e29a52374f1eeb,重発狂,5
C19d35e29a56860bc951,st,0
C19d35e29a576d175b08,st,1
C19d35e29a585d522b01,sl,0
C19d35e29a59ba838b81,Ude,Ude2 (sub)
C19d35e29a59ba838b81,sl,2
C19d35e29a5ab565a9ca,sl,1
C19d35e29a5b8127dc4d,Ude,10
C19d35e29a5b8127dc4d,sl,10
C19d35e29a5c9c064d27,sl,8
C19d35e29a5d41997ed8,sl,9
C19d35e29a5e84d253ae,sl,10
C19d35e29a5f5fca143d,st,0
C19d35e29a60c35ba420,st,0
C19d35e29a62efc11d8f,ξ,7
C19d35e29a63a284590e,ξ,7
C19d35e29a64f56ff3fa,st,6
C19d35e29a657d3ad053,▼,23
C19d35e29a66f2ed90d3,▽,7
C19d35e29a6f16fcc107,st,4
C19d35e29a70967e471a,dy,2
C19d35e29a73187943bb,so,1
C19d35e29a74b32b662d,so,2
C19d35e29a752be4f25a,so,0
C19d35e29a7612af0369,so,0
C19d35e29a77f7cef543,so,0
C19d35e29a77f7cef543,▽,11+
C19d35e29a79251b4691,so,2
C19d35e29a7b4a5b3d38,st,2
C19d35e29a84d9878ce0,st,2
C19d35e29a84d9878ce0,重発狂,2
C19d35e29a859d1a787a,st,2
C19d35e29a86eaa61213,st,3
C19d35e29a86eaa61213,重発狂,3
C19d35e29a886fa9f8a3,dy,1
C19d35e29a8900e3ee97,▼,15
C19d35e29a8ad07bba77,st,2
C19d35e29a8ad07bba77,重発狂,2
C19d35e29a8b2d24acf2,st,3
C19d35e29a8c324ddf3f,ln,24
C19d35e29a8f4aebe387,重発狂,1
C19d35e29a91583c9d8b,sl,11
C19d35e29a921c1c06bb,▽,3
C19d35e29a9364e5b306,dl,11
C19d35e29a9df511baea,sl,1
C19d35e29a9df511baea,乱打,3
C19d35e29a9e7735e5fa,sl,12
C19d35e29a9e7735e5fa,重発狂,0
C19d35e29a9f5831b551,st,2
C19d35e29aa0fb0c0859,fr,7
C19d35e29aa347fe8f54,乱打,8
C19d35e29aa4f81656fc,st,0
C19d35e29aa501528568,st,2
C19d35e29aa66ca470b8,st,4
C19d35e29aa782962f15,sl,0
C19d35e29aa8b3b4d75f,sl,2
C19d35e29aa8b3b4d75f,乱打,2
C19d35e29aa97b94ec12,sl,2
C19d35e29aaa6ce27ef8,sl,4
C19d35e29aaa6ce27ef8,乱打,4
C19d35e29aab73a1ef82,sl,5
C19d35e29aac0dbeb781,Ude,9
C19d35e29aac0dbeb781,sl,9
C19d35e29aadc6986020,st,0
C19d35e29aaed233a1af,▼,4
C19d35e29aafb3608ac7,▼,4
C19d35e29ab0bf325dce,▼,7
C19d35e29ab1c69742bd,so,5
C19d35e29ab1c69742bd,▼,8
C19d35e29ab2af3ada61,▼,9
C19d35e29ab3fd1d1e23,▼,20
C19d35e29ab42ed3836e,▽,4
C19d35e29ab5309302a6,▽,6
C19d35e29ab6df21b8a6,▽,8
C19d35e29ab78094d734,▽,9
C19d35e29ab86d193d28,▽,10
C19d35e29ab9c34f2825,▽,11
C19d35e29abdbc3f3dbc,Ude,12
C19d35e29abdbc3f3dbc,sl,12
C19d35e29abe1ac92ebb,sl,3
C19d35e29abf33c6637b,sl,6
C19d35e29ac08732dfe8,sl,12
C19d35e29ac08732dfe8,乱打,12
C19d35e29ac1ebcc4807,▼,22
C19d35e29ac5ca039441,dy,2
C19d35e29ac5ca039441,st,7
C19d35e29ac5ca039441,双,5
C19d35e29ac60398b87c,so,2
C19d35e29ac88de845d8,dl,0
C19d35e29ac88de845d8,st,0
C19d35e29ac973a6d7e4,st,1
C19d35e29aca901ad628,dl,1
C19d35e29aca901ad628,st,1
C19d35e29acbd6b7e333,st,1
C19d35e29acbd6b7e333,重発狂,1
C19d35e29acc65d45b94,st,2
C19d35e29acd1ee9f174,st,2
C19d35e29acd1ee9f174,重発狂,2
C19d35e29acea5add2ee,st,3
C19d35e29acfce0daae7,st,2
C19d35e29acfce0daae7,▼,21
C19d35e29ad062219901,st,3
C19d35e29ad062219901,重発狂,3
C19d35e29ad17adb1876,st,3
C19d35e29ad2e0b5bd8a,ln,12
C19d35e29ad49e8850b6,sn,0
C19d35e29ad5f1a3de33,so,5
C19d35e29ad6f29f1614,sr,?
C19d35e29ad70a991d24,Ude,0
C19d35e29adcfee26007,so,6
C19d35e29ae3c5744a01,SB,4
C19d35e29aea1f71a607,st,5
C19d35e29aebdf121d88,▽,4
C19d35e29aec1d65604c,▽,5
C19d35e29aedf7385620,▽,12+
C19d35e29af1ede1cecf,▽,11
C19d35e29af49eae05e2,sl,6
C19d35e29af49eae05e2,▼,9
C19d35e29af9b2dcbb75,▽,9
C19d35e29afee1f934b4,▽,11+
C19d35e29aff6d9e44ee,sl,10
C19d35e29b0201677758,st,4
C19d35e29b0201677758,重発狂,4
C19d35e29b03d02cad00,dy,3
C19d35e29b03d02cad00,st,8
C19d35e29b03d02cad00,重発狂,8
C19d35e29b04f4782665,▼,21
C19d35e29b05a7de8801,双,5
C19d35e29b064f48cc51,Ude,9
C19d35e29b0760ff9a72,Ude,8
C19d35e29b0760ff9a72,sl,8
C19d35e29b093402ca43,乱打,4
C19d35e29b0a21ef5f68,dl,5
C19d35e29b0a21ef5f68,st,5
C19d35e29b0b7f57fae0,st,5
C19d35e29b0c2c43a8be,st,5
C19d35e29b0d6f342a7b,▼,1
C19d35e29b1168f4bdd4,st,5
C19d35e29b1168f4bdd4,重発狂,5
C19d35e29b1261f2de05,dl,2
C19d35e29b1438fcc387,st,6
C19d35e29b15f4185a5f,▽,1
C19d35e29b1630f09911,sl,1
C19d35e29b1c5e7d1e80,st,0
C19d35e29b1d37070ac0,st,1
C19d35e29b1d37070ac0,重発狂,2
C19d35e29b1e12127bcd,st,3
C19d35e29b1f9c909a5b,st,4
C19d35e29b1f9c909a5b,重発狂,5
C19d35e29b2073e4045d,dl,4
C19d35e29b2073e4045d,st,4
C19d35e29b21abfa0e38,st,5
C19d35e29b22e1be2ea7,st,6
C19d35e29b23f8e862af,sl,5
C19d35e29b249ac33bd1,sl,9
C19d35e29b25a9e950fd,Ude,12
C19d35e29b25a9e950fd,sl,12
C19d35e29b2f2ffdf1e5,Ude,Ude2 (sub)
C19d35e29b2f2ffdf1e5,sl,2
C19d35e29b30f40febf6,sl,4
C19d35e29b30f40febf6,乱打,4
C19d35e29b31670f58c7,sl,11
C19d35e29b32ec304643,SB,提案
C19d35e29b32ec304643,sn,1
C19d35e29b333483b606,▽,1
C19d35e29b35b93bb0cf,Ude,5
C19d35e29b372b107777,乱打,9
C19d35e29b38be4012c9,so,0
C19d35e29b39fdb7ea04,▼,14
C19d35e29b3acb1e7cbd,▼,15
C19d35e29b3b5b9264d6,▽,2
C19d35e29b3c9a4ec51b,▽,2
C19d35e29b3de4b34cde,▽,2
C19d35e29b40d38ac083,SB,提案
C19d35e29b44b2cb3aa5,so,4
C19d35e29b45584776df,so,6
C19d35e29b46c7aecbbb,so,9
C19d35e29b471d5be114,dl,4
C19d35e29b4ba92c4cfc,乱打,4
C19d35e29b4e2495296b,st,4
C19d35e29b59c52f7a84,Ude,11
C19d35e29b59c52f7a84,sl,11
C19d35e29b5ae9a7400d,st,6
C19d35e29b5b731b9091,▽,11
C19d35e29b5dc7c155e6,dl,9
C19d35e29b5dc7c155e6,dy,4
C19d35e29b5dc7c155e6,st,10
C19d35e29b5dc7c155e6,重発狂,9
C19d35e29b5f45b30e1e,so,2
C19d35e29b5f45b30e1e,▽,12+
C19d35e29b6fa1f7c568,so,4
C19d35e29b71d08d7dc2,乱打,11
C19d35e29b72b89c8b8a,乱打,12
C19d35e29b730cfe8e97,▽,6
C19d35e29b749aade908,Ude,12
C19d35e29b7f874cdfdb,so,4
C19d35e29b80c9a22dfb,sl,7
C19d35e29b81fe5b0895,sl,10
C19d35e29b81fe5b0895,乱打,10
C19d35e29b82516cabde,sl,2
C19d35e29b8387e084ac,sl,3
C19d35e29b84c7415542,Ude,4
C19d35e29b84c7415542,sl,4
C19d35e29b857cc5df99,sl,4
C19d35e29b86110a740e,sl,8
C19d35e29b87509cd489,sl,11
C19d35e29b885dedac5b,Ude,11
C19d35e29b885dedac5b,sl,11
C19d35e29b8939e5ea80,sl,11
C19d35e29b8939e5ea80,乱打,11
C19d35e29b8aa3df6fd6,sl,12
C19d35e29b8aa3df6fd6,乱打,12
C19d35e29b913fdde764,▼,20
C19d35e29b92e19e5ba0,▽,7
C19d35e29b93b40e2e1b,dl,1
C19d35e29b94d0aaab39,Ude,11
C19d35e29b9be8e762ab,so,3
C19d35e29b9d668aff20,st,1
C19d35e29b9e6e25af6d,st,5
C19d35e29b9e6e25af6d,重発狂,5
C19d35e29b9f27a124bd,▼,7
C19d35e29ba08b03d163,sl,11
C19d35e29ba08b03d163,▼,17
C19d35e29ba1458b0865,st,3
C19d35e29ba1458b0865,▼,23
C19d35e29ba2944cf9ef,▽,6
C19d35e29ba3f8470096,▽,7
C19d35e29ba4f03b5122,▽,8
C19d35e29ba57b3ae29d,▽,9
C19d35e29ba6025c9605,▽,10
C19d35e29ba75be49d7b,▽,10
C19d35e29ba8aafb5ea2,▽,11
C19d35e29ba92c6e9e9f,▽,11
C19d35e29baa0413fb37,▽,12
C19d35e29bab333b0f28,sn,4
C19d35e29bab333b0f28,★★,4
C19d35e29bae38e481f6,乱打,10
C19d35e29bb3e68b9887,乱打,10
C19d35e29bb52d8ff9a0,st,1
C19d35e29bb52d8ff9a0,重発狂,1
C19d35e29bb639c0da5a,dl,7
C19d35e29bb639c0da5a,st,6
C19d35e29bb82c8e9333,sl,7
C19d35e29bb82c8e9333,乱打,7
C19d35e29bbfd1889e50,★★,1
C19d35e29bc4952e744d,▼,4
C19d35e29bc87b7e07bc,sl,12
C19d35e29bc87b7e07bc,乱打,12
C19d35e29bcdadc14752,▽,2
C19d35e29bcebf12ae49,▽,12-
C19d35e29bd4474f2ee4,st,6
C19d35e29bd5447faef4,▽,3
C19d35e29be03c48b121,重発狂,1
C19d35e29be4fa1c26fa,ξ,12
C19d35e29be6692a8b8a,sl,4
C19d35e29be8ce33ef97,st,0
C19d35e29be9d68991fb,sl,0
C19d35e29bea4c69d704,sl,1
C19d35e29beb7b125b17,sl,3
C19d35e29bec5903929e,sl,4
C19d35e29bed4b282f00,sl,5
C19d35e29bee3dc6f63c,Ude,8
C19d35e29bee3dc6f63c,sl,8
C19d35e29befa588f546,sl,9
C19d35e29bf075748f0c,sl,11
C19d35e29bf075748f0c,乱打,11
C19d35e29bf1dde7e9ea,▽,3
C19d35e29bf2fc670040,dl,dl-1 (sub)
C19d35e29bf2fc670040,sl,12
C19d35e29c00f2f538b2,▽,3
C19d35e29c0138e305cb,▽,3
C19d35e29c0234beeeef,▽,3
C19d35e29c0303350f92,dl,2
C19d35e29c0303350f92,重発狂,2
C19d35e29c0a471abd25,dy,6
C19d35e29c0a471abd25,★★,6
C19d35e29c0bf6f5f4b3,dl,5
C19d35e29c0c8a456000,Ude,3
C19d35e29c0c8a456000,sl,3
C19d35e29c122f933b5b,▽,11+
C19d35e29c13750a0658,dy,1
C19d35e29c13750a0658,st,7
C19d35e29c13750a0658,双,5
C19d35e29c1400e4b15c,Ude,8
C19d35e29c172777f4ea,dy,1
C19d35e29c18170244ac,▽,10
C19d35e29c1a39e57619,so,2
C19d35e29c1f6a75bc45,▽,10
C19d35e29c20489778ac,▽,11
C19d35e29c222f88d88f,▽,11
C19d35e29c23db3aff15,sl,1
C19d35e29c23db3aff15,▽,12+
C19d35e29c2727c61c33,Ude,0
C19d35e29c2727c61c33,sl,0
C19d35e29c29e2c70b52,▽,3
C19d35e29c2dc0a4c157,sl,2
C19d35e29c30eeec3f1f,ξ,6
C19d35e29c30eeec3f1f,▽,4
C19d35e29c36cdef606e,sl,2
C19d35e29c36cdef606e,▽,12+
C19d35e29c437dd50d71,乱打,7
C19d35e29c460edf46a9,ξ,6
C19d35e29c47c5ae056f,Ude,Ude12 (sub)
C19d35e29c4cf2db137f,sl,5
C19d35e29c4cf2db137f,▼,8
C19d35e29c4d7403351d,sl,1
C19d35e29c4d7403351d,▽,12
C19d35e29c4e8f2d9947,so,0
C19d35e29c641f7da59c,st,7
C19d35e29c65ca2592b1,st,9
C19d35e29c70fab90524,sl,8
C19d35e29c719b82434f,so,1
C19d35e29c732cf05e92,▽,11
C19d35e29c74ac59f69b,▽,4
C19d35e29c765e2a0cb2,ln,20
C19d35e29c793ae25e6a,Ude,7
C19d35e29c793ae25e6a,sl,7
C19d35e29c793ae25e6a,▼,11
C19d35e29c7d26b77218,st,0
C19d35e29c7d26b77218,重発狂,0
C19d35e29c7eb2cf92d8,dl,1
C19d35e29c7eb2cf92d8,st,1
C19d35e29c7f1d489580,st,3
C19d35e29c806cf6b01a,dl,8
C19d35e29c806cf6b01a,st,8
C19d35e29c81b16f4940,sl,6
C19d35e29c82b19ef72f,sl,7
C19d35e29c82b19ef72f,乱打,7
C19d35e29c832418fb28,sl,9
C19d35e29c832418fb28,乱打,10
C19d35e29c86dc8adde6,▽,11
C19d35e29c87e06cfdac,dy,1
C19d35e29c8ba128c208,sl,0
C19d35e29c8d69cbb9c1,▽,9
C19d35e29c8e7cbf2bbe,乱打,9
C19d35e29c90b061bdfd,st,6
C19d35e29c915aa36f21,st,6
C19d35e29c92dc431680,st,6
C19d35e29c93468de891,st,6
C19d35e29c93468de891,重発狂,6
C19d35e29c952dd14568,so,0
C19d35e29c98d2213b40,st,5
C19d35e29c99a18cfffd,st,6
C19d35e29c9be1f199cb,▽,11+
C19d35e29c9d06b4d628,sl,1
C19d35e29c9fa4d5998a,重発狂,3
C19d35e29ca30ea49aa9,st,5
C19d35e29ca432f82dce,dl,6
C19d35e29ca432f82dce,st,5
C19d35e29ca50b66fab0,st,7
C19d35e29ca50b66fab0,重発狂,7
C19d35e29ca68c05652c,st,8
C19d35e29ca68c05652c,重発狂,8
C19d35e29ca77983926f,dl,9
C19d35e29ca77983926f,st,9
C19d35e29ca86d4e51b6,st,8
C19d35e29ca86d4e51b6,重発狂,8
C19d35e29cad02ddba09,▽,11+
C19d35e29cae990c02d7,so,5
C19d35e29caf3ae6f078,sl,0
C19d35e29cb3eb5ee92e,st,1
C19d35e29cb3eb5ee92e,▼,21
C19d35e29cb4b5ccfe63,st,6
C19d35e29cb5c9f395f4,▼,5
C19d35e29cb616fef9a8,▽,3
C19d35e29cb728d10389,▽,5
C19d35e29cb87c79fdd6,▽,6
C19d35e29cb90751cc81,▽,7
C19d35e29cba47004a53,▽,9
C19d35e29cbbc979b62f,▽,10
C19d35e29cbc9fc2f9b1,ln,13
C19d35e29cbd4bdf8146,st,6
C19d35e29cbee408f539,dl,6
C19d35e29cbee408f539,st,6
C19d35e29cbfe707108b,st,6
C19d35e29cbfe707108b,重発狂,6
C19d35e29cc02d4103c9,▽,7
C19d35e29cc1de2efa74,ln,19
C19d35e29cc233569c69,ln,20
C19d35e29ccc8e5662cc,sl,7
C19d35e29ccee77bfef4,ln,12
C19d35e29ccfb70d57fe,dl,2
C19d35e29ccfb70d57fe,st,2
C19d35e29cd0a94d8e43,dy,1
C19d35e29cd562c2b368,▼,10
C19d35e29cd6d6047e8e,▽,9
C19d35e29cd72aba4771,so,2
C19d35e29cdb5188d696,ln,14
C19d35e29cde331d6659,sl,2
C19d35e29cdf058f2bed,sl,2
C19d35e29ce2f68bc08d,so,0
C19d35e29ce651d58c4e,sl,10
C19d35e29ce651d58c4e,乱打,9
C19d35e29ceed3e31089,so,6
C19d35e29ceffcdc804c,so,11
C19d35e29cf081ee97e1,▽,2
C19d35e29cf1e5f758d6,▽,6
C19d35e29cf28c9992eb,fr,8
C19d35e29cf33b937e70,乱打,11
C19d35e29cf44c547807,SB,3
C19d35e29cfb7ece3a5f,sl,10
C19d35e29cfb7ece3a5f,乱打,10
C19d35e29cff3d9ee8f7,dl,12
C19d35e29cff3d9ee8f7,dy,7
C19d35e29cff3d9ee8f7,st,12
C19d35e29d00e7826b02,▽,6
C19d35e29d02053fe4b6,dl,10
C19d35e29d03bba298bd,重発狂,2
C19d35e29d05033eac79,重発狂,6
C19d35e29d1870a2d1ea,dl,4
C19d35e29d1870a2d1ea,st,4
C19d35e29d19629721e6,st,4
C19d35e29d19629721e6,重発狂,4
C19d35e29d1aa74f45e6,dl,4
C19d35e29d1aa74f45e6,st,4
C19d35e29d1aa74f45e6,重発狂,4
C19d35e29d1b8f799425,fr,8
C19d35e29d2182e7daba,乱打,9
C19d35e29d228fdc2fa4,乱打,10
C19d35e29d2345688dfb,st,2
C19d35e29d24a8d09490,st,5
C19d35e29d256bb4525f,▽,6
C19d35e29d262b0763c2,▽,6
C19d35e29d2766b4c450,ln,17
C19d35e29d28a13b7b98,ln,21
C19d35e29d2928a23422,ln,21
C19d35e29d2a917c93b8,ln,21
C19d35e29d2bbe89b6d1,ln,22
C19d35e29d2c30a2181a,fr,4
C19d35e29d313b441788,sl,0
C19d35e29d320b6aec9b,st,2
C19d35e29d33dadbbf76,sl,6
C19d35e29d34a1d4db85,sl,7
C19d35e29d351f26cca3,▽,6
C19d35e29d38aec6ac6a,ξ,2
C19d35e29d39b0a1b270,fr,5
C19d35e29d39b0a1b270,ln,12
C19d35e29d42d686e4ee,▼,5
C19d35e29d44be3eb3cb,st,7
C19d35e29d451c291a2f,SB,5
C19d35e29d4e5f2425bf,sl,2
C19d35e29d54ca32467e,▽,2
C19d35e29d55b5451303,▽,11
C19d35e29d569eb9c719,ξ,3
C19d35e29d62ef1bc843,so,11
C19d35e29d633a75fcf4,▽,11
C19d35e29d69085efcf1,dl,6
C19d35e29d69085efcf1,st,6
C19d35e29d6af7fd1e8b,st,8
C19d35e29d6bce8ff225,▽,3
C19d35e29d6c69241e02,▽,3
C19d35e29d6d6181b349,st,0
C19d35e29d6d6181b349,重発狂,0
C19d35e29d74340537a1,dl,4
C19d35e29dac33967b10,sn,0
C19d35e29dad6838a090,sn,0
C19d35e29dae4b093e3f,sn,0
C19d35e29dafdb9f3d27,sn,1
C19d35e29db0b4c46da8,sn,1
C19d35e29db1761dbcdc,sn,1
C19d35e29db2349f09a8,sn,2
C19d35e29db33d3932d7,sn,2
C19d35e29db49da491e5,sn,3
C19d35e29db597aacc57,sn,3
C19d35e29db62caed251,sn,4
C19d35e29db71933287e,sn,5
C19d35e29db86fcdfb66,sn,5
C19d35e29db93403ee7f,sn,5
C19d35e29dba591db0fc,sn,8
C19d35e29dbb2c3a3489,sn,10
C19d35e29dbc0718ad14,so,1
C19d35e29dbde727e765,so,2
C19d35e29dbe4ebf92f6,so,2
C19d35e29dbf73e910af,so,3
C19d35e29dc0261b6b87,so,4
C19d35e29dc18cadf1b6,so,4
C19d35e29dc2389d685c,so,5
C19d35e29dc37e70246c,so,5
C19d35e29dc4bbd29326,so,5
C19d35e29dc5eb7ebeac,so,5
C19d35e29dc63b27fed0,so,6
C19d35e29dc7d88821cc,so,6
C19d35e29dc87457a41c,so,6
C19d35e29dc99174765c,so,7
C19d35e29dca1d445c47,so,7
C19d35e29dcb30690089,so,7
C19d35e29dcc1de65d4a,so,8
C19d35e29dcd21482efa,so,8
C19d35e29dce23408297,so,10
C19d35e29dcf0b78bb99,so,10
C19d35e29dd03a440589,so,12
C19d35e29dd58dc3a18c,st,3
C19d35e29dd6c09fc015,▽,6
C19d35e29de29d9da2e9,▽,3
C19d35e29de4a00367ea,dl,4
C19d35e29de5204cb9d8,Ude,0
C19d35e29de6020f80e5,so,1
C19d35e29dec6cfd2759,Ude,4
C19d35e29dec6cfd2759,sl,4
C19d35e29dedd4a3ab56,sl,4
C19d35e29dee17b5ce2e,▼,22
C19d35e29defba8fc0cb,dl,dl5 (sub)
C19d35e29df7cd68efdd,▽,11+
C19d35e29df80a0f7d7f,乱打,8
C19d35e29df9b5a82243,乱打,9
C19d35e29dfaf76d71a6,乱打,9
C19d35e29e00630f7ba3,▽,6
C19d35e29e014f0d266e,ln,20
C19d35e29e020f97f0ee,ln,22
C19d35e29e032ceb7cc2,dy,7
C19d35e29e032ceb7cc2,双,7
C19d35e29e0ff2eed102,dl,5
C19d35e29e1a8325211a,▽,3
C19d35e29e1be713851e,ln,22
C19d35e29e1e61d2f72c,▽,10
C19d35e29e210374b731,st,3
C19d35e29e210374b731,重発狂,3
C19d35e29e228909fbe1,sl,7
C19d35e29e2324a28108,▽,9
C19d35e29e2495f3db2d,双,5
C19d35e29e25b9eaeceb,dy,？
C19d35e29e25b9eaeceb,双,6
C19d35e29e297d39ddba,st,9
C19d35e29e2aae2adf01,sl,1
C19d35e29e2b137e38fb,Ude,10
C19d35e29e2b137e38fb,sl,10
C19d35e29e2c04f4116d,sl,12
C19d35e29e2c04f4116d,乱打,12
C19d35e29e2dfc534e8f,▽,3
C19d35e29e2e536c94f7,▽,3
C19d35e29e2f67ee81ce,▽,3
C19d35e29e3171bc79e4,so,1
C19d35e29e32ebccd33f,重発狂,1
C19d35e29e4522bc9ea0,sl,7
C19d35e29e46383255eb,▽,2
C19d35e29e4761a4f6b6,▽,3
C19d35e29e4876c576c2,▽,3
C19d35e29e4e32ba2c64,sl,4
C19d35e29e4f8d98f7c8,▽,7
C19d35e29e60a3c71e19,ln,16
C19d35e29e77e7347807,Ude,6
C19d35e29e8592dd1fbd,重発狂,0
C19d35e29e86f775ec9e,重発狂,0
C19d35e29e88416c0d89,▽,5
C19d35e29e8cdde1e4db,st,3
C19d35e29e9b944b14ea,▽,10
C19d35e29ea38d3746a8,▼,13
C19d35e29ea46cf42b81,▽,4
C19d35e29ea5375e78ce,▽,12
C19d35e29ea67d014f99,sr,13
C19d35e29eb635c44cfc,乱打,9
C19d35e29eb8d0d650f1,ln,17
C19d35e29eb922be59e8,fr,7
C19d35e29ec014d2b261,重発狂,0
C19d35e29ec146e3e6c6,重発狂,0
C19d35e29ec2a7af9719,重発狂,0
C19d35e29ec3f8483e84,重発狂,0
C19d35e29ec4e2678882,重発狂,0
C19d35e29ec5f9d3b722,重発狂,0
C19d35e29ec6856d1268,重発狂,0
C19d35e29ec7d7e4047b,重発狂,1
C19d35e29ec820bf00c1,重発狂,1
C19d35e29ec90515c759,重発狂,1
C19d35e29eca3afded37,重発狂,1
C19d35e29ecb93febf4e,重発狂,1
C19d35e29ecca713e1de,重発狂,1
C19d35e29ecd7e523732,重発狂,1
C19d35e29eceb0cb1a4a,重発狂,1
C19d35e29ecff5e5e7b3,重発狂,1
C19d35e29ed0b0d85933,重発狂,1
C19d35e29ed18bab2427,重発狂,1
C19d35e29ed29a6edbc6,重発狂,1
C19d35e29ed3c443b2d3,重発狂,1
C19d35e29ed46c3e28a8,st,3
C19d35e29ed46c3e28a8,重発狂,1
C19d35e29ed5322572c6,重発狂,1
C19d35e29ed67b7649a9,重発狂,2
C19d35e29ed7220e52b4,重発狂,2
C19d35e29ed8465ad0f3,st,2
C19d35e29ed8465ad0f3,重発狂,2
C19d35e29ed9e8253d81,重発狂,2
C19d35e29eda54e744e7,重発狂,2
C19d35e29edb8b82d2ee,重発狂,2
C19d35e29edcae12a508,重発狂,2
C19d35e29edd175bffc1,重発狂,2
C19d35e29ede03df1d17,重発狂,2
C19d35e29edf5dc303cb,重発狂,2
C19d35e29ee00bfc534b,重発狂,2
C19d35e29ee1dfe27ea4,重発狂,2
C19d35e29ee29d24b615,重発狂,2
C19d35e29ee3e2d1814a,重発狂,2
C19d35e29ee40d51c977,重発狂,2
C19d35e29ee5a204f5a4,重発狂,2
C19d35e29ee61a0b1151,重発狂,3
C19d35e29ee7d61a8e37,重発狂,3
C19d35e29ee86f2b8df5,重発狂,3
C19d35e29ee90d39930c,重発狂,3
C19d35e29eea407e5647,重発狂,3
C19d35e29eeb1a604fa9,重発狂,3
C19d35e29eec9a55e880,重発狂,3
C19d35e29eed8f4e8b90,重発狂,3
C19d35e29eee5a8cd624,重発狂,3
C19d35e29eefb34f2cc3,重発狂,3
C19d35e29ef03876386f,重発狂,3
C19d35e29ef1e72cbbf4,重発狂,3
C19d35e29ef2322385aa,重発狂,4
C19d35e29ef3b5c5d906,重発狂,4
C19d35e29ef420b00d67,重発狂,4
C19d35e29ef5b2bbc247,重発狂,4
C19d35e29ef63ec395ee,重発狂,4
C19d35e29ef795d3095e,st,5
C19d35e29ef795d3095e,重発狂,4
C19d35e29ef8f81cb560,重発狂,4
C19d35e29ef9305a76d6,重発狂,4
C19d35e29efa102597b4,st,3
C19d35e29efa102597b4,重発狂,4
C19d35e29efbf7752eb8,重発狂,4
C19d35e29efc4ca7cd6e,重発狂,5
C19d35e29efd2daaade4,重発狂,5
C19d35e29efec52906ed,重発狂,6
C19d35e29eff47ba7229,dl,11
C19d35e29eff47ba7229,重発狂,6
C19d35e29f0097565036,重発狂,6
C19d35e29f01df6fda8d,重発狂,6
C19d35e29f021491f19b,重発狂,6
C19d35e29f032e49150d,重発狂,6
C19d35e29f04a740eaf7,st,6
C19d35e29f04a740eaf7,重発狂,6
C19d35e29f0590321658,重発狂,6
C19d35e29f0698c58541,重発狂,6
C19d35e29f0763acaac2,重発狂,7
C19d35e29f08684494dc,重発狂,7
C19d35e29f0901724431,重発狂,7
C19d35e29f0a8b1fb911,重発狂,7
C19d35e29f0b77b78a48,重発狂,7
C19d35e29f0c25f3b298,重発狂,7
C19d35e29f0d9ff65ea9,重発狂,8
C19d35e29f0efd9c82f9,重発狂,8
C19d35e29f0fe36372e1,重発狂,9
C19d35e29f1041f34522,重発狂,9
C19d35e29f11751e3bb7,重発狂,9
C19d35e29f124eea7ffc,sl,1
C19d35e29f124eea7ffc,乱打,1
C19d35e29f13cec2a408,▼,6
C19d35e29f13cec2a408,乱打,4
C19d35e29f14570d96a1,乱打,5
C19d35e29f15e831c8b3,乱打,6
C19d35e29f16af8abdb2,乱打,7
C19d35e29f17fb38d745,乱打,8
C19d35e29f1837898a79,sl,7
C19d35e29f1837898a79,乱打,8
C19d35e29f19c6fa8582,乱打,8
C19d35e29f1a7b32898d,乱打,8
C19d35e29f1b8d06d633,乱打,8
C19d35e29f1cfc2021ad,乱打,8
C19d35e29f1de5900726,乱打,9
C19d35e29f1efc307c9c,sl,8
C19d35e29f1efc307c9c,乱打,9
C19d35e29f1f3b816fe9,sl,9
C19d35e29f1f3b816fe9,乱打,10
C19d35e29f201673e79f,乱打,10
C19d35e29f21cac4acb6,乱打,10
C19d35e29f222ebd70c7,乱打,11
C19d35e29f23b7d58aa9,乱打,11
C19d35e29f2474dfeb2e,乱打,11
C19d35e29f25b32a94ea,乱打,11
C19d35e29f2606d4bb07,乱打,11
C19d35e29f27eb3e801c,sl,12
C19d35e29f27eb3e801c,乱打,11
C19d35e29f28122ecf8c,乱打,11
C19d35e29f298deba0e4,乱打,11
C19d35e29f2a7165f47d,sl,12
C19d35e29f2a7165f47d,乱打,12
C19d35e29f2bd43cff20,乱打,12
C19d35e29f2ccb7127b2,乱打,12
C19d35e29f2d47e8e837,sl,12
C19d35e29f2d47e8e837,乱打,12
C19d35e29f2e6188d82a,乱打,12
C19d35e29f2f5bf743be,乱打,12
C19d35e29f30cc27d9d0,乱打,12
C19d35e29f31dbb1d7b9,乱打,12
C19d35e29f32af3421da,sl,12
C19d35e29f32af3421da,乱打,12
C19d35e29f33d037bcb7,乱打,12
C19d35e29f3579ac3cc3,▽,10
C19d35e29f45ddb72d66,st,2
C19d35e29f46393a4567,▽,9
C19d35e29f486dace0b7,fr,9
C19d35e29f4b09d4be76,so,1
C19d35e29f5b88ad564b,ln,17
C19d35e29f5cf14e1c6e,ln,17
C19d35e29f611300afd5,dl,3
C19d35e29f611300afd5,st,3
C19d35e29f62de906da5,Ude,3
C19d35e29f62de906da5,sl,3
C19d35e29f637597ae1e,Ude,6
C19d35e29f637597ae1e,sl,6
C19d35e29f64614aabc0,▽,10
C19d35e29f65b3fe9cb9,★★,5
C19d35e29f66816e35c9,ξ,6
C19d35e29f6722790a5f,ξ,6
C19d35e29f683a9767e7,so,4
C19d35e29f6912f38cdf,so,7
C19d35e29f6efc355cd5,sl,1
C19d35e29f6f7f9a48a3,sl,3
C19d35e29f709ed2e713,ln,20
C19d35e29f71891fd8c4,sl,3
C19d35e29f72afbab165,so,2
C19d35e29f74ea473057,▽,2
C19d35e29f75d2fd6e08,ln,19
C19d35e29f79cc344325,so,1
C19d35e29f7aa66eee93,so,1
C19d35e29f833c73bab2,sl,12
C19d35e29f8562b829bc,重発狂,2
C19d35e29f88b2c28522,st,3
C19d35e29f898a9a6feb,dl,3
C19d35e29f898a9a6feb,st,3
C19d35e29f8a469b9729,st,6
C19d35e29f8a469b9729,重発狂,5
C19d35e29f8b1753ef5e,ln,18
C19d35e29f8c22a34942,ln,22
C19d35e29f8f41fd47eb,st,0
C19d35e29f908288cabc,st,12
C19d35e29f91f4c904da,ln,18
C19d35e29f92e70e863f,Ude,11
C19d35e29f92e70e863f,sl,11
C19d35e29f9380da3507,ln,21
C19d35e29f94e0b0c49c,ln,21
C19d35e29f9508d8ad37,双,6
C19d35e29fa6f1f7f2d3,sl,0
C19d35e29fab7fd60d69,▽,6
C19d35e29facf3de41b7,fr,9
C19d35e29facf3de41b7,ln,22
C19d35e29fada7871ea8,乱打,12
C19d35e29fcaa3b8e8d9,▽,1
C19d35e29fcd73a13bfc,Ude,Ude0 (sub)
C19d35e29fcd73a13bfc,sl,0
C19d35e29fd314eee207,sl,4
C19d35e29fd639f8226e,so,5
C19d35e29fd83f54fd62,▽,4
C19d35e29fe3c00717c4,sl,4
C19d35e29fe3c00717c4,乱打,4
C19d35e29fe48a1464f4,ξ,6
C19d35e29fe7be13db49,Ude,4
C19d35e29fe7be13db49,sl,4
C19d35e29fe82ed3e22c,sl,8
C19d35e29fe9b641ea6f,sl,8
C19d35e29fead66906af,Ude,8
C19d35e29fead66906af,sl,8
C19d35e29feb34ae5424,sl,11
C19d35e29fec898266e1,▼,7
C19d35e29fed97ba20f1,Ude,9
C19d35e29fed97ba20f1,sl,9
C19d35e29fed97ba20f1,▼,14
C19d35e29fefbc8c7990,ln,17
C19d35e29ff0823877be,ln,18
C19d35e29ff13145d8f2,ln,18
C19d35e29ff2f835f52e,ln,18
C19d35e29ff3c2169369,sl,8
C19d35e29ff602a46791,so,7
C19d35e29ff7ca45bd80,sl,2
C19d35e29ff82fa55040,sl,4
C19d35e29ffaed16c69e,st,4
C19d35e29ffaed16c69e,双,4
C19d35e29ffba95babac,st,8
C19d35e29ffba95babac,重発狂,8
C19d35e29ffc7fec0717,sl,5
C19d35e29ffd942b87c4,Ude,7
C19d35e29ffd942b87c4,sl,7
C19d35e29ffe30987987,乱打,2
C19d35e2a003724e3ecf,ln,17
C19d35e2a0047cb5be1f,ln,24
C19d35e2a006494c745d,sl,3
C19d35e2a007d9de1dfd,▽,1
C19d35e2a008aa7dc59a,▽,1
C19d35e2a00edb1e3aa0,sl,8
C19d35e2a01555da9893,▽,6
C19d35e2a0178a1a5fd6,ln,23
C19d35e2a01bd0606db1,▼,?
C19d35e2a01ed9f4a5df,ξ,4
C19d35e2a01f50afe2f2,ln,18
C19d35e2a020f6bb7510,ln,20
C19d35e2a0217bc4c20e,ln,23
C19d35e2a0222f66d778,▽,11
C19d35e2a02466a5e3bc,sl,2
C19d35e2a027dc479841,乱打,6
C19d35e2a02b748fe20f,st,0
C19d35e2a02cbb7d15bd,▼,3
C19d35e2a02dfef710af,▼,6
C19d35e2a02e8764e212,st,1
C19d35e2a02e8764e212,▼,21
C19d35e2a02ff131a5f1,▽,1
C19d35e2a03172825423,▽,4
C19d35e2a032c63c0612,▽,6
C19d35e2a03391c7fe71,▽,8
C19d35e2a0347e29e32d,▽,8
C19d35e2a0350fa7f477,▽,9
C19d35e2a036d52fb9fa,▽,10
C19d35e2a03767232e95,▽,12
C19d35e2a039dfeec998,sl,0
C19d35e2a03a53b24b58,so,1
C19d35e2a03b41d55fb7,ξ,7
C19d35e2a03c23f6f752,ln,14
C19d35e2a03df6f99364,重発狂,0
C19d35e2a041ea6f2b68,st,1
C19d35e2a042ff98d32b,st,11
C19d35e2a0435664cb88,Ude,0
C19d35e2a044e71dcf59,Ude,2
C19d35e2a046d54b0e52,sl,3
C19d35e2a04804752292,sl,0
C19d35e2a050c0ad5f02,sl,11
C19d35e2a054993ed891,st,3
C19d35e2a05519e13607,st,3
C19d35e2a0566cbe37d6,st,4
C19d35e2a05794e31ff6,st,4
C19d35e2a058b9b0ad9c,st,5
C19d35e2a059ba15954e,st,5
C19d35e2a05ada5a45e3,st,5
C19d35e2a05b5a18ad88,st,5
C19d35e2a05cd3a87efa,st,5
C19d35e2a05cd3a87efa,重発狂,5
C19d35e2a05d3c68ef2f,sl,4
C19d35e2a05e51b16e3c,sl,5
C19d35e2a05f34f78b10,sl,6
C19d35e2a06040627bd8,Ude,9
C19d35e2a06040627bd8,sl,9
C19d35e2a061d394df7d,sl,10
C19d35e2a0629d1d7ea3,▼,8
C19d35e2a0686418cb3f,st,0
C19d35e2a0686418cb3f,▼,20
C19d35e2a06a0c77126d,乱打,2
C19d35e2a06cd15032bb,st,6
C19d35e2a06cd15032bb,重発狂,7
C19d35e2a06d2acd917c,Ude,8
C19d35e2a06d2acd917c,sl,8
C19d35e2a06ef4814983,Ude,4
C19d35e2a06ffe73a7a6,so,1
C19d35e2a0700ab89675,重発狂,6
C19d35e2a07758d53063,st,3
C19d35e2a07758d53063,▼,23
C19d35e2a0788fb23f63,dl,3
C19d35e2a0788fb23f63,st,3
C19d35e2a07c200661e8,st,6
C19d35e2a07dc60404ac,st,6
C19d35e2a07e176d0e9b,st,7
C19d35e2a07e176d0e9b,重発狂,7
C19d35e2a07f3a15149b,st,8
C19d35e2a080cfdd82ae,▽,4
C19d35e2a081bafef46a,ln,16
C19d35e2a0829db1f67a,Ude,10
C19d35e2a084e9ee441a,SB,提案
C19d35e2a088ecd6805c,Ude,3
C19d35e2a088ecd6805c,sl,3
C19d35e2a089bf35a4b1,▽,4
C19d35e2a08ac44ebd68,▽,5
C19d35e2a08bf063e4bc,▽,5
C19d35e2a09364f38537,ln,16
C19d35e2a0940d1994f9,Ude,12
C19d35e2a0977d3156fc,st,5
C19d35e2a0981fc9d49c,ln,16
C19d35e2a09937536444,ln,17
C19d35e2a09aebcf5cf8,ln,18
C19d35e2a0a05044df5a,ln,16
C19d35e2a0a1b2fd6dc1,dl,5
C19d35e2a0a1b2fd6dc1,st,5
C19d35e2a0a2e9cf025a,fr,7
C19d35e2a0a2e9cf025a,so,12
C19d35e2a0a8cf31c9db,dl,4
C19d35e2a0a985afbfbb,dl,5
C19d35e2a0a985afbfbb,重発狂,5
C19d35e2a0b2f4f6db7d,Ude,12
C19d35e2a0b2f4f6db7d,sl,12
C19d35e2a0b3b13dba9d,▽,1
C19d35e2a0b47e0e6305,▽,1
C19d35e2a0b5cc2ab5f8,▽,4
C19d35e2a0b654c88247,ξ,9
C19d35e2a0b750dd1e41,sr,?
C19d35e2a0b82d5c13fb,Ude,3
C19d35e2a0beac66aeae,▽,11
C19d35e2a0c798a26a09,▽,1
C19d35e2a0c8c39d3cf5,▽,6
C19d35e2a0ce4c222f55,st,5
C19d35e2a0cf155669bc,▽,4
C19d35e2a0d012968667,▽,10
C19d35e2a0d2fc40b05e,▽,5
C19d35e2a0d91c83798a,st,3
C19d35e2a0dae38bd03d,sl,2
C19d35e2a0db75e5a7bb,sl,3
C19d35e2a0dcb9710937,sl,5
C19d35e2a0ddb4e27908,Ude,Ude4 (sub)
C19d35e2a0ddb4e27908,sl,4
C19d35e2a0ddb4e27908,▼,7
C19d35e2a0de04230efc,Ude,7
C19d35e2a0de04230efc,sl,7
C19d35e2a0dff2c94919,sl,9
C19d35e2a0e0211799a5,sl,10
C19d35e2a0e1ebfbd608,▽,4
C19d35e2a0e29a29235c,▽,6
C19d35e2a0e59a2a1dfb,dl,2
C19d35e2a0e62cfe9f0d,so,0
C19d35e2a0e7ff304d75,so,2
C19d35e2a0e8867fe0df,so,6
C19d35e2a0e9eca042bc,so,8
C19d35e2a0ead7ddd8e0,so,9
C19d35e2a0eb9d1d2b98,so,12
C19d35e2a0ec51ef0990,乱打,12
C19d35e2a0f119e94822,ξ,6
C19d35e2a0f119e94822,▽,3
C19d35e2a0f20965cfd1,dl,0
C19d35e2a0f6c676ad09,▼,21
C19d35e2a0f7ebfb51df,ξ,6
C19d35e2a0f8a915eb6f,Ude,3
C19d35e2a0fda90005d8,st,1
C19d35e2a0fe14619ecd,dl,1
C19d35e2a0fe14619ecd,st,1
C19d35e2a0ff0a7c6952,st,2
C19d35e2a10025f46e6b,st,4
C19d35e2a101bae98b41,st,4
C19d35e2a102e7a84dfd,dl,5
C19d35e2a102e7a84dfd,st,5
C19d35e2a10319ccc0df,▽,3
C19d35e2a104a2453cb7,▽,3
C19d35e2a105161424f8,▽,3
C19d35e2a106bf63308b,▽,4
C19d35e2a1098e1323e5,so,0
C19d35e2a10fa164c9d1,st,4
C19d35e2a110854cdbc8,Ude,4
C19d35e2a113be79c438,ln,21
C19d35e2a11467f2a271,ln,23
C19d35e2a1178fc1d273,dl,5
C19d35e2a1178fc1d273,st,5
C19d35e2a118f15e28cc,st,6
C19d35e2a119456cd15e,▽,3
C19d35e2a11a79700aa0,▽,4
C19d35e2a11b6051fecf,▽,4
C19d35e2a11c29afb49b,▽,4
C19d35e2a122f1733e12,sl,10
C19d35e2a123b47771b8,▽,5
C19d35e2a124a71a2dc9,ln,23
C19d35e2a125118084a1,ln,24
C19d35e2a1273665a3b9,▽,4
C19d35e2a1283847a162,ξ,4
C19d35e2a12e5b801dec,st,12
C19d35e2a12f48776bbc,▽,5
C19d35e2a1305867f139,▽,5
C19d35e2a13127978fe5,▽,6
C19d35e2a13278265085,★★,2
C19d35e2a135db7b813d,so,6
C19d35e2a13683a9b03e,重発狂,3
C19d35e2a13a0d6c41c4,st,3
C19d35e2a13b77f6f8c8,dl,0
C19d35e2a13cab14c85b,重発狂,2
C19d35e2a140c65d45f4,▽,2
C19d35e2a141c18634ae,Ude,1
C19d35e2a14241612b5b,Ude,7
C19d35e2a14322e432a5,Ude,8
C19d35e2a14322e432a5,sl,8
C19d35e2a145cae03b15,重発狂,7
C19d35e2a1480dd18713,Ude,8
C19d35e2a149f92f7e2a,Ude,10
C19d35e2a14d5260183a,Ude,6
C19d35e2a155c53a4b6d,dl,2
C19d35e2a155c53a4b6d,st,2
C19d35e2a156001f9b1d,dl,5
C19d35e2a156001f9b1d,st,5
C19d35e2a15701013934,st,4
C19d35e2a15701013934,▼,24
C19d35e2a15701013934,重発狂,4
C19d35e2a1583161084e,st,6
C19d35e2a159623902ec,sl,0
C19d35e2a15a0befb042,sl,2
C19d35e2a15b3ec74b6d,sl,4
C19d35e2a15c4fd06a33,sl,7
C19d35e2a15dbd26862a,sl,8
C19d35e2a15ebbc79196,Ude,10
C19d35e2a15ebbc79196,sl,10
C19d35e2a15fa03072e6,▼,6
C19d35e2a1609fe41cf0,▼,10
C19d35e2a161fd89cd34,▽,3
C19d35e2a162f8435618,▽,5
C19d35e2a163ac7074b7,▽,6
C19d35e2a1641f155402,▽,7
C19d35e2a1662ff117d7,▽,9
C19d35e2a16779ed4ff6,▽,10
C19d35e2a1683d52d490,▽,11
C19d35e2a16cf3d31a03,Ude,12
C19d35e2a172ad97f848,重発狂,0
C19d35e2a1773262b807,st,3
C19d35e2a17845a140ee,st,6
C19d35e2a179d884d2ae,sl,11
C19d35e2a17a3a39bab7,双,3
C19d35e2a17fe859cb36,dy,2
C19d35e2a1837b136bcc,st,2
C19d35e2a1847880742f,st,4
C19d35e2a185bf0d208c,st,3
C19d35e2a18830d3e3be,重発狂,5
C19d35e2a18dc2b21862,▽,9
C19d35e2a18fd9165c44,重発狂,5
C19d35e2a193971fe807,▽,10
C19d35e2a19753589b93,st,8
C19d35e2a198513348de,Ude,7
C19d35e2a19900878673,重発狂,6
C19d35e2a19a284115db,重発狂,6
C19d35e2a19e6b04822f,st,6
C19d35e2a19e6b04822f,重発狂,6
C19d35e2a19f758259f7,st,6
C19d35e2a1a0f4ff4332,dl,8
C19d35e2a1a0f4ff4332,st,8
C19d35e2a1a14a049132,dl,4
C19d35e2a1a9e81250bb,sl,4
C19d35e2a1aaccbd90c5,▽,4
C19d35e2a1ab57798a18,▽,7
C19d35e2a1ac0454d5ec,Ude,7
C19d35e2a1ae3e6bae93,重発狂,6
C19d35e2a1af575ac9a2,重発狂,6
C19d35e2a1b107625481,Ude,10
C19d35e2a1b3c42a27db,▽,9
C19d35e2a1b470296ab3,▽,9
C19d35e2a1b5738b4ed6,Ude,8
C19d35e2a1b663d5d1b7,Ude,8
C19d35e2a1c44eefe9a5,重発狂,2
C19d35e2a1c529103b26,重発狂,6
C19d35e2a1c6914fe600,重発狂,6
C19d35e2a1c8833effa3,▽,11
C19d35e2a1c931c65629,Ude,4
C19d35e2a1d07ab2a87f,dl,7
C19d35e2a1d07ab2a87f,st,7
C19d35e2a1d1d6b5d023,fr,10
C19d35e2a1d1d6b5d023,重発狂,7
C19d35e2a1d64af60ce2,乱打,11
C19d35e2a1d7ce916b32,sl,3
C19d35e2a1dbd7444de2,st,1
C19d35e2a1dc0d8f34ac,st,2
C19d35e2a1ddb91138e0,st,4
C19d35e2a1de11fe95e9,st,5
C19d35e2a1df8b0d2fe3,st,5
C19d35e2a1e0f890234c,st,6
C19d35e2a1e15630a85e,st,6
C19d35e2a1e211da0e8d,st,6
C19d35e2a1e387a3cb57,sl,0
C19d35e2a1e46e47d347,sl,1
C19d35e2a1e5202c315b,sl,3
C19d35e2a1e6e9212cbf,sl,4
C19d35e2a1e7ea4b39a2,sl,6
C19d35e2a1e8b42d302e,sl,7
C19d35e2a1e9cf38d5ac,Ude,Ude11 (sub)
C19d35e2a1e9cf38d5ac,sl,11
C19d35e2a1eaa83b8af5,Ude,11
C19d35e2a1eaa83b8af5,sl,11
C19d35e2a1eb51ea3edc,▼,21
C19d35e2a1ecb8905de0,dl,-2
C19d35e2a1ed50844c9e,so,1
C19d35e2a1ee1a5d6be5,so,11
C19d35e2a1f99bc922e2,sl,3
C19d35e2a1fa85672c16,Ude,9
C19d35e2a1fa85672c16,sl,9
C19d35e2a1fb3f76b025,Ude,8
C19d35e2a1fb3f76b025,sl,8
C19d35e2a1fc261daef3,Ude,8
C19d35e2a205ab1570ce,st,3
C19d35e2a206c511cee3,▽,11
C19d35e2a2075709861b,▽,11
C19d35e2a20859661f96,▽,12
C19d35e2a2090a2e800e,ln,18
C19d35e2a20a9e6dd013,dl,5
C19d35e2a20a9e6dd013,重発狂,5
C19d35e2a20b44de51e9,重発狂,5
C19d35e2a20ce6b2f122,重発狂,5
C19d35e2a20dacdceb5b,重発狂,5
C19d35e2a2102ce6c895,★★,4
C19d35e2a2142145ede3,▽,4
C19d35e2a215cbac1606,ξ,3
C19d35e2a21dc4d8837a,dl,9
C19d35e2a21dc4d8837a,st,9
C19d35e2a21dc4d8837a,重発狂,11
C19d35e2a21f17e3f558,重発狂,2
C19d35e2a220619e0f5b,st,3
C19d35e2a220619e0f5b,重発狂,2
C19d35e2a221209df5b9,▽,8
C19d35e2a2224517b740,▽,12-
C19d35e2a223c31273bc,dl,保留
C19d35e2a224ce354e77,dl,削除
C19d35e2a2333f241263,▼,6
C19d35e2a237114c6d14,▼,4
C19d35e2a238ebabde36,▼,12
C19d35e2a241ced5cb2d,dl,7
C19d35e2a241ced5cb2d,st,7
C19d35e2a242149d92a0,双,4
C19d35e2a243b50d2c56,dl,査定中
C19d35e2a243b50d2c56,sn,9
C19d35e2a24530ba5d9e,so,7
C19d35e2a246dc879dac,重発狂,7
C19d35e2a24a1a90daae,st,7
C19d35e2a24a1a90daae,重発狂,7
C19d35e2a24b5ecbda0f,Ude,9
C19d35e2a251eee7ccba,SB,7
C19d35e2a255a2725848,▼,15
C19d35e2a256b54bc69e,▽,4
C19d35e2a2572e574ef8,▽,5
C19d35e2a258d551d1b0,▽,6
C19d35e2a259389708ed,▽,6
C19d35e2a25a9b3502ed,▽,7
C19d35e2a25bd82807c8,▽,8
C19d35e2a25c17b18a50,▽,9
C19d35e2a25df10cc7dc,▽,9
C19d35e2a25e9044a7a2,▽,9
C19d35e2a25f8168fad5,▽,9
C19d35e2a260943c1fdc,▽,9
C19d35e2a261f7a9d5fb,▽,9
C19d35e2a2624d556654,▽,10
C19d35e2a2639e4ae696,▽,11
C19d35e2a264b8351b36,▽,12-
C19d35e2a265beff3b38,▽,12-
C19d35e2a2665b3ab940,▽,12
C19d35e2a267306c4f54,★★,4
C19d35e2a26818d22f63,Ude,5
C19d35e2a2697c469332,Ude,9
C19d35e2a26a357400cb,Ude,10
C19d35e2a26e50febd19,st,2
C19d35e2a26f78d9cd6d,Ude,0
C19d35e2a26f78d9cd6d,sl,0
C19d35e2a2709b6d0a45,sl,7
C19d35e2a27118080410,sl,7
C19d35e2a2738d304ab8,Ude,Ude12 (sub)
C19d35e2a2738d304ab8,dl,-1
C19d35e2a2738d304ab8,sl,12
C19d35e2a278fe80a773,sn,5
C19d35e2a27902e51ca2,so,1
C19d35e2a27ba02dc2f2,sl,3
C19d35e2a27ba02dc2f2,▼,4
C19d35e2a27c2936c6e0,▽,8
C19d35e2a27d936edbdb,▽,12
C19d35e2a2867c122fe7,st,5
C19d35e2a287024e97a7,st,6
C19d35e2a28acabc57e8,Ude,4
C19d35e2a28acabc57e8,sl,4
C19d35e2a28b513dab67,Ude,5
C19d35e2a28ca8013ffa,Ude,8
C19d35e2a28ca8013ffa,sl,8
C19d35e2a28d10426c1c,Ude,9
C19d35e2a28ef96016f7,Ude,12
C19d35e2a28f37e39108,sl,7
C19d35e2a2a86bfac944,sl,7
C19d35e2a2b45660066c,Ude,0
C19d35e2a2b5226823f7,Ude,2
C19d35e2a2b6f220c4c4,Ude,3
C19d35e2a2b7533c0a2c,Ude,4
C19d35e2a2b8a96a485f,Ude,8
C19d35e2a2b9b9880102,Ude,9
C19d35e2a2ba12988036,Ude,11
C19d35e2a2ba12988036,sl,12
C19d35e2a2be2033d49d,st,4
C19d35e2a2ca84d939d1,▽,6
C19e3334a933c74a8ec1,st,4
C19e3334a934049142a0,st,6
C19e3334a9359e2071c5,dl,1
C19e3334a936caabdfd7,Ude,2
C19e3334a937a4429269,Ude,3
C19e3334a938bc7cfeb1,Ude,5
C19e3334a939c0d4defe,Ude,5
C19e3334a939c0d4defe,sl,5
C19e3334a93a2c05bfad,Ude,6
C19e3334a93b8e9abb25,Ude,6
C19e3334a93cd2a6cf3f,Ude,9
C19e3334a93ee49ff8ae,重発狂,4
C19e3334a945fc098b3c,▽,12+
C19e3334a94a294afdbc,dl,7
C19e3334a94a294afdbc,st,7
C19e3334a9529c35f8e6,Ude,4
C19e3334a956d975f9ac,dl, DELAYMASTER
C19e3334a958620f12ae,st,12
C19e3334a95caad56885,▽,1
C19e3334a95d155a7d6d,Ude,0
C19e3334a95e53f2675f,Ude,12
C19e3334a960b2591e9f,st,0
C19e3334a961ffcd80b9,st,0
C19e3334a962d0ea5d8c,st,5
C19e3334a962d0ea5d8c,重発狂,5
C19e3334a963451afbcd,st,8
C19e3334a963451afbcd,重発狂,8
C19e3334a964a21a89cc,sl,2
C19e3334a96540bb7058,sl,6
C19e3334a96691545cfa,sl,8
C19e3334a96781202058,Ude,Ude8 (sub)
C19e3334a96781202058,sl,8
C19e3334a96888ee54c0,sl,9
C19e3334a9697c26f8c5,sl,9
C19e3334a96a71499e68,sl,9
C19e3334a96bac35d788,sl,9
C19e3334a96d64e957dd,ln,15
C19e3334a96f7771bc9e,sn,10
C19e3334a97050412752,so,1
C19e3334a971d89fc5b2,Ude,Ude4 (sub)
C19e3334a9722be2dd0b,Ude,Ude9 (sub)
C19e3334a978affe8504,st,0
C19e3334a979efb07b68,st,1
C19e3334a97a87c747df,dl,3
C19e3334a97a87c747df,st,2
C19e3334a97ba9930933,st,7
C19e3334a97c5c39d62a,st,7
C19e3334a987496a4167,dy,10
C19e3334a98b88bf55ab,so,3
C19e3334a9901de9565b,▼,20
C19e3334a99159467d6d,▽,2
C19e3334a992de192ece,sn,1
C19e3334a995c31f2ed0,▽,3
C19e3334a9968232f959,▽,12
C19e3334a999f35b4cb3,dl,6
C19e3334a999f35b4cb3,st,6
C19e3334a99af5f5f07a,st,6
C19e3334a99b602d53c1,重発狂,7
C19e3334a99d14f8d7b1,▽,1
C19e3334a99ec86caa47,ξ,9
C19e3334a99facc06430,重発狂,4
C19e3334a9a666825692,st,1
C19e3334a9a7b43dd7ba,▽,10
C19e3334a9a8c640f7bf,dl,dl2 (sub)
C19e3334a9a9e073ac95,Ude,1
C19e3334a9acaa826be6,▼,23
C19e3334a9adaaa90532,dl,7
C19e3334a9ae1e8a474d,Ude,6
C19e3334a9aff9c50509,Ude,6
C19e3334a9b17d6319c3,Ude,9
C19e3334a9b5344f2fec,st,7
C19e3334a9b740bb4650,Ude,6
C19e3334a9b8d8d6713a,Ude,8
C19e3334a9b8d8d6713a,sl,8
C19e3334a9bac583510e,重発狂,3
C19e3334a9bb98178ee4,重発狂,7
C19e3334a9c4cdedde8c,st,1
C19e3334a9c5a64fd4ac,st,0
C19e3334a9c6a0c36c60,st,7
C19e3334a9c7a1c8c76e,sl,0
C19e3334a9c8acbd6b06,sl,2
C19e3334a9c90f9e3edb,sl,2
C19e3334a9ca8d2907d7,sl,3
C19e3334a9cb95ff00c3,sl,3
C19e3334a9cc9b79e3aa,Ude,3
C19e3334a9cc9b79e3aa,sl,3
C19e3334a9cd23536b34,sl,5
C19e3334a9cef698d650,Ude,8
C19e3334a9cef698d650,sl,8
C19e3334a9cfe49a6d1e,sl,8
C19e3334a9d0e0a5fd5a,sl,9
C19e3334a9d1fe244c35,sl,9
C19e3334a9d2c5ed976b,sl,12
C19e3334a9d638161062,so,2
C19e3334a9d71ef91ab8,so,4
C19e3334a9d851fd1962,重発狂,4
C19e3334a9db8ce66592,st,2
C19e3334a9dc3e92505e,st,4
C19e3334a9ddca946abc,dl,7
C19e3334a9ddca946abc,st,7
C19e3334a9de24b54986,sl,0
C19e3334a9dfc6b7d988,sl,6
C19e3334a9e0536794c8,dl,3
C19e3334a9e0536794c8,st,3
C19e3334a9e1ad2ca21e,dl,7
C19e3334a9e63c53d386,dl,4
C19e3334a9e63c53d386,st,4
C19e3334a9e74850384d,dl,3
C19e3334a9e74850384d,st,3
C19e3334a9e8e02a1da6,st,4
C19e3334a9e93ec3070f,st,5
C19e3334a9e93ec3070f,重発狂,5
C19e3334a9ea52c06cb8,st,5
C19e3334a9eeaee29984,▽,6
C19e3334a9efb78950a2,▽,9
C19e3334a9f039b87cd3,▽,9
C19e3334a9f18766346a,▽,10
C19e3334a9f2fe749011,▽,11+
C19e3334a9f38e80ebe6,▽,11+
C19e3334a9f42b041374,▽,12
C19e3334a9f53e6e63b5,重発狂,7
C19e3334a9f638d6f245,重発狂,7
C19e3334a9f76b006b55,dl, BEGINNER
C19e3334a9f76b006b55,乱打,9
C19e3334a9fa90dda648,重発狂,7
C19e3334a9ff660c383b,▽,5
C19e3334aa039efeaa20,重発狂,2
C19e3334aa07ecb44339,sl,1
C19e3334aa0aff4d4bea,Ude,1
C19e3334aa0bb7667f0b,Ude,7
C19e3334aa0ceccb1ecd,sl,4
C19e3334aa0d80a1c3c7,重発狂,7
C19e3334aa114d1f56bc,重発狂,4
C19e3334aa196de8381d,dl,7
C19e3334aa196de8381d,st,7
C19e3334aa1a0c503ce8,▽,2
C19e3334aa20e1be1abd,st,7
C19e3334aa21fb99ff4e,▽,3
C19e3334aa229def1408,▽,4
C19e3334aa23fc0b1386,▽,4
C19e3334aa24f7088edd,▽,4
C19e3334aa25e877ddfc,▽,5
C19e3334aa26c5c94103,▽,5
C19e3334aa27504366ca,ξ,4
C19e3334aa2836b1c31d,重発狂,3
C19e3334aa29b75e4457,重発狂,4
C19e3334aa2a302fc3fa,st,8
C19e3334aa2a302fc3fa,重発狂,8
C19e3334aa2b4007e42e,▽,4
C19e3334aa2c2d26b4ac,★★,7
C19e3334aa2e4b719ed2,so,2
C19e3334aa31c0ac2367,双,4
C19e3334aa32dc426640,双,4
C19e3334aa331818257d,dl,5
C19e3334aa34c1a5cd68,dl,8
C19e3334aa3b686dcfec,乱打,11
C19e3334aa3ef9204e76,so,0
C19e3334aa3f58d176ef,sl,0
C19e3334aa403db4b733,sl,0
C19e3334aa415ff77c98,sl,0
C19e3334aa420dda620c,▽,1
C19e3334aa43871f1dc6,▽,3
C19e3334aa44b378872c,ln,20
C19e3334aa4565800792,ln,21
C19e3334aa46ee7380e9,Ude,6
C19e3334aa479782c59a,Ude,7
C19e3334aa486bb26645,so,0
C19e3334aa4911a18dfb,so,4
C19e3334aa4a290bb134,so,11
C19e3334aa4b9f763bbb,sl,3
C19e3334aa539d144005,▽,12+
C19e3334aa56bd2173ce,sl,8
C19e3334aa5704fbf425,dl,10
C19e3334aa5704fbf425,st,10
C19e3334aa58f6a30d05,sl,7
C19e3334aa59b654b010,Ude,Ude8 (sub)
C19e3334aa59b654b010,sl,8
C19e3334aa5b91c895d8,sl,1
