chart_id,sg_hc,elo
C19d35e1260b8d5b84ee,25.22412293137084,2622
C19d35e126197447d377,21.279008125042548,2228
C19d35e1261b1365c4dc,25.01380950362451,2601
C19d35e1261c917b54c0,10.209802363030995,1121
C19d35e1261fb5860387,5.935976976244103,694
C19d35e126200861be32,34.42750822710879,3543
C19d35e12627eacf124e,34.618084108027396,3562
C19d35e12628deb827a9,36.520821466850684,3752
C19d35e12629563d0f19,23.25604172945374,2426
C19d35e1262a691afc6d,2.9997325429954107,400
C19d35e1262bd5bab57b,11.021996167950327,1202
C19d35e1262c650a4ea4,6.002821998552863,700
C19d35e12658ea90e586,11.259806758027471,1226
C19d35e12659909012a8,38.72733686436629,3973
C19d35e126642dc41c86,10.99447296838922,1199
C19d35e1266688e30fed,12.182968516862347,1318
C19d35e126708e5477b7,19.865888399504364,2087
C19d35e1267817e88c21,30.01640568402204,3102
C19d35e1272efa5a427f,37.04552473533764,3805
C19d35e1273902a7c019,34.740166458336795,3574
C19d35e1273aa2aae59f,36.722392815140005,3772
C19d35e1273b2c5ad9be,27.81292243431716,2881
C19d35e12745bdeb5914,24.32314597905057,2532
C19d35e1274d33c42df5,10.579100516581851,1158
C19d35e1276e05964108,15.083849822312352,1608
C19d35e1277fe70a3725,7.7427537590455175,874
C19d35e1278691834dee,16.71703013276446,1772
C19d35e127a4331e4e14,1,200
C19d35e127ab5341d330,11.210296726633334,1221
C19d35e127aef1b18dda,16.830828880535517,1783
C19d35e127b035de085c,7.342474944895162,834
C19d35e127b26eb3046c,33.197925498702844,3420
C19d35e127b809ab4c67,33.86531415509683,3487
C19d35e127c03abc7764,15.417780992847808,1642
C19d35e127d2fdccbe05,12.125211919952292,1313
C19d35e127f7953dbc70,12.236102823321808,1324
C19d35e1280052755749,36.53439806842292,3753
C19d35e12801081fe4e5,14.953437342038725,1595
C19d35e12802359aa0a3,13.763443759169782,1476
C19d35e12818d79d72bb,12.02509275008528,1303
C19d35e1281b68d6b96f,35.05783431368132,3606
C19d35e1281e5e485425,5.992783773814294,699
C19d35e1281fcbf58fb1,7.284344950439996,828
C19d35e12822edf8cf17,27.433077635459743,2843
C19d35e128379289d63d,22.31836351401882,2332
C19d35e128381d1651a9,37.54108317049627,3854
C19d35e12849fb198a3c,36.79751241751182,3780
C19d35e1284e34679d67,36.40760192390151,3741
C19d35e12853a3230124,32.81282961582068,3381
C19d35e1287c766242f4,32.306807396096836,3331
C19d35e12888ccd451a0,36.03107023769391,3703
C19d35e1288c0f6d0d4a,31.01493098301513,3201
C19d35e1288d4bbc0fd0,3.9818252915270738,498
C19d35e1288e60d17d18,6.910159157884072,791
C19d35e1288f30c37382,8.791984050222714,979
C19d35e1289085e3d5f4,12.477953123869142,1348
C19d35e1294747657947,5.7504450810506285,675
C19d35e1294b2bdef089,11.050915756068404,1205
C19d35e1294d05c16ce2,3.305649517973988,431
C19d35e129869cb61577,12.677569021219838,1368
C19d35e12987c40d5a85,6.952646462509953,795
C19d35e129887dc5179e,2.8368207549511917,384
C19d35e1298a09f6bf3d,1,200
C19d35e1299860ea0d5f,21.589921986437176,2259
C19d35e129ca80c82000,38.036184111358416,3904
C19d35e129e0b5980df8,36.54033861462998,3754
C19d35e129fc8ef5c52f,15.969961697781791,1697
C19d35e12a01185c7dd0,22.68898157710406,2369
C19d35e12a03ff2e0c22,11.016179211380637,1202
C19d35e12a33aa03a36d,36.766268459932604,3777
C19d35e12a3b1475d815,6.4842169641249825,748
C19d35e12a3fd94f8faf,8.372121760710739,937
C19d35e12a4c4e4df992,37.154435690783295,3815
C19d35e12a4fee0a189a,17.007939985440405,1801
C19d35e12a6577138bb6,35.293455208178486,3629
C19d35e12a760d6e82bc,33.67712967275725,3468
C19d35e12a89a3ce8d7f,20.02444460258924,2102
C19d35e12a8bcbe47163,23.20637618463042,2421
C19d35e12a8d9283a7a4,32.97304782206923,3397
C19d35e12ad87894ebe8,2.264018370370345,326
C19d35e12adada08d689,6.364126036856691,736
C19d35e12ae0954bef54,1.9955667069606855,300
C19d35e12ae682768e25,4.99112015491112,599
C19d35e12ae7b2396af2,10.015436058215803,1102
C19d35e12ae8b76d381a,11.4975129066721,1250
C19d35e12ae974a67bd2,18.079565415207334,1908
C19d35e12aec9ff745df,29.003626909335836,3000
C19d35e12aed17cce571,23.136760146858897,2414
C19d35e12b0d69ccc7d8,32.32996025072377,3333
C19d35e12b0ea465c881,14.797556459360834,1580
C19d35e12b0f04c277ac,11.553216610457765,1255
C19d35e12b1c96b989b4,5.572768193751092,657
C19d35e12b1e92689b94,6.819631379320672,782
C19d35e12b1f88bcb0c8,10.716837082688631,1172
C19d35e12b5cf63a5344,10.65132202349993,1165
C19d35e12b5fa30b872a,27.704879722327668,2870
C19d35e12b66683bfc8c,14.61157563591434,1561
C19d35e12b68b5d4378a,14.548422549630295,1555
C19d35e12b6af1a11d94,35.578830171256605,3658
C19d35e12b716c85e643,35.2152939445807,3622
C19d35e12b7458669f05,22.800043280963916,2380
C19d35e12b782e19878a,16.03730050111656,1704
C19d35e12b8635753825,13.884440681369549,1488
C19d35e12b895b44ac8b,25.922337100251,2692
C19d35e12b93e42b5b51,25.00215661020435,2600
C19d35e12bb52cc1d22c,18.09201782740339,1909
C19d35e12bb8d5703083,23.119097592693922,2412
C19d35e12bba5e61f5a4,29.848346389966835,3085
C19d35e12bd90ed43dc3,26.6501056786509,2765
C19d35e12bda5978268d,13.81324237157413,1481
C19d35e12c05ad3f9246,11.076547835673065,1208
C19d35e12c0df0802a69,18.058169768569623,1906
C19d35e12c117f2e0942,25.48243996273834,2648
C19d35e12c128b5b362f,26.46799622370416,2747
C19d35e12c1460d215bb,33.366182380645284,3437
C19d35e12c19ad37bb6a,35.04343203234368,3604
C19d35e12c24f614a040,12.029668510970264,1303
C19d35e12c4bab0fecd7,39.00702784377883,4001
C19d35e12c4fc4fc8a05,23.612706714143226,2461
C19d35e12c57e95225ac,34.00726369539441,3501
C19d35e12c5e5f92a19f,23.274642316620195,2427
C19d35e12c77cb0343b9,31.24804050951741,3225
C19d35e12c7cf49d83ec,36.60027509737295,3760
C19d35e12c7d0efe38d6,12.6954759859906,1370
C19d35e12c7ed306f610,32.724726139928386,3372
C19d35e12c9ab5686c61,5.520570111338009,652
C19d35e12cacd61c69d5,36.40328024764264,3740
C19d35e12cfbfe69d702,30.028074750208674,3103
C19d35e12cfc3753ccee,33.402034973319424,3440
C19d35e12d20adf50f87,20.414209443385772,2141
C19d35e12d75e4e98693,11.004511342467751,1200
C19d35e12d76672b72aa,4.9974356231165995,600
C19d35e12d77b70616f5,13.460761927068274,1446
C19d35e12d7f1ad2c1f5,25.471281139484322,2647
C19d35e12d80e6fc6af5,17.027474110945665,1803
C19d35e12d829f5db947,33.38099731023206,3438
C19d35e12d833beb68f2,12.290277395571946,1329
C19d35e12d8453ba47aa,35.81697571820021,3682
C19d35e12d8590e3317d,32.449967837148485,3345
C19d35e12d8abf504796,36.29252783760861,3729
C19d35e12dac1155fbd7,2.174188504823349,317
C19d35e12dce5671e48b,10.817824934451764,1182
C19d35e12dcf48512e3b,10.264469179037194,1126
C19d35e12dd1a474911a,22.96179063254173,2396
C19d35e12dda44bfaf6c,14.558524841877434,1556
C19d35e12ddbfa3a7a34,31.1928291325269,3219
C19d35e12deb48ddf406,2.728659964125125,373
C19d35e12dec5d902119,6.697083419817015,770
C19d35e12ded8d95fb98,11.030625606005664,1203
C19d35e12dee18bb2465,12.462041583599499,1346
C19d35e12defa485d8a9,23.37423750203508,2437
C19d35e12e06733e2ccd,28.31158816379362,2931
C19d35e12e0bab304f3b,13.589114227056564,1459
C19d35e12e2dcbabf256,17.188782167083808,1819
C19d35e12e7817754042,6.554231258888427,755
C19d35e12ea10cfe523d,14.501630840636036,1550
C19d35e12ea225f14486,34.876854428973395,3588
C19d35e12ec3d1dd68ff,10.764108110400766,1176
C19d35e12ec5177cb83d,6.016073867969327,702
C19d35e12ec658156b48,11.97886742855687,1298
C19d35e12ec94a97a1e7,4.246027972275373,525
C19d35e12eca34fc8d9b,15.372367146157796,1637
C19d35e12f11da276819,3.4142832086973365,441
C19d35e12f6ae05d7343,10.874834020594594,1187
C19d35e12f6b1b8a8bd5,12.115096293234213,1312
C19d35e12f6c998138c9,33.34020969666145,3434
C19d35e12f85c69d6146,22.171108084976225,2317
C19d35e12f95f62067e2,31.765874315325476,3277
C19d35e12fb829535728,29.837194327120923,3084
C19d35e12fbf311f8129,10.615660411700896,1162
C19d35e12fc71d921ee2,7.9541789393348115,895
C19d35e12fcc077ab255,12.670168904078313,1367
C19d35e12fcd5d8d482e,4.8070116992062575,581
C19d35e12fce0dc89f1a,12.112957032509318,1311
C19d35e12fddeac26116,14.258191854446927,1526
C19d35e12fe66390646e,31.439013855438954,3244
C19d35e12ffcd6f27853,18.34194587946265,1934
C19d35e13004ee72d2f9,9.782200558383298,1078
C19d35e1301c5215234a,22.592353893124557,2359
C19d35e13022abb047ae,4.062774814833258,506
C19d35e13024c12f57f5,33.92755231956418,3493
C19d35e130287f35815e,36.658664793800625,3766
C19d35e1303bdbab8781,13.922774983773294,1492
C19d35e1303f20c48ad1,24.509891381197143,2551
C19d35e1305167c20c22,10.856500353331946,1186
C19d35e130551f113f95,4.863150952501072,586
C19d35e1305cde8dbacf,9.89684960263223,1090
C19d35e1305d0bbdc761,1,200
C19d35e1305eddb06522,6.7570280833631795,776
C19d35e1305fd8bf18af,4.255137930602875,526
C19d35e13061ae526f18,13.988187862908083,1499
C19d35e1306fe5cbb1df,13.42788631585694,1443
C19d35e13070a1f0eaea,17.242035851672096,1824
C19d35e13071863eb0f3,11.486581362852371,1249
C19d35e1307308259ac3,11.010495877860487,1201
C19d35e13074addf906e,3.8202268444056497,482
C19d35e130750de31a36,24.023257922026353,2502
C19d35e13091aa86a016,1,200
C19d35e130921c5fc1ca,2.652082760954687,365
C19d35e13093ead7c5e5,7.185934774906034,819
C19d35e130949fd6a000,11.211478476178522,1221
C19d35e130980bebf614,17.998101148452438,1900
C19d35e130ca52c99501,9.716888989368687,1072
C19d35e130ce99dd00b6,23.956601846282283,2496
C19d35e130d9333755c5,15.924809414214966,1692
C19d35e130e3dc79225c,10.864660333192592,1186
C19d35e130e6f6507d73,36.00213509578292,3700
C19d35e131174cf51670,9.303449660819997,1030
C19d35e1311abecd30a4,23.562059529619255,2456
C19d35e1312561d9c080,26.143180132577353,2714
C19d35e1312b608ef54f,33.98123191822592,3498
C19d35e1313227d40e87,34.32407682675691,3532
C19d35e131391c436ba6,6.585005426650105,759
C19d35e1313d9ec12288,18.095306057367804,1910
C19d35e131509686cd13,12.93502141101196,1394
C19d35e13151f93c07ed,13.673126622979874,1467
C19d35e131713404419e,12.330047152224553,1333
C19d35e131a611cc4c6a,31.005891704630454,3201
C19d35e131a8e348e7ab,7.245064872346871,825
C19d35e131aaaca6bfb7,8.938132808005165,994
C19d35e131ab731b44f3,11.681071514512825,1268
C19d35e131c738b52eef,12.30731231623049,1331
C19d35e131fb661027b9,21.189997153188,2219
C19d35e131fe569f91d0,11.529555781219754,1253
C19d35e13200c18f3691,11.093006493819637,1209
C19d35e13201e284b55c,29.58460635781143,3058
C19d35e13204e24d91b3,7.952273593824366,895
C19d35e1320a8ceda228,11.857612156155156,1286
C19d35e1320eb194551d,11.231737567424378,1223
C19d35e1320f1cefcfcc,5.662809536777645,666
C19d35e1321baf7f06b6,31.45319053532297,3245
C19d35e13220f51a8d59,36.780017914380124,3778
C19d35e1322d9636f7c5,20.491586704862613,2149
C19d35e1323fe0968f39,27.55955019174957,2856
C19d35e13245ccf1b9de,35.49759224237402,3650
C19d35e1324ee6c7c0f5,12.396682241474972,1340
C19d35e1325032ee9925,11.427699658405379,1243
C19d35e13259b97ed996,9.82667366968905,1083
C19d35e132608a70bf9d,6.042509559010486,704
C19d35e132635a36a95a,28.537402907907925,2954
C19d35e13264ed34573d,32.66641326647007,3367
C19d35e1326fdf82c9ce,1.7218378482521501,272
C19d35e13277e9a4bfae,3.007802893057977,401
C19d35e132786f981f94,6.032162248377765,703
C19d35e132796c812398,10.176779542829662,1118
C19d35e1327a3e78feca,11.834935587161732,1283
C19d35e1327b87485575,18.174988674420494,1917
C19d35e132942e01553e,34.729002223108274,3573
C19d35e1329650e3b112,24.286657705007915,2529
C19d35e1329d0874756b,16.365147425675985,1737
C19d35e1329e71755f47,31.965705417783862,3297
C19d35e132a3f3105435,35.689634313198255,3669
C19d35e132a4abdd4520,37.01110632664185,3801
C19d35e132a5206b55ed,23.665282670672113,2467
C19d35e132a8e65b3ba1,10.83465787888708,1183
C19d35e132b09d7f3eed,36.90536299997163,3791
C19d35e132b30a8d0e98,33.69440648715492,3469
C19d35e132bb4379ecfe,27.42033375807071,2842
C19d35e132c643646d60,24.306073824515188,2531
C19d35e133140f9b3517,11.041834936721672,1204
C19d35e13316e554048b,2.939151824971619,394
C19d35e1331cc485dd12,9.02616225663446,1003
C19d35e1331ec7a5538b,29.10870482669942,3011
C19d35e133203a1aff6a,6.006076803134679,701
C19d35e1333f52a84c05,32.162991318795505,3316
C19d35e1335b3b2a5145,19.299379681831386,2030
C19d35e1335e16152535,4.5910649844998845,559
C19d35e133609568c554,33.74666265528858,3475
C19d35e1336231fbad18,35.08181368652227,3608
C19d35e133638ad8a9aa,1,200
C19d35e13364ddc688e9,24.315849458910737,2532
C19d35e13374edf771ca,18.796683033421882,1980
C19d35e1338b17b9063f,10.939619712624355,1194
C19d35e13398369528db,8.804566101850913,980
C19d35e13399077adc98,8.358336399670769,936
C19d35e1339b5f43ed53,9.475157113042542,1048
C19d35e1339f8242b030,11.608469775896094,1261
C19d35e133a0b48a105c,14.330074557707817,1533
C19d35e133a189595f90,22.24059045103197,2324
C19d35e133a62d90ac1d,35.14152010416779,3614
C19d35e133a87a254cad,22.333829758056034,2333
C19d35e133b750322b89,34.33093112371773,3533
C19d35e133d3e4e1105e,12.110539986943978,1311
C19d35e133d75a045039,9.670807797884782,1067
C19d35e133dab7606c0f,6.5960955584737455,760
C19d35e133dbdbed64ff,11.32486103180851,1232
C19d35e133de2328228a,20.7887780231159,2179
C19d35e133f0d7557530,9.92514277744843,1093
C19d35e133f40b0104e9,36.53893626589987,3754
C19d35e133ffdfd6e2a3,35.71097556895362,3671
C19d35e13402309c6cf5,13.509653708807805,1451
C19d35e1341ca10d5ba6,11.57646872398388,1258
C19d35e1341f5f2dcad4,30.659830538072818,3166
C19d35e13420c86bd6e8,36.322340011007825,3732
C19d35e134393b1ff91a,12.43566153137855,1344
C19d35e1343b47bef231,17.127307952763857,1813
C19d35e1344b58730627,11.978026853960605,1298
C19d35e13452149297f2,27.161036069642858,2816
C19d35e134540b32367c,14.022978370859205,1502
C19d35e1345db59b04b3,11.65801833321919,1266
C19d35e1345e23e3cc4a,9.974192132588158,1097
C19d35e1345f1e5ea591,5.761687215873541,676
C19d35e13480bb75baad,13.799871883998012,1480
C19d35e134829159e245,1.9950778871539638,300
C19d35e13484002900b1,9.02637067785511,1003
C19d35e1348654181fa3,19.996090319279478,2100
C19d35e134888445b281,5.991232987701092,699
C19d35e1348f41487d27,1.993108352883792,299
C19d35e13499619bbb3e,31.939958025109693,3294
C19d35e1349ed81497ff,16.133529711631674,1713
C19d35e134aa4b0d9ca4,11.492643341716997,1249
C19d35e134abaf972a67,3.999025732093484,500
C19d35e134ac4d2621fe,9.758355068715808,1076
C19d35e134ad4e006065,5.995090812000094,700
C19d35e134bc007dbb57,3.9727262798485916,497
C19d35e134c1209d2fd8,5.4883071421980745,649
C19d35e134d2d4b2a143,12.372868069727604,1337
C19d35e134e10049d16d,27.708013193899998,2871
C19d35e1350a27df0c09,12.37745862393848,1338
C19d35e13516e1d8db44,11.240967576944863,1224
C19d35e135196ea4c69f,15.056480536594595,1606
C19d35e1351affa08ff5,28.16717741704396,2917
C19d35e1351b03958dbe,9.075682865475214,1008
C19d35e1351df5ff393b,5.943420719300764,694
C19d35e1351f880341d3,36.21334043865663,3721
C19d35e1352cc86f53ac,11.997488038379354,1300
C19d35e1353734431bcf,9.943155531552236,1094
C19d35e13539bb6afb91,25.752608899484304,2675
C19d35e1353cb130768f,5.429995642512107,643
C19d35e135408354d93d,36.62920763421972,3763
C19d35e135410f28ce7e,36.52252814698628,3752
C19d35e135433bd184dd,18.833875794719702,1983
C19d35e135563b1ef3c6,10.928456007791448,1193
C19d35e1356288222f2a,16.27061292533131,1727
C19d35e135721d3110ca,8.327777192115578,933
C19d35e135780a18bdc7,23.517536646711932,2452
C19d35e13592738ee810,10.695269358030805,1170
C19d35e13595e9ef0263,9.293919682982333,1029
C19d35e13596cd4cf8ec,19.757495632519312,2076
C19d35e1359819614e68,6.279276128930942,728
C19d35e135a4d31cc709,23.25853551247166,2426
C19d35e135b0029a803c,5.243243477299223,624
C19d35e135b30aa9a241,20.65292694354604,2165
C19d35e135e8ce2ff521,20.39234720134141,2139
C19d35e135e9610aaa31,13.128143364108686,1413
C19d35e135f122b04103,8.445742424918011,945
C19d35e135f57cace711,8.87429667202925,987
C19d35e135f688569572,17.15631037784621,1816
C19d35e13604ebb82360,1,200
C19d35e1360763f9f4f3,35.52450136306597,3652
C19d35e13611d81483d3,36.39450069537239,3739
C19d35e1361513c43c8b,12.421545158656212,1342
C19d35e136188462300d,32.90938950519233,3391
C19d35e136197edccadf,9.906686113548115,1091
C19d35e1361ad7d5999e,29.159314225635164,3016
C19d35e1361dd05bccff,7.0567488772616604,806
C19d35e1362004e602d1,36.11801378694903,3712
C19d35e1362644f1fc1d,37.033673428887745,3803
C19d35e13627e1354c4b,33.03647120733904,3404
C19d35e13639278d7310,12.670947184804664,1367
C19d35e1363c0869b849,33.66441239896724,3466
C19d35e1365707fb367e,36.754964182259336,3775
C19d35e1365a0fb5b69e,32.9070950754034,3391
C19d35e13660837fb896,10.605136476901711,1161
C19d35e13673cc3fb35a,13.021979872357111,1402
C19d35e1367a723ac9a5,27.091171823789896,2809
C19d35e1367dd7e12299,20.674921147057784,2167
C19d35e136ab54fef006,25.711301436397257,2671
C19d35e136c5a792e381,27.441142520495177,2844
C19d35e136c7dffe6385,33.60621508819518,3461
C19d35e136f2db257986,29.46200514312661,3046
C19d35e1370205e2d2ee,33.67199556999929,3467
C19d35e1370a404e0a8d,21.363766974377278,2236
C19d35e1370f7a221012,34.766354123254374,3577
C19d35e1372c1a98604a,17.08990469539309,1809
C19d35e1372d7dd9432e,32.76885428212554,3377
C19d35e13745fb8324c3,36.42850820478739,3743
C19d35e13746f29df06f,30.759454885508177,3176
C19d35e1374ac581a0c3,37.61019135811351,3861
C19d35e137576e9cbbce,19.080796528349353,2008
C19d35e13759462b6ee1,9.637639210456982,1064
C19d35e1375bebd08b6b,4.839851410511268,584
C19d35e1375c79e25acb,32.77823254042771,3378
C19d35e137600d60ac9f,25.51346879487554,2651
C19d35e137611d67ce15,15.62583794653063,1663
C19d35e13839e81eb530,10.94943747796058,1195
C19d35e138436119240b,19.219632821053942,2022
C19d35e13848ff897b7b,33.0190082626575,3402
C19d35e1384b7b6b6c6f,33.38450469347818,3438
C19d35e1384e274a15de,6.220004569597801,722
C19d35e138549dd72648,32.720524163493224,3372
C19d35e138574e66362a,23.7202953898555,2472
C19d35e1385c76612feb,10.955373855834347,1196
C19d35e1386b5ad41fd4,39.05948363103027,4006
C19d35e138a43ecea30d,33.202430881131384,3420
C19d35e138b9b589af49,28.668417135972096,2967
C19d35e138bab1c7502c,32.951582637692646,3395
C19d35e138c08c989a62,7.457141489145558,846
C19d35e138c3074c7fa4,12.834311850611476,1383
C19d35e138c8a715d35d,34.690697073399825,3569
C19d35e13903120354b0,10.776194426067365,1178
C19d35e13907cbd80ef3,14.130328707910527,1513
C19d35e139185b3c331c,25.10520598099805,2611
C19d35e1391fb837c3ce,7.8982456865927535,890
C19d35e13929e526e9c1,18.96243753858181,1996
C19d35e13939f6643bce,16.110459086084596,1711
C19d35e1395afe560226,3.480066294395683,448
C19d35e139639b9699dc,8.944887264167054,994
C19d35e139668996c4ee,19.267118686352564,2027
C19d35e13967dc083ce5,29.111537221613798,3011
C19d35e1396c95cfc6c4,1,200
C19d35e13974ff722085,6.866841209885342,787
C19d35e1397f6d7871c4,5.441144572499058,644
C19d35e13980f9b3337b,37.01470955316877,3801
C19d35e139c5b79ae186,14.365938653150574,1537
C19d35e139d0c75a44c8,28.055296609514183,2906
C19d35e139d19389e6cb,5.976117110136954,698
C19d35e139d2f570735a,16.680412904949193,1768
C19d35e139d407fed1d2,36.003331688087265,3700
C19d35e139d6799fb182,9.954921678442032,1095
C19d35e139d75c329eb3,30.00032324514034,3100
C19d35e139d8da81e5b7,34.5557027590472,3556
C19d35e139d9cfbb86f9,25.01244904489358,2601
C19d35e139ebf6ab8ff9,2.539072171435441,354
C19d35e139efe4d935a4,9.732498358752133,1073
C19d35e139f24c14f1de,23.73126942723235,2473
C19d35e13a0765363535,26.13224865034087,2713
C19d35e13a094f04ae97,25.344178354398007,2634
C19d35e13a256269911b,34.12356952684243,3512
C19d35e13a30552d948b,19.213762838922477,2021
C19d35e13a43a3efcbc6,8.434977543859288,943
C19d35e13a44783cc894,6.26075362062099,726
C19d35e13a4f956f5ff1,26.973853013071594,2797
C19d35e13a50d4d335e2,13.535195418125003,1454
C19d35e13a5f7fe5b245,24.107684114584558,2511
C19d35e13a61487e848f,4.731153953176946,573
C19d35e13a6259157c41,8.957304345322878,996
C19d35e13a6306c778cf,11.678632656861964,1268
C19d35e13a64ec73e4c9,27.70927607724413,2871
C19d35e13a68714d7e8f,33.011577002746826,3401
C19d35e13a71256e8ef3,22.073654803725333,2307
C19d35e13a7292fdb8cb,34.00886637170819,3501
C19d35e13a731164ae90,31.035891525246008,3204
C19d35e13a89a567e9a8,16.596889092062185,1760
C19d35e13aae36cc9ad9,31.954369133756536,3295
C19d35e13aaf2f4b4b05,7.004667470831461,800
C19d35e13ab00c33d2a6,10.041781783015159,1104
C19d35e13ab12b2fd815,19.19959877068855,2020
C19d35e13ab225f4ca34,29.33829418286107,3034
C19d35e13ac0e990600d,19.527044865844555,2053
C19d35e13ac2bc5c1c84,18.858552670926368,1986
C19d35e13aca8bd6df29,34.06040021057141,3506
C19d35e13ada71fb32f9,34.05805301717662,3506
C19d35e13adc7d8caeb3,22.06794629680907,2307
C19d35e13ade91490bc8,16.44813805219258,1745
C19d35e13adf21227df6,10.975980367957185,1198
C19d35e13ae01ef164e4,5.991523634972824,699
C19d35e13af4cf2f58b0,16.01209603132941,1701
C19d35e13b121bdbd307,1.004112631734435,200
C19d35e13b166667c79b,31.14581886157737,3215
C19d35e13b19c28483ff,36.358364083861424,3736
C19d35e13b1c9f41a0f6,29.502684544390867,3050
C19d35e13b1de7f303e2,36.48563300229202,3749
C19d35e13b21e6e32158,32.63320329176682,3363
C19d35e13b22608e041c,18.762968752484483,1976
C19d35e13b42fa021445,14.612749525830933,1561
C19d35e13b5012832b41,17.976978722335417,1898
C19d35e13b51b0159e83,27.879910920826166,2888
C19d35e13b5c020773cc,13.593000901927999,1459
C19d35e13b5d15f49a54,17.855087366829135,1886
C19d35e13b7acfa94dec,17.578888511521196,1858
C19d35e13b8e3ef6ac52,13.085823460078506,1409
C19d35e13b907866896b,32.450394742179455,3345
C19d35e13b91a92f1283,24.725650897396413,2573
C19d35e13b9c676b5e7a,11.271654381972823,1227
C19d35e13badcca38d36,4.892064790566708,589
C19d35e13baffe57498e,32.45231472813756,3345
C19d35e13bb2f4b5030e,38.660992092169714,3966
C19d35e13bdd91419a87,13.294901723988678,1429
C19d35e13be288cea31c,28.976730766433672,2998
C19d35e13bedca89fd30,28.403710126149896,2940
C19d35e13bf0880c2785,34.130779070224,3513
C19d35e13bf38ed76648,36.05902651359794,3706
C19d35e13bf5c6cc29c6,30.47191657746724,3147
C19d35e13bf6dc25ae95,29.101783644675617,3010
C19d35e13c0c2b012286,10.99779295710192,1200
C19d35e13c0dea1c698f,1,200
C19d35e13c10526bf5d3,7.66497233474931,866
C19d35e13c11cb86cfae,4.0901136479646425,509
C19d35e13c1e68e259cb,11.509894656421567,1251
C19d35e13c1f8de4d506,8.983912690683752,998
C19d35e13c200d60682a,20.142876095215865,2114
C19d35e13c218cf4ab9a,6.013349343289081,701
C19d35e13c22ee3d454e,17.102602546453237,1810
C19d35e13c23bdebe62c,20.356268476651934,2136
C19d35e13c2415ffee75,33.28330698716679,3428
C19d35e13c3208c76569,3.8089625796673356,481
C19d35e13c3b7f962313,15.504968998346959,1650
C19d35e13c5d76fea93c,25.579332834186747,2658
C19d35e13c5f70189617,11.145228234815406,1215
C19d35e13c60b4778928,36.05626248450869,3706
C19d35e13c6365858c9f,6.02156236786593,702
C19d35e13c647c789369,37.088588410892164,3809
C19d35e13c67f742ec4b,15.879769336314745,1688
C19d35e13c69a2967f5d,34.44063312836937,3544
C19d35e13c6c8833dd8b,36.07557185710279,3708
C19d35e13c6dcbf8afbc,31.119466086013478,3212
C19d35e13c782635db62,12.996475111873892,1400
C19d35e13c8346cb5e04,6.984065243577492,798
C19d35e13c963a3be193,9.954647439195282,1095
C19d35e13c972760ed39,6.009626807055697,701
C19d35e13c98c9dd95fa,35.74534863071579,3675
C19d35e13c99edb6f9fb,1.9468311404870893,295
C19d35e13c9a176b9ee6,22.551111150045408,2355
C19d35e13ca8a126c3b5,14.553990178786922,1555
C19d35e13cac1684985a,8.657393706124362,966
C19d35e13caef25f81a9,5.699779194637183,670
C19d35e13cb056630868,28.192858229537396,2919
C19d35e13cd21efc5e64,29.08977567001791,3009
C19d35e13cd9d0f4585c,35.146434326411985,3615
C19d35e13d0804cb4098,19.059532110112414,2006
C19d35e13d18136d9def,23.90096563972848,2490
C19d35e13d29d21a8fe6,30.459754052918065,3146
C19d35e13d3dbcd52287,20.35782873316476,2136
C19d35e13d4032718f21,36.78293458799468,3778
C19d35e13d41bef0a241,9.81311177163615,1081
C19d35e13d46145573aa,1.054509090433802,205
C19d35e13d4af00ca470,36.28408898037509,3728
C19d35e13d4e31eff82a,5.991021034214082,699
C19d35e13d52be34884c,14.058693840663137,1506
C19d35e13d536ea069c9,29.069730721741553,3007
C19d35e13d5e55c624f3,14.133638787223145,1513
C19d35e13d5f972f748f,13.743759552324903,1474
C19d35e13d6f9879338e,19.67839575774242,2068
C19d35e13d7fda21a367,9.143097999475094,1014
C19d35e13d84c4ae13d8,17.076377597445422,1808
C19d35e13d874c3e8398,6.944115433334267,794
C19d35e13d8977510314,3.3353706062986257,434
C19d35e13d8fbe2d8dba,8.289515455528495,929
C19d35e13d91dcd85f15,4.331191085242033,533
C19d35e13d928f38c89d,1,200
C19d35e13d992d5bec84,34.13332414032866,3513
C19d35e13dafa6987fd2,21.04866281758727,2205
C19d35e13db37580a664,35.83499895790571,3683
C19d35e13db8fb8e70bf,33.00643112772151,3401
C19d35e13dc3f7eca27c,26.999209521238573,2800
C19d35e13deb5232ef4c,28.75134358928072,2975
C19d35e13e0afca4377b,20.59541108986229,2160
C19d35e13e0fbb9269d9,9.891696662486298,1089
C19d35e13e1d6164f1ee,27.463176155309675,2846
C19d35e13e2fb8abf16c,21.651163415063703,2265
C19d35e13e32173b625a,36.827961133541166,3783
C19d35e13e621813c525,23.850527781152742,2485
C19d35e13e640565fe89,36.766973155552634,3777
C19d35e13e655274120d,8.028385896624966,903
C19d35e13e669e60f887,33.49762491592766,3450
C19d35e13e68f2f44e5d,1,200
C19d35e13e98c5260bc4,8.840279579061342,984
C19d35e13e9a4f615a7d,5.007164440381523,601
C19d35e13e9cbc3c45a2,7.047825325273204,805
C19d35e13ea11ce86176,19.08392356283845,2008
C19d35e13ec241dab1a2,11.038776472828056,1204
C19d35e13ec3eb358f2f,19.406410300716857,2041
C19d35e13ec6bbd30afc,7.970505760944937,897
C19d35e13ec902080bc2,2.8924223852712996,389
C19d35e13ecc770b48f6,27.147817760794645,2815
C19d35e13ed5200f34be,11.709781390997751,1271
C19d35e13ed647325627,1,200
C19d35e13eda7c1f9d2d,9.412596215696794,1041
C19d35e13edec0e7dfa3,5.131607155799357,613
C19d35e13eea087fc66f,6.691906719768497,769
C19d35e13ef825ced44c,13.14429256277558,1414
C19d35e13ef9aee6a158,36.05500394964055,3706
C19d35e13efa51929c7e,32.303509479517686,3330
C19d35e13efb33e9f184,1.9554531966568127,296
C19d35e13efc8f616aa8,9.876671824283715,1088
C19d35e13efd947b8f9a,18.582932906854055,1958
C19d35e13efed1667cb4,5.933674198675069,693
C19d35e13f001055f2ed,30.168032464395893,3117
C19d35e13f07537bed13,29.870318606046123,3087
C19d35e13f0ab6cbc367,17.48571015808143,1849
C19d35e13f0c027df4df,38.93870421564309,3994
C19d35e13f4652a54d23,11.339725774046906,1234
C19d35e13f4b62af9b93,33.85484740634155,3485
C19d35e13f4fa70a4a57,15.951035515253905,1695
C19d35e13f5500af0839,38.21054985769846,3921
C19d35e13f583a6a66bd,6.202762030131836,720
C19d35e13f5b16513c49,21.442459607592063,2244
C19d35e13f5d8d06df35,9.444281840313757,1044
C19d35e13f893dc1db46,10.888698808585465,1189
C19d35e13f8b30a12c7e,15.32720873294477,1633
C19d35e13f8f484e33f2,31.60404844491755,3260
C19d35e13fae02efe093,35.13348153803508,3613
C19d35e13faf066a32a8,34.80154613823815,3580
C19d35e13fb85834d90c,27.24015069124254,2824
C19d35e13ff40a444cb4,9.041094071775179,1004
C19d35e13ff65fb274f2,33.03208024924799,3403
C19d35e13ff798bd4225,11.982562479248019,1298
C19d35e13ff871e9223f,4.894644072228,589
C19d35e13ff903e1b534,1.9748240743318783,297
C19d35e13ffbaba3666c,24.78608870944352,2579
C19d35e14035c17f38db,1.4906420589571203,249
C19d35e14047cda0e792,13.137747542515788,1414
C19d35e14049842ae487,32.92036301682228,3392
C19d35e1405b44666297,10.941804271020796,1194
C19d35e1405c4ab3496c,11.19514696018883,1220
C19d35e1405e3e1ec1fd,26.84433609876716,2784
C19d35e1406bf63300a9,6.36461404425888,736
C19d35e140754abfeb99,30.83568914870273,3184
C19d35e1408f7b9e898f,35.69697793028442,3670
C19d35e140a666ebedaa,1.3326486932249697,233
C19d35e140a7eb0b4070,8.448173069584765,945
C19d35e140a93d7df8e9,11.077033780313904,1208
C19d35e140b17b80ebae,11.352502951603205,1235
C19d35e140bc7d44f8c7,14.190583521547193,1519
C19d35e140dfbdd7d497,7.110558195893428,811
C19d35e140f17d7b6c46,13.723181606474984,1472
C19d35e140f3f5514574,34.3267979442822,3533
C19d35e140f46a1eda8f,30.039187718683735,3104
C19d35e140f59c883c89,8.902515532627215,990
C19d35e140f64c1e6b88,36.000442140807316,3700
C19d35e140f7e90db085,5.993359907963983,699
C19d35e140f8d59dc0e8,26.436403818999374,2744
C19d35e140f9e264f982,28.10570287387603,2911
C19d35e141059a8cb993,27.230777052081173,2823
C19d35e141347a71aafb,13.495224557143091,1450
C19d35e141369f90ce81,20.714011547072147,2171
C19d35e14149096d2fda,11.060051587150067,1206
C19d35e14158dae088ca,9.108328239946859,1011
C19d35e1415d40448a6a,4.5548622419447655,555
C19d35e1416ab6458d76,31.487968420616937,3249
C19d35e1417efccdf025,11.042967371429325,1204
C19d35e141951914db33,27.810044669708535,2881
C19d35e14197827820ce,33.81633950497144,3482
C19d35e141987a8134b7,12.898317722179886,1390
C19d35e1419a9b61b222,20.103832200138726,2110
C19d35e1419ee8c56ec3,10.750626746077598,1175
C19d35e141a0f52e8947,7.142806130591691,814
C19d35e141b34dfe803e,35.638172719412516,3664
C19d35e141b65d26e188,28.735989080415237,2974
C19d35e141c157cbfa60,12.959578785507762,1396
C19d35e141d7dd79dc5a,31.402419820515263,3240
C19d35e141e33e63aeca,11.23454273482115,1223
C19d35e141e72d75a321,21.3554380208236,2236
C19d35e141f01081c67b,12.778207630167229,1378
C19d35e1421d8b817059,19.837954645222446,2084
C19d35e14228f5942142,35.06378315772285,3606
C19d35e1429c7c5ac797,24.44710179884236,2545
C19d35e1429d6f7d5b04,32.72737475409627,3373
C19d35e1429e3e1db75d,22.789051070658648,2379
C19d35e1429f5c820d45,36.80979918226792,3781
C19d35e142b0fbb0bd8e,19.42831473632888,2043
C19d35e142b3c527b134,21.179086688488393,2218
C19d35e142b41a83144a,3.8836958752108393,488
C19d35e142b5eb0bfbcb,11.552858338446345,1255
C19d35e142b68445f1f1,8.354443854796605,935
C19d35e142b904004f9b,4.7285571577714745,573
C19d35e142d080ced0ee,22.20132597725359,2320
C19d35e142d8a40e0e63,7.605382405150308,861
C19d35e142d93e488323,9.63193318825091,1063
C19d35e142dbd71732df,12.063942734877934,1306
C19d35e142dc45be7474,36.22977259492595,3723
C19d35e1430ff27aae5e,33.728764853714274,3473
C19d35e14310a6217e26,35.91680400279015,3692
C19d35e1431185d1044b,36.60290568622903,3760
C19d35e14314e0d60b1e,24.8705338262305,2587
C19d35e1431de2a49258,31.675920438897375,3268
C19d35e1432524ec0194,21.899930510779313,2290
C19d35e1435c6f722da0,32.28826651137275,3329
C19d35e1435da32c7803,35.17014479006954,3617
C19d35e143b4a8b4c86c,9.01819479069344,1002
C19d35e143b7b042294d,12.817752335829685,1382
C19d35e143f6d7b8023d,10.159694392892849,1116
C19d35e14408e23f060b,25.63588941873826,2664
C19d35e1449f25a3c3e1,36.028461758401555,3703
C19d35e144a55b5d20ea,32.162933217309075,3316
C19d35e144c71c1734e4,17.79287534066098,1879
C19d35e144d9be2ca816,1,200
C19d35e144da65767ebc,2.307387054656467,331
C19d35e144dbe25ca335,6.399611336058336,740
C19d35e144e3ee24b836,24.04210134674096,2504
C19d35e144e47c763a38,3.996494931382334,500
C19d35e144e8c5d813ac,9.9975915197223,1100
C19d35e144e9d3dc1782,10.99927744174937,1200
C19d35e144ea6a5a1d25,36.00912788409517,3701
C19d35e144ebaa41009d,38.03350333279367,3903
C19d35e144ec6ecb21b6,7.000783192958551,800
C19d35e1450cf327a549,13.312223258717747,1431
C19d35e1450fd0f70470,23.672381665883368,2467
C19d35e14522c2911e8c,6.104398095996325,710
C19d35e1454f510b1716,18.21632050046083,1922
C19d35e145679a4cffed,8.277362807312727,928
C19d35e145689d65a513,17.885807542552833,1889
C19d35e1457a462cfc7d,10.312906456791215,1131
C19d35e1459eb3786a45,23.1851158422731,2419
C19d35e145a2d46a4966,11.702594886516625,1270
C19d35e145b608807421,19.83365288877967,2083
C19d35e145b771ed89bf,16.01905333814736,1702
C19d35e145b8857be4e9,4.020320561645243,502
C19d35e145b99e78d05c,5.030918820105641,603
C19d35e145bad8057a79,10.979584969650775,1198
C19d35e145bc51b3d6c5,14.006885643083939,1501
C19d35e145c0258009b1,21.040076258399434,2204
C19d35e145c11ce7f043,9.924070946114233,1092
C19d35e145c21fb95926,4.841414155654497,584
C19d35e145c4216782b1,33.04429985439931,3404
C19d35e145c6db38f656,30.391227985963354,3139
C19d35e145c7d00f1843,17.001577342742117,1800
C19d35e14a0de13980ec,28.290150157635015,2929
C19d35e14a1d7bcc1bea,30.43427867932119,3143
C19d35e14a20830a5b2c,36.07040831443067,3707
C19d35e14a25149464dc,9.659323262900852,1066
C19d35e14a265311dcfc,1,200
C19d35e14a33e0b43d0d,14.29578753437539,1530
C19d35e14a34a00bd265,8.195997045547712,920
C19d35e14a35c29bc2bc,4.207067497500154,521
C19d35e14a366683ec3f,34.23965252938848,3524
C19d35e14a3f6c9815c4,19.586157584085342,2059
C19d35e14a41579d9d64,12.758591635571284,1376
C19d35e14a61b84e5026,26.44277117024648,2744
C19d35e14a8ea57f9499,12.215987800179521,1322
C19d35e14a9764627bc1,9.205069490386311,1021
C19d35e14a997beb0e8e,23.64789750910329,2465
C19d35e14a9cd27b1312,5.176011006433451,618
C19d35e14aa50e865eba,14.9433109702376,1594
C19d35e14aa78f9e09ef,36.50042374147759,3750
C19d35e14aa85e393046,8.934069827124485,993
C19d35e14aab933a4ca5,5.979104106329651,698
C19d35e14ac449f372bb,4.938031161478278,594
C19d35e14ac602e9e1c4,8.10308863650285,910
C19d35e14ac873efd8de,19.958529580306255,2096
C19d35e14acbbf1c00f6,11.614510200884869,1261
C19d35e14afbd9802113,25.588111110057802,2659
C19d35e14b157679dd9f,17.035540194649595,1804
C19d35e14b1e2b25b7e4,28.71771514158504,2972
C19d35e14b27c5264208,33.92019710227326,3492
C19d35e14b3124f29810,16.291488001903836,1729
C19d35e14b59d4e8a46c,25.8064806394187,2681
C19d35e14b6bbf7110ec,32.48250832225463,3348
C19d35e14b6d8ed4a273,11.007639204169772,1201
C19d35e14b70c8aaaa5b,26.438550082186563,2744
C19d35e14b8ba5e92a75,32.8584499157925,3386
C19d35e14ba4110d2b05,27.522451988297863,2852
C19d35e14baebe9e450e,5.444474289285457,644
C19d35e14bc28f9a724b,34.331658192805165,3533
C19d35e14bd20b07239e,19.54317204441937,2054
C19d35e14be4c15a2095,13.050974325637101,1405
C19d35e14bef0c3c7587,32.98676653389929,3399
C19d35e14bfacb92e28a,13.258695924062547,1426
C19d35e14c075e7247fa,24.261525786616602,2526
C19d35e14c1609279f3b,9.204412008707328,1020
C19d35e14c18c3c5d398,11.965383036446607,1297
C19d35e14c1dcbf7513c,13.881569000742003,1488
C19d35e14c20c6734c46,19.67371767949725,2067
C19d35e14c5d2e3651e7,35.5912326780048,3659
C19d35e14c6044d9620e,14.932156146048547,1593
C19d35e14c66a482df43,15.524375178475857,1652
C19d35e14c6f586c2454,4.866872452456441,587
C19d35e14c7bda217f64,4.755278465222085,576
C19d35e14c97a255c870,14.256123008290066,1526
C19d35e14c9f67fc6120,33.32080586440485,3432
C19d35e14ca1908b428a,10.73960760450459,1174
C19d35e14ca321258f4f,20.83912582736505,2184
C19d35e14ca89154c772,6.305699135390415,731
C19d35e14cb01ca902c0,22.789050810866193,2379
C19d35e14cb1e4ace52c,28.83885742460069,2984
C19d35e14cc354762dd0,25.807434621531147,2681
C19d35e14cc6b62c93c3,38.01983179805069,3902
C19d35e14cc789ca95cf,35.212998470059176,3621
C19d35e14cc8131eb240,32.97301466169066,3397
C19d35e14cce5beed86b,11.333957831606698,1233
C19d35e14cd2c26b6d63,5.265246472185382,627
C19d35e14cd97196432f,36.72231329141909,3772
C19d35e14ce910ff536d,30.72084723035839,3172
C19d35e14ceabe62810c,36.13455417018649,3713
C19d35e14cedd1fbbe7c,36.88806423368268,3789
C19d35e14cef8d51f295,37.5545171000581,3855
C19d35e14d0c3f27c759,34.45601395475996,3546
C19d35e14d1033e7a156,36.07730426068278,3708
C19d35e14d11e96a7bab,23.356957351627067,2436
C19d35e14d16e3309c4d,31.579421820529888,3258
C19d35e14d28e43f47cb,1,200
C19d35e14d2ae641eda4,6.020745083675928,702
C19d35e14d2c3fbc71de,11.716544315304795,1272
C19d35e14d38ce79e353,3.7917358026468637,479
C19d35e14d396a795222,8.44745930316157,945
C19d35e14d3a92bbd955,11.41827121658207,1242
C19d35e14d3b62bd4d7b,34.42782576705624,3543
C19d35e14d6a2a047db4,15.152945822514905,1615
C19d35e14d7b79d55ad5,29.496707586177905,3050
C19d35e14d7e7c9954ca,25.498843354956364,2650
C19d35e14d937f4b39ba,13.351815235091637,1435
C19d35e14d9555b87567,35.913559745552256,3691
C19d35e14d99847ff36d,6.728084424663256,773
C19d35e14d9a9c9d7073,12.30196444398652,1330
C19d35e14d9cdcef065d,1.60316178046338,260
C19d35e14d9d60d53da9,36.23983061783334,3724
C19d35e14dfa8b1ad6a5,34.96708010684931,3597
C19d35e14e00709a2807,11.566727123941318,1257
C19d35e14e012ac3e961,11.065930301783707,1207
C19d35e14e036150adc8,8.856126155721068,986
C19d35e14e0b30c9b492,11.283711417512587,1228
C19d35e14e1e9429beb8,10.677695894296168,1168
C19d35e14e2069ab7997,26.930339063693882,2793
C19d35e14e21e3a76aef,33.36422913201812,3436
C19d35e14e3a31c1db6d,11.106248176696475,1211
C19d35e14e3ed3fbbe45,7.943001089129639,894
C19d35e14e4048a19f62,1.6911119251549707,269
C19d35e14e472ef9356f,18.109647697365606,1911
C19d35e14e53dad4e4d2,11.51076933500895,1251
C19d35e14e54d0922503,8.936391021947006,994
C19d35e14e55cda53c19,4.998537175384354,600
C19d35e14e56d20f662f,19.882921575301424,2088
C19d35e14e6c9fb70ab0,10.92530990176257,1193
C19d35e14e6d3c4fd383,13.59855623382169,1460
C19d35e14e75e55e124d,8.682893882020691,968
C19d35e14e765a0a9dcd,6.082780360810246,708
C19d35e14e91c078f773,33.88522451274693,3489
C19d35e14e925fa11ff1,36.809073629097924,3781
C19d35e14eac206fa753,12.466128317886447,1347
C19d35e14ead1f0d3259,17.294517784592642,1829
C19d35e14eba95694a8d,8.463223103403205,946
C19d35e14ec83c414d16,23.636478485172354,2464
C19d35e14ee4438d1248,20.741664044183945,2174
C19d35e14efac3339c7b,33.42624969230069,3443
C19d35e14f0184eee6c4,33.34550164838433,3435
C19d35e14f1b5c13689d,10.816894437478872,1182
C19d35e14f1c23e3d655,26.61175296463322,2761
C19d35e14f1dc9189df7,7.855436506467867,886
C19d35e14f1fe8fcae85,5.788005441298716,679
C19d35e14f20c13d19cb,16.46870038840107,1747
C19d35e14f218c2c6247,34.05156424054269,3505
C19d35e14f2c3d753940,33.56085311263047,3456
C19d35e14f2d7cf6fc3e,35.63759413777646,3664
C19d35e14f30fb6faea6,16.677021511202813,1768
C19d35e14f33f82af06c,36.75578616069447,3776
C19d35e14f38f1b03a5e,29.08104417972049,3008
C19d35e14f70444115c9,19.9987120604965,2100
C19d35e14f733a0058be,18.10442559837528,1910
C19d35e14f741ba9ab87,36.776584220527184,3778
C19d35e14f7654027dfb,11.530331230299405,1253
C19d35e14f79e9d61377,4.6992377120611035,570
C19d35e14f7b31991f9e,35.10174234850654,3610
C19d35e14f7fb24ca330,36.17306622280859,3717
C19d35e14f8125f0fdfe,30.03598310658555,3104
C19d35e14f9dae4e723d,9.25613395701964,1026
C19d35e14fab14459310,11.195512784153614,1220
C19d35e14fb300829a0f,11.192219417903145,1219
C19d35e14fb759f9bc38,16.95029130273958,1795
C19d35e14fbd3abe6128,35.53647446462898,3654
C19d35e14fc9def608d6,33.08825227650825,3409
C19d35e14fe5b7543a72,22.62844711885661,2363
C19d35e14fe85b4ed6fa,32.015408696912004,3302
C19d35e14ff3919bef79,36.97957949226854,3798
C19d35e14ff7207e43cd,37.51648266522841,3852
C19d35e150026da9b8e0,33.10177820781001,3410
C19d35e15026ba780654,16.872793349196918,1787
C19d35e1503405dc2c13,8.106810775561568,911
C19d35e1503f81aac348,27.511207561969254,2851
C19d35e1504028485724,32.518317335503234,3352
C19d35e15048c3cead99,34.27780752326994,3528
C19d35e15062625555ac,15.465008322301498,1647
C19d35e150638f9524d1,33.75459462892172,3475
C19d35e1506597cffda3,10.948121964825388,1195
C19d35e150681606978f,7.779235820999638,878
C19d35e1506e4e7ce18c,30.967951969854,3197
C19d35e150833876abd3,22.371824556855,2337
C19d35e1508aaf25124a,35.776946753987175,3678
C19d35e150900e682457,10.774028989192223,1177
C19d35e1509791d8fdc8,13.153710275987535,1415
C19d35e15099e889eb46,9.163064515648239,1016
C19d35e150b66bd66e7b,8.248884304631762,925
C19d35e150c4636eb300,29.715583756546582,3072
C19d35e150c500bd8cd8,33.13655552426271,3414
C19d35e150c666363e20,20.176056530815096,2118
C19d35e150c7ce7a42c8,36.3805279074068,3738
C19d35e150c8830fe909,12.6608900964443,1366
C19d35e150d16de91496,7.601261874894057,860
C19d35e151095d42a585,30.355803843045237,3136
C19d35e15111e0605268,23.993411295200367,2499
C19d35e1512a8ed62d26,29.14111774339181,3014
C19d35e1512d18f68b88,12.43424445543903,1343
C19d35e15131101b8125,22.383380502100852,2338
C19d35e1514c34142e99,8.199728816708525,920
C19d35e1515157b34259,19.035141921894787,2004
C19d35e151535b52186f,5.416359404389062,642
C19d35e1515491a41db2,12.421173300045517,1342
C19d35e15155a9854fbc,35.007976855412615,3601
C19d35e151561afc9b65,1,200
C19d35e15157fc6bc5e4,21.001462229607597,2200
C19d35e1516dc0fe0f84,21.49849742259149,2250
C19d35e1516f4642283e,34.90802071689176,3591
C19d35e1518d8f5d30b6,11.064573645564666,1206
C19d35e1519eea4dfe89,26.261526786926993,2726
C19d35e1519ffad99b22,34.09116046238155,3509
C19d35e151affd49b9cd,5.660077936415834,666
C19d35e151d06452799a,26.31784174123153,2732
C19d35e151dc1c2c6b7d,11.18215533539811,1218
C19d35e151ddb0281d59,33.199569278600364,3420
C19d35e151e41ecb23a9,10.895167743806045,1190
C19d35e151e5a0fa3c30,34.1128785226144,3511
C19d35e151e73f211431,9.217715334120992,1022
C19d35e152068c414c5c,5.995751565079597,700
C19d35e1520d26374baa,13.795599297412185,1480
C19d35e1520eb65a05f8,16.048751186376563,1705
C19d35e1520fcfddb4eb,24.021178165811346,2502
C19d35e1521eb845b6e0,15.26534800683941,1627
C19d35e15222ea846748,38.04587898118918,3905
C19d35e1522345df79ff,31.034417730683263,3203
C19d35e1522405c6776d,34.06829224590197,3507
C19d35e152293fef7115,12.46039817225632,1346
C19d35e15235152eae81,34.3153993444563,3532
C19d35e1524622148feb,29.8153875768419,3082
C19d35e1527cc6d08c9d,22.406989504876858,2341
C19d35e1527e5762d1c2,11.827158537058422,1283
C19d35e152809e7b5801,8.024918421166227,902
C19d35e1528258a3623b,7.069641313899687,807
C19d35e1529e432bbb9a,2.985851357082424,399
C19d35e1529ff8e5fb68,4.981202987701683,598
C19d35e152a083a2fe1c,6.961563511333543,796
C19d35e152a1dcdfcde9,8.99370343481379,999
C19d35e152a297477e9f,12.259410814188511,1326
C19d35e152a350e51cb2,12.008256592714885,1301
C19d35e152c95263fd89,11.703111065128898,1270
C19d35e152ca091ba399,3.36729892181984,437
C19d35e152cb70e397f7,32.457232912640684,3346
C19d35e152ccbe3da3fc,14.398856696523804,1540
C19d35e152d4b0873e15,5.905466529079036,691
C19d35e152d78703a360,4.483712275728684,548
C19d35e152e66bf25e6b,20.92386532220443,2192
C19d35e1530ec393b8d8,13.44921245082412,1445
C19d35e1530f492d3e80,33.20394365784561,3420
C19d35e15316a8c2bd17,26.903794745894967,2790
C19d35e15325ceee8209,21.51697600079312,2252
C19d35e1532e68b2ea78,16.455980694190405,1746
C19d35e1532f46afeaa6,2.0041075066825003,300
C19d35e15331edce8d57,8.984452596777487,998
C19d35e153325a489282,5.984443537965277,698
C19d35e15333a4af2246,36.28793435150954,3729
C19d35e15334f9edcfb8,10.976801557863212,1198
C19d35e1536895dff475,1,200
C19d35e1537b8962cb54,8.997753379359143,1000
C19d35e1537cc35cd601,12.996551344790957,1400
C19d35e153c3625046ed,13.155897793224055,1416
C19d35e153c79db7f001,33.397550743945956,3440
C19d35e1544ccf07addd,36.57295117323765,3757
C19d35e1544dc0e8c310,28.114588908311006,2911
C19d35e15460b9ae6388,36.22589052556635,3723
C19d35e15461442f764a,25.155004657939397,2616
C19d35e154667ef3bb15,1,200
C19d35e15474d782e728,16.509466656519987,1751
C19d35e15477015ec9ac,11.02525871564671,1203
C19d35e15478c971f203,18.00210845427355,1900
C19d35e1547941e07ed8,6.872630041119571,787
C19d35e154a1b79de347,14.2500221049161,1525
C19d35e154b3b7066f9a,10.70581208891022,1171
C19d35e154c9276ff4ff,26.203268512475994,2720
C19d35e154cae6db0b48,11.103213099055408,1210
C19d35e154cb798a62aa,6.034651553530749,703
C19d35e154dcd07e6264,11.016358434307113,1202
C19d35e154ddfad0377d,8.997857945353013,1000
C19d35e154de5ee008a2,4.997650833691732,600
C19d35e154df876efeaf,25.004021057107995,2600
C19d35e154e5934cb035,10.365936120601889,1137
C19d35e154e6d02ca2f2,19.633964341688973,2063
C19d35e154fdc251d660,35.86737084651579,3687
C19d35e154ff703f6b5e,27.034967286894595,2803
C19d35e15502d29976f5,37.03032955440597,3803
C19d35e155214c29f0ba,6.040558180507925,704
C19d35e155236ae4ff25,9.217898144474344,1022
C19d35e155252049eafc,11.431012717427016,1243
C19d35e155276ef35b68,25.665408424559047,2667
C19d35e155296aaffa47,26.01751211703448,2702
C19d35e15550da7b93f5,11.996382796522711,1300
C19d35e15552d6654735,23.04501275560379,2405
C19d35e15553fcfbe629,9.193686980986799,1019
C19d35e155551cf56daf,13.777693955476538,1478
C19d35e155585d8b03f5,19.009798015422447,2001
C19d35e1555948e960c1,10.000528771151037,1100
C19d35e1555da19bfdc7,11.10557302685004,1211
C19d35e1555f61d958ba,6.7211604495197665,772
C19d35e155601e10bf13,4.0437489943830025,504
C19d35e1556228b2a2eb,11.708857685567029,1271
C19d35e15563896df20f,1.597506276299045,260
C19d35e1556573e42223,26.13615142934703,2714
C19d35e1556b8f756dee,9.507313363382925,1051
C19d35e1556fa614aafe,31.95690698832612,3296
C19d35e1557098a36687,5.780163917484332,678
C19d35e15574fedbadf0,33.21808401382502,3422
C19d35e15575e5f47997,16.09670268656593,1710
C19d35e15576d5ff2b4a,11.492316807705997,1249
C19d35e1557709433b1a,7.0029009292414965,800
C19d35e15594e8753da6,22.96200469595731,2396
C19d35e1559730c45300,16.118070429092313,1712
C19d35e155a89c7e9918,22.29633306928897,2330
C19d35e155b4404beb03,13.066503693122568,1407
C19d35e155b988a293aa,32.13018230538509,3313
C19d35e155d7faee8cce,17.35941283177116,1836
C19d35e155e4adb1b3d5,31.349835340423077,3235
C19d35e155e5c9ec8e38,35.868252533834216,3687
C19d35e155ec8635ae61,13.796090825691556,1480
C19d35e155f7637c711b,21.105450615401722,2211
C19d35e156053276a5f3,27.75233478867738,2875
C19d35e156071fd448f3,37.52123875258819,3852
C19d35e156163c9aef39,7.403523464564844,840
C19d35e156176dbd85e3,12.618719477911363,1362
C19d35e1561f366073b8,4.334894019196006,533
C19d35e15623ce61a33d,33.38556923753302,3439
C19d35e15630ea982518,18.80187557023228,1980
C19d35e1566e2c0c5c63,9.22511243651425,1023
C19d35e1566f70cfc4b1,6.05107487771864,705
C19d35e1567031689c25,7.524554850566401,852
C19d35e1569ebdf85eb2,10.688343238721712,1169
C19d35e156a8bcbbe14e,33.47396148079179,3447
C19d35e156b10ff79ded,4.753065480709999,575
C19d35e156b400dbabda,9.469563368643707,1047
C19d35e156b60da964f7,11.174450905183448,1217
C19d35e156b858124dc0,21.36568101658529,2237
C19d35e156e7c3cd9898,9.89841435626855,1090
C19d35e156ec4b1327c0,10.46133565639584,1146
C19d35e156ef6ae86f14,8.344733060594464,934
C19d35e156fc118b3206,5.470724153054022,647
C19d35e156ffc1b8f9d4,34.227136499933216,3523
C19d35e1571ff006d687,33.16863974230508,3417
C19d35e15720dc2b0b61,6.983885301287971,798
C19d35e15723314ac7c1,9.003771433374633,1000
C19d35e1572450033885,11.873097665535536,1287
C19d35e157266c651e2d,19.939281279798177,2094
C19d35e157297351b467,17.057566959389263,1806
C19d35e1572c8452407c,20.79771668685143,2180
C19d35e1572ee2cf7964,12.010276916980407,1301
C19d35e15734c3fa6b5c,11.465017642309588,1247
C19d35e15735304cb81c,9.340690941348942,1034
C19d35e157498377fcb9,9.700612086905648,1070
C19d35e15761d7c5bc52,11.712290753029041,1271
C19d35e15762d03c42b1,10.614938847829388,1161
C19d35e157630d0b4023,6.984647596790973,798
C19d35e15784b5adb256,15.364365484377275,1636
C19d35e1578577e28665,11.099392122494612,1210
C19d35e15786f86bba8a,26.003682308511166,2700
C19d35e157873ff5fbb6,2.913552653756006,391
C19d35e157883d98f690,1,200
C19d35e1578b6ba13db1,33.22263817107415,3422
C19d35e157912ac43670,30.00267795207315,3100
C19d35e157925ec03c56,37.5428101418773,3854
C19d35e15793dc100a84,36.00541765872537,3701
C19d35e157975c084eb2,25.00475139406563,2600
C19d35e15799d61f601b,11.035840902561914,1204
C19d35e1579a0eea85cc,9.007148878114107,1001
C19d35e1579bd12a6f7d,23.00555365372367,2401
C19d35e1579cdda20890,33.01331818409742,3401
C19d35e1579d265442ef,3.996426065329898,500
C19d35e1579eb13f0853,17.004446669316184,1800
C19d35e157a069c70a2b,12.141809686392834,1314
C19d35e157a5be1684ee,9.060657717043801,1006
C19d35e157a821040057,4.970093135543532,597
C19d35e157a9a562777f,19.060740971001778,2006
C19d35e157aa28225415,18.0648376674381,1906
C19d35e157ab3ca6c863,3.6808290164236923,468
C19d35e157ac87c44267,9.542965340103335,1054
C19d35e157ad22e39aad,9.526990639931013,1053
C19d35e157af3426a26d,32.070029120907144,3307
C19d35e157b0077b9794,22.43100427313391,2343
C19d35e157b1474bd1af,11.634331677317252,1263
C19d35e157bc309d2c7f,21.814108800934406,2281
C19d35e157cf15829c58,25.15371669357041,2615
C19d35e157d1097efb02,11.798322478603625,1280
C19d35e157d3fc3d4495,9.049254496213372,1005
C19d35e157d52fb04720,34.02221459707294,3502
C19d35e157d73a9b71dd,6.00233283680299,700
C19d35e157d8ec15b03f,36.52328570684618,3752
C19d35e157e09977cfb0,25.083208913298108,2608
C19d35e157e644c35134,6.0553151761890955,706
C19d35e157fca633e317,15.71257600154752,1671
C19d35e15802f9e30ed3,5.4450508654675875,645
C19d35e1581bda743b99,13.43039554110581,1443
C19d35e1581f2a02e51c,31.276086629458316,3228
C19d35e15820ff9cbcc1,16.75037315726643,1775
C19d35e15821ccbcf6f5,10.231754730459286,1123
C19d35e15822a0680640,5.9329141935463,693
C19d35e1582b57b577df,12.285187990865387,1329
C19d35e15847b752c9d6,34.71673331842439,3572
C19d35e158498f3504a6,36.171567531797564,3717
C19d35e1584aee30f7cf,15.420444876814928,1642
C19d35e1584b959ce394,33.67985383016667,3468
C19d35e1584e39b8a375,38.160855327002096,3916
C19d35e1584f2511b724,36.80230826610446,3780
C19d35e1587d91af8497,14.99167911603647,1599
C19d35e158803c1bf4f5,12.995377255790983,1400
C19d35e15881af7eeea8,21.96844005039048,2297
C19d35e158827dd636b7,21.00150209278598,2200
C19d35e1588558c4eb17,11.243016434155965,1224
C19d35e15886ae228598,17.02450620880301,1802
C19d35e1588981dc32ad,28.031831220438065,2903
C19d35e1588aa5ee8c80,25.475187865300274,2648
C19d35e1588bd21e505a,33.041668235561986,3404
C19d35e1588d3ccd33eb,30.305207630633284,3131
C19d35e158918c7fb649,6.929771302015357,793
C19d35e15892c3824c81,21.99487312964598,2299
C19d35e15893823d367f,15.016108956141235,1602
C19d35e15896ea2b5039,5.127942048593019,613
C19d35e1589fcb8c6fc2,23.98205143714136,2498
C19d35e158c3bf830ed0,18.587396216672573,1959
C19d35e158cfafa1b38b,23.693492324910288,2469
C19d35e158d07ff7e886,32.20115741103048,3320
C19d35e159047dd6df50,13.003577529054624,1400
C19d35e15906c47a2e5d,9.00005741900914,1000
C19d35e1590886d2c884,5.999983334576814,700
C19d35e1591a695baf0a,6.177671554227655,718
C19d35e1591deb2dacb1,7.5039194846239905,850
C19d35e15920bc6476c5,12.130923864460534,1313
C19d35e159253bc5e438,21.99703537621793,2300
C19d35e1592737a1bb43,14.000983925925462,1500
C19d35e1592f8bb69fc4,25.789990554878976,2679
C19d35e159448fb72c2b,34.29692684889741,3530
C19d35e1594e29394104,27.711393152735155,2871
C19d35e15952f660f58a,6.420517724565145,742
C19d35e15957f4bfcf7f,6.659297849098939,766
C19d35e15958a15dfa21,23.146293749861364,2415
C19d35e15959865ff1b1,11.726660226505288,1273
C19d35e1595b69638e56,1,200
C19d35e159610a4e96c7,14.892670452106806,1589
C19d35e1596cee755421,35.75642000437349,3676
C19d35e159834d8016af,8.89442892035753,989
C19d35e159a011de43ba,22.646343104631843,2365
C19d35e159be62b7c4e8,15.194319181434302,1619
C19d35e159bf6333b9a1,11.478723478519601,1248
C19d35e159c06b65482a,32.18269878662223,3318
C19d35e159c1579f4654,8.929507718674238,993
C19d35e159c2ab2ebb28,4.998175714485467,600
C19d35e159c3a5515b98,33.06909641104639,3407
C19d35e159cb612278c0,20.882274603206206,2188
C19d35e159d4ad005428,6.868177512759287,787
C19d35e159d86f6d5ca4,28.724709811873666,2972
C19d35e159ec8723cc0d,31.582642019012965,3258
C19d35e159fab1d3bc01,31.99653279895913,3300
C19d35e15a0a6561f13d,28.309212408435442,2931
C19d35e15a0b00c13c3e,11.231847956905566,1223
C19d35e15a0c5db65daa,37.01246504236359,3801
C19d35e15a1231ca75ea,23.46559154984035,2447
C19d35e15a2170f11430,34.76738720846633,3577
C19d35e15a2725137f5b,13.61803961206486,1462
C19d35e15a2a372a4ba5,31.795284528303064,3280
C19d35e15a3bb8666374,6.3935121122748875,739
C19d35e15a3d8a695335,31.004248599924704,3200
C19d35e15a3e0ac1bf64,34.019253590979076,3502
C19d35e15a3f6838ce52,35.506238389311946,3651
C19d35e15a4aad1ed937,12.441360121669655,1344
C19d35e15a4c599c1f84,10.491234038664784,1149
C19d35e15a4dbc99b91d,4.927688142336012,593
C19d35e15a6f7a29d1ef,14.407314125098694,1541
C19d35e15a750169c3a8,3.103710905228733,410
C19d35e15a944914322f,10.75513411204,1176
C19d35e15a9614359cca,11.179976754976401,1218
C19d35e15a99593ac41c,5.186971188680165,619
C19d35e15a9e3b0551b3,2.3406724060681556,334
C19d35e15aa14f4d76f6,14.818816499653334,1582
C19d35e15ac040eead70,24.00736882004757,2501
C19d35e15ac10679d07d,10.000557375532404,1100
C19d35e15ac3843fcb22,5.000098785783403,600
C19d35e15acb2bb6e8fe,13.591326193692268,1459
C19d35e15ad36be98331,18.835387913019183,1984
C19d35e15af3d133eff4,11.595239325997229,1260
C19d35e15afe3bc88975,25.266719593144273,2627
C19d35e15afff6154d58,4.017427841722556,502
C19d35e15b003cee50bc,11.796992397955254,1280
C19d35e15b040817cbcf,7.422788552920948,842
C19d35e15b0ad9f42870,36.820279256894786,3782
C19d35e15b0c3a82a7c1,35.75081568912994,3675
C19d35e15b0da8b54ffe,21.25054226511545,2225
C19d35e15b202c8a4a10,32.146838629982526,3315
C19d35e15b2633506bc5,8.694556697009228,969
C19d35e15b272d85ec80,17.08631181995014,1809
C19d35e15b2af9049505,12.033486510597156,1303
C19d35e15b2d4f8ab3d1,35.663085600708335,3666
C19d35e15b66710fe878,25.432006949219254,2643
C19d35e15b67854ae2bc,18.344023803177258,1934
C19d35e15b7ba118c6e7,16.124091975322173,1712
C19d35e15b7f72008691,38.006511565777615,3901
C19d35e15b84c251cf16,1.6676028860832113,267
C19d35e15b8542d1de04,36.25767722198747,3726
C19d35e15b890255f838,8.668173398335792,967
C19d35e15b8ac7636cb6,27.508873427883827,2851
C19d35e15b8b8d01e113,21.848509582854323,2285
C19d35e15b8c90186a85,36.62588115564859,3763
C19d35e15b8dfe2a0202,17.009594752449058,1801
C19d35e15b8f3edf95fa,5.724613394917544,672
C19d35e15b91e19d1129,31.98938614983689,3299
C19d35e15b9275e60776,38.35415754771458,3935
C19d35e15ba02c0569fa,33.80086695988333,3480
C19d35e15ba41d7b524e,33.628656106882886,3463
C19d35e15ba58dd99a17,36.61485614225157,3761
C19d35e15bc7dcf646ad,30.02648266580534,3103
C19d35e15bc8d62736ca,31.320508488424,3232
C19d35e15bd03c11c376,31.918428686872698,3292
C19d35e15bd16e0c8959,35.41796117082921,3642
C19d35e15bd9cab93a96,33.92984538239888,3493
C19d35e15be5a20c635d,20.113079405688193,2111
C19d35e15c0be5e1ea8c,9.78663257950322,1079
C19d35e15c4d3b4c17cc,15.564776891490894,1656
C19d35e15c4e1bbb27e2,27.782911299298853,2878
C19d35e15c5b6f4e829b,36.25132895672477,3725
C19d35e15c9efbdaf154,12.917798862780273,1392
C19d35e15c9f28d8b5eb,27.67008919239594,2867
C19d35e15ca0d0c81b3f,8.944852602138823,994
C19d35e15caeb506a56f,17.795760380927188,1880
C19d35e15cb973bb43c7,12.123077157553993,1312
C19d35e15cbead9a65bf,29.327102256461956,3033
C19d35e15cc371dcf418,20.086498439239364,2109
C19d35e15cd3b1495c51,22.213155767339355,2321
C19d35e15ce0d1a98b54,20.670953735386384,2167
C19d35e15ce2dd57e3df,8.08458846632662,908
C19d35e15ce4e96b6291,17.003924600256614,1800
C19d35e15cf660e11b1d,11.831040638425176,1283
C19d35e15cf7db320b58,1,200
C19d35e15cfac27515a4,9.293362347784756,1029
C19d35e15cff16d9428a,24.098082934063235,2510
C19d35e15d068c605826,5.348439065731286,635
C19d35e15d1e18f0d2cb,12.512993971149667,1351
C19d35e15d1f911ce6c8,9.908633049853682,1091
C19d35e15d2093f9a92f,4.928354409741781,593
C19d35e15d23ba7ee3a4,33.004996004646294,3400
C19d35e15d24bd9ed65b,36.00184072719029,3700
C19d35e15d260b77c652,11.287589722435328,1229
C19d35e15d27f2d54837,12.201082799843075,1320
C19d35e15d2e12c18421,9.682842361181418,1068
C19d35e15d2f2fabee3b,14.682851778736117,1568
C19d35e15d33e180d6c0,1,200
C19d35e15d3a257c4a4e,21.859500573701002,2286
C19d35e15d3d4ba4f0ff,13.794327229596675,1479
C19d35e15d3efbbae377,8.633728752363705,963
C19d35e15d3f13addd0d,3.998487091050479,500
C19d35e15d4b25c4a0cb,18.16207113602119,1916
C19d35e15d4cf1c0b4ba,27.140515130776098,2814
C19d35e15d7c43fe42fd,35.31364060235833,3631
C19d35e15d87c7fdb98b,9.289731916892414,1029
C19d35e15d8bd2617872,18.791863816102314,1979
C19d35e15dac1d78fd27,23.22955062935176,2423
C19d35e15dad58bcbf28,35.306172335336356,3631
C19d35e15dc148c0c25e,36.36069606419275,3736
C19d35e15dd040d62dc2,11.1641985742548,1216
C19d35e15dd20f43c27f,3.918057349134578,492
C19d35e15ddab69e1760,13.462158449740333,1446
C19d35e15ddda9758beb,27.29920969622343,2830
C19d35e15de9cd28e901,34.98475333254483,3598
C19d35e15df4fd8d11a6,31.327706048404423,3233
C19d35e15df555a00e5d,9.613866151725215,1061
C19d35e15dfcc720af15,5.741003537769661,674
C19d35e15e11a745d913,8.691832534537111,969
C19d35e15e1ac73ac98d,20.610345168814856,2161
C19d35e15e4d609e55ef,1,200
C19d35e15e4e8cde0f4d,3.506115539012818,451
C19d35e15e4febd34149,7.81602699532813,882
C19d35e15e50aefe292c,11.410321247151337,1241
C19d35e15e6c8f30e6ca,11.71972739649033,1272
C19d35e15e7051c1f4d5,11.588470513727621,1259
C19d35e15e73696b2edd,35.24925034151392,3625
C19d35e15e7a1546f648,8.960999935677778,996
C19d35e15ea950561b5d,14.306391678906985,1531
C19d35e15eb8abe664ca,13.691504708362912,1469
C19d35e15eb9b9c89f8b,10.569614780643946,1157
C19d35e15eba69fb8229,8.063105121625117,906
C19d35e15ebcf942ba5f,3.8508555320899704,485
C19d35e15ec6227ac010,11.5669954472977,1257
C19d35e15ecb114e73f6,10.750615749740254,1175
C19d35e15ecccd43f0e9,16.356468570589406,1736
C19d35e15ecd91d5e5ee,2.3287475615616233,333
C19d35e15ecfc64640ba,32.04147092752792,3304
C19d35e15ed047785d55,33.59405229113926,3459
C19d35e15ee3e2e84573,22.893271850410947,2389
C19d35e15eeef6d03696,17.49899640712845,1850
C19d35e15ef2b9c36f25,36.01702257933277,3702
C19d35e15f062d9c40cc,35.834841616645186,3683
C19d35e15f18e2aa7e51,14.6884698127692,1569
C19d35e15f1eafaea010,34.8985021065408,3590
C19d35e15f29cc4806e7,3.246587911385273,425
C19d35e15f2aa9fbd3e2,8.613473498797532,961
C19d35e15f2b419b5409,11.011356576750684,1201
C19d35e15f7cfc593d2f,36.83772823094379,3784
C19d35e15f7ff7889112,35.32820407399554,3633
C19d35e15f807de63554,36.0702610479691,3707
C19d35e15f8509335a11,25.61046510685604,2661
C19d35e15f892c82a0f8,30.317097066358034,3132
C19d35e15fb0b3f199af,11.578378780730926,1258
C19d35e15fb28b33ec17,1.6684559685330915,267
C19d35e15fb4b5b6a9a7,9.066748760598648,1007
C19d35e15fb5ab2da409,4.969052714349343,597
C19d35e15ffa7ae5f25b,7.573034056725652,857
C19d35e15ffb6b264f7e,9.392574639620003,1039
C19d35e15ffd101f8bb7,10.588165857728084,1159
C19d35e1600124ce5b76,16.919923017520155,1792
C19d35e160028cbd3f1b,32.38036652468862,3338
C19d35e160205816d206,28.19433857717299,2919
C19d35e160335956f007,36.30477552689349,3730
C19d35e16035a2bf48bb,5.007245658412181,601
C19d35e16036493b2f5d,9.966123954758784,1097
C19d35e1603737ff9251,11.807184748708107,1281
C19d35e1603c617f9d39,17.005236929484177,1801
C19d35e16042f8b9c111,11.002303706173334,1200
C19d35e16051345a4158,29.43879368606853,3044
C19d35e1606a1b0d613d,6.067552967526208,707
C19d35e160837f3e6cca,11.111518293117813,1211
C19d35e160877892f97f,9.714284194753532,1071
C19d35e16089bf93f6d2,6.442248321044265,744
C19d35e1609bec2927ca,33.45424071503459,3445
C19d35e160ad6f7f0698,26.0899809493305,2709
C19d35e160b2c419a160,6.303307992717955,730
C19d35e160b3af91a719,36.07364559698762,3707
C19d35e160bda7939fdc,23.8961910165331,2490
C19d35e160cd3e6fd151,8.405830933596082,941
C19d35e160ceb804ebf0,10.968248370313397,1197
C19d35e160cf78b63fa5,19.438692128657888,2044
C19d35e160e7811c6002,29.363269288800897,3036
C19d35e160e8adaeec15,35.7856394803231,3679
C19d35e160ec5d420f1c,37.21373029716983,3821
C19d35e160eebc5f0842,13.448763009285692,1445
C19d35e1610d07ce6d28,20.143795965142267,2114
C19d35e1611b65d83157,20.889943321031325,2189
C19d35e1612e5686ad9d,34.71081368590735,3571
C19d35e1612f9464a36c,32.11615680004885,3312
C19d35e16144e67de6c6,17.339508302471394,1834
C19d35e161576e3c1003,26.875683676101907,2788
C19d35e1616b2c171d23,9.321329984223008,1032
C19d35e161cb4c6f7bd2,7.4794467703784155,848
C19d35e161e2b84ab9d5,8.995291875572676,1000
C19d35e161e3ad2e9831,6.9996537484878605,800
C19d35e161e4ec031349,5.000028331678049,600
C19d35e161ee0e2361cd,13.001392484712174,1400
C19d35e161f3316a917d,9.111627814185868,1011
C19d35e161f5abb1dd9c,21.005875365607917,2201
C19d35e161f675cabf04,5.054632351791859,605
C19d35e161f834f0126c,26.001292875962264,2700
C19d35e161f918464842,33.00240637748,3400
C19d35e162086b57ec6c,24.38560890954211,2539
C19d35e16238097d2b04,17.583848846106736,1858
C19d35e1623ea332715d,13.662002175380866,1466
C19d35e16248aeafa51e,31.626523496704987,3263
C19d35e1625228d128b9,15.639357722971113,1664
C19d35e162535293a42d,33.28000597900216,3428
C19d35e1625ad7d158ce,30.49392157293815,3149
C19d35e1627f19b36153,11.127717899814233,1213
C19d35e162834f5294f2,15.955320614737355,1696
C19d35e1628b07f02bc8,36.04734628214062,3705
C19d35e162949c806f40,27.511650903496054,2851
C19d35e1629d6340f96b,34.14379043319363,3514
C19d35e162a389fc0d99,36.071831751299335,3707
C19d35e162ac588f27b2,22.07532519881729,2308
C19d35e162c9ffc6e93c,21.765776926547847,2277
C19d35e162ce463123f5,11.079448796903069,1208
C19d35e162dc900d5d74,9.008575756413729,1001
C19d35e162ddcfffcb7b,13.20797355452585,1421
C19d35e162e06866b484,32.08337780197503,3308
C19d35e162e19e8639fe,34.11782456448563,3512
C19d35e162e24713d8e8,30.05287885836481,3105
C19d35e162e40fea2fed,7.161932065326211,816
C19d35e163027d513fe8,32.077183014321754,3308
C19d35e16307c7a6b6dd,5.900004982872807,690
C19d35e16309b2ba3997,9.333126567789733,1033
C19d35e1630b339060e2,11.591926686072796,1259
C19d35e1630c15a681ac,25.01911830327001,2602
C19d35e1631698000164,10.189066621026845,1119
C19d35e1631fb29831b4,14.204189190249485,1520
C19d35e16326074f83f1,34.34426215724338,3534
C19d35e1632ec2512ad1,9.358366037004632,1036
C19d35e1633148a532b1,12.043512980876693,1304
C19d35e16338258445ac,17.81496513757352,1881
C19d35e1635df141245e,7.55964734664287,856
C19d35e16365025c6e61,23.140891384634564,2414
C19d35e1637707e868bc,16.21436949422888,1721
C19d35e163799a6ba6d8,32.029066074578104,3303
C19d35e1637b20c78c7e,25.877791919726025,2688
C19d35e1637c79ba0b4b,10.858480800601743,1186
C19d35e1637dec2b6441,4.090106947776056,509
C19d35e163c0bcba96cd,30.075278031161535,3108
C19d35e163c44f55bc66,6.9941767444096,799
C19d35e163d012744987,34.003385703166195,3500
C19d35e163d1483df782,24.36729425960687,2537
C19d35e163d27f7edc79,9.264827557541848,1026
C19d35e163d37eb560a6,31.11338294150899,3211
C19d35e163d4b1bbd7de,5.1261046251222595,613
C19d35e163def1505bbf,11.076626107323316,1208
C19d35e163dff2a1d5bf,3.085148514565032,409
C19d35e163e4ae1ad200,9.369337641294175,1037
C19d35e163e5b0f2b061,12.855620304521825,1386
C19d35e163e65f90f8bc,7.226948402004792,823
C19d35e163ffc646729f,7.067102840675158,807
C19d35e16401ae970f8e,9.26730503835547,1027
C19d35e1640e7442676f,15.80517866072726,1681
C19d35e16446ba34e2b2,6.689621606717884,769
C19d35e1645bc2c5d7bc,12.775919236606036,1378
C19d35e16460dc7e4ff4,19.820004410078273,2082
C19d35e16462361b7188,35.72798098751692,3673
C19d35e16463dad6ef4c,37.0056078206111,3801
C19d35e1646d49a8128c,13.474805242353966,1447
C19d35e164719079e568,9.037527112588203,1004
C19d35e1647d2d84fab9,2.7342992272563205,373
C19d35e1647e564c72dc,6.617458367018939,762
C19d35e1647fdd2775d2,9.978238582260715,1098
C19d35e1648094c32b41,11.907815801439476,1291
C19d35e1648121751194,12.39748076425392,1340
C19d35e1648ff71228bf,21.470592942337333,2247
C19d35e164a14eb43b7b,34.44653489575935,3545
C19d35e164bafe26fd25,11.48357167736453,1248
C19d35e164bf2485fa0a,9.519552227117586,1052
C19d35e164c19c8da0f9,6.20556894859505,721
C19d35e164db5ab46f53,30.229628853450357,3123
C19d35e164edcd965942,35.12821260000716,3613
C19d35e164f2095d17c0,37.5427009469812,3854
C19d35e164f4f4f0b842,12.11831033958838,1312
C19d35e164f8561dd5d6,16.960293135400164,1796
C19d35e1650dddb3b87b,30.535977106548092,3154
C19d35e165102596553e,8.43256774258194,943
C19d35e16513ac8b69d7,33.77748837825012,3478
C19d35e16515fc469443,11.452529941211262,1245
C19d35e16519a1cb7317,38.686437390356275,3969
C19d35e1652cfbc7c138,11.156802104678487,1216
C19d35e1653c14df6712,36.555530396345134,3756
C19d35e1655662ac2801,11.683876411918849,1268
C19d35e1655712d2e752,29.42474984968057,3042
C19d35e16559b788ae4e,14.538179520133056,1554
C19d35e165a8bc1a6474,13.606760656076712,1461
C19d35e165b326e28212,29.576210825019448,3058
C19d35e165db2e96bbff,12.226603383107916,1323
C19d35e165dc1bff94bb,1,200
C19d35e165dd5551a264,9.128323578091642,1013
C19d35e165de8e793d60,4.218307647024116,522
C19d35e165e11193f283,17.439639621941396,1844
C19d35e165ef9bdacc34,7.808173367053586,881
C19d35e165f0123ed4e4,9.794860416635366,1079
C19d35e165f117a00f0a,3.1979692939169664,420
C19d35e165f924346274,12.853532329535488,1385
C19d35e165fcbd8fb4b5,13.401623593579227,1440
C19d35e165fd454f6003,33.27497915678063,3427
C19d35e165ff2f706eb9,30.65085774311192,3165
C19d35e1660084329b85,9.378862190764256,1038
C19d35e1660146490a29,12.410193484953611,1341
C19d35e16602bb6bcf25,4.063246552505976,506
C19d35e16613f4720fba,12.228964598129412,1323
C19d35e166142d7a248b,29.068311863166606,3007
C19d35e16621989eccf0,11.025498049790222,1203
C19d35e16622ff6f8f6b,1,200
C19d35e166262bbd051d,7.1780974083330165,818
C19d35e16627559b42e7,13.746426062588654,1475
C19d35e16628ee6db0e7,5.093404222498541,609
C19d35e1662a8026dba2,15.09374860190445,1609
C19d35e1662b36fbb000,20.68837250314871,2169
C19d35e166338e631680,19.225789042160315,2023
C19d35e1665a652818e8,5.1083073386895785,611
C19d35e16675d9c7ff3f,34.95131641520138,3595
C19d35e166b93612203e,33.08917903476566,3409
C19d35e166badad864de,35.73099525117784,3673
C19d35e166ca31d3d0fc,14.098120880121945,1510
C19d35e166d2f731637d,9.719323946294416,1072
C19d35e166d455ca06ad,5.069593574304416,607
C19d35e166d5517c16ec,1,200
C19d35e166d65dcef431,19.41659452187897,2042
C19d35e166db15d21351,1.9372838952397369,294
C19d35e166dcba7ea519,7.159395316999504,816
C19d35e166dda50c6185,9.215790467398294,1022
C19d35e166de933f84fe,11.157534981902725,1216
C19d35e166e18b552f6f,36.57662185071001,3758
C19d35e167196d13dd02,35.078708762571736,3608
C19d35e1671fc9346015,30.48457545224997,3148
C19d35e1672363457a35,33.157229212965,3416
C19d35e1674a7da4a1e9,13.028362732347938,1403
C19d35e1674bbaa88c18,14.16309635220871,1516
C19d35e1674c92f1f81b,6.998388444326284,800
C19d35e1674d9e7ff2c2,1,200
C19d35e1674e74281ec3,4.990320201278266,599
C19d35e1674f415cb43a,8.986767427072545,999
C19d35e167507eaa94dc,3.0068913953121,401
C19d35e1675e51f4ddbf,11.486739721260344,1249
C19d35e1675f85a8ca95,1,200
C19d35e1676028bb1a30,29.132344676500903,3013
C19d35e16761273cce8d,11.457908346530793,1246
C19d35e1676287240f7b,21.839391393792987,2284
C19d35e16766956892c7,6.129443265290746,713
C19d35e16768aa7db26f,25.015501861414236,2602
C19d35e167797b54b991,17.82278000384193,1882
C19d35e1677a00f70d2e,32.48843177638761,3349
C19d35e16780260a3109,20.312216026139552,2131
C19d35e167a875a693e4,6.574817650703033,757
C19d35e167a9decb8411,11.09454001771102,1209
C19d35e167aa3d2b1c67,13.212669281123883,1421
C19d35e167b455f36120,27.512679461536106,2851
C19d35e167b576245d6a,15.144226490290144,1614
C19d35e167b71698f81d,11.189608858819092,1219
C19d35e167b8b0d3e9c7,7.147469593375424,815
C19d35e167c64a1c89c2,28.996151883133997,3000
C19d35e167c9cfba1b8c,36.24285594599781,3724
C19d35e167e973559831,32.168654285305365,3317
C19d35e167ea60f9d229,18.092743967922054,1909
C19d35e167fb33f78127,4.585603698453516,559
C19d35e167fe765db96f,10.701738892731926,1170
C19d35e167ffdfbc95d2,22.512662468928337,2351
C19d35e1688f7dd63889,11.395318099038969,1240
C19d35e168b8334fe929,12.978199904532605,1398
C19d35e168f75fc47be2,33.35524299528312,3436
C19d35e168fadbc83d53,36.27472113310402,3727
C19d35e168fba28b5066,28.006274122075112,2901
C19d35e168fc970e098f,36.7870877896697,3779
C19d35e169033827761b,32.400927391495934,3340
C19d35e1691ac58b5908,30.3133980279294,3131
C19d35e1691d8043e578,36.31698510718558,3732
C19d35e1692e0b2de710,15.438450725167485,1644
C19d35e16944d9da2a53,1.9958985212873623,300
C19d35e169451125b692,5.9956497283230705,700
C19d35e1694608504664,8.010706513217967,901
C19d35e16947c7189f21,9.972930209127135,1097
C19d35e169481e03dd96,11.787968270812163,1279
C19d35e16949066861fe,12.490767216385171,1349
C19d35e1694a566a17c5,30.914681330319112,3191
C19d35e1694bff0415b5,34.22129992913888,3522
C19d35e16960ad199d11,17.90220414508631,1890
C19d35e16961a69fbba8,9.902548057108062,1090
C19d35e16962891df902,11.14878856113006,1215
C19d35e16966d5a0d4fa,6.94126019375688,794
C19d35e1696806141f4d,3.3660669987632663,437
C19d35e169788994a540,11.982983404928671,1298
C19d35e16979902ed784,4.822964277171217,582
C19d35e16990236c029e,20.971366838518566,2197
C19d35e1699ad5629adc,23.24421459096077,2424
C19d35e1699b568667a2,26.479385308350256,2748
C19d35e169b007e41bfd,12.821282084990226,1382
C19d35e169c36d1c1765,37.56668744208361,3857
C19d35e169c5a44f076f,32.95061137226919,3395
C19d35e169d229142f86,19.979769210121837,2098
C19d35e169d3523a00f4,13.809884422947869,1481
C19d35e169d4062eae9a,2.0006771675841772,300
C19d35e169d56cd5725a,9.037666566213277,1004
C19d35e169d696585b9f,5.001692413996596,600
C19d35e169d7ecf32157,25.009380451645228,2601
C19d35e169f5eddd74b8,8.92698162828611,993
C19d35e169f7258505eb,20.221023554507394,2122
C19d35e16a23eaf20f32,32.01007864747532,3301
C19d35e16a25c59d818c,17.471948500796877,1847
C19d35e16a31e6616d59,31.53070402694064,3253
C19d35e16a3a021a8c80,19.152142166667343,2015
C19d35e16a4afcab5400,23.569437604490258,2457
C19d35e16a4d0d6acf6f,29.953915023620446,3095
C19d35e16a67229027ad,2.7065314540505985,371
C19d35e16a696d5b9e37,9.101553462640846,1010
C19d35e16a6aa00c7ed7,10.307765591352242,1131
C19d35e16a6c76c52b34,15.573787535621802,1657
C19d35e16a6df9f98b2c,11.548274921290307,1255
C19d35e16a6ebc291836,36.120393168354646,3712
C19d35e16a6f96839c19,32.03293748733055,3303
C19d35e16a7059941fb1,32.525975496870295,3353
C19d35e16a75959d3373,4.319621249612082,532
C19d35e16a7619eaf4ca,11.22066274260895,1222
C19d35e16a7ad45b3933,11.657205682490094,1266
C19d35e16a7c290dbefa,30.2618376738049,3126
C19d35e16a7e72d86d27,25.262601622345453,2626
C19d35e16af209ce9584,22.551253286226068,2355
C19d35e16b028512d8f2,11.260640539807762,1226
C19d35e16b064694571f,5.462403505938935,646
C19d35e16b16b5874a78,9.845722378392658,1085
C19d35e16b198a7561cc,33.01512034744642,3402
C19d35e16b31bdd675ec,17.582908239510992,1858
C19d35e16b4256a4894a,11.751267575411033,1275
C19d35e16b4450a5b46f,25.12222693781948,2612
C19d35e16b45244010e5,10.16820447620436,1117
C19d35e16b460444020c,16.08972632874501,1709
C19d35e16b47dc33a4c3,3.971639485382034,497
C19d35e16b5eb801cf5c,12.052828430035813,1305
C19d35e16b6396aeacfc,15.552984111232472,1655
C19d35e16b685fa20936,8.622051104083196,962
C19d35e16b6bf75c9419,24.245115478643672,2525
C19d35e16b6f67cefb64,6.281718157874192,728
C19d35e16b73520fbcfe,29.602949048134175,3060
C19d35e16b7a99b8d045,4.918186497619274,592
C19d35e16b7b40e75b90,7.937131761288819,894
C19d35e16b7c5e2def58,10.037385958613562,1104
C19d35e16b7dda70f121,11.514468158780973,1251
C19d35e16b7e3addb1e7,18.443108143590027,1944
C19d35e16b7f0a69bf20,36.028358453644266,3703
C19d35e16b9e4748918e,15.850137608515274,1685
C19d35e16bc13807d804,12.141124477837812,1314
C19d35e16bcdedd421b8,10.990937829017101,1199
C19d35e16bcf6ffb29b8,5.385578461064554,639
C19d35e16bd21bdbb084,21.239465832358313,2224
C19d35e16bd62d262ce6,12.359439614341207,1336
C19d35e16bd9fe0a73da,20.0432610757563,2104
C19d35e16bdcea4614f9,8.932112701155276,993
C19d35e16bdd43a9a223,25.390719258649145,2639
C19d35e16bdf8bd197ea,33.66726747143241,3467
C19d35e16be063bd4221,21.165451287117616,2217
C19d35e16be27986f2d6,3.530843058472818,453
C19d35e16bf6f07dd089,34.880943919441236,3588
C19d35e16bfa268fd32b,37.59378092130892,3859
C19d35e16bfea28f0c3c,35.84406295103915,3684
C19d35e16c0c8d73b500,20.700042706093296,2170
C19d35e16c0d5e5d065a,31.312540667402892,3231
C19d35e16c0ebd4cbd2e,35.761645552596114,3676
C19d35e16c0ff802ff23,11.065383331105723,1207
C19d35e16c13259b8271,6.3300416522692355,733
C19d35e16c155dc81056,38.11415849057,3911
C19d35e16c4ca325b37f,26.74761487731687,2775
C19d35e16c56602f24f9,30.587968838032474,3159
C19d35e16c6af1c5ec77,34.52803082281711,3553
C19d35e16ce1d2c2eac4,9.53262852728745,1053
C19d35e16ce7438bdc5f,8.999504133389111,1000
C19d35e16cec3e91241b,10.005120477787369,1101
C19d35e16cefccd79127,5.999051483461714,700
C19d35e16d5829f9f7a1,24.060593113329,2506
C19d35e16d59108713c0,34.545834418772706,3555
C19d35e16d64f122508b,34.54045764522331,3554
C19d35e16d65738b89f5,38.02539597622455,3903
C19d35e16d69a2844a43,12.114406010751894,1311
C19d35e16d8ea1df88b8,27.122732779729382,2812
C19d35e16d93d532be9c,23.972559945344237,2497
C19d35e16da13222cdd7,13.624201771575477,1462
C19d35e16dadee094e37,17.02701204913826,1803
C19d35e16dd341bc9f13,35.518786949406206,3652
C19d35e16decfb700d8f,28.36637307044058,2937
C19d35e16df0a883e835,31.725307334312948,3273
C19d35e16df7f29c317d,29.274060538245074,3027
C19d35e16df9a8788d59,27.871707528572944,2887
C19d35e16e0834ea6b49,9.733416684101243,1073
C19d35e16e0e9ffd9f59,7.736491036415323,874
C19d35e16e25106c08db,15.28498070294535,1628
C19d35e16e262e96bf30,3.9985731371936306,500
C19d35e16e28b88dc51c,20.030982161009984,2103
C19d35e16e29c0923a7e,9.98094907924683,1098
C19d35e16e2a5c0a9b6e,7.0033237484129645,800
C19d35e16e4a638c62f0,20.717801925356596,2172
C19d35e16e4ccee1dbc5,11.014497234870065,1201
C19d35e16e4e5662ee85,7.984116047879765,898
C19d35e16e5472cdf538,34.561802634051865,3556
C19d35e16e55e41fe898,34.11902191457125,3512
C19d35e16e72433eb2ff,25.64514328912418,2665
C19d35e16e7311028a17,32.88219224334266,3388
C19d35e16e7443f58aab,36.62796765254899,3763
C19d35e16ea1e50cf2d8,21.304532138513675,2230
C19d35e16eb4a5e8b458,12.50195058396234,1350
C19d35e16eb587ddf862,9.011993358829175,1001
C19d35e16eb63523ea55,35.00527661487217,3601
C19d35e16eb7207cf75c,6.000911473042912,700
C19d35e16eb87ad44c94,28.00399978073622,2900
C19d35e16eb9e5343ee7,12.2263254324995,1323
C19d35e16eba1e6ecc4e,37.31984441958202,3832
C19d35e16ebbfb1a3534,9.186716499110103,1019
C19d35e16ebc0de83e38,4.031740601558613,503
C19d35e16ec051d22fbe,22.448638465280716,2345
C19d35e16ee51d73edae,12.060428535623574,1306
C19d35e16ee656dc0584,2.7864712719259597,379
C19d35e16eebe5e30b97,11.122962359772453,1212
C19d35e16ef0c6fb3a40,5.237303047404927,624
C19d35e16ef36122935a,25.041113250019727,2604
C19d35e16ef4d2bb4f07,4.82851204080872,583
C19d35e16ef687fdd3fc,10.282996158134878,1128
C19d35e16ef735c73132,11.9513278201761,1295
C19d35e16efbc1d5afe9,26.91901063092981,2792
C19d35e16efcf7aed7d3,30.71685920236588,3172
C19d35e16efd15bc68be,34.06919803844909,3507
C19d35e16f3a509ad7d7,11.050516404214289,1205
C19d35e16f43a9955703,14.417051106687362,1542
C19d35e16f4c49c301e2,9.996051414963748,1100
C19d35e16f6392ffe93c,18.991989649346475,1999
C19d35e16f6a861153ef,14.984393932299705,1598
C19d35e16f7682529876,35.550272986919666,3655
C19d35e16f7d78037567,28.398689710370878,2940
C19d35e16f872c843053,33.76316213322888,3476
C19d35e16f95280e284c,27.550949782049294,2855
C19d35e16f9a1f001a1f,34.19685504901849,3520
C19d35e16fbf08428787,33.12797105793768,3413
C19d35e16fce325191ce,36.55773043566666,3756
C19d35e16fe59b4bc053,15.539302158993886,1654
C19d35e16fe7e09f75d6,5.014479673736464,601
C19d35e16fe99f8c2b64,11.807436628150667,1281
C19d35e16febb4101b95,9.06011563166548,1006
C19d35e16ff7dd8567a8,11.496106340079704,1250
C19d35e16ff8c14a299d,8.988127394189304,999
C19d35e16ff919002205,13.120896287087778,1412
C19d35e16ffaf4631904,5.994398142014507,699
C19d35e1701fef8785e9,38.015215071905914,3902
C19d35e170283ce7d2ef,20.011554835908306,2101
C19d35e1702d2fc02d88,28.314130963444494,2931
C19d35e17039fd400fe2,11.089379036117247,1209
C19d35e1703cd6ed2983,39.06290770718017,4006
C19d35e170419ad3dfd4,6.205899140841816,721
C19d35e1705f0281acfa,10.877023530846952,1188
C19d35e17060e4bcfda9,6.800046102935773,780
C19d35e1707406bb18e0,23.419361633552583,2442
C19d35e17079e8116d2c,34.15081235557723,3515
C19d35e170824654ed77,28.935350622164897,2994
C19d35e170f6e66143e1,31.399733498344997,3240
C19d35e170f78c6b24f7,15.79335834676635,1679
C19d35e170fb212c8ee2,9.74637222294961,1075
C19d35e170ff04aa1277,35.862219533357056,3686
C19d35e17102a4e692fb,30.09372183502832,3109
C19d35e17106e4a5d065,28.573864052560157,2957
C19d35e1715be7121ef1,21.359145875174008,2236
C19d35e17165cccade94,33.4457152750865,3445
C19d35e17169f7db231a,33.88869713335193,3489
C19d35e1717d012389af,37.113152365815914,3811
C19d35e171ea867961f0,5.8944159019337405,689
C19d35e171eb065a32e9,10.27416490111388,1127
C19d35e171f1609edc5a,9.647577186502518,1065
C19d35e171f31c2c7bc3,10.804877991501002,1180
C19d35e17228e7ab09ec,17.00141092687917,1800
C19d35e1722b013869e4,36.2612338682475,3726
C19d35e17235196ed38f,22.628096930478854,2363
C19d35e17251491afff1,1,200
C19d35e172546d700163,7.667358787055743,867
C19d35e17255f31b0af3,11.166605359264482,1217
C19d35e1726c895005c9,11.18002094681774,1218
C19d35e1726e12b6ffb7,3.913524231555516,491
C19d35e1728ea492ddb9,31.53602708224814,3254
C19d35e1729a627bef06,25.481641390787463,2648
C19d35e172a292746709,13.928111229931586,1493
C19d35e172ea7ee31014,23.191710544801072,2419
C19d35e172edd344b916,9.221691746605908,1022
C19d35e172f761b6206b,14.940367997839234,1594
C19d35e172f9e748e9c5,22.097814355883298,2310
C19d35e1730e937d4629,14.409779535904212,1541
C19d35e1732436124097,35.27999745782037,3628
C19d35e17325891f473a,11.22104137978182,1222
C19d35e1732606b966a6,2.0186251584732133,302
C19d35e17329c0695459,8.705034162755462,971
C19d35e1732ab2cf5295,20.106928816771145,2111
C19d35e1732b13cfb1a9,7.175445805843961,818
C19d35e17333906de1f3,9.992782524685879,1099
C19d35e17337a01cbf44,36.58781639722379,3759
C19d35e173388c0953d4,32.11118571115805,3311
C19d35e1736af751dd59,19.98723969933098,2099
C19d35e1736e6dcbde5f,1,200
C19d35e1736f29eadc80,6.749461072114084,775
C19d35e17370ae0da148,11.392429428919176,1239
C19d35e173743b4dbdfa,14.939334431352766,1594
C19d35e1737686b95655,36.85539991655723,3786
C19d35e173780fbedeee,36.05888128322367,3706
C19d35e1738452eb8ae5,34.501530247220025,3550
C19d35e173897dc10141,22.828672428698297,2383
C19d35e17390d7eab5c7,11.510851526045839,1251
C19d35e17396f0ac604e,7.583628903220196,858
C19d35e173c18c5203f5,21.894582141227925,2289
C19d35e173c54a0bff9d,36.75998244872185,3776
C19d35e173c66124e8be,16.650025596790616,1765
C19d35e173c885bb5795,5.526206657833948,653
C19d35e173ca49cfa686,9.702775597725516,1070
C19d35e173e11088b85d,5.021870523056686,602
C19d35e173e28b61e5e7,10.10584833722273,1111
C19d35e173e3a09ed81d,12.064507644176066,1306
C19d35e173e5acc81315,14.91728521852735,1592
C19d35e173e69c5f2f60,20.134046015762472,2113
C19d35e173e7512ec8ce,39.046554148625496,4005
C19d35e173e8e778ebaf,24.24140083225166,2524
C19d35e173ee0cb7c65c,19.662843512598624,2066
C19d35e173f02b5b2ac4,17.025130366982033,1803
C19d35e173fd215adcde,5.202755006403269,620
C19d35e173feb64ac040,6.3393859457668285,734
C19d35e173fff902fc9e,10.96156647631142,1196
C19d35e174009f534da8,13.824227424601577,1482
C19d35e17402c9f8eb62,32.75324722273354,3375
C19d35e1741bbd2327ac,36.284648756670805,3728
C19d35e1742c56596238,19.811155291079064,2081
C19d35e17448d1becf25,29.96423966602396,3096
C19d35e17451b9417513,30.92396113497988,3192
C19d35e174531b58c5e2,23.38205113855959,2438
C19d35e174cbc9ccc032,33.23752346608525,3424
C19d35e174da8e2a0326,6.985491440371415,799
C19d35e174df7226e32d,4.663333742403868,566
C19d35e174e19c52a466,7.002991452625524,800
C19d35e174e28a0268d2,9.538630789971558,1054
C19d35e174e3a4aa2d12,11.651899327877064,1265
C19d35e174e4ed29ca87,24.05470825432563,2505
C19d35e174e50da5d9ec,33.22844630468506,3423
C19d35e174f9cea64ac7,11.84266868188364,1284
C19d35e1751f2960bf9e,12.153214559760295,1315
C19d35e175209830be4a,8.216878256734368,922
C19d35e17521afab4ab9,26.694454145183467,2769
C19d35e1752b41a1f3a9,16.46447389631197,1746
C19d35e17556522907fd,17.931695635368524,1893
C19d35e1756a2058b6ad,34.60179767578205,3560
C19d35e1756fd3fef755,13.031055483770661,1403
C19d35e17575650cf9d0,25.511191186205576,2651
C19d35e1757661543ad0,18.558789194332785,1956
C19d35e1758c5f6b7036,11.666907102784705,1267
C19d35e175b26a645d42,35.72537192318318,3673
C19d35e175c157ea3ba0,36.35858505568232,3736
C19d35e175c6688b8bb2,22.714825040113162,2371
C19d35e175e67d439156,33.83734034255942,3484
C19d35e175ee937a2dd7,26.777672715488187,2778
C19d35e175ef760f01db,14.172641575958801,1517
C19d35e175f22ea05dd1,11.813648164033738,1281
C19d35e17606b664f783,11.218828503135432,1222
C19d35e17614fac1486c,20.912926530096968,2191
C19d35e1762cfae069fc,35.54874648481902,3655
C19d35e176312b5ac3e9,33.21452385615929,3421
C19d35e1763562cc5711,37.020801636966134,3802
C19d35e1763aabf17950,17.175137708309208,1818
C19d35e176467c13a64e,23.370811506702857,2437
C19d35e17649c3a678d5,36.61436154667029,3761
C19d35e176500e7a237a,16.53355179221262,1753
C19d35e176797f1794c3,17.021408741862977,1802
C19d35e1767a7e1345bd,16.335864082769035,1734
C19d35e1767c914ef221,1,200
C19d35e17680c75ea619,8.109779136581174,911
C19d35e1768185c28e0b,27.546198497839093,2855
C19d35e17684f6104696,4.798454515546799,580
C19d35e176869700b636,19.012410664866078,2001
C19d35e17689925f848e,29.0913963682711,3009
C19d35e1768fcf41448b,35.78773547467672,3679
C19d35e176b7a6c1e38b,35.59793788326963,3660
C19d35e176ba99f71bff,1.7260956686812512,273
C19d35e176bb962860e1,5.011933419730808,601
C19d35e176bc20df9986,9.18058538128344,1018
C19d35e176bd0da59b13,11.678277392933389,1268
C19d35e176c42c1278a8,3.8081312020524645,481
C19d35e176c7b673cae1,9.633723128054418,1063
C19d35e176cb95343001,10.663134310913652,1166
C19d35e176d44b0b0112,27.98449266505333,2898
C19d35e176d72b431d32,13.820044891957789,1482
C19d35e176e1a60ca09e,36.55045870428817,3755
C19d35e176f0ae417cf6,13.394978159515132,1439
C19d35e176f38746255e,11.115537229018686,1212
C19d35e1771b5c59c029,33.20581645796776,3421
C19d35e1771f0cb35af5,36.020207107136244,3702
C19d35e1772408629561,11.381843441407089,1238
C19d35e177259fe30356,24.63870122664718,2564
C19d35e177260d27b8aa,31.857824846947487,3286
C19d35e1773fe7260e1f,36.25264795385734,3725
C19d35e17741aa4478cb,14.551175018038089,1555
C19d35e17742698c8bee,3.017656939807556,402
C19d35e1775005def39a,27.537778693625388,2854
C19d35e17769d9047c18,4.513529971805862,551
C19d35e177a408dcff3a,36.966702151577195,3797
C19d35e177a663477aab,31.724420180788492,3272
C19d35e177a702d12aae,35.78479059388679,3678
C19d35e177a8217c33a1,38.02197003797019,3902
C19d35e177c1be190764,14.15960064805598,1516
C19d35e177eb32bc7e0a,29.015943488378937,3002
C19d35e177ec6dbe32f0,35.493905636093714,3649
C19d35e177f364178971,33.90154211749248,3490
C19d35e177f6e9df397c,33.0015568729828,3400
C19d35e177f7d0f9d98d,35.55291343829589,3655
C19d35e17802c4f38547,35.3552587701912,3636
C19d35e17803a16c9e95,30.52489209324155,3152
C19d35e1782b74ea5374,25.013918104814586,2601
C19d35e1782e0332506b,10.458684763316192,1146
C19d35e17836e7daf1a5,24.016816083680066,2502
C19d35e178435d0d6965,13.029623223703195,1403
C19d35e17844c8149f75,20.9792843990244,2198
C19d35e1784710e41b3d,21.380102277728316,2238
C19d35e1785288895159,11.091241280562164,1209
C19d35e17856353b7876,8.608917617676852,961
C19d35e17857536efbc2,5.001943270353891,600
C19d35e1785e556c0e61,8.966762555024442,997
C19d35e1788224a25032,1,200
C19d35e1789caf15e3ca,4.0002243164523525,500
C19d35e1789feba4dc78,6.000671830543707,700
C19d35e178a003206d04,7.016313543391974,802
C19d35e178a1efd770af,34.00067025525375,3500
C19d35e178a2aff8f58d,36.001038405828844,3700
C19d35e178abd7bb654b,34.590237650737805,3559
C19d35e178ac3ebef8fd,23.155666960077326,2416
C19d35e178c39167952b,22.13411039888049,2313
C19d35e178c54707651a,15.834400522026126,1683
C19d35e178d48f00fc7f,34.21436539492615,3521
C19d35e178d5e01f8bc1,32.834741806949324,3383
C19d35e178dc2d5e085f,36.48725884640425,3749
C19d35e178eddca40a29,24.816619343707163,2582
C19d35e178f3da8728f9,9.725081986796939,1073
C19d35e17905111e0634,6.783926678870452,778
C19d35e1792cbe944068,30.578448350782097,3158
C19d35e1793d99ce82c1,34.247937151574824,3525
C19d35e1795d4d1132ba,29.28707298943879,3029
C19d35e1795fa4110b50,32.48688894505254,3349
C19d35e179836da18e86,34.76140769163175,3576
C19d35e1799a77439f7f,30.679409396495213,3168
C19d35e179a26724dcd8,34.99240753893687,3599
C19d35e179b1df15148a,21.903043098618205,2290
C19d35e179d3ed5a7348,23.682913025762087,2468
C19d35e179db1879e175,16.381251613595484,1738
C19d35e179f469802f8e,10.7491565728212,1175
C19d35e179f9a829142c,8.235023906255945,924
C19d35e179fa5d66fd50,4.965841873074528,597
C19d35e17a0e3b69bbbd,31.024807256180097,3202
C19d35e17a111943210c,37.50716139734147,3851
C19d35e17a177d9cb50e,15.449938279225677,1645
C19d35e17a2b98e57e4b,36.793523303360196,3779
C19d35e17a2efc9f885f,28.04598589376385,2905
C19d35e17a415a9d3f2e,34.19298089461546,3519
C19d35e17a47d2557c87,18.378835785215156,1938
C19d35e17a4a80a2dc26,28.15664162349736,2916
C19d35e17a4cc27a6fe4,9.080403824020458,1008
C19d35e17a4e0e8e7f42,1,200
C19d35e17a4f94709068,11.32084766826579,1232
C19d35e17a50dbe9056a,16.691524861345023,1769
C19d35e17a52371b8444,7.015605542311011,802
C19d35e17a53a6cde323,8.582324931497235,958
C19d35e17a55c121782c,21.714201984866357,2271
C19d35e17a565bc9a66f,4.801426610434985,580
C19d35e17a5705c24af9,36.76518037062932,3777
C19d35e17a58e7461a41,16.016603328286877,1702
C19d35e17a6228d253cc,17.332103703066586,1833
C19d35e17abe5b6e9cac,20.755091875627418,2176
C19d35e17acc91c379f0,5.000344385700019,600
C19d35e17acdaba66db8,9.08564422629716,1009
C19d35e17ace973c3b15,11.650821058890639,1265
C19d35e17acfc0593e22,25.008814176559582,2601
C19d35e17ad143160929,21.27385646984142,2227
C19d35e17ad3b29894da,31.00203826190586,3200
C19d35e17ae71f7ca3cd,3.8282106979198884,483
C19d35e17b0040004684,8.821122770707792,982
C19d35e17b0ea4db12a2,18.760299177496268,1976
C19d35e17b1214ae4930,5.476986022066523,648
C19d35e17b14b76c2263,29.3430982340365,3034
C19d35e17b165e9b8bc8,31.472565743369852,3247
C19d35e17b18e2df6636,30.01451311670097,3101
C19d35e17b3508e71c8a,36.53536815884997,3754
C19d35e17b3627a90b6d,24.077892753008534,2508
C19d35e17b3838205575,34.028417574915295,3503
C19d35e17b41f5f6d7fa,34.42737816111266,3543
C19d35e17b459f717b6c,38.72981923424421,3973
C19d35e17b60e8803743,16.470131568816946,1747
C19d35e17b617d7f8949,31.87364161195277,3287
C19d35e17b62e9e9355a,33.32592070830446,3433
C19d35e17ba66943b00e,23.147406360894,2415
C19d35e17baff11835fd,33.48315612061244,3448
C19d35e17bbe8298b250,15.655188396829162,1666
C19d35e17bd6932a0963,21.680246743443675,2268
C19d35e17bdbd88d1e52,24.337150921242323,2534
C19d35e17bdd594bd79f,11.250906523330729,1225
C19d35e17be792e98e4d,7.598081270582352,860
C19d35e17bf04e7503d3,13.029485939966403,1403
C19d35e17bf2c1a82913,5.2790351914869795,628
C19d35e17bf88be5bbf9,28.696612469079284,2970
C19d35e17c03b129cd37,36.06251257810424,3706
C19d35e17c674851ba84,36.00595470142411,3701
C19d35e17c840a7d0143,13.677379490539822,1468
C19d35e17c8896c45a43,32.71505277548425,3372
C19d35e17c8a6a588207,10.764570249208179,1176
C19d35e17c94ba5dc57f,12.964003727111008,1396
C19d35e17cb44881bf6f,13.041720450121323,1404
C19d35e17cb6c66b4076,32.99557162875941,3400
C19d35e17cb8c6ed7853,37.116524284616695,3812
C19d35e17cc3e9622f10,7.111216875681515,811
C19d35e17cc91aeee76e,4.426864701825957,543
C19d35e17cd12b54296c,18.5842239379011,1958
C19d35e17d08534dfa3a,37.529429503754095,3853
C19d35e17d3ea7f2e4d7,33.720556477518436,3472
C19d35e17d40384dc412,6.51883176204077,752
C19d35e17d41c7ab4802,10.947112696065219,1195
C19d35e17d42c055463e,12.433598412190308,1343
C19d35e17d4622c62256,13.507688680133223,1451
C19d35e17d4777ebc653,31.18880756273768,3219
C19d35e17d59d603a9be,29.55138654704435,3055
C19d35e17d765e0a125f,19.92077280682962,2092
C19d35e17d7f2e3649aa,9.826435225500235,1083
C19d35e17d846b640634,10.999289598343154,1200
C19d35e17d859f05409b,17.003354542271683,1800
C19d35e17d8779a9f476,7.999196775715904,900
C19d35e17d8822302550,4.000128806577582,500
C19d35e17d901e894b24,12.36663894083195,1337
C19d35e17d920c11258c,7.940591313586186,894
C19d35e17d958d492095,3.4499573303548403,445
C19d35e17d9dd9e58615,13.239513965948,1424
C19d35e17d9ecfbf5f01,6.038273569464226,704
C19d35e17d9faa7160df,8.353090948666187,935
C19d35e17dbbc58e381b,11.16224014187359,1216
C19d35e17dbdf710f2fc,35.19523464301899,3620
C19d35e17dc668141530,7.8646203298491075,886
C19d35e17dc738a1a604,32.39163515030405,3339
C19d35e17dca477bbdd9,2.8788564597425634,388
C19d35e17dcb97394b96,31.155669456583222,3216
C19d35e17dd559bef35b,1,200
C19d35e17dd86a4d31c7,35.13577508432697,3614
C19d35e17dd91ccf4907,11.631549088994412,1263
C19d35e17df72b2ef9e6,10.356862593454306,1136
C19d35e17dfa16d24c9a,23.821950097121412,2482
C19d35e17dfb936f1b6d,33.164640517554226,3416
C19d35e17e028b0fa1b1,9.42442288818978,1042
C19d35e17e05dde4466c,6.366278150310139,737
C19d35e17e16c1ae98e0,21.14890332829664,2215
C19d35e17e35adc2fc5c,15.026495169921002,1603
C19d35e17e3aacda9d63,4.068849354623458,507
C19d35e17e3b94263b4e,7.09797103697615,810
C19d35e17e3cd69ed359,9.489597458732016,1049
C19d35e17e3e7a096d61,17.877461779119567,1888
C19d35e17e64d584aa0a,31.11149478748821,3211
C19d35e17e6d7ab6f411,13.757578874518714,1476
C19d35e17e83f32b6b13,7.3334656852373445,833
C19d35e17e9f5e19ca18,12.424642708537261,1342
C19d35e17ea09166b27f,36.352466025649406,3735
C19d35e17ea11fa43a8a,35.57867946138245,3658
C19d35e17ea7a20d093b,9.007881334380077,1001
C19d35e17ea8dfd49784,33.0914072444139,3409
C19d35e17eaa733c3793,36.821538765013045,3782
C19d35e17eac105d9a1b,4.985524610624235,599
C19d35e17ead6e84495d,36.59134959511613,3759
C19d35e17ebcb639ff23,21.49716726454253,2250
C19d35e17eda280eb8e4,33.879381476842376,3488
C19d35e17ef003dd5c89,21.465780646343198,2247
C19d35e17ef201b92ff5,35.59888748385452,3660
C19d35e17ef6a999f1b3,34.019844071595436,3502
C19d35e17f067f031e86,17.350527119779272,1835
C19d35e17f36c0a51671,19.817958125242434,2082
C19d35e17f4fb23b16bf,34.108337948611506,3511
C19d35e17f58eb1f0f97,37.588545600048356,3859
C19d35e17f5c8c07072d,36.74458635535311,3774
C19d35e17f6177c6ad9a,29.3618083985934,3036
C19d35e17f67aa246d20,17.283815012316317,1828
C19d35e17f6d1c46ace9,33.59127386955602,3459
C19d35e17f79282669fe,16.21252465407745,1721
C19d35e17f7a0d6b0427,11.034527493023088,1203
C19d35e17f7b301728b8,14.002087265202997,1500
C19d35e17f80a501c194,9.423948642303827,1042
C19d35e17f81c67f732d,5.006628166535462,601
C19d35e17f84422abf0c,3.9905291606452464,499
C19d35e17f8583027ad2,7.858451683530777,886
C19d35e17f866fd45061,11.141159953911506,1214
C19d35e17f87d9c653c7,11.831709793107418,1283
C19d35e17f88d4c9f422,27.991749605958905,2899
C19d35e17f8ad7b1de19,35.59586535219218,3660
C19d35e17fa056795e2c,16.80166790639879,1780
C19d35e17fa11747dbd4,33.0069537965993,3401
C19d35e17fa9f27ac92f,27.7046448150665,2870
C19d35e17fc7c612593c,30.504646533010735,3150
C19d35e17fc8019053ec,34.70275049643016,3570
C19d35e17feda1021206,25.35953885602871,2636
C19d35e17ff414ff02a3,26.95439957605023,2795
C19d35e17ff557303fb6,10.537982849677492,1154
C19d35e17ff6e3e5f181,2.843705056569235,384
C19d35e17ff72f9cac28,36.520529017455196,3752
C19d35e17ff8c1db6b92,7.686263563361661,869
C19d35e17ff91309784e,17.16907969325473,1817
C19d35e17ffa928bea1e,19.008326450381812,2001
C19d35e17ffbb8b41487,5.897568505079093,690
C19d35e180067182a9e8,11.024544750081741,1202
C19d35e180076de1697f,23.024916680876704,2402
C19d35e18008433964cd,8.038946572842262,904
C19d35e18009ef18d38a,5.000809095191177,600
C19d35e1801121e880b6,7.04129256383724,804
C19d35e1801288a98076,10.998336288767444,1200
C19d35e180130fa09137,11.62085426283819,1262
C19d35e18014be535d92,15.697744665531411,1670
C19d35e18017317705ad,30.329063936914267,3133
C19d35e1805bfe4a7e54,9.727094135972056,1073
C19d35e1805f2900f263,33.764720802369276,3476
C19d35e180636ec0b639,10.841992787421447,1184
C19d35e1807665c8b80b,11.58959841670127,1259
C19d35e18077648c79be,28.18353686927325,2918
C19d35e18078c7af5654,10.522314100590886,1152
C19d35e1807949878335,5.950048483659298,695
C19d35e180853c681d7f,20.50855391927361,2151
C19d35e18094915a53fe,15.406700681889863,1641
C19d35e18097165d8e0a,8.726153455301757,973
C19d35e1809dda4915d6,15.014045843120579,1601
C19d35e180cd14df590d,36.765715275528564,3777
C19d35e180d4382d4bbd,36.414379051655324,3741
C19d35e180d5b7a39a73,25.365996923918363,2637
C19d35e180d7db3c42ec,36.16533033023311,3717
C19d35e180d885e2604e,35.28286354283256,3628
C19d35e180dc3ced0f55,20.40260298980906,2140
C19d35e180df83bf620e,37.5677644959513,3857
C19d35e1811263b207db,1.4371219482119666,244
C19d35e1811b42320cfc,13.241913417027954,1424
C19d35e1812113e51336,22.667015545844606,2367
C19d35e181353abc2a8f,8.14484472197677,914
C19d35e1813681748108,7.080599663505001,808
C19d35e1813707cd0c97,3.9772299636280195,498
C19d35e1814761a05a0e,5.930448342198228,693
C19d35e1814c1d8aca96,30.148052329792684,3115
C19d35e1815d52cf4904,11.461231992283109,1246
C19d35e1815f8050cf99,15.175694639852383,1618
C19d35e181726183898d,16.87054273565919,1787
C19d35e181761da42820,28.92435547679974,2992
C19d35e18184833c075c,4.439658314076583,544
C19d35e1818f8d110fcc,2.0234789784936753,302
C19d35e181bbd20391d5,4.752646891372533,575
C19d35e181c437a13338,34.00919461617246,3501
C19d35e181caaf779487,13.16339917455239,1416
C19d35e181cbdc3fbc85,36.29923528222809,3730
C19d35e181cd823a9dc4,9.76980823656946,1077
C19d35e181f19164c792,16.374903620219644,1737
C19d35e181f868b19bb7,27.44810341726169,2845
C19d35e1820354346859,20.7752529945831,2178
C19d35e1820b00210a3f,1,200
C19d35e182104b60faed,12.306137628679782,1331
C19d35e1821380097914,8.08673608792584,909
C19d35e18216d643e5ff,11.223967526813569,1222
C19d35e1821b79bdac50,4.236180920215988,524
C19d35e1821c8e14a05b,13.004115087391407,1400
C19d35e1821d5a238e34,23.992755306571368,2499
C19d35e1821e4b321f14,21.670417244289283,2267
C19d35e18220b426328d,15.991644641305523,1699
C19d35e182369af1254f,18.22016195397869,1922
C19d35e1823e5fca9bd9,32.57479160109156,3357
C19d35e1823fdf0849f4,33.156069977701165,3416
C19d35e182512fb17bba,11.122904764186105,1212
C19d35e1825d1b4f3796,16.18624523160557,1719
C19d35e1825e6cac6907,19.028562261206638,2003
C19d35e18269c36979ed,19.988881586962407,2099
C19d35e1826a838c802a,9.21708573795379,1022
C19d35e1826e3416cfe3,7.399210380307514,840
C19d35e18270803f7be5,6.178238551589494,718
C19d35e182716f907051,14.161707062730052,1516
C19d35e18272a518e42e,35.00695151639301,3601
C19d35e182787be1f755,30.30974987500372,3131
C19d35e18283200ca3fd,23.0089882801598,2401
C19d35e182866a934d4d,27.02899468854988,2803
C19d35e18291a5637c92,10.318209968598364,1132
C19d35e182929f14b6c8,1.8963979993866318,290
C19d35e1829706e98ce9,7.074250852091123,807
C19d35e1829bf1638c07,4.984265008975649,598
C19d35e182a0c4ac7d43,12.429120356114574,1343
C19d35e182a1228a8df8,2.9965860236735073,400
C19d35e182a213ff00d3,9.04622818881405,1005
C19d35e182a335c072dc,4.989376486787381,599
C19d35e182a4f4b07ded,28.705427726472394,2971
C19d35e182b89fc57189,33.34838538504627,3435
C19d35e182cd05d76a1a,12.845934972404049,1385
C19d35e182da029008fa,28.445359549235892,2945
C19d35e1830572b7aca6,22.04360294015085,2304
C19d35e1830757ea7e51,30.45031632030678,3145
C19d35e1830ee14c24ee,29.083133463344982,3008
C19d35e1831012ff4eb1,36.06181983997153,3706
C19d35e183136ff044dd,31.236942560773695,3224
C19d35e183217b9255b0,4.042735894940218,504
C19d35e1833523d8f5a7,15.581754630825266,1658
C19d35e1833c213c70b8,11.999495134580798,1300
C19d35e1833dc0264b83,9.999760265229417,1100
C19d35e1833e67248279,6.9999805984371966,800
C19d35e1835a6a5cceb8,15.135497936891321,1614
C19d35e18364f19001eb,30.777342625357672,3178
C19d35e1836f79457d94,11.492307585723378,1249
C19d35e1837097712336,9.00821576138876,1001
C19d35e1837187083c72,4.002208317647669,500
C19d35e1837297b0864b,18.041777734977206,1904
C19d35e18377c226f775,3.0093310156146296,401
C19d35e183c0684c3057,15.375368735088912,1638
C19d35e183c359d5b1e6,23.433752998841836,2443
C19d35e183caa93f027a,9.857924629271928,1086
C19d35e183d4ad8a15b0,31.918796085224585,3292
C19d35e183d6fcaa47e4,29.51050453732007,3051
C19d35e183db61e2c21a,20.701700214462438,2170
C19d35e183f5169e2862,9.086135695078672,1009
C19d35e183f7fb2383e7,4.842349487834023,584
C19d35e183f802db7a75,1.924415577463609,292
C19d35e1847cf10ffc51,30.871568387587644,3187
C19d35e184861128dc71,21.93472315415826,2293
C19d35e184876a2dd118,30.719631900040994,3172
C19d35e184973cd22278,12.056898811742736,1306
C19d35e184b3cad0b1a2,35.147791525143994,3615
C19d35e184ea030c0403,31.290276439885115,3229
C19d35e184ebb24a3173,36.00154917914827,3700
C19d35e18508e61b92ad,5.7894840977968975,679
C19d35e18532a7fedcb3,8.422978911225709,942
C19d35e185337a930616,16.16705362916225,1717
C19d35e1853d6fd01baf,2.552104560992713,355
C19d35e1853e66ed06cb,4.9390735983073,594
C19d35e1853f9749208b,11.321779439350973,1232
C19d35e185408bc94652,28.98995449908235,2999
C19d35e185455e64730e,36.71566059931873,3772
C19d35e18551bfc6c76b,33.07099440330817,3407
C19d35e185520e8ebc63,36.10884555652033,3711
C19d35e1855347ca1068,25.267113935286,2627
C19d35e18555b94274c3,37.13457628673444,3813
C19d35e185626fadebb3,35.57805922323329,3658
C19d35e1856466280b20,34.5885476049186,3559
C19d35e1856b7a118bd0,3.278271794407602,428
C19d35e1856df4a39b73,8.557200062392383,956
C19d35e1856f6d60c02d,11.30056612513373,1230
C19d35e1857232dea26d,15.005057521490343,1601
C19d35e1857814cb336d,2.9191556259605154,392
C19d35e18579c310aea2,5.666699522034514,667
C19d35e1857a6d9d2bb3,9.252701373905406,1025
C19d35e1857bea3c1d9f,11.761657748604335,1276
C19d35e1857ce5df36dc,21.198367250937263,2220
C19d35e1857f659d8e1a,36.79544091757164,3780
C19d35e185807af4ed15,31.989344190872163,3299
C19d35e185869b556c28,16.70584224882708,1771
C19d35e185993bcf73a5,37.601312841356396,3860
C19d35e1859b08ab31c4,33.60216773001711,3460
C19d35e185b53d9f7661,16.114017245805787,1711
C19d35e185c4cd75435f,37.24240487041605,3824
C19d35e185c77c21c0f0,4.657952325698415,566
C19d35e185c8dfd9f66b,9.480869865710362,1048
C19d35e185c92a04302e,17.490005288853386,1849
C19d35e185cd39a752e2,24.326938451261718,2533
C19d35e185cfbed62b13,32.40433936500664,3340
C19d35e185d403fde989,34.0577094916626,3506
C19d35e185d58de1dff2,12.164061818797252,1316
C19d35e185d83f59874d,37.00787668650772,3801
C19d35e185daeb713088,17.990760057052377,1899
C19d35e185dd4ed3f5df,5.114061419603136,611
C19d35e1860337adb449,36.263362507211255,3726
C19d35e1866b9f7613b3,10.927173681103026,1193
C19d35e1867504a28a70,28.717530184900017,2972
C19d35e1867ad8085059,32.045263441353526,3305
C19d35e1867c55354541,33.47274578548508,3447
C19d35e18682fce90793,3.5978040319401394,460
C19d35e1868528109085,31.483787232816812,3248
C19d35e18693d8451d80,35.53312653750904,3653
C19d35e186a526303467,12.168592286020543,1317
C19d35e186a8af2ee73e,4.110601790347499,511
C19d35e186b01964113e,10.758906282904624,1176
C19d35e186b13723b7fd,9.164379132315709,1016
C19d35e186b687e322ce,16.15289422061584,1715
C19d35e186b8789f149f,6.784842987305193,778
C19d35e186ba5e5876ce,29.180973408807937,3018
C19d35e186bcb16e85f5,17.97880889826849,1898
C19d35e186c62108a8aa,16.20203619035978,1720
C19d35e186c82972fc31,23.797287368896576,2480
C19d35e186c9f5138d8d,11.137051219408487,1214
C19d35e186df85f8c652,7.028050741811501,803
C19d35e187147696548b,21.45023654221815,2245
C19d35e187158d1d9e29,11.641334607405783,1264
C19d35e1875917ae17e8,10.050132462495418,1105
C19d35e1875a022654d6,12.0208690222042,1302
C19d35e18764bdbbf964,33.85505205059404,3486
C19d35e187750ca6dad1,14.307596249705979,1531
C19d35e187abe53f07ae,23.871959126859814,2487
C19d35e187f232cd4d4f,36.285733601759624,3729
C19d35e187f3b2875cae,35.62410339915172,3662
C19d35e187ff2ea42d8a,5.606630302624661,661
C19d35e1880890ed2916,4.317031288108421,532
C19d35e1880983dafb09,11.2747082864458,1227
C19d35e1880a22c4676c,15.727269443770844,1673
C19d35e1880b8337b371,25.795426229777075,2680
C19d35e18824fd903cc6,6.071416714158283,707
C19d35e18825d9a95bb5,8.958609669367634,996
C19d35e18826c511bda4,11.349426093565059,1235
C19d35e1882858a39e9f,16.94205825906334,1794
C19d35e1884864c35713,18.710098844726414,1971
C19d35e18849d90916df,34.23044235401861,3523
C19d35e188caf5cd135f,33.515518490020455,3452
C19d35e188e2429a1865,14.657735368528746,1566
C19d35e188f9986c2567,13.637751420950304,1464
C19d35e1891a342720e5,23.824190171115802,2482
C19d35e18929b50fcc1e,39.09727597671731,4010
C19d35e1892cbed59f31,8.4003463319185,940
C19d35e189311b385b7c,32.696110491709675,3370
C19d35e189332ca4e988,11.790297433576827,1279
C19d35e1893b3e1a581b,26.944582643865598,2794
C19d35e1896f7f2e0bc9,4.982909609268267,598
C19d35e1897b80481e2e,3.058832538527116,406
C19d35e1897fef808054,15.358847725915092,1636
C19d35e189a523afbc83,15.079437387034305,1608
C19d35e189a648bac0d5,11.802699660205954,1280
C19d35e189a7119c14aa,2.9987675605847577,400
C19d35e189a87963e97c,30.064282981253438,3106
C19d35e189a93085be35,7.022882383741609,802
C19d35e189aa5285cc62,9.085870945999948,1009
C19d35e189ab52c089ab,20.101329866569312,2110
C19d35e189ac27758d45,5.005392088276442,601
C19d35e189ada8a3f154,17.994948777745055,1899
C19d35e189d2a4180306,12.731147146052704,1373
C19d35e189d34393ec31,16.09535434174943,1710
C19d35e189d403d10793,3.000392137170305,400
C19d35e189d5fd96f069,8.980960742439304,998
C19d35e189d6fd1b7fd3,4.986821336987722,599
C19d35e189eb802dd795,1,200
C19d35e189ed6a96dc40,3.9241202520482252,492
C19d35e189ef0b7b7d87,6.962658627095251,796
C19d35e189f17e0ec01d,11.32397646493391,1232
C19d35e189f255524dbf,12.566450150791894,1357
C19d35e189f5a0496120,11.558108521656965,1256
C19d35e189f7601409d1,1.9950434454157961,300
C19d35e189f861cf7ad9,10.080554165838368,1108
C19d35e189f90f1d365a,27.244749133395338,2824
C19d35e189fa8caa61e9,6.015398681454181,702
C19d35e189fbc45beac1,34.07247023587962,3507
C19d35e18a03a6cdbbfc,32.058831107511686,3306
C19d35e18a07ca3823e4,9.069859710269537,1007
C19d35e18a3ec03ad6a2,15.450093131149734,1645
C19d35e18a47100c46fc,11.643001705019099,1264
C19d35e18a494402d5fe,13.355438346125636,1436
C19d35e18a4c9758df96,8.745723333165927,975
C19d35e18a501ef10adf,4.978776478283282,598
C19d35e18a54a2d7c548,34.00526485499924,3501
C19d35e18a5584bc09d1,36.346018942812336,3735
C19d35e18a70cb7ce5d6,2.012573527919471,301
C19d35e18a73dad04ca2,8.296764886054012,930
C19d35e18a7469da6f7a,10.776928132076247,1178
C19d35e18a75f0585fbd,28.234652369234624,2923
C19d35e18a7a72eafb99,13.701975569865871,1470
C19d35e18a88ed6af862,33.35395291211765,3435
C19d35e18a9456eeb060,12.847679459992662,1385
C19d35e18aaf4289fb43,13.058574927325743,1406
C19d35e18ab099bb0c71,8.746814412635509,975
C19d35e18ab28523491a,15.462290463223825,1646
C19d35e18ab44aac0124,8.972190870789372,997
C19d35e18ab82cd0f8fa,28.05115307733343,2905
C19d35e18ab9a083fb93,3.29557146565761,430
C19d35e18abadd70127f,11.481384245466652,1248
C19d35e18abd26c9e848,36.757461389412526,3776
C19d35e18abe4fb6b3cb,35.548281642290895,3655
C19d35e18ad89a4c8981,17.252266682239785,1825
C19d35e18af015462c4a,29.57069115422596,3057
C19d35e18af16daa517d,14.922596126000714,1592
C19d35e18b3a3d2b02ec,29.276860417901712,3028
C19d35e18b3c7fd6dc20,34.37629059158935,3538
C19d35e18b3e00fd53c5,38.358573904126445,3936
C19d35e18b42c565bcd9,40.18968943433643,4119
C19d35e18b6c6b5d67c2,11.66061682801551,1266
C19d35e18b76f428398f,16.024460393308967,1702
C19d35e18b78aa8e0d31,6.55436188007781,755
C19d35e18b7db5765c14,9.581024440107399,1058
C19d35e18b83ed12777e,22.308543343291827,2331
C19d35e18b9858a02da4,22.141228958322877,2314
C19d35e18b99c957b183,33.39355136482845,3439
C19d35e18b9ff7e05446,37.59156706457817,3859
C19d35e18bad87d311ab,36.46794043746621,3747
C19d35e18bcfb8e03a0d,5.36705126514023,637
C19d35e18bd14bffc50f,11.160448631935067,1216
C19d35e18be3593e6ef3,2.0003775981475775,300
C19d35e18be455a7fd2e,3.996313415674815,500
C19d35e18be5500bb1ca,6.993064687450801,799
C19d35e18be64996e234,8.996915313110415,1000
C19d35e18c05d865379d,3.843454421259923,484
C19d35e18c07a9d80405,15.470272712502789,1647
C19d35e18c1d9f18119d,6.0195388491514175,702
C19d35e18c1e9e81466e,11.528957548007375,1253
C19d35e18c1f38106d4b,16.502616331755142,1750
C19d35e18c42b97bca58,20.62000313203589,2162
C19d35e18c8515e23065,11.122648324639977,1212
C19d35e18cb62296f281,36.58828880307107,3759
C19d35e18cdeaf67d9ff,5.082260304479091,608
C19d35e18cdf7b7584c6,9.182490390175797,1018
C19d35e18ce0f0c5fa18,11.994809891005774,1299
C19d35e18d0928fb44a6,27.521839667765462,2852
C19d35e18d2d2a4dc8bd,18.333528934393108,1933
C19d35e18d3a84315964,22.09813109665674,2310
C19d35e18d460a8ee497,4.282332889247214,528
C19d35e18d4fa357be4f,13.243936763018624,1424
C19d35e18d6abc836ed5,35.689784350743075,3669
C19d35e18d76408f70c2,34.72457537849171,3572
C19d35e18d9445027f95,11.286812985538324,1229
C19d35e18d955b2d8d23,18.592700048775367,1959
C19d35e18d9befc95520,27.62211012324527,2862
C19d35e18d9c1df16ce4,16.416378940238953,1742
C19d35e18d9d045c04e8,35.09546843314664,3610
C19d35e18dbe05ff629c,21.108115755265594,2211
C19d35e18dc00503634e,11.374769861158082,1237
C19d35e18dc877062671,36.5191722286746,3752
C19d35e18dcbcfc27a45,10.857719624734063,1186
C19d35e18dce36cce347,6.862446936821123,786
C19d35e18dd6e9674c7b,30.03523141517323,3104
C19d35e18de36f010c8a,9.500258517390273,1050
C19d35e18de45fce461f,5.971184767930487,697
C19d35e18de73004a16f,31.04317300313862,3204
C19d35e18de8c7e16585,36.58085175409839,3758
C19d35e18deed5e68480,35.85224220521401,3685
C19d35e18df5f69cfacb,33.34684178999889,3435
C19d35e18df69c0053ac,34.79412407622876,3579
C19d35e18dfaedf4abd2,11.021147589581174,1202
C19d35e18dfb461aa27b,9.80918657337347,1081
C19d35e18dfc1339f2f6,6.958690777791723,796
C19d35e18dfdf4f8c599,30.087561034949466,3109
C19d35e18e114e045298,3.989413785814497,499
C19d35e18e12b24b6ba3,8.872440140429681,987
C19d35e18e13d91dfedc,10.730246373446539,1173
C19d35e18e1498269c01,10.712658301702632,1171
C19d35e18e16e366ab46,19.12450514715504,2012
C19d35e18e18893e177d,12.56709539494179,1357
C19d35e18e32d95be170,11.469716202189712,1247
C19d35e18e35c9145ffb,9.90050050180243,1090
C19d35e18e38b120fe1e,7.938806802250196,894
C19d35e18e3a9f84ec24,6.761596629708271,776
C19d35e18e44fe5a0aab,33.95641139017771,3496
C19d35e18e48f580acd4,34.53964094185424,3554
C19d35e18e698eee8622,34.557168762774694,3556
C19d35e18e6b59c1349f,10.771937336532751,1177
C19d35e18e763fdd710c,11.696846993980687,1270
C19d35e18e7e695e04b4,16.796133107441225,1780
C19d35e18e8336f50a0f,29.179622825672265,3018
C19d35e18e93d5faf153,15.56115354294439,1656
C19d35e18ea7a8c8bf0e,37.02194402928023,3802
C19d35e18eaed80469b9,27.96535236276497,2897
C19d35e18ec6f46445bb,17.29367379396293,1829
C19d35e18edcad7341d5,36.06141110281654,3706
C19d35e18ee1bbbaba19,38.62860183954997,3963
C19d35e18eea1d128aa2,31.607058272786674,3261
C19d35e18eeb7af912d5,19.07104430874312,2007
C19d35e18efa310e0b4c,9.611789254783478,1061
C19d35e18f4ed4b6d532,34.458860665473765,3546
C19d35e18f6946ea024a,22.6223545107298,2362
C19d35e18f7cb3400f56,30.979177989908905,3198
C19d35e18f8be8599408,9.836742632981146,1084
C19d35e18f91a2ef8314,14.607360845216197,1561
C19d35e18f93773063d1,20.593139058515032,2159
C19d35e18f95ebfd24ee,33.615564632060256,3462
C19d35e18f9b64c8560e,38.59282553369585,3959
C19d35e18faf67361b60,9.193070654088574,1019
C19d35e18febdeaebdc9,11.636034340444949,1264
C19d35e18fecf7b8ad1e,12.351554389590437,1335
C19d35e18ff09c6e5e45,35.79720978390237,3680
C19d35e190079f41dd1d,27.98424770931234,2898
C19d35e19026119fb508,11.016167776434663,1202
C19d35e1902799b77d55,8.981743229479461,998
C19d35e19028334fc6c6,5.997010994045598,700
C19d35e1902a0417ec87,19.00408079382402,2000
C19d35e19035537324ea,1,200
C19d35e190361a97f252,3.3805564955309615,438
C19d35e190382c801c28,6.079474174976746,708
C19d35e1903a1a55ccd5,7.746768844999652,875
C19d35e1903bb506910c,12.102128883458391,1310
C19d35e19041826feb69,32.56265325579967,3356
C19d35e1905cdc203700,17.294204534177783,1829
C19d35e1905f99ac42ea,11.201225484073655,1220
C19d35e19062fe24ff7e,8.660203005324451,966
C19d35e19067e0af5f67,17.972852594514727,1897
C19d35e190684185cce7,1,200
C19d35e1906a45bc9edb,30.279413811491587,3128
C19d35e19077e2105f47,31.732015729999002,3273
C19d35e19092e72d3d09,27.574629112948916,2857
C19d35e1909d3e0e2ce7,36.21114277572675,3721
C19d35e190a124652b36,33.079373612450766,3408
C19d35e190aa3359beb9,22.78372304858661,2378
C19d35e190aeea430595,31.044171331407547,3204
C19d35e190af7391599f,9.626133346093262,1063
C19d35e190cd0c091fac,36.1133503987438,3711
C19d35e190e513c26f48,11.957338758080628,1296
C19d35e190e6a844a5a1,18.95930963911694,1996
C19d35e190e730dad50b,30.91572089224075,3192
C19d35e190e864780953,35.669441323978944,3667
C19d35e190e97d10fa26,35.5494540385392,3655
C19d35e190ec477dfa8d,14.492187716853497,1549
C19d35e190fb7935a632,29.31664165419476,3032
C19d35e190feb12a94b8,35.03236122463409,3603
C19d35e190ff28faa8e0,11.796518444412147,1280
C19d35e19100dcc35f31,9.944927643651944,1094
C19d35e19101a3d1dd03,3.9939797140957345,499
C19d35e1917dd3e2bd4a,18.062506638911803,1906
C19d35e1917e393c3066,2.994519676904964,399
C19d35e1917f6808929a,10.046664584824406,1105
C19d35e19180be8531a4,14.119920433193354,1512
C19d35e191811a41f8be,7.99839669524546,900
C19d35e19182b5df795c,5.0083094631744425,601
C19d35e19183da9b57be,27.894386036910632,2889
C19d35e19192f1209897,30.28299876833606,3128
C19d35e191942d57c63c,36.16897840303226,3717
C19d35e191d58209cb3b,12.476664142373531,1348
C19d35e191d6713fd451,36.01665235221043,3702
C19d35e191d7a866aec5,9.937509702689916,1094
C19d35e191d8e14af22a,32.01865385912109,3302
C19d35e191d9440d6786,6.971940031535345,797
C19d35e191dab9465365,19.04960508439006,2005
C19d35e191ec9f6d315c,12.076039834071882,1308
C19d35e191f3010917c9,37.03541894850484,3804
C19d35e192170ffaa2d8,8.921416274819572,992
C19d35e19218f1757721,16.914235849088215,1791
C19d35e1922f22c2ed99,12.131212132256392,1313
C19d35e19230a4985057,9.013542559209318,1001
C19d35e192319b954d8d,34.18158636280422,3518
C19d35e192326344bf32,2.0025919063213538,300
C19d35e1924342739c80,30.295243905868148,3130
C19d35e19249a9684dd9,27.68902450320368,2869
C19d35e1924ee93226d4,17.23675947644371,1824
C19d35e19280706fee11,16.988614363287525,1799
C19d35e19292d5cd00b2,11.764902075287305,1276
C19d35e19293c737af6d,12.472042956840237,1347
C19d35e192946213ab6e,17.00964406500472,1801
C19d35e192989a0c288a,9.683490858180866,1068
C19d35e192992897706c,6.003788763232236,700
C19d35e1929ab3da688e,16.51625653421661,1752
C19d35e192a2e68aed0b,19.155234506741937,2016
C19d35e192a35564e791,34.73794514682171,3574
C19d35e192a4e558dd66,2.88298943742924,388
C19d35e192a74f465b54,10.356323307637577,1136
C19d35e192a8006b0f90,11.507911077125247,1251
C19d35e192a9ee1a5b84,31.826284010260768,3283
C19d35e192ab6f206488,6.026467799925005,703
C19d35e192c3ca39e067,10.594092409945608,1159
C19d35e192c52ed9835b,6.989446677284884,799
C19d35e192c62f3b8a7d,20.849701636201218,2185
C19d35e192c76d14660e,4.456355754792503,546
C19d35e192c8f28d5770,35.05840042707715,3606
C19d35e192c9db3b5623,19.098234195958153,2010
C19d35e192d127aae4b4,31.487160425423447,3249
C19d35e192e053d532cd,35.26944538778192,3627
C19d35e192ec01c7a5c5,8.945963697172356,995
C19d35e192f9fc45416b,11.506732377128753,1251
C19d35e192fa9a5cda10,18.019624582810202,1902
C19d35e192fbfd54307f,6.005842470104762,701
C19d35e192fc8ae4a64f,9.406134247459349,1041
C19d35e19307901bafa2,12.259954974424078,1326
C19d35e1930fbcbe6d6e,28.426297146394138,2943
C19d35e193108751a592,8.43039671980809,943
C19d35e19317b7557c42,2.322562068292109,332
C19d35e1931831f9cb08,29.724159286908144,3072
C19d35e193211b7072d3,1,200
C19d35e19340f0c67185,11.80215795363011,1280
C19d35e1934146f2df5b,8.974475312631327,997
C19d35e193429c475538,6.0003760662604755,700
C19d35e19344568c1676,35.56807518113776,3657
C19d35e1935a626647e9,11.027128503596508,1203
C19d35e19361d4d57076,8.90458062415694,990
C19d35e193627c20f589,31.503741442739116,3250
C19d35e19376c15227b9,20.148550933282685,2115
C19d35e1939bed1aacf7,15.022856584698188,1602
C19d35e193ad48772644,15.051072149841149,1605
C19d35e193d9306718f2,10.93118735855908,1193
C19d35e193dd224fd985,7.869212011468755,887
C19d35e193de22af4d12,29.42661864725978,3043
C19d35e193dfcec96092,32.35060814957537,3335
C19d35e193e08bdecd6d,4.888992327587174,589
C19d35e193e29e35a939,36.81863488974044,3782
C19d35e193e41168e3d8,23.698477821787503,2470
C19d35e194094b5f143f,11.02783750723566,1203
C19d35e19416f85efb54,33.01671010335342,3402
C19d35e19417d5a24e07,17.29326644835632,1829
C19d35e1941c49886eb0,11.431333048585206,1243
C19d35e19420343fb880,9.74313120627577,1074
C19d35e1942162fa637b,33.95951376784098,3496
C19d35e1942254127080,7.448632176085817,845
C19d35e194267e119f2e,36.22849210160944,3723
C19d35e1943a1b60f203,33.20665630114739,3421
C19d35e1943f55906bbb,28.057787403063,2906
C19d35e194448bffb208,13.037027871136175,1404
C19d35e19446b7aa1ff9,9.767145683291275,1077
C19d35e194472d8c3ca0,5.609056633647032,661
C19d35e1944bd84180e8,29.12029641257231,3012
C19d35e1944c137650b7,34.09290111684125,3509
C19d35e19456bdfdd315,34.9212767093198,3592
C19d35e19481e35c04ae,31.275831586295773,3228
C19d35e194a8a04a70ec,21.48062596724936,2248
C19d35e194a938f8b9a8,34.71310543127073,3571
C19d35e194b40d72348f,33.08412923070313,3408
C19d35e194b7254d5847,30.427666274134268,3143
C19d35e194dbcde51c32,11.426686153375774,1243
C19d35e194f2fba3d9d7,22.806793371339822,2381
C19d35e194ff1a7cf2ff,20.994011055972297,2199
C19d35e1951234dc8d89,18.331279653156823,1933
C19d35e19529ddc9c1ae,31.341558741906805,3234
C19d35e19531ac7be7c4,36.07795713718462,3708
C19d35e19577c187eb06,8.99977300790986,1000
C19d35e19590126ad749,36.56005022892641,3756
C19d35e195b95ed36d2d,35.5546217484156,3655
C19d35e195ba87927374,33.470697303418504,3447
C19d35e195bc633d56ca,25.18254254821343,2618
C19d35e195be39c23f0e,11.335131302153163,1234
C19d35e195bf72946675,1,200
C19d35e195c09c9d07f7,36.9423095271569,3794
C19d35e195eaaadc6167,2.999541752097848,400
C19d35e195ebffe85d19,6.997666652265082,800
C19d35e195ec5790bbcf,8.984792827742885,998
C19d35e195ed9786eaf9,9.997009470076112,1100
C19d35e195ee40067c57,14.037271687493098,1504
C19d35e195efe9c6154d,20.05484795906315,2105
C19d35e195f0fa8967eb,34.4380378201834,3544
C19d35e195f41f95c231,1,200
C19d35e1960ca4eaa1f4,34.646631716218906,3565
C19d35e19641df7c3923,19.76095099457129,2076
C19d35e196526cb37a58,11.100817256937312,1210
C19d35e19656c72b4c9d,34.29058295747669,3529
C19d35e19658df7cc23d,2.4960655576130995,350
C19d35e196596f15315b,21.05916856684224,2206
C19d35e1965b60a49a43,16.129875594088688,1713
C19d35e1965de572c6f6,9.140785974862725,1014
C19d35e196613a09bfef,5.5272529124309955,653
C19d35e1966cef55dee4,24.959623922617663,2596
C19d35e196735f6b8e28,32.86604556614871,3387
C19d35e1967cdcfdfcf9,23.793860906553927,2479
C19d35e196807cea02a6,36.8069120641922,3781
C19d35e1968a131e7487,17.323478612769705,1832
C19d35e1968b3e28970a,9.989047098483104,1099
C19d35e1968c171aa370,33.04966245058204,3405
C19d35e1968d10112282,4.959811005934583,596
C19d35e1968ee103f480,24.885459300300514,2589
C19d35e196b335c38c73,4.590001512102294,559
C19d35e196b64d35b227,15.134543065147216,1613
C19d35e196b7542b64f3,11.266403995044547,1227
C19d35e196bbd2e95115,10.61111072099761,1161
C19d35e196bf8216914c,6.195519050790943,720
C19d35e196c87699c0ac,36.13743845029844,3714
C19d35e196cd36445814,20.539795565001082,2154
C19d35e196de62127e74,35.1587890633477,3616
C19d35e196dfee7cd806,11.030787018747153,1203
C19d35e196e25b3e17c7,18.038907233927628,1904
C19d35e196eb2438bbb8,34.75727149101211,3576
C19d35e196f50876e4a4,31.579192546218856,3258
C19d35e1970b149fcf9c,35.042521565608396,3604
C19d35e19726b60d35aa,11.43634667705075,1244
C19d35e1972788ae4180,27.081204723644408,2808
C19d35e1972af3b639f5,33.57074797575442,3457
C19d35e1972ca18c20ee,10.694804850626804,1169
C19d35e1972db5a48117,33.64497999777784,3464
C19d35e1972f4d1f646e,37.01925644844445,3802
C19d35e1973179936361,28.567011705699542,2957
C19d35e197460dd22d9d,9.651309365048805,1065
C19d35e19749ac615bf7,8.244247478335357,924
C19d35e1974a9eb782ab,8.740334854121295,974
C19d35e197621e222c0b,30.660653458287072,3166
C19d35e197644dec8632,11.165636152431926,1217
C19d35e19765c6f15ab3,9.209004172790381,1021
C19d35e1976a4bee07ad,31.987641571576436,3299
C19d35e197799dc96614,16.83388376235757,1783
C19d35e1977a72368434,29.743652879471103,3074
C19d35e197913c84ba91,32.958387047876265,3396
C19d35e197ae3f06a9fc,17.0839633898856,1808
C19d35e197af1226db56,9.002117727780353,1000
C19d35e197b24972aa29,5.999449402405544,700
C19d35e197c99cf9c656,19.951334179372264,2095
C19d35e197d79b54c992,27.98751901120861,2899
C19d35e197f0a2645b0c,34.56817159085902,3557
C19d35e197f261ab9321,11.227178629390012,1223
C19d35e197f4edec0fef,11.979127025277156,1298
C19d35e197f50c3b0b67,38.03654984497598,3904
C19d35e197fd0be1eb65,3.8112665590139834,481
C19d35e19805b5fea155,6.3839458372443065,738
C19d35e1980631df9ac4,27.253470684720345,2825
C19d35e1980c795b64d6,34.35383591218956,3535
C19d35e1981d2043083f,11.416774443082115,1242
C19d35e1981f48353c83,12.293013657318745,1329
C19d35e1982185b1d300,17.14551260612928,1815
C19d35e19824ea42a3d6,32.8505408783255,3385
C19d35e19828aa6d6f31,1.8678668552362852,287
C19d35e19873a1c6d779,13.408603375974625,1441
C19d35e198778043eb0f,35.255067398701016,3626
C19d35e198809a64243b,31.38067581495815,3238
C19d35e198a62a215af9,15.638618166386092,1664
C19d35e198a96ac5a1e7,36.69517651739516,3770
C19d35e198c8977982e5,36.22068165239233,3722
C19d35e198e0036c93f6,27.21429257544179,2821
C19d35e198e6ceb39894,11.913505145895522,1291
C19d35e198e7b5bf0ba1,8.951073437504176,995
C19d35e198e80ba95541,19.092899633680126,2009
C19d35e198e9f25963fd,5.996862817401417,700
C19d35e198fb6b5661cd,8.829820227436922,983
C19d35e19905195019ff,18.31762103958168,1932
C19d35e19909751f495b,25.71653992499729,2672
C19d35e19970ad3efa05,23.426758173507814,2443
C19d35e1997c2859a8e6,34.01831993675789,3502
C19d35e19984ffb1a83a,35.64312794838701,3664
C19d35e199cbcefc2111,11.496916779731626,1250
C19d35e199cc2303b9f4,18.07096194593304,1907
C19d35e199cd1ee2e66c,6.999603397690468,800
C19d35e199ce54f26ae2,3.9998442513015418,500
C19d35e199f98b4bd8f2,29.784799432413028,3078
C19d35e19a0f19f5fa2e,20.38460374963436,2138
C19d35e19a19d285b045,12.70331222367924,1370
C19d35e19a1e8c7ac3c6,26.57449988369842,2757
C19d35e19a201610ea96,30.054856464168644,3105
C19d35e19a24c8c5e654,36.11076749028985,3711
C19d35e19a566a133889,31.76159394248067,3276
C19d35e19a697a439190,25.234690648082445,2623
C19d35e19a7c09985dad,17.47812627559964,1848
C19d35e19a8eab3f5ecd,11.280869901735505,1228
C19d35e19a92161689fb,27.058451608500455,2806
C19d35e19a93a2503585,19.99953977387049,2100
C19d35e19a948b7b123b,16.304899447899043,1730
C19d35e19a95f37a5728,9.052741061658944,1005
C19d35e19a97992522dd,2.994267091433958,399
C19d35e19a98c1a6851b,31.512895835749266,3251
C19d35e19a9d9acedf0b,11.7363574534997,1274
C19d35e19a9fdcd168f6,4.0624498480360645,506
C19d35e19aa1246b74d9,9.144111878040995,1014
C19d35e19aa2cb6dccd8,20.964112357413878,2196
C19d35e19aa35e15e7f2,5.908711122324773,691
C19d35e19aa4fd715b9d,16.91869132544861,1792
C19d35e19aa5f3c702da,31.24898517785869,3225
C19d35e19ac2e8c0fb68,11.525611253650245,1253
C19d35e19ad03d365f7a,12.87001391901475,1387
C19d35e19ad167c01962,19.432513239433973,2043
C19d35e19ae67d3482af,5.996804478837293,700
C19d35e19ae7093821ab,7.971883783382594,897
C19d35e19ae8f7824c15,11.462463878207808,1246
C19d35e19ae94c5ff636,20.363582436989223,2136
C19d35e19aea98b40d95,36.7157910051271,3772
C19d35e19aeb6dc4fbed,13.99319698545818,1499
C19d35e19aec08157457,31.01329846188292,3201
C19d35e19afb9e55cb01,11.00510803006144,1201
C19d35e19afc741731c9,8.99849066954807,1000
C19d35e19afda4d3d9f9,15.149066029896487,1615
C19d35e19afebaa5beb5,2.9859228901512935,399
C19d35e19aff02003657,36.00775940278756,3701
C19d35e19b04d6acdf77,19.510063126387685,2051
C19d35e19b060c1adab7,11.12165903319346,1212
C19d35e19b0770c6d8a2,6.611951489319935,761
C19d35e19b09cac21077,33.81227088596346,3481
C19d35e19b17ea3013fa,28.62828804373172,2963
C19d35e19b1a1ac029dd,14.887772293159582,1589
C19d35e19b265e32fa75,34.074127469475386,3507
C19d35e19b28f64557d8,26.670452850081176,2767
C19d35e19b346dfdf006,9.2423054561931,1024
C19d35e19b35c8a8028f,22.340456462133734,2334
C19d35e19b372f86c793,6.668724781000344,767
C19d35e19b3af1d37d2d,3.0589617408300733,406
C19d35e19b3b085012a2,3.013899599838269,401
C19d35e19b4b859109b9,29.938176288552803,3094
C19d35e19b5fe24390eb,33.5234019588469,3452
C19d35e19b8d928826d2,23.29233624833976,2429
C19d35e19bb8b242dfd4,20.190990801282698,2119
C19d35e19bc73d91d9e7,27.36449538607324,2836
C19d35e19bc8fb679ee4,11.061592235313261,1206
C19d35e19bc94a3eabe7,8.732028182078851,973
C19d35e19bcad5d6d50e,15.277963581827898,1628
C19d35e19bcb08b2c604,4.7232579441179,572
C19d35e19be22520700f,11.560665156784633,1256
C19d35e19be623cbfb40,8.068523200366936,907
C19d35e19c1c151d3bb1,31.974771669189142,3297
C19d35e19c28ac767c6e,1,200
C19d35e19c2ed750037f,5.747221611757744,675
C19d35e19c31559e1cb5,9.032294285481433,1003
C19d35e19c35e91b8002,16.739040142116814,1774
C19d35e19c69d059f178,19.693405270727887,2069
C19d35e19c7ea1de40f9,34.334544415005524,3533
C19d35e19c80e0d77d94,35.786722665790094,3679
C19d35e19c8182f58ec3,36.80022846947502,3780
C19d35e19c8aba4a3159,28.72616868946518,2973
C19d35e19c9028f62826,11.484246334000156,1248
C19d35e19c946f98a49c,7.375000656915152,838
C19d35e19ca4567741da,23.674306784069447,2467
C19d35e19ca644d45122,31.841774123523795,3284
C19d35e19ca7efeb801d,36.30846390690241,3731
C19d35e19ce6a874fc6f,31.261528766837266,3226
C19d35e19ce9c1693dfb,11.780367712378052,1278
C19d35e19d1361d1f5e1,30.2982852761045,3130
C19d35e19d1522d98d7b,35.1020200174361,3610
C19d35e19d216ee2abc6,33.08090933388972,3408
C19d35e19d23d4ca368f,39.666895777023676,4067
C19d35e19d2ad467b224,31.138659576347127,3214
C19d35e19d2c3ec79395,15.537602342548748,1654
C19d35e19d2fe8d4237d,8.906952473396977,991
C19d35e19d3151b7c249,38.02387091397767,3902
C19d35e19d328bce0593,28.5686292357353,2957
C19d35e19d3580ab97dd,11.196086685339582,1220
C19d35e19d4bc2fd7980,11.071401430110651,1207
C19d35e19d4c9dc0b5a8,4.234611455967516,523
C19d35e19d4d3e9ea7ca,9.85767332314104,1086
C19d35e19d4e5aa82bc9,8.256427346189904,926
C19d35e19d4f534205af,12.802854596940202,1380
C19d35e19d5cccbf9b7a,11.13331230004696,1213
C19d35e19d6d5ed36cae,33.05843522879714,3406
C19d35e19d89f71aacbe,4.013397631669769,501
C19d35e19d8a1a6b1da0,10.167861078022575,1117
C19d35e19d8b49f0b051,16.198648946250785,1720
C19d35e19d9905c9c197,10.759936356230993,1176
C19d35e19dd18e8a781c,29.431618159035356,3043
C19d35e19dd22cd75ccf,36.41265378659768,3741
C19d35e19de0170ab9c5,16.24514796726181,1725
C19d35e19de38f5baab7,12.785218146526494,1379
C19d35e19de97e2c1729,9.382609444199998,1038
C19d35e19df0d604eca7,13.198975516184127,1420
C19d35e19e00cad0a3f9,21.178590610620706,2218
C19d35e19e06c7efdfc3,35.08932205721721,3609
C19d35e19e15ad98d30c,9.97639525295225,1098
C19d35e19e18f3d9ffe1,18.933608881705855,1993
C19d35e19e318f2fd9bf,6.787608255829203,779
C19d35e19e3c31f9d3bf,34.94441296462595,3594
C19d35e19e588bed5fa5,12.867888287929151,1387
C19d35e19e5936da6b85,33.092586858511936,3409
C19d35e19e6df9202a6e,30.60018889820349,3160
C19d35e19e747843e12e,34.17704113911359,3518
C19d35e19e766d07a1ed,24.70054024837521,2570
C19d35e19e7abc4466f6,21.33802998446933,2234
C19d35e19e99d4cc4b2a,29.59542331536724,3060
C19d35e19ea07f070f66,35.822555739326646,3682
C19d35e19eb8d5693e68,4.010545480091407,501
C19d35e19ebc45f5d7c8,10.999241733750047,1200
C19d35e19ebd0f85c61a,7.9985751031040575,900
C19d35e19ebe22043a19,5.00051639824733,600
C19d35e19ec16e51e5e9,16.99962746503639,1800
C19d35e19ed078de8e77,35.671830430578495,3667
C19d35e19ee2364d0f25,3.73353801352202,473
C19d35e19f1444f330f7,35.5509086924544,3655
C19d35e19f2d67230b80,36.116209160815785,3712
C19d35e19f3170bb56df,28.653752708205744,2965
C19d35e19f45f1ac86b1,18.312540304932472,1931
C19d35e19f53139b9622,36.78064289350875,3778
C19d35e19f77d251135b,12.989521637709071,1399
C19d35e19f7a8c651c98,31.54894691330586,3255
C19d35e19f7b51e01325,35.800097705764784,3680
C19d35e19f883cdcb000,36.56566196320965,3757
C19d35e19f8de5f78227,36.3215670716349,3732
C19d35e19f955f49e6a6,17.291931724881106,1829
C19d35e19fc6ce9bf8c6,4.009370727719305,501
C19d35e19fc7c52a1e97,9.210039565293053,1021
C19d35e19fc881fbf773,11.744926314780454,1274
C19d35e19fc90a4db378,15.008974411771108,1601
C19d35e19fec269d3524,5.00476289651915,600
C19d35e19fedce9953d4,7.404532191399017,840
C19d35e19fee853c9942,10.98108391960901,1198
C19d35e19ff57c495a66,25.026609681403556,2603
C19d35e1a014883756e6,32.51856998343878,3352
C19d35e1a018b80327ae,36.66680479825064,3767
C19d35e1a01a27875577,34.47521074206195,3548
C19d35e1a02224878ca1,36.009971324815965,3701
C19d35e1a03ec5c82dbb,14.971046719616984,1597
C19d35e1a041f78902f5,8.221661335240578,922
C19d35e1a042c5919224,36.01633491955807,3702
C19d35e1a04303d2f2ae,11.4347168726562,1243
C19d35e1a044e10d3e14,23.5479496566736,2455
C19d35e1a052a93ade11,23.495377733753305,2450
C19d35e1a06b12a45523,11.436241022736677,1244
C19d35e1a06c3fadfbf0,12.715143544235508,1372
C19d35e1a06ecd16f7c7,7.051772527136101,805
C19d35e1a070ba2e4506,23.432212677737812,2443
C19d35e1a0ade0358ad3,34.406964006327975,3541
C19d35e1a0b2abaf9ead,7.095931879405893,810
C19d35e1a0b3a3478f97,12.00282036876987,1300
C19d35e1a0b4f7dfc237,26.478762524715318,2748
C19d35e1a0b56b633a19,9.999094549160095,1100
C19d35e1a0d5edc0bea7,7.241966881839846,824
C19d35e1a0f53d93c380,13.903207462140982,1490
C19d35e1a12834be4a9f,19.822860515364148,2082
C19d35e1a138fcc11845,9.937485073787776,1094
C19d35e1a1398f244644,2.6084449804471355,361
C19d35e1a13a5d131801,11.995550293002955,1300
C19d35e1a13c6887e881,15.072827492029473,1607
C19d35e1a13d69cbd1a2,6.961417945270067,796
C19d35e1a15a00c46703,36.14670704598036,3715
C19d35e1a15c5cb0571e,35.04293201763781,3604
C19d35e1a15e449d8961,26.270636881516822,2727
C19d35e1a16022fe4426,37.08356502055043,3808
C19d35e1a165bb6c861c,9.134557741811445,1013
C19d35e1a177bfccb485,36.30144233218946,3730
C19d35e1a17c9581ec08,3.8288907302965782,483
C19d35e1a17d6f15eb14,8.199462279910762,920
C19d35e1a17ed1b765a2,16.6890913360984,1769
C19d35e1a18f132fcda4,4.9967408235593735,600
C19d35e1a190f2071294,7.973017057016091,897
C19d35e1a191f3f09e59,11.79931096526678,1280
C19d35e1a19265011f84,17.12226760093954,1812
C19d35e1a19354a04532,22.91511579941326,2392
C19d35e1a1eb49d7486a,11.502912643628719,1250
C19d35e1a1edc49ddf5b,1.9907463163319667,299
C19d35e1a1efc106908b,9.005704435030115,1001
C19d35e1a1f1b2ed8936,5.996321161852623,700
C19d35e1a208086108f5,13.516245729895099,1452
C19d35e1a2094b479b96,27.947183909157907,2895
C19d35e1a20a4af1ec20,32.00169628599837,3300
C19d35e1a21093f18619,11.80953309007509,1281
C19d35e1a2127b61c7f6,1,200
C19d35e1a22133c8ac78,9.935497132289548,1094
C19d35e1a225a929d84a,30.093370088248506,3109
C19d35e1a22ef7983101,5.068322800342692,607
C19d35e1a2322d074ab4,36.86152624993754,3786
C19d35e1a2337f917b89,31.894888333493004,3289
C19d35e1a2494114fae3,8.495399264772098,950
C19d35e1a27b199f1c75,35.0052787918953,3601
C19d35e1a2b1d5dbe6e7,8.397524626319587,940
C19d35e1a2b2a088aba0,5.650827473432586,665
C19d35e1a2b36888c0e5,1.4222836858567551,242
C19d35e1a2d2e30debe4,36.00508977414973,3701
C19d35e1a2e1af0f121f,19.051350148105506,2005
C19d35e1a2ee5cb788b7,24.950232237837216,2595
C19d35e1a2ff2df425f5,24.679750922440384,2568
C19d35e1a30939323a9d,29.078798792770943,3008
C19d35e1a30de91c1f4f,14.350004030613896,1535
C19d35e1a31ec05b190f,9.886060821638466,1089
C19d35e1a320b18c02fd,38.2584370413946,3926
C19d35e1a32c3107ae7d,34.13881326221816,3514
C19d35e1a3325889726e,23.392909051890925,2439
C19d35e1a3354b00eb8a,31.749840955803936,3275
C19d35e1a36508779f02,5.11493855856218,611
C19d35e1a366cdb74422,9.232685621221314,1023
C19d35e1a36788813e30,11.25180323852782,1225
C19d35e1a3697bd26d1d,15.486848236343521,1649
C19d35e1a3700fe85f28,35.05459915397299,3605
C19d35e1a371959220d8,30.572963305403132,3157
C19d35e1a372f10dfac1,18.823104972936882,1982
C19d35e1a37731bb88c1,18.845888424596406,1985
C19d35e1a37a0ec642df,26.416456607709726,2742
C19d35e1a385732de988,12.312148340751031,1331
C19d35e1a392b7ca8e10,13.704075602279193,1470
C19d35e1a3a6ec381b43,11.8221099737032,1282
C19d35e1a3aa53a71b2c,15.476348085635692,1648
C19d35e1a3ab93ba9ecd,9.973208911008658,1097
C19d35e1a3acf669f14a,5.915708013851603,692
C19d35e1a3b1d20f5aaf,25.079948912833416,2608
C19d35e1a3b2e2461198,6.375867747135921,738
C19d35e1a3cc2fc3975c,27.757299768246096,2876
C19d35e1a3dc1de5d27f,11.847281238977738,1285
C19d35e1a3de46622ad7,21.99380004291317,2299
C19d35e1a3df4c269679,10.591713306174896,1159
C19d35e1a3e0b7dd221c,5.957845082442507,696
C19d35e1a3e557869585,28.423121106585675,2942
C19d35e1a3fc56f4827b,36.05402889099968,3705
C19d35e1a41d82c79565,28.78419177804261,2978
C19d35e1a4247071a74c,34.61672367216302,3562
C19d35e1a42c8553036b,33.585026873357165,3459
C19d35e1a43b204e0366,11.007573372190894,1201
C19d35e1a44898a9d451,19.67313883960603,2067
C19d35e1a44aebf1aac2,23.98275389774984,2498
C19d35e1a4879e93d866,12.228860516520466,1323
C19d35e1a488ff57636c,21.311215281690867,2231
C19d35e1a489c20302fb,1.8806599654444311,288
C19d35e1a48b05752e6f,35.9003796843646,3690
C19d35e1a48c483a6fac,36.76895300547941,3777
C19d35e1a48f84182a8f,11.089051783486621,1209
C19d35e1a490e199eaf7,33.35857669038769,3436
C19d35e1a4954fdfc5f0,5.865294213959495,687
C19d35e1a4a62691a483,13.71716663838308,1472
C19d35e1a4ae04850f5c,8.008602284304239,901
C19d35e1a4b9a86c4ed9,14.114269062817792,1511
C19d35e1a4f285026ddc,9.874617917589024,1087
C19d35e1a50a26607562,27.775616234912135,2878
C19d35e1a50c7b051cd0,36.505340636660286,3751
C19d35e1a50fe2df43a3,32.00323334228279,3300
C19d35e1a510ac88772c,12.323959250106554,1332
C19d35e1a511518f70a0,1,200
C19d35e1a513fe26f229,9.62279154152155,1062
C19d35e1a515f3627e5d,5.088234841991121,609
C19d35e1a54bd068f8e2,12.961365319105903,1396
C19d35e1a57f5b2d452f,12.414714052353924,1341
C19d35e1a581f72c74c6,35.538921150794046,3654
C19d35e1a5822f830f4f,25.199009410047317,2620
C19d35e1a58367bd114c,15.512105413114211,1651
C19d35e1a5b89ca099e3,19.886379701847567,2089
C19d35e1a5c96aa4bdd8,24.113490434635242,2511
C19d35e1a5d9b7de72be,22.01401039150464,2301
C19d35e1a5dc4fc3d4ad,33.006723031891205,3401
C19d35e1a62182a624b8,11.255016549362425,1226
C19d35e1a624ee52a177,24.479020756805287,2548
C19d35e1a63f82b5bcc4,19.381890639093804,2038
C19d35e1a649e2a82ac1,30.383265972812286,3138
C19d35e1a64a35d1a43f,15.171724199062888,1617
C19d35e1a64e5d5f6e0b,9.559396352826502,1056
C19d35e1a64f027a3082,6.025524561428106,703
C19d35e1a6515110642d,12.453072084747813,1345
C19d35e1a6634ecda7d8,12.842835145812305,1384
C19d35e1a6665b24213e,33.78211881682114,3478
C19d35e1a66e7b1c560f,9.20930962649449,1021
C19d35e1a67274f3eafb,35.862543418806126,3686
C19d35e1a68f801c0296,28.01191588589968,2901
C19d35e1a69011ba81d4,26.27432631962956,2727
C19d35e1a6936e53b108,10.173508623231909,1117
C19d35e1a694f34c4807,35.130597272428325,3613
C19d35e1a69676ef55f8,7.035832002116474,804
C19d35e1a6973d7336a9,36.1695374039247,3717
C19d35e1a6999dbf5a68,24.02393494592075,2502
C19d35e1a69ba1e1d18d,19.030824871210946,2003
C19d35e1a69ed42cb379,35.02744758022098,3603
C19d35e1a6a25a0e56e0,20.82519719962957,2183
C19d35e1a6feb68a947e,13.686101124451937,1469
C19d35e1a743dd240172,31.053926813096115,3205
C19d35e1a750d5c79b96,7.526150537085538,853
C19d35e1a752b9ba52be,10.437961932941139,1144
C19d35e1a7548f287905,13.455719967359942,1446
C19d35e1a75629679689,16.61513854812,1762
C19d35e1a79ecb4a3c25,7.924687309043932,892
C19d35e1a7acda9a2a9f,16.04220288591211,1704
C19d35e1a7addf833bc1,21.02283728807659,2202
C19d35e1a7b27c518ae0,12.349359124376113,1335
C19d35e1a7b91c6ec854,10.260633305960752,1126
C19d35e1a7bbd8afaedb,6.982285012738594,798
C19d35e1a7beca839a19,11.217963970215372,1222
C19d35e1a7bfde2f024e,21.362620489410844,2236
C19d35e1a7c270b4311f,6.553427866525651,755
C19d35e1a7c509626634,3.8495566117357,485
C19d35e1a7cd904d821e,11.543752619580605,1254
C19d35e1a7ce4a637294,4.619528824088166,562
C19d35e1a7cf4faf0efe,22.018236375742177,2302
C19d35e1a7d0e9726a28,3.070403458126042,407
C19d35e1a7d1ab8a5fbc,14.358986821482267,1536
C19d35e1a7df677c16b2,23.526857561087855,2453
C19d35e1a7f2be87cf63,9.243849478649077,1024
C19d35e1a7f46418c09e,12.048101802062837,1305
C19d35e1a821de369125,22.485185606099577,2349
C19d35e1a8322e6c768e,28.745729184640766,2975
C19d35e1a8334272bd45,36.00177855244916,3700
C19d35e1a836a01dea44,22.778954726903553,2378
C19d35e1a84f2ef51f6c,14.784750945465339,1578
C19d35e1a8569ee7944e,9.469355324017926,1047
C19d35e1a88fa945e911,13.608481888485189,1461
C19d35e1a89bd7543da9,36.522465638950166,3752
C19d35e1a89e50a63e2d,13.156395779036986,1416
C19d35e1a8a44f80922e,12.53410232243629,1353
C19d35e1a8f32debbd68,11.005195303181821,1201
C19d35e1a901ac42457d,28.911911626772323,2991
C19d35e1a9076cd776ba,13.566033196933644,1457
C19d35e1a9107edc1b11,28.645666902496018,2965
C19d35e1a911ce76e3cc,34.130375411640614,3513
C19d35e1a916c44d5fc4,11.649697809901236,1265
C19d35e1a91b7863ea8d,8.682034005362246,968
C19d35e1a9206bdf5123,38.55603003317277,3956
C19d35e1a9221b771da4,28.416996114878962,2942
C19d35e1a92880302394,13.542302503413824,1454
C19d35e1a934f727ca3a,13.090517399807656,1409
C19d35e1a935c6fca784,14.051497498316118,1505
C19d35e1a936620b169a,8.895845710173555,990
C19d35e1a937e1f69935,4.99054873873613,599
C19d35e1a94c8eebc1b6,33.422467827819666,3442
C19d35e1a94d07545be3,37.01592260494781,3802
C19d35e1a98a9a0625bd,14.291795646507444,1529
C19d35e1a99f26623c71,14.76216574788087,1576
C19d35e1a9c434afaa10,4.565964946569523,557
C19d35e1a9c54d365709,9.779738450077593,1078
C19d35e1a9c6c73a8253,9.807233675384976,1081
C19d35e1a9c92194527d,12.05905581299676,1306
C19d35e1a9cfb0abe0a1,36.1948357534358,3719
C19d35e1a9d558d8cea3,12.511947520510398,1351
C19d35e1a9d7e4402e04,32.07096542565653,3307
C19d35e1a9da1d8179ee,4.749927918979541,575
C19d35e1a9db274a226d,8.219918745601978,922
C19d35e1a9dc06fe993a,10.5865089232326,1159
C19d35e1a9dd861a1a79,23.161561140450097,2416
C19d35e1a9ee49222d63,18.312632712719875,1931
C19d35e1a9f14c32349f,33.2450377574412,3425
C19d35e1a9fecfb3cd25,24.224104102150648,2522
C19d35e1aa04b6b9bbe5,35.88976020731366,3689
C19d35e1aa1a43d3b56a,33.17273445775834,3417
C19d35e1aa1b9358c36a,9.869413703956967,1087
C19d35e1aa1c4a7d63f2,7.943018787246424,894
C19d35e1aa1d8681c4d9,16.26932937611478,1727
C19d35e1aa1ff85897ae,4.9955981690456595,600
C19d35e1aa29f1abdf10,9.485533649540761,1049
C19d35e1aa562edf8a59,28.485678240609072,2949
C19d35e1aa7d8ea8ed24,9.309404705798036,1031
C19d35e1aa82f161caf5,29.880255826412707,3088
C19d35e1aadb4532d748,21.76845882115025,2277
C19d35e1aadc29609ff4,1,200
C19d35e1aadf08477ab7,11.283950113099182,1228
C19d35e1aae375559f5a,7.087350705422554,809
C19d35e1ab0a609ac6a9,16.350505730226665,1735
C19d35e1ab0b34711c21,3.004350382161147,400
C19d35e1ab0c81605629,36.00352049220325,3700
C19d35e1ab0dad7722ab,10.032559271316712,1103
C19d35e1ab0e0afe122c,27.837473018026053,2884
C19d35e1ab0fa5a29410,35.64055794020218,3664
C19d35e1ab106c4d8f4a,5.006617735959289,601
C19d35e1ab11f5eeafb7,37.790825278276266,3879
C19d35e1ab15083248d2,11.109990225318628,1211
C19d35e1ab16c1349ae7,36.33141436558006,3733
C19d35e1ab18abd84d2f,8.989940625167446,999
C19d35e1ab19a17c6093,12.229202061144314,1323
C19d35e1ab1b5825e857,4.007429146139868,501
C19d35e1ab481d0c9ec5,5.4665063304283725,647
C19d35e1ab4d128649b3,18.663036555626963,1966
C19d35e1ab6a0615b856,1,200
C19d35e1ab6c9798385a,25.002832170402545,2600
C19d35e1ab6dd6914883,24.072683478898632,2507
C19d35e1ab6e260555bc,30.014295926586435,3101
C19d35e1ab6f4d8409df,10.71423880470155,1171
C19d35e1ab78191e099a,22.015303822938662,2302
C19d35e1ab7986ae15fb,7.231437869453708,823
C19d35e1ab7a168964b1,14.033003885195946,1503
C19d35e1ab7b8e4fb551,23.111728737562,2411
C19d35e1ab7def12f5f7,28.02192138368482,2902
C19d35e1ab7f3720a6c4,26.017900584506062,2702
C19d35e1ab9bf32c96f2,11.501911157356504,1250
C19d35e1ab9d909a0758,9.002229777467436,1000
C19d35e1ab9f15524ec5,6.998616669155322,800
C19d35e1abbd0183bc42,33.04642038578293,3405
C19d35e1abbec6e76ab8,22.00605937015019,2301
C19d35e1abbfbd7e9073,9.992476088028845,1099
C19d35e1abc01d14e56a,4.990676800424669,599
C19d35e1abc152f36bfb,10.043109912874176,1104
C19d35e1abc2cd80ccf3,8.003468542596575,900
C19d35e1abc31b09dff4,5.001319374853181,600
C19d35e1ac2d4bf92238,13.84163327922502,1484
C19d35e1ac6134d35d05,34.03471069497492,3503
C19d35e1ac63234b63ac,4.79530210777781,580
C19d35e1ac800f074b81,26.428965709782286,2743
C19d35e1aca40917b9dd,11.633249155604275,1263
C19d35e1acaa7f944f3f,10.964286808879512,1196
C19d35e1acae7b5643a3,1,200
C19d35e1acb1698af17c,32.935792854906026,3394
C19d35e1acb5cccea6f8,18.144422244004772,1914
C19d35e1acc0ab881db5,16.56759743682247,1757
C19d35e1acc17c30dcc4,34.57139003620585,3557
C19d35e1ace9eeddd107,11.97284400324003,1297
C19d35e1aceb174c1743,1.9817012200406916,298
C19d35e1aced078ca03a,9.994996039630294,1099
C19d35e1acef7b788012,5.001057579817055,600
C19d35e1acf1499be6fc,32.45072369081744,3345
C19d35e1acf273f9c781,35.30717357067167,3631
C19d35e1acffb24f9af2,3.0752117001800525,408
C19d35e1ad0306427558,9.552191988300098,1055
C19d35e1ad3422e2c17a,19.07430120910529,2007
C19d35e1ad3aaa9bb6c1,7.006622913580057,801
C19d35e1ad3bd5e9b6a7,10.75697038294186,1176
C19d35e1ad3cbfd834d3,11.321070151919175,1232
C19d35e1ad3ff066e3af,11.948923785511575,1295
C19d35e1ad41acc5014c,8.313529905069132,931
C19d35e1ad429ffb624e,5.6597339822760295,666
C19d35e1ad48f0686828,5.0023217461676035,600
C19d35e1ad496a2c8ca8,9.033888226965024,1003
C19d35e1ad4ad66602a5,15.202754107967776,1620
C19d35e1ad679e0e9686,27.614864481046197,2861
C19d35e1ad8a695f0f5d,29.412623033441015,3041
C19d35e1ad8f1a3799f3,13.605676190053034,1461
C19d35e1ad9a51ca91ef,18.499227307202865,1950
C19d35e1ad9ed58696b4,16.780535935201296,1778
C19d35e1ada027133371,30.981284249179716,3198
C19d35e1ada3917ae6c0,26.242234537507734,2724
C19d35e1ada43a8e0c68,28.53936704292018,2954
C19d35e1ada7e83cbb43,12.895184573933642,1390
C19d35e1ada9f55df9cb,21.558427556481703,2256
C19d35e1adab93b6cde7,36.01946060261777,3702
C19d35e1adb2feb7fa4d,34.05263068517437,3505
C19d35e1adb467d156f8,7.793182913767669,879
C19d35e1adb6f5805703,34.17083109654306,3517
C19d35e1adb83eb92465,16.10176536040256,1710
C19d35e1adbeac70a80b,14.247988229196606,1525
C19d35e1adc230f48b7b,30.39664194538342,3140
C19d35e1adc484c95e2d,32.42412353378628,3342
C19d35e1adc843b50173,21.32935526434975,2233
C19d35e1ae1e21211f9c,12.635706637571642,1364
C19d35e1ae4903d909eb,6.314024335851075,731
C19d35e1ae70c64cbce3,35.47885605147572,3648
C19d35e1ae7149b081d0,31.116609358112882,3212
C19d35e1ae73ebae3d3f,36.40615093844398,3741
C19d35e1ae772040c226,14.763089510915368,1576
C19d35e1ae835f120a60,15.202438324260253,1620
C19d35e1ae9fcec7523a,10.544121533118947,1154
C19d35e1aea23cf22a1d,18.1113711989301,1911
C19d35e1aea5cc69be71,21.191146412831642,2219
C19d35e1aeb2daef4b84,11.266150857578177,1227
C19d35e1aeb343f40d58,10.596322325540152,1160
C19d35e1aeb4f299b193,4.00626617174763,501
C19d35e1aeb7e05fa1c3,25.052737286456523,2605
C19d35e1aeb9a26495a3,6.250355971287403,725
C19d35e1aeefdfab393f,17.596515033570284,1860
C19d35e1af075c862256,12.419607320348787,1342
C19d35e1af084051002e,2.4285313658588583,343
C19d35e1af15abb23645,18.413832074642276,1941
C19d35e1af18acd4b006,10.472291897675602,1147
C19d35e1af1e78c97faa,6.051634791993202,705
C19d35e1af46ea9b5763,30.063816698627875,3106
C19d35e1af5b6920e77c,15.255561170968118,1626
C19d35e1af5d34d744a2,4.359922278086825,536
C19d35e1af6655602af9,22.453986782274857,2345
C19d35e1af9e4a960a57,36.34654742835007,3735
C19d35e1afb3bfef3ffe,33.862556702888085,3486
C19d35e1afb77168155e,14.259174479648134,1526
C19d35e1afbcdaca9d85,38.35083438184545,3935
C19d35e1b01c33794378,7.359113110040869,836
C19d35e1b02e120de078,24.071018047859287,2507
C19d35e1b03d8ced944c,1.2779427924954123,228
C19d35e1b04ae9bd000f,11.612822630420771,1261
C19d35e1b04b3174a831,35.58127671797926,3658
C19d35e1b065f5857a10,20.86411470191232,2186
C19d35e1b0690993f0bb,33.83023297600531,3483
C19d35e1b08a9820eef4,11.728428435574848,1273
C19d35e1b0bad1f273c5,14.085860142410755,1509
C19d35e1b0bccbfc95be,8.790284255174631,979
C19d35e1b0c047476a92,1.9781850257284157,298
C19d35e1b0c5987e5db0,19.00453608512268,2000
C19d35e1b0d803cd1f3d,36.61272323421532,3761
C19d35e1b0e7df6e066f,21.681298153413472,2268
C19d35e1b10918320a88,26.327363141888565,2733
C19d35e1b1202f245e5f,9.19002045237832,1019
C19d35e1b121abac6fb3,4.279569506471937,528
C19d35e1b122570cfbf8,1,200
C19d35e1b126ba0c34ca,9.698735907153015,1070
C19d35e1b13cc1db4986,17.836638091417854,1884
C19d35e1b144c2499a5d,26.112351802249737,2711
C19d35e1b14507152e7e,32.90938512642856,3391
C19d35e1b147d81ab129,37.51699852369853,3852
C19d35e1b15453f20a90,7.04397460813802,804
C19d35e1b160471cbab3,23.616692981860712,2462
C19d35e1b16311d3ecbd,13.995338009282019,1500
C19d35e1b1657ab56a0e,6.058995016430027,706
C19d35e1b16678e60c92,9.37400184588252,1037
C19d35e1b16af6ca03d0,11.505514842592575,1251
C19d35e1b16ea56076b3,38.17056902286616,3917
C19d35e1b175022da77f,29.11900092515308,3012
C19d35e1b182bea719e6,28.066479531889147,2907
C19d35e1b19432cf9bd6,5.104669972186515,610
C19d35e1b1a527b644d1,25.31574253614768,2632
C19d35e1b1a871b11f44,34.00957969762019,3501
C19d35e1b1ac88610667,35.10942996461113,3611
C19d35e1b1e48f713b1a,11.054984891455328,1205
C19d35e1b1e580ae47d8,12.432833643309358,1343
C19d35e1b1e758002890,11.824124093977066,1282
C19d35e1b1e85fd2c64b,9.771221067967533,1077
C19d35e1b1e92085928a,5.003252567353452,600
C19d35e1b205b0db0e5b,21.797779952430833,2280
C19d35e1b2080f65fb6b,8.299956611466124,930
C19d35e1b2097dab1a01,13.631207729202952,1463
C19d35e1b20fd96754ba,2.0404683854235213,304
C19d35e1b2189fa27bf8,27.627306024885332,2863
C19d35e1b2471cf4e26a,8.890745619266896,989
C19d35e1b254cf853c7b,34.02915413488189,3503
C19d35e1b2554478ce72,21.181928115078087,2218
C19d35e1b26871b46e71,12.539809757868664,1354
C19d35e1b26fe72d78f4,17.01988336375162,1802
C19d35e1b2740627876f,11.096823020711728,1210
C19d35e1b28003f136a5,9.422290920594348,1042
C19d35e1b28332d5ba44,20.905685229634464,2191
C19d35e1b28505d77a6b,6.6764638079510945,768
C19d35e1b29b0c5ab47b,9.595050929040362,1060
C19d35e1b29cf8ba1bb3,9.000740763997317,1000
C19d35e1b29d7a4fc066,4.544249452582441,554
C19d35e1b29ea8b68471,15.982928700745672,1698
C19d35e1b2a10db08af5,13.232760880399479,1423
C19d35e1b2dde21a7a88,22.598550223394994,2360
C19d35e1b3176f6b6db4,11.00525284865927,1201
C19d35e1b318efdf025c,1,200
C19d35e1b31ada42575a,27.50104689484889,2850
C19d35e1b31bc676ddc0,8.662863994482137,966
C19d35e1b31d8630d84d,4.131829711729805,513
C19d35e1b335204a0ce7,35.61963403410408,3662
C19d35e1b33695408fae,11.749243125432518,1275
C19d35e1b33a601ada6c,20.916500520270933,2192
C19d35e1b354582380ee,15.990193818394452,1699
C19d35e1b367899fe606,31.721643274661822,3272
C19d35e1b36a3d27b1e3,11.664458131642824,1266
C19d35e1b37376945414,14.122247086604368,1512
C19d35e1b391f8728fb2,9.354007556721358,1035
C19d35e1b39367dc8833,18.215102165639387,1922
C19d35e1b3971d1aa18a,30.63189836847301,3163
C19d35e1b3991b4fb15d,24.666529812617643,2567
C19d35e1b39c73ec0add,13.94388139513535,1494
C19d35e1b3a101459d77,33.2608480841733,3426
C19d35e1b3a7246e60e4,9.99313646028675,1099
C19d35e1b3bf3339bba8,27.101028212151064,2810
C19d35e1b3c305599193,36.69699338884545,3770
C19d35e1b3ce4ec2ee11,4.752152032226337,575
C19d35e1b3d588dc875c,29.241109161568517,3024
C19d35e1b3d8f49deb85,12.110877701570256,1311
C19d35e1b3d91778193b,6.043632984341974,704
C19d35e1b3da07c3d579,36.82198183978885,3782
C19d35e1b3db8cfadf24,10.216762800402975,1122
C19d35e1b3ddeb3552f8,8.102368914302463,910
C19d35e1b41ff9122417,8.033042438475436,903
C19d35e1b423cdc6a8d5,12.144287150802796,1314
C19d35e1b428a12e4143,9.3210006762886,1032
C19d35e1b482e290a5f4,9.885187886868945,1089
C19d35e1b4860d6e3e99,14.701299383862338,1570
C19d35e1b48a324dbda1,13.79235020538132,1479
C19d35e1b48be3be1d15,9.673325691734073,1067
C19d35e1b48c862f7558,6.932933723946493,793
C19d35e1b49023bd963f,4.625188719996416,563
C19d35e1b49450869cad,11.00872577529618,1201
C19d35e1b4c039c6c448,31.52998133227271,3253
C19d35e1b4de3c001f59,2.9459678011903296,395
C19d35e1b4dfa478090a,5.016297676201591,602
C19d35e1b4ed5354bac1,25.506672586373625,2651
C19d35e1b4fbf92f8595,36.017361685079955,3702
C19d35e1b527b2c32dc0,26.24898190335027,2725
C19d35e1b52b3a9de53c,35.60136211413202,3660
C19d35e1b539a7d96917,30.083387048269532,3108
C19d35e1b53ac2816ff0,24.853966925771037,2585
C19d35e1b53c369f0c40,35.44094487254068,3644
C19d35e1b543ef6dc0ae,12.2999838746476,1330
C19d35e1b54478c74a68,30.533933677837663,3153
C19d35e1b5450f526efb,35.04046728856872,3604
C19d35e1b54a2cfbe583,11.227476953719332,1223
C19d35e1b54eb5d765c2,25.130993745912733,2613
C19d35e1b54f44378cb4,33.07299224473457,3407
C19d35e1b550f42a3cd3,8.183949315186915,918
C19d35e1b55f800f03ea,11.330181965337646,1233
C19d35e1b560896f56b7,1.8480090358314119,285
C19d35e1b56138493f23,7.243281551213963,824
C19d35e1b56360ea2af2,4.2628316877926204,526
C19d35e1b5736eed405f,33.90378994221004,3490
C19d35e1b58857a1c981,32.91351190483618,3391
C19d35e1b58cf4fc3794,35.24028689447534,3624
C19d35e1b5927603bbf9,36.585314837437046,3759
C19d35e1b593af5c50d7,13.892071347972037,1489
C19d35e1b596afdba06e,30.233668634709716,3123
C19d35e1b5b09d0d5a76,21.081020556243384,2208
C19d35e1b5b2ff1304cb,11.799810146879652,1280
C19d35e1b5b3ef43f58d,2.9960794257824515,400
C19d35e1b5b41def7d7a,8.973853241718286,997
C19d35e1b5b568eb50fc,4.994598914369818,599
C19d35e1b5bd965ecd7e,36.52257919555956,3752
C19d35e1b5fd266159d0,19.541564969610157,2054
C19d35e1b60b44e9f3f0,12.146142374831948,1315
C19d35e1b64f6096780a,23.136464520212584,2414
C19d35e1b6536a3b87b7,13.395290767357132,1440
C19d35e1b662a1009188,4.603329870002088,560
C19d35e1b6692fd80978,10.766425785505175,1177
C19d35e1b66fbcb50ef2,4.9343035780981905,593
C19d35e1b6742473b7d2,35.52986659983414,3653
C19d35e1b6759d2e711e,11.297567052283611,1230
C19d35e1b67659000476,22.016444304719545,2302
C19d35e1b67a317c42fb,18.013029850784473,1901
C19d35e1b67b865adc50,9.916676877663125,1092
C19d35e1b67c362b66a2,33.39777172203672,3440
C19d35e1b67d98333ec8,5.475034304732687,648
C19d35e1b67e2fe1f835,13.01734067960887,1402
C19d35e1b6864ac21136,24.004501502083713,2500
C19d35e1b6922c178dbb,20.702806848574607,2170
C19d35e1b695924cf912,13.454412748646066,1445
C19d35e1b6cca6893dfc,12.976179110704999,1398
C19d35e1b6d0b5cedbb7,29.123465855136306,3012
C19d35e1b6d141b7d699,33.41781245725385,3442
C19d35e1b6d9a8e626b7,33.108471592764644,3411
C19d35e1b6dcc40f8b99,16.34865766417189,1735
C19d35e1b6e9a1e3e0a6,11.004961643068514,1200
C19d35e1b6ea47aa59da,1,200
C19d35e1b6eb280f629c,7.990561077201004,899
C19d35e1b6ed74f473ba,12.497186395736033,1350
C19d35e1b6ee68a6bb81,3.99987829516797,500
C19d35e1b703f918d946,19.002259751512536,2000
C19d35e1b7044f7fc1d0,11.793727460353745,1279
C19d35e1b7058a25a14c,4.997410469314638,600
C19d35e1b707c7e4db41,9.949284857486104,1095
C19d35e1b70823a597a2,6.995765476889528,800
C19d35e1b7146e79c1b6,12.817030512443308,1382
C19d35e1b718545406c1,21.466909499630415,2247
C19d35e1b71aaeb1a347,34.2189237700748,3522
C19d35e1b71bb63e1b59,36.006230881226834,3701
C19d35e1b71e82e96f72,36.769402315958956,3777
C19d35e1b72361365b51,19.58488515921415,2058
C19d35e1b72b59492a4d,14.546624493021435,1555
C19d35e1b73a2cc3611a,11.498458271162422,1250
C19d35e1b73bd1c7402d,20.452781422107908,2145
C19d35e1b79215aa5100,15.793580708320912,1679
C19d35e1b7ace72d2466,6.063720254374733,706
C19d35e1b7ade7f83950,8.311171726202932,931
C19d35e1b7afa820bb8a,10.69787906070535,1170
C19d35e1b7b011cc0760,11.65459641802798,1265
C19d35e1b7b12f8c43f0,17.265872289972865,1827
C19d35e1b7b4ad84f391,31.307635526267934,3231
C19d35e1b7be0bec6e48,13.095858128632116,1410
C19d35e1b7bfa55249a8,11.176208705940876,1218
C19d35e1b7c3baeb5672,11.299319085831291,1230
C19d35e1b7c539e95f71,5.159850034663737,616
C19d35e1b7c7d2f34b6b,36.27649810969011,3728
C19d35e1b7cf46960427,20.671573185833083,2167
C19d35e1b7db2db49eae,10.67969014634168,1168
C19d35e1b7e1f610dfab,12.291598097007698,1329
C19d35e1b7f6980420fa,7.010480629480947,801
C19d35e1b80d5eb937af,15.49334219489644,1649
C19d35e1b81097f3fe9e,3.4588866774172193,446
C19d35e1b81f81b9d71b,16.540180810760816,1754
C19d35e1b83112f832d8,10.99920409819493,1200
C19d35e1b8530151697e,11.395007107215427,1240
C19d35e1b8591fe585fc,15.357872861593656,1636
C19d35e1b86fcecf31fa,3.9552803737594604,496
C19d35e1b87070a1d1e7,11.001333271256803,1200
C19d35e1b871375e99fd,11.26836567910086,1227
C19d35e1b872d3830a49,16.63837583650536,1764
C19d35e1b878f007f454,13.719584335759647,1472
C19d35e1b8c802c4d95e,13.995044247219198,1500
C19d35e1b8ccf735bc9b,9.590025749359658,1059
C19d35e1b8ce470e03ad,5.978087638232928,698
C19d35e1b8f2645a59b5,36.08911677300573,3709
C19d35e1b8febc18126f,12.311337399761655,1331
C19d35e1b8ffee48c9f9,1,200
C19d35e1b90068c8cd63,11.37368443295723,1237
C19d35e1b901ea863049,5.495631000343412,650
C19d35e1b902e9aba3db,35.33794328097791,3634
C19d35e1b9057dbad9e8,38.412670494707385,3941
C19d35e1b90d00fb6348,27.097822364332995,2810
C19d35e1b9181062170c,4.8963809830403635,590
C19d35e1b927baa03fc5,13.604109358828502,1460
C19d35e1b93b08015343,19.633792426765375,2063
C19d35e1b94c3b8ae782,12.008669469580793,1301
C19d35e1b958ef956303,34.46085175913105,3546
C19d35e1b95d94435759,23.50244571725354,2450
C19d35e1b96ad7e88baa,32.03843349203208,3304
C19d35e1b9a722f189b0,15.958362221367228,1696
C19d35e1b9abed1b3a50,33.83080176490827,3483
C19d35e1b9b6052cac32,11.496563390658288,1250
C19d35e1b9b79864b113,5.3982333985417466,640
C19d35e1b9c3e02f0f07,12.748136874669235,1375
C19d35e1b9d41f0e5f9e,13.698261821768975,1470
C19d35e1b9f506ed52a4,15.394701934124845,1639
C19d35e1ba0cffcb1941,3.4115157228494533,441
C19d35e1ba0e4e61bd03,37.10812852841634,3811
C19d35e1ba10d645063b,33.04555600206997,3405
C19d35e1ba1ab93ae657,26.17953245837486,2718
C19d35e1ba21e8470c13,7.084781078166298,808
C19d35e1ba2b9ef92aab,1,200
C19d35e1ba2c1753f557,1.1629931542381575,216
C19d35e1ba2d2c301fcc,5.64218529396628,664
C19d35e1ba2ed0284895,7.892167089549424,889
C19d35e1ba3992cad686,20.93598368870081,2194
C19d35e1ba3c593061d7,31.735858198654462,3274
C19d35e1ba3d75e35a30,36.032579246305794,3703
C19d35e1ba3e792a7137,14.989775918519012,1599
C19d35e1ba4dbe3d1ef3,11.71977761986326,1272
C19d35e1ba5011450eb3,11.023146988671044,1202
C19d35e1ba5691b67784,27.9170713819698,2892
C19d35e1ba58610e9966,33.03756062147182,3404
C19d35e1ba67450f2670,36.073089050803304,3707
C19d35e1ba6b5e9d8943,34.040625803955464,3504
C19d35e1ba7371cad59c,10.123397892833676,1112
C19d35e1ba74b19852ac,7.972750390248462,897
C19d35e1ba7550f32cdc,4.025092314259931,503
C19d35e1ba761604ed6b,29.081677534335007,3008
C19d35e1ba77350e9ffc,19.978553609227486,2098
C19d35e1baa998b3ef9b,25.76589201620103,2677
C19d35e1baf5d9164027,19.315884638559364,2032
C19d35e1bb021ce1c5d9,14.643025770462295,1564
C19d35e1bb0811437a32,18.79950627747262,1980
C19d35e1bb17acd2d0ee,27.470696778481184,2847
C19d35e1bb19db2b7cc8,36.58109917539944,3758
C19d35e1bb26fcd0c129,16.522088903292808,1752
C19d35e1bb2ca6846280,34.024130646097085,3502
C19d35e1bb2dc7ed312b,36.00447668854138,3700
C19d35e1bb43bdd53adc,34.769629774668616,3577
C19d35e1bb4d6d9ae2c6,7.669339949652063,867
C19d35e1bb501bcfd352,10.846329090459744,1185
C19d35e1bb678712df8b,17.056622105140036,1806
C19d35e1bb68c3177f17,29.6844499068563,3068
C19d35e1bb6ae63177f8,36.0907849805929,3709
C19d35e1bb6c7b112393,38.66780848176436,3967
C19d35e1bb6e7248fa80,36.371857607392826,3737
C19d35e1bb7f35050fb5,1,200
C19d35e1bb80681fca63,5.164071320582358,616
C19d35e1bb826d6aad82,10.66312053290576,1166
C19d35e1bb88dd6082d0,15.08521465184825,1609
C19d35e1bb89e364595a,32.905495722115944,3391
C19d35e1bb8aa24605e4,32.50002051216564,3350
C19d35e1bba32fce05e0,22.526422790275753,2353
C19d35e1bbb596406259,14.195841835063408,1520
C19d35e1bbb99e0e941e,2.134686709505927,313
C19d35e1bbce3dfdefbc,15.826270280954994,1683
C19d35e1bbe50bf4329b,14.974613947020393,1597
C19d35e1bbeed0cbfacc,5.862610403174623,686
C19d35e1bbf388f94acd,7.383069237885791,838
C19d35e1bbf5e165a59f,17.245477473437184,1825
C19d35e1bbfdae7fbd07,17.000651749630247,1800
C19d35e1bc0781e7fcd0,13.498920059417172,1450
C19d35e1bc323a866f40,11.456060937570946,1246
C19d35e1bc34d0b7a7cd,10.957439316209983,1196
C19d35e1bc35bc6d8ce1,4.078944415102462,508
C19d35e1bc39b8941a67,27.48754373130339,2849
C19d35e1bc6958c1cd7b,11.075439822742247,1208
C19d35e1bc6a2ebd81da,8.294378575803902,929
C19d35e1bc6bff5e37e7,4.010327808360517,501
C19d35e1bc6c83d8b0c1,27.238681419500153,2824
C19d35e1bc72422bfd88,32.76100178584095,3376
C19d35e1bc9187440b4f,30.080816959435378,3108
C19d35e1bc9215c49b28,34.68131694506323,3568
C19d35e1bc993f79139f,17.073495810111247,1807
C19d35e1bcba9953324d,35.0125077852692,3601
C19d35e1bccb3f0220ce,8.496110318608428,950
C19d35e1bcd6184b3369,34.0871785211582,3509
C19d35e1bcd7f949fd6c,32.71518913076657,3372
C19d35e1bcd8ba6a3e0c,12.867581356014268,1387
C19d35e1bceb019e4d63,17.39517097726022,1840
C19d35e1bcf931f09073,36.09878296181045,3710
C19d35e1bd02f36ed9a7,16.447744026229213,1745
C19d35e1bd173f41527b,12.013227084352886,1301
C19d35e1bd1a45710de5,33.46554946915862,3447
C19d35e1bd2104288dd8,15.404051988741415,1640
C19d35e1bd3dd3ead8e3,27.86438565104522,2886
C19d35e1bd3e20997ecb,21.66007328362092,2266
C19d35e1bd4b27006112,36.60996536308265,3761
C19d35e1bd50ab8fdb61,32.98114030192949,3398
C19d35e1bd53b3ade9ec,36.29165493777223,3729
C19d35e1bd60fe58ba76,23.46590169334299,2447
C19d35e1bd63409d3f51,19.417762285684454,2042
C19d35e1bd701741406b,11.869570102194546,1287
C19d35e1bda07df74d3f,13.328230259857442,1433
C19d35e1bdba65b1b64c,24.867144066816678,2587
C19d35e1bdc1728a1ace,32.00972127007935,3301
C19d35e1bdc2b6f801b2,15.664738977769117,1666
C19d35e1bdc3447a7f0e,2.789404678368616,379
C19d35e1bdc4ba6c4bd8,9.640206587901558,1064
C19d35e1bdc5bbf655d2,4.876638730921853,588
C19d35e1bdd2acc98c6d,8.631498693610977,963
C19d35e1bde49d7dafad,9.04301308924186,1004
C19d35e1bdf0676d6b2b,10.940883654239114,1194
C19d35e1be011bb24dc9,32.747837211182436,3375
C19d35e1be15f19a5323,17.94639643672907,1895
C19d35e1be1b8995106d,22.358598521207536,2336
C19d35e1be43e19341ae,20.3080112688065,2131
C19d35e1be57bb06ee0e,23.031782384448846,2403
C19d35e1be5e19abcb35,34.51196046567693,3551
C19d35e1be5f02041555,6.004298806165111,700
C19d35e1be60ec8c6613,13.008035303046485,1401
C19d35e1be617f460738,7.985334109691512,899
C19d35e1be628d2623c1,32.84442460055975,3384
C19d35e1be70b6f3eda0,3.0905864316585134,409
C19d35e1be7774239d4e,33.19898730854909,3420
C19d35e1be9c0cc16d23,26.477852094480074,2748
C19d35e1beb23e026fb7,20.635632860335182,2164
C19d35e1bed59eab53ea,11.21485575660259,1221
C19d35e1beda03b9236f,6.278384250023033,728
C19d35e1bedbe224cd59,32.1412962882122,3314
C19d35e1bedd3ed32f8e,1,200
C19d35e1bee01ae08527,35.959343778164126,3696
C19d35e1bf10025ff9d3,21.357136931857028,2236
C19d35e1bf287346c23e,11.786521895213191,1279
C19d35e1bf36af91a60c,25.84810076134037,2685
C19d35e1bf41d5351a34,36.71642059176369,3772
C19d35e1bf6712dfeecc,14.838279419410037,1584
C19d35e1bf90f58e8e84,35.016320686717954,3602
C19d35e1bf97681c7904,11.802898587891566,1280
C19d35e1bf9d014543c0,7.4056904451938355,841
C19d35e1bfa05bc497b8,4.231745565301447,523
C19d35e1bfa7f89e1a1b,33.86804507277218,3487
C19d35e1bfb409797d2a,11.340499010961297,1234
C19d35e1bfb6b3483052,32.33925435860067,3334
C19d35e1bfbeb8dacd8e,3.0060435314152714,401
C19d35e1bfbf701c11de,7.127412749414491,813
C19d35e1bfc071390d15,11.587245403977981,1259
C19d35e1bfc1880c82f3,21.416058074865276,2242
C19d35e1bfc2abff2194,33.059173255408844,3406
C19d35e1bfc30f0ce178,4.999109606088284,600
C19d35e1bfc411783c7c,10.556931657906807,1156
C19d35e1bfc5a0fdd245,12.652020016402897,1365
C19d35e1bfc79f05d238,36.39098101165876,3739
C19d35e1bfc8cfefd237,33.02732865949151,3403
C19d35e1bfcc3e672081,11.844223644654804,1284
C19d35e1c00aa17c6ff3,13.459919534509911,1446
C19d35e1c00b8c7be449,17.97711726583748,1898
C19d35e1c00f9cd89ca2,12.109239663040775,1311
C19d35e1c01651e9b104,10.37910984466649,1138
C19d35e1c017cccc55c2,3.003854037729035,400
C19d35e1c01b31cbe3f8,7.098618544724982,810
C19d35e1c01d20689b19,28.36913961125785,2937
C19d35e1c01e4d3f223d,19.723573159223875,2072
C19d35e1c01f148a4869,4.990645041661191,599
C19d35e1c0204eb37490,30.095690431041273,3110
C19d35e1c03ca17bee8d,15.203999925404963,1620
C19d35e1c04021836fc2,9.753415386954028,1075
C19d35e1c049a160fbf0,6.900239752921769,790
C19d35e1c0525091486a,28.688592895231253,2969
C19d35e1c0570c0c12eb,4.006578274253916,501
C19d35e1c05b50ead71c,32.40255554100588,3340
C19d35e1c091f2a2e5cd,11.596403457303486,1260
C19d35e1c0938eb6711e,10.543363984226477,1154
C19d35e1c0940aaab213,6.620533079700741,762
C19d35e1c095c4e29a2c,3.6974405741914915,470
C19d35e1c09ec54ce016,11.811425836289802,1281
C19d35e1c0ca9e598404,33.65459389591942,3465
C19d35e1c0da2afcceaf,27.41003613322056,2841
C19d35e1c0dda3ec4daf,34.63491334432021,3563
C19d35e1c123e279ab8d,8.992035568384551,999
C19d35e1c1369777f56b,31.12635310870457,3213
C19d35e1c13d8aa9259a,21.010595330803902,2201
C19d35e1c145b06e032e,8.78181875602215,978
C19d35e1c1464bde6c2f,19.963002982929687,2096
C19d35e1c148cad156a7,8.626464857044864,963
C19d35e1c14a15d1bd37,4.965838763079211,597
C19d35e1c14c9b5a2de6,13.732607961197186,1473
C19d35e1c188cf516e70,25.117015573375763,2612
C19d35e1c1ae2a39bf4e,9.233370146159722,1023
C19d35e1c1af1e610fe5,3.289211622707561,429
C19d35e1c1c400faa382,3.999297048098717,500
C19d35e1c1c80a52005a,10.99636841272786,1200
C19d35e1c1d27329aef1,3.935127035740264,494
C19d35e1c1d34ce0b492,8.705231377957404,971
C19d35e1c1d5c7ddba20,11.045697242188686,1205
C19d35e1c1d6ed9d79c0,18.428964750302978,1943
C19d35e1c1d77a1c4caf,36.794832105625176,3779
C19d35e1c1d89e47876d,35.17185209484563,3617
C19d35e1c1d97dfe36e7,28.646587494323395,2965
C19d35e1c1e7e268bb56,15.071311158663327,1607
C19d35e1c1e86e118894,28.575533801439054,2958
C19d35e1c1ea7be1e2ee,35.033168729468734,3603
C19d35e1c1f330260767,11.301399490257742,1230
C19d35e1c1f964eeae56,8.067498136744042,907
C19d35e1c1fa37eb1e74,28.07503237061752,2908
C19d35e1c1fc228bad7a,1.3501535150252146,235
C19d35e1c1feb13994fe,21.01345591068191,2201
C19d35e1c23af6f1617e,19.33797690140956,2034
C19d35e1c23d3c9bbf10,33.66822708386917,3467
C19d35e1c2504cf65463,9.222979590005462,1022
C19d35e1c2540502d309,11.755299186001626,1276
C19d35e1c262f7986f38,28.488863824276155,2949
C19d35e1c263dcf895b5,6.197415430341428,720
C19d35e1c26543fa2fa4,10.87853940204663,1188
C19d35e1c26736bc5335,12.566833094624277,1357
C19d35e1c26c85b871df,34.464273348192755,3546
C19d35e1c26dd51d44aa,35.738044619485294,3674
C19d35e1c26e02b3a4c8,19.027209160465407,2003
C19d35e1c26fcbec9740,11.019133777288758,1202
C19d35e1c2876f207d10,3.616792591256974,462
C19d35e1c2890e7b091d,7.538831177693682,854
C19d35e1c28a28c36426,17.95065051742081,1895
C19d35e1c292a5a4bf00,36.25891774898639,3726
C19d35e1c2952b0b78af,28.616995945492427,2962
C19d35e1c2a7353dcdd4,12.312903731016469,1331
C19d35e1c2afa8e64e3f,11.021505198056346,1202
C19d35e1c2b2fbd2272a,4.996899523063858,600
C19d35e1c2b8868f7319,32.30845688588597,3331
C19d35e1c2b93b459c30,35.85140745007722,3685
C19d35e1c2bbd066a7b0,16.596587364036804,1760
C19d35e1c2d887bdadc6,18.75913748458746,1976
C19d35e1c2e08ea24c14,12.181270797206762,1318
C19d35e1c2f6a6b58ad7,36.1139889491253,3711
C19d35e1c2fde4800bf3,27.43370729618664,2843
C19d35e1c3004ef2651c,31.194785684401083,3219
C19d35e1c31854246f86,33.50719760095453,3451
C19d35e1c3248819cafd,20.729457610462482,2173
C19d35e1c3521c18c2a4,23.649764365251215,2465
C19d35e1c35933ce44b4,34.330513351210854,3533
C19d35e1c36c61cc29b4,17.67449745969126,1867
C19d35e1c37afd5154de,9.95127381748958,1095
C19d35e1c37d50b035e6,6.953325649632696,795
C19d35e1c37f23202a15,3.9153796926436675,492
C19d35e1c380a02fd821,14.87925852742448,1588
C19d35e1c3810736660a,32.21459139668943,3321
C19d35e1c3aed1563d80,26.05861020537803,2706
C19d35e1c3b0cf42caa6,3.9993280228416657,500
C19d35e1c3b16e2d157a,5.990118763306412,699
C19d35e1c3b2bc7fac5f,9.000664407291833,1000
C19d35e1c3b32664a401,11.503467239731796,1250
C19d35e1c3c21eb86878,25.621075415482952,2662
C19d35e1c3c4543cdc40,32.242656561397986,3324
C19d35e1c3cacb10069d,12.356326067619692,1336
C19d35e1c3d09f00957a,13.73241614502492,1473
C19d35e1c3da9291eb02,22.00565429462498,2301
C19d35e1c3eee50129a8,24.916830726865964,2592
C19d35e1c3f46b6fcc1a,27.37892802722792,2838
C19d35e1c3f65de6746c,33.01503274708569,3402
C19d35e1c405ec1ce082,2.142486249886735,314
C19d35e1c422fa6df2b9,35.035839271997396,3604
C19d35e1c42bcf8645fd,1,200
C19d35e1c42cce2bce53,3.0038003503681714,400
C19d35e1c42d8dcacf0c,6.007219604751853,701
C19d35e1c42e1f8bf80c,8.966106202600143,997
C19d35e1c42fadd7812b,11.018728895943639,1202
C19d35e1c430b6e73e4b,12.0011991439484,1300
C19d35e1c4317aee07cd,27.005555356963075,2801
C19d35e1c432f7e66f55,23.00686407576671,2401
C19d35e1c433ca1a05c0,29.996871013886388,3100
C19d35e1c43472c5374e,26.00154508807264,2700
C19d35e1c43e971071e1,10.505255822349904,1151
C19d35e1c441f56fff78,21.989972678927927,2299
C19d35e1c451653a07c9,15.685942684462884,1669
C19d35e1c452244f52cb,27.20274092462396,2820
C19d35e1c463b947eda4,34.77670722945155,3578
C19d35e1c46c6e37d24d,14.427171540116568,1543
C19d35e1c476456a896f,11.0129987156542,1201
C19d35e1c47f4f55cbeb,12.103743615511252,1310
C19d35e1c4872bc3e79d,12.420944730016869,1342
C19d35e1c48d4fc66c0d,27.960216301159168,2896
C19d35e1c4b3ae9eaa3e,13.58809723642098,1459
C19d35e1c4d74a7c260e,11.605459486467181,1261
C19d35e1c4e0a8265b7d,32.15726710023981,3316
C19d35e1c4e206b6533f,12.092349101899392,1309
C19d35e1c4e4e4fe9c21,11.198329611780522,1220
C19d35e1c4e536b39e6a,36.21575830759918,3722
C19d35e1c4e6ff63fae8,30.007764585387395,3101
C19d35e1c4e96f34a6b1,5.891935377090375,689
C19d35e1c502f67a49ed,28.07257342216573,2907
C19d35e1c50eba8b98df,11.026854754566752,1203
C19d35e1c527533cfd06,14.302842973113867,1530
C19d35e1c59bd2f23841,22.805184227797326,2381
C19d35e1c5b101cd5d63,13.025943709815317,1403
C19d35e1c5b80d25ad2c,22.44496630675609,2344
C19d35e1c5d5fdd5289c,34.650245006663326,3565
C19d35e1c5eb53879d71,33.590891108501026,3459
C19d35e1c5ee5ae3305c,9.111304469810232,1011
C19d35e1c5fdf786851b,25.836091265996348,2684
C19d35e1c605417233e1,29.007249471813047,3001
C19d35e1c623479f699f,13.391204852709347,1439
C19d35e1c6240d492759,2.3817700058194573,338
C19d35e1c6268c1aa349,11.066686156897486,1207
C19d35e1c629faa258be,18.19752954074343,1920
C19d35e1c62cb058b957,4.665792031390092,567
C19d35e1c641a4b17796,15.324209322455577,1632
C19d35e1c6459b8baab3,31.111973221910404,3211
C19d35e1c64638189e9a,5.424558574472494,642
C19d35e1c647239a86d5,25.65428972473872,2665
C19d35e1c64f4cfcc471,8.483367577220715,948
C19d35e1c651a094e186,6.411789002112126,741
C19d35e1c6522844c055,16.461829910394645,1746
C19d35e1c659c4f7c33b,3.2651799554396312,427
C19d35e1c65b3816d891,34.04305611572668,3504
C19d35e1c65e203f9043,36.77774065436755,3778
C19d35e1c685f517d2de,35.115731034677424,3612
C19d35e1c691a207923f,13.380198588250954,1438
C19d35e1c69455a65762,22.906851018756957,2391
C19d35e1c6a598e65ba8,21.068150353615017,2207
C19d35e1c6abe7d98f77,19.52980541274762,2053
C19d35e1c6afa317091e,34.744681064801796,3574
C19d35e1c6b2aa04ce92,35.623858392908495,3662
C19d35e1c6b84f8582b9,8.182835370118683,918
C19d35e1c6bf77859ac0,7.458313607018673,846
C19d35e1c6c01c98d029,11.40101630621338,1240
C19d35e1c6c228dec252,5.045869370630789,605
C19d35e1c6c63cb0d389,15.543944057317406,1654
C19d35e1c6f8c985dd8a,31.45267275670721,3245
C19d35e1c6fa35380c91,27.42600283458106,2843
C19d35e1c6fe33150353,10.680700656591474,1168
C19d35e1c7167b9f1904,9.675329409488107,1068
C19d35e1c71876de370d,7.13269716285361,813
C19d35e1c71bfa491c15,4.900284752976989,590
C19d35e1c722cd7c2e6c,13.441415798729471,1444
C19d35e1c7325ff243d2,9.258547841530715,1026
C19d35e1c7487f86cc42,34.034243209144336,3503
C19d35e1c755cea21d96,31.219036059315393,3222
C19d35e1c75964585c43,15.405861418743054,1641
C19d35e1c768d3d761c2,16.139143246373518,1714
C19d35e1c769fc64dd5b,11.000735112111062,1200
C19d35e1c76aa0196f2b,5.989047476363009,699
C19d35e1c7a39fbbd6ae,1,200
C19d35e1c7a4b9b734ba,4.715486071838209,572
C19d35e1c7a5baede07c,6.121802278586224,712
C19d35e1c7a6b07cc970,11.126056462948155,1213
C19d35e1c7a7d06ba038,24.86111293956933,2586
C19d35e1c7e2b4dfc4a7,8.788643853791413,979
C19d35e1c8150ec48fca,16.551092304992185,1755
C19d35e1c824e7348265,29.95711242457339,3096
C19d35e1c826f4da7210,16.32615679053355,1733
C19d35e1c832d34c00c4,9.74229030417819,1074
C19d35e1c844772fc468,7.756724547066776,876
C19d35e1c8479522e29b,26.159190666664088,2716
C19d35e1c84e1c4fd599,15.995496897829135,1700
C19d35e1c8726341d7c0,35.982180907960924,3698
C19d35e1c8919e305dcd,31.900568400812976,3290
C19d35e1c89227538b4b,28.60402427379586,2960
C19d35e1c897c8a8cc10,27.002775774399616,2800
C19d35e1c89820cf7e7e,8.393337294894572,939
C19d35e1c89f400932b1,33.01599802093946,3402
C19d35e1c8a02659758c,37.50248147003831,3850
C19d35e1c8aca70a3040,8.174884747762007,917
C19d35e1c8aeae90fea4,11.056897235825204,1206
C19d35e1c8b2a91ae40c,14.955215717306054,1596
C19d35e1c8c28283d6f4,23.687455322077376,2469
C19d35e1c9098f60056f,11.224293905547034,1222
C19d35e1c90a820bb382,18.58644830017483,1959
C19d35e1c9136c796768,30.29071182819162,3129
C19d35e1c91cb3f60380,22.097457960694697,2310
C19d35e1c93988575221,11.505031040046228,1251
C19d35e1c93c58e2e58f,9.91439070402938,1091
C19d35e1c93eec89b807,6.847228923915441,785
C19d35e1c93f6cc6e08b,35.64951297858923,3665
C19d35e1c946aae8a5e9,6.010088902258157,701
C19d35e1c947679f6168,11.00894143307054,1201
C19d35e1c948e720d1bf,24.044407495065915,2504
C19d35e1c94def86b08d,33.02566253698558,3403
C19d35e1c94ef75912e5,6.270435284211618,727
C19d35e1c95079b382f0,31.623312399359104,3262
C19d35e1c9540bf241dd,21.131941322332153,2213
C19d35e1c9554c53f785,35.05059979515575,3605
C19d35e1c957bc78cdb6,36.54416691754464,3754
C19d35e1c958a7de9880,16.72908753201916,1773
C19d35e1c95954363a78,28.782583350759204,2978
C19d35e1c95a48763173,9.33730924946202,1034
C19d35e1c95c1058d051,6.1612137326874,716
C19d35e1c97930b26eb6,31.548886084126146,3255
C19d35e1c97a0f17e044,36.05315184252468,3705
C19d35e1c982088532e2,9.46426232997818,1046
C19d35e1c9839f1566c7,19.222186769710277,2022
C19d35e1c985266d39f1,28.725287240826905,2973
C19d35e1c98e775baef1,7.108635212035611,811
C19d35e1c98ff2b88048,18.08779421125814,1909
C19d35e1c9c5807624a1,17.960353650344494,1896
C19d35e1c9cbd0821993,28.065940986757756,2907
C19d35e1c9e9cfa49600,13.715226797654358,1472
C19d35e1c9f8ffb8b6aa,35.266280537025544,3627
C19d35e1c9f977e4bb1c,37.508345219203825,3851
C19d35e1ca1f70327518,27.530987469098083,2853
C19d35e1ca30e5669218,11.017181088671814,1202
C19d35e1ca47f7271d00,29.07329592935382,3007
C19d35e1ca49dffa455e,21.727073663808774,2273
C19d35e1ca68c3e590d1,25.521721138443116,2652
C19d35e1ca804ad1ea5b,9.982348500078881,1098
C19d35e1ca811f47d2e8,15.77075001369626,1677
C19d35e1ca826126ff7b,22.962136610092017,2396
C19d35e1ca95364d2cf3,36.34041591029434,3734
C19d35e1caa14daba405,23.86612399363021,2487
C19d35e1caa445d40200,11.074774346521878,1207
C19d35e1caa6014e50dd,11.687527139895446,1269
C19d35e1caa8ec81d789,24.26654963988333,2527
C19d35e1caaf609ce580,37.015912711173605,3802
C19d35e1cac4acd77698,1.9790123601677672,298
C19d35e1cacb9dbd47ed,11.779512759508316,1278
C19d35e1caccdbe9cb00,9.008071288976451,1001
C19d35e1cacdf7a7dd79,19.033748392485823,2003
C19d35e1cace871ede1b,4.997551085978582,600
C19d35e1caf979ca1534,9.701139751208542,1070
C19d35e1cb00765d9d17,30.726088938904862,3173
C19d35e1cb01241f4aab,20.09625967199548,2110
C19d35e1cb13b67f8ada,31.142372620067178,3214
C19d35e1cb4cab39d6c4,9.85095254546506,1085
C19d35e1cb4d194b4b18,7.03921045946585,804
C19d35e1cb4f32d69338,12.499750419458085,1350
C19d35e1cb507e0d7571,4.004947276881907,500
C19d35e1cb517a729b58,19.643036409751844,2064
C19d35e1cb52c2ca2bda,31.042150680859788,3204
C19d35e1cb7f01d9a116,11.712465881002005,1271
C19d35e1cb87066be7c7,9.176974925697895,1018
C19d35e1cb893c1d0223,6.303939939599488,730
C19d35e1cb8c030d615f,28.39626115808915,2940
C19d35e1cbbf6070ab3f,25.066782103829276,2607
C19d35e1cbc0dd1a5bb8,9.332564611059462,1033
C19d35e1cbc1b014d1a9,8.718126567316512,972
C19d35e1cbc2d01bffe2,3.9616975697071024,496
C19d35e1cbc5bae5daf9,19.842599371005317,2084
C19d35e1cc9bd8fb37ad,16.876167444751907,1788
C19d35e1cdd80d04812d,38.60001273348514,3960
C19d35e1cddf60cdfc97,33.4465553979253,3445
C19d35e1d0218a620518,17.083424010126127,1808
C19d35e1d272353ca4f4,9.818432487921728,1082
C19d35e1d2736992f698,7.492529560561427,849
C19d35e1d27529949e6a,4.835557780975119,584
C19d35e1d2d077c42b91,28.466239037575388,2947
C19d35e1d2e9c7a6fb89,23.058555597582696,2406
C19d35e1d3060dc7ea25,23.593708850645044,2459
C19d35e1d30756919be6,32.20037600468272,3320
C19d35e1d309c07ef21f,23.23455991198126,2423
C19d35e1d336a9d12e64,13.943373047841911,1494
C19d35e1d33707e9d200,24.852196063084428,2585
C19d35e1d361afbefbde,8.187927619156502,919
C19d35e1d3623bb9bdc4,7.3707336697789465,837
C19d35e1d367bd4f861d,2.87471389200448,387
C19d35e1d368449f8526,11.039446413560034,1204
C19d35e1d378fe7ae54a,27.624717952017292,2862
C19d35e1d37b25a87d1a,9.544048382614923,1054
C19d35e1d3831df13ac9,35.91542151439726,3692
C19d35e1d387ad9e59c2,27.754438814592202,2875
C19d35e1d3b5ab64512b,23.11779372467334,2412
C19d35e1d3cb8dda42ad,35.681349004245334,3668
C19d35e1d3d2942ea985,26.224121834300814,2722
C19d35e1d3d6c2daf575,34.56400597041646,3556
C19d35e1d3e8fd03f47b,16.340218023240805,1734
C19d35e1d3fef1090df4,12.102844684470416,1310
C19d35e1d429b8e3388c,2.3880065347011152,339
C19d35e1d42a0d9021cf,6.637589840375894,764
C19d35e1d42bc73eb03b,10.812509660071843,1181
C19d35e1d42e95deb43d,11.780526274658504,1278
C19d35e1d42fcd0468f0,36.83544290340472,3784
C19d35e1d435473f9a6c,25.548223136414453,2655
C19d35e1d4479f2503f0,27.528158516911443,2853
C19d35e1d44bc75504cd,4.065248188812887,507
C19d35e1d463b731e8b3,27.06958266592349,2807
C19d35e1d48889c18a8c,5.001939667830923,600
C19d35e1d4bb9049eff6,5.252718816312904,625
C19d35e1d4e150df7272,14.782514514301097,1578
C19d35e1d544f47a63f8,11.503024495447544,1250
C19d35e1d5453ed0630e,11.001640601266802,1200
C19d35e1d546b4876672,8.000473920783303,900
C19d35e1d55f8cd84873,5.827540893230991,683
C19d35e1d5607d810161,9.928445334668046,1093
C19d35e1d561931ceb05,11.409620422179916,1241
C19d35e1d56bb73fb6ac,15.425139268694762,1643
C19d35e1d576478bcacd,15.526879310613719,1653
C19d35e1d5802d0ec7d0,11.00739482228988,1201
C19d35e1d5813c23312a,2.9998910110283146,400
C19d35e1d582253c4f4d,18.019656295992935,1902
C19d35e1d58338bbf151,8.982571140825113,998
C19d35e1d5846182a5fe,6.000280032748525,700
C19d35e1d58502efdabf,23.99790122821545,2500
C19d35e1d595ba7a36f5,1.543019392452606,254
C19d35e1d5969175f830,4.301644820576998,530
C19d35e1d597eac71d41,8.686767452393449,969
C19d35e1d5986979be11,11.784527361519038,1278
C19d35e1d59984c08cf4,18.8152255062826,1982
C19d35e1d5a4b55d7b71,8.567680938644406,957
C19d35e1d5ae30a67882,9.19328574368089,1019
C19d35e1d5aff9720465,28.211423922624622,2921
C19d35e1d5dfa677f136,16.297633882705657,1730
C19d35e1d5e255740e3f,32.211738888009485,3321
C19d35e1d5e44c1ce736,34.901761475602015,3590
C19d35e1d5e7cdd868d9,33.10077330840352,3410
C19d35e1d6042694dcea,12.31669720348148,1332
C19d35e1d61431901481,24.595883958261837,2560
C19d35e1d63ffe5a9e91,35.153435448449216,3615
C19d35e1d640ca109569,13.7619448885605,1476
C19d35e1d66779ec6b92,15.042745554201092,1604
C19d35e1d67992d9e696,9.581910504966576,1058
C19d35e1d67ff81bf9c6,6.170405329080022,717
C19d35e1d680d2b26e21,4.861431511562475,586
C19d35e1d681c9252caa,22.893164588637823,2389
C19d35e1d68218168b45,11.98262820088641,1298
C19d35e1d689189426e1,11.20112267805417,1220
C19d35e1d68cdab65794,7.258577999420678,826
C19d35e1d68dbe6bba96,3.690514617954799,469
C19d35e1d69bcb730398,11.790327723473268,1279
C19d35e1d6e83056445e,4.248312988429302,525
C19d35e1d6e9715e94c7,6.400637052252262,740
C19d35e1d6ea98c3a829,8.802375924097115,980
C19d35e1d6eb2666b542,19.990404779368358,2099
C19d35e1d6ecf6512824,28.758172370047916,2976
C19d35e1d6ef47d015e5,29.44102343878647,3044
C19d35e1d6f396df204a,34.809961344623964,3581
C19d35e1d6f8c8dbed69,36.86982245409048,3787
C19d35e1d6f99eea1d7b,37.59996243407045,3860
C19d35e1d70890805571,26.870812041107786,2787
C19d35e1d73eb7a3cf14,5.022373551626151,602
C19d35e1d740c75ca0d4,9.18788901123484,1019
C19d35e1d7429c08d27e,15.654965298787351,1665
C19d35e1d75dd62994f6,14.460150718072157,1546
C19d35e1d75fbd9f6c1b,31.776138541362197,3278
C19d35e1d7631ac92465,25.02775831859483,2603
C19d35e1d789fd37c383,11.719762997081219,1272
C19d35e1d7c4383bea01,16.864892103820708,1786
C19d35e1d7ccc370e4ef,9.702928636867732,1070
C19d35e1d7cdeb4ebe42,34.70114384515277,3570
C19d35e1d7ce5ba948d3,7.886925397851723,889
C19d35e1d7cfde98f1bc,3.966919647782346,497
C19d35e1d7d0dccab352,14.409023523437954,1541
C19d35e1d7e44930ed08,11.337564053197195,1234
C19d35e1d7e50856d312,23.47680280599807,2448
C19d35e1d7e66bba2827,11.433971688931127,1243
C19d35e1d7e75620638c,27.37928874869805,2838
C19d35e1d7fe33a21eff,8.781856186189792,978
C19d35e1d8040f3a2797,27.482484522320114,2848
C19d35e1d80bb4eeb579,34.79817225126533,3580
C19d35e1d80da2e99df9,11.998061550661161,1300
C19d35e1d80e4bbc19cd,29.58643214708699,3059
C19d35e1d80fbe002643,10.930836194927037,1193
C19d35e1d8102aa70084,6.9354136995072135,794
C19d35e1d81fb7241163,21.396370174711187,2240
C19d35e1d84a3ca0c344,36.51650172981655,3752
C19d35e1d84b8b8b9ad5,35.53840206736835,3654
C19d35e1d84ff45bbc93,6.8399417680769865,784
C19d35e1d851be75661d,10.83845797430794,1184
C19d35e1d853999e0129,12.017735785111144,1302
C19d35e1d86766cfe183,36.842625661629064,3784
C19d35e1d86b126b4a0e,31.124576250263775,3212
C19d35e1d86dc3cbe914,31.6165135053553,3262
C19d35e1d890f034cc2e,7.154470610409814,815
C19d35e1d8d14aa8e0fa,36.11275585675872,3711
C19d35e1d8d4151dc143,20.09501633242476,2110
C19d35e1d8db8a9bfe5a,20.328687279975586,2133
C19d35e1d8e2de67dab0,11.077825628920547,1208
C19d35e1d8e381b5e915,16.221288206556686,1722
C19d35e1d8e4023c466b,9.139714100750757,1014
C19d35e1d8e5c2c4864f,5.0660059252111775,607
C19d35e1d8ff6a13826d,17.0328094626049,1803
C19d35e1d901640f7075,7.315162426680093,832
C19d35e1d9049ea7d67e,32.08710312905374,3309
C19d35e1d910fbbc1b30,35.02004057119589,3602
C19d35e1d9370429f1ac,17.399735495116467,1840
C19d35e1d94e903029f6,12.319320548919222,1332
C19d35e1d9527671f65a,9.998515745161239,1100
C19d35e1d953d73cbae3,17.079933404643548,1808
C19d35e1d954b9524c78,9.000941880152299,1000
C19d35e1d955ea090de1,36.326022419514544,3733
C19d35e1d97a40cbdfd6,37.047492474039274,3805
C19d35e1d995ed67c075,5.9930398908683715,699
C19d35e1d9960567d5f9,8.981863661345317,998
C19d35e1d997a76d4237,11.009977862306004,1201
C19d35e1d9988999662f,16.03523735404865,1704
C19d35e1d9996503b87a,19.91530902411987,2092
C19d35e1d9a6774dc115,15.860515312938059,1686
C19d35e1d9b11bb139c7,3.9548243776955605,495
C19d35e1d9b2e5ce10ae,8.27193113725206,927
C19d35e1d9b371ccf06f,11.290430516374812,1229
C19d35e1d9b401dac778,12.183092984650203,1318
C19d35e1d9b7dd0dbc79,27.30466547696532,2830
C19d35e1d9c35c99f6d3,36.61893737970304,3762
C19d35e1d9c5d93f51d7,34.88266927202761,3588
C19d35e1d9ceac2dee32,6.317414335481443,732
C19d35e1d9d4e6a70549,32.724602946247856,3372
C19d35e1d9e172a07413,36.58785728099594,3759
C19d35e1d9e24cd7986c,34.31029490298866,3531
C19d35e1d9f76ce73836,33.401301355843785,3440
C19d35e1da003ccf0d29,31.02023473050192,3202
C19d35e1da1962bb6cc5,28.554452368184066,2955
C19d35e1da1b8bbcd3a0,36.27558079723307,3728
C19d35e1da1f44b987aa,9.618892260332784,1062
C19d35e1da202a9d413b,5.269098190707311,627
C19d35e1da218b6f92fa,3.5110125084274713,451
C19d35e1da23858c3ef3,19.886403253420024,2089
C19d35e1da2404d93347,11.017359552590618,1202
C19d35e1da25c2d2543f,5.9675034888418725,697
C19d35e1da2720335b25,39.012335191562066,4001
C19d35e1da4f1dc83c35,31.725606227517556,3273
C19d35e1da503244667e,17.148899133384834,1815
C19d35e1da52c65ecd2b,30.56854272360166,3157
C19d35e1da543c561c4a,28.431432803339252,2943
C19d35e1da6b247747ef,16.720002659164486,1772
C19d35e1da80e069de72,21.303535172409955,2230
C19d35e1daa7eb7b8f0d,14.628286109297704,1563
C19d35e1dabd18716be5,28.107626268095935,2911
C19d35e1dacc1d77de24,14.849279571283693,1585
C19d35e1dad7b7a0de19,13.44369928162626,1444
C19d35e1dad81f623e7f,9.94039690659062,1094
C19d35e1dad93bf73c77,16.37858022344856,1738
C19d35e1dadf52359e4b,7.408691923419465,841
C19d35e1dae08a3515e1,25.256642200208535,2626
C19d35e1dae25323299b,5.503087322032481,650
C19d35e1daeb478716f1,36.77819758006559,3778
C19d35e1db22b9198fb9,6.1453750052952705,715
C19d35e1db236e3ff7d1,10.73637347393513,1174
C19d35e1db2417fbebb9,11.538953522913411,1254
C19d35e1db2583b665c0,16.44029434750684,1744
C19d35e1db28b3dd56c2,30.921485972749743,3192
C19d35e1db6c9520f342,8.964937874198544,996
C19d35e1dbb279fd68d4,17.46016167472384,1846
C19d35e1dbe685f6429e,15.752607340220308,1675
C19d35e1dbe71452be6e,33.660341932330354,3466
C19d35e1dbe9691e9068,17.171943615957233,1817
C19d35e1dbed3ef55a69,14.130824689770096,1513
C19d35e1dbefbfbd8566,10.915683666291265,1192
C19d35e1dbf0ca25f0da,8.34989432459795,935
C19d35e1dbf158d4a120,5.680709876113928,668
C19d35e1dbf2397f65b5,1.295291934810137,230
C19d35e1dbf7c5b7509c,13.268844079108584,1427
C19d35e1dbf9aeaa147b,33.07441204213058,3407
C19d35e1dbfd0a87b45a,16.542536180681562,1754
C19d35e1dc071fe719f4,11.098491484664706,1210
C19d35e1dc0836293618,6.90088416418713,790
C19d35e1dc09b9f471bf,30.09828784827224,3110
C19d35e1dc0a98defc43,1.994281741470192,299
C19d35e1dc294068d84c,11.297189918401232,1230
C19d35e1dc482d4c1211,34.608417751976624,3561
C19d35e1dc4f01bdf8f4,14.960221698128858,1596
C19d35e1dc66489461f4,12.069467406241627,1307
C19d35e1dc6fefa96d4c,10.814543949399397,1181
C19d35e1dc701412b700,1,200
C19d35e1dc74d8dca967,8.693889978383114,969
C19d35e1dc76ac284f98,2.9731333745876656,397
C19d35e1dc79cd34d4f4,33.517514502425435,3452
C19d35e1dc9059462247,17.442532635229764,1844
C19d35e1dc92bc0f670b,11.790615387436235,1279
C19d35e1dcb4141b41d9,15.365134421594103,1637
C19d35e1dcbaf81725af,8.402673517410557,940
C19d35e1dcbe91eddf58,14.55291659721529,1555
C19d35e1dcc4e8545631,30.039431807372097,3104
C19d35e1dcc5f43c2238,20.457261422244983,2146
C19d35e1dcc8fdf2b4f1,11.207572911765824,1221
C19d35e1dcc9e11cd620,5.922758405562502,692
C19d35e1dcccc19d5106,16.02083798925464,1702
C19d35e1dcd1c5eb4702,4.988755635579526,599
C19d35e1dcd25394b3f6,7.042775005019373,804
C19d35e1dcd3f72974c5,10.235840331984972,1124
C19d35e1dcd4e26c33d6,17.55363676461137,1855
C19d35e1dcd641bd079d,34.00913894653704,3501
C19d35e1dcd7ea0f8bff,6.0334802671781365,703
C19d35e1dcd81be08623,8.048433221539154,905
C19d35e1dcd9ac72af17,11.069306793285982,1207
C19d35e1dcdaeb6fd908,12.474608135442129,1347
C19d35e1dd3712dfc23f,20.084262633359234,2108
C19d35e1dd55ae86d618,23.446218853473102,2445
C19d35e1dd56cca6d80e,36.573059442522236,3757
C19d35e1dd57a2ede9f6,21.390139272523015,2239
C19d35e1dd58c9d68eb1,30.059328745740583,3106
C19d35e1dd59095a835a,34.564778552385214,3556
C19d35e1dd606e6909f0,26.000195234713075,2700
C19d35e1dd6619983046,35.779742327129355,3678
C19d35e1dd682b28a483,10.988613181777968,1199
C19d35e1dd6f7afe1265,3.6889149642434136,469
C19d35e1dd73424bbb68,4.574587207928063,557
C19d35e1dd75399834f7,31.71076613453204,3271
C19d35e1dd77d02a0a71,19.07274064976286,2007
C19d35e1dd80ccd36411,35.564359067422295,3656
C19d35e1dd82e0c48809,18.004508592681347,1900
C19d35e1ddbd90e914ce,34.748226595792204,3575
C19d35e1ddd6f3147c02,21.628472864166977,2263
C19d35e1dddf200ca56e,8.48779546221076,949
C19d35e1dde29321e910,10.603264212023516,1160
C19d35e1ddefd6fa3173,7.077876434210422,808
C19d35e1ddf494026db8,15.887782895317919,1689
C19d35e1de1efc57d1f8,19.558701067619456,2056
C19d35e1de202a823768,22.014922316493156,2301
C19d35e1de2ee4e882c4,20.37608459752591,2138
C19d35e1de38b5842b37,15.794242151421287,1679
C19d35e1de4c7b889533,31.721128447003466,3272
C19d35e1de54be699846,36.272606907685436,3727
C19d35e1de696954e278,17.052408443536546,1805
C19d35e1de6c31b80700,1.2574470460906007,226
C19d35e1de6fb17f2331,9.77674450826321,1078
C19d35e1de80970cfbc5,27.425494353102472,2843
C19d35e1de893b8a97b2,12.268285800453203,1327
C19d35e1deb4a55ca113,32.41132206288727,3341
C19d35e1dec3461afdc8,38.59083863367675,3959
C19d35e1dec708535583,28.759161460074704,2976
C19d35e1ded4d625e542,9.884121580312756,1088
C19d35e1ded5e46575ff,6.965188494905742,797
C19d35e1ded6bee18273,3.9934212263390796,499
C19d35e1df18ffa4235a,34.073490314054915,3507
C19d35e1df1c6a6103ac,11.18261276084778,1218
C19d35e1df239e71a55d,27.578894799882697,2858
C19d35e1df24692a2643,32.032182184843336,3303
C19d35e1df2de3b25c94,20.2183787578443,2122
C19d35e1df2e3ebf808a,11.842745474952011,1284
C19d35e1df2f8e84e71e,28.23147348980551,2923
C19d35e1df305bdb3d3e,6.900570037452355,790
C19d35e1df3302dc2e08,33.217990846911505,3422
C19d35e1df343d31696e,37.04950154721919,3805
C19d35e1df35fbe53729,12.973486675174822,1397
C19d35e1df47d2bad314,13.639875842579205,1464
C19d35e1df4c46200eab,16.889505820138417,1789
C19d35e1df4d01301115,30.079857814241592,3108
C19d35e1df7c65edf1fe,4.8947880086923945,589
C19d35e1df7d35fbe4a1,9.155742022233833,1016
C19d35e1df7e1288895b,15.707665774185427,1671
C19d35e1df7f6b17883a,23.057154753748467,2406
C19d35e1dfa1f2e20f6e,15.476364596980009,1648
C19d35e1dfa62cb08de8,7.2527280492630775,825
C19d35e1dfab49ab136b,12.080065072150685,1308
C19d35e1dfac5a7bdeeb,11.045921132699151,1205
C19d35e1dfae4117484d,10.074550301386147,1107
C19d35e1dfaf6432ac2a,30.106727760422025,3111
C19d35e1dfbff3c6dc5c,21.59177973888937,2259
C19d35e1dfc4b362eb34,11.005778934694407,1201
C19d35e1dfc51abd63e2,12.497916050403333,1350
C19d35e1dfc781c23a5c,8.999568498999345,1000
C19d35e1dfc8c03db0b1,3.997244130076925,500
C19d35e1dfe16870ade0,36.011021556242525,3701
C19d35e1e0146d29de08,6.45388337839051,745
C19d35e1e02b82ecb3b3,13.692546714941933,1469
C19d35e1e02cd9d8e50e,27.08408040228845,2808
C19d35e1e02e89f72e94,31.02941616407828,3203
C19d35e1e02ff9fee797,36.346154934403806,3735
C19d35e1e044b6febcc6,4.954320199959198,595
C19d35e1e046e12b244e,10.192529091662013,1119
C19d35e1e048285206db,25.107368034575952,2611
C19d35e1e0499f947565,35.13370233809536,3613
C19d35e1e04ec4822f8f,30.48030096644585,3148
C19d35e1e06002e13526,1,200
C19d35e1e061ed4d5290,5.9113782919391875,691
C19d35e1e062ccbad818,8.785691702086355,979
C19d35e1e063b0707a54,17.045553654332522,1805
C19d35e1e06a4f574cc1,11.68989859776491,1269
C19d35e1e071b17f5d2d,21.678310049275773,2268
C19d35e1e07a99af2f27,32.06653413763384,3307
C19d35e1e0aa7f8ef84e,17.45904441791055,1846
C19d35e1e0b5d4711f15,38.74652656563689,3975
C19d35e1e0bd70200991,11.183106905996034,1218
C19d35e1e0bec016ea37,33.80499180241591,3480
C19d35e1e108358dbfe7,9.38611898027595,1039
C19d35e1e11ccea7238f,14.955291062927246,1596
C19d35e1e13bbc61b037,34.145360322832076,3515
C19d35e1e144f76ac860,3.8473626146256463,485
C19d35e1e153c198df12,34.753417743209916,3575
C19d35e1e15d857b2179,12.881584627471906,1388
C19d35e1e16732250eed,11.697428517622612,1270
C19d35e1e173cdd7cd10,26.58284744749918,2758
C19d35e1e18fcfb00fbc,5.330111432996807,633
C19d35e1e192ada8449f,9.467454549502756,1047
C19d35e1e1960966b6c5,13.10111513870607,1410
C19d35e1e19d9d1660f9,22.61660927188575,2362
C19d35e1e1a27be78ea7,33.06610838143401,3407
C19d35e1e1d70fa67aec,14.212335228047662,1521
C19d35e1e1e0b87c9b05,24.07953367059045,2508
C19d35e1e1e1388bed81,4.000171661541395,500
C19d35e1e1e2382e023e,11.795714259995933,1280
C19d35e1e1e32fac86d7,16.058208410049804,1706
C19d35e1e1e4e2635b12,10.006354565669682,1101
C19d35e1e1e5c100d41b,7.001142883444646,800
C19d35e1e1ea5d436f01,21.29113762426588,2229
C19d35e1e242c31e83dd,11.242281080454871,1224
C19d35e1e247977da63b,3.3702180261462336,437
C19d35e1e24bbd8fcd33,9.167493719307092,1017
C19d35e1e2521ff5bb75,14.143706122334448,1514
C19d35e1e2572cee3cad,6.205425689045271,721
C19d35e1e262094ffcca,34.628071300826065,3563
C19d35e1e26a3e4a36ad,15.45704117952336,1646
C19d35e1e26b0e2d31ef,20.061745678192878,2106
C19d35e1e26f2e229621,36.776862274550425,3778
C19d35e1e29b4dbe067f,5.969632872001752,697
C19d35e1e29c3267a480,10.246386525778679,1125
C19d35e1e29db9b7380c,20.994919783400633,2199
C19d35e1e2dd7f68804f,24.859909789335337,2586
C19d35e1e2dfe49b1842,32.88540659642823,3389
C19d35e1e2e00d8540ff,35.13558577696513,3614
C19d35e1e2e7a979d583,9.580439050359194,1058
C19d35e1e2e825a11729,12.899839893357269,1390
C19d35e1e2ecebe286b6,2.941463124628574,394
C19d35e1e2f053d1b1d9,7.993222392147306,899
C19d35e1e2f2751baefc,37.0402132322475,3804
C19d35e1e32c42c82b2f,16.215266287794897,1722
C19d35e1e32e82e05681,22.52443131101124,2352
C19d35e1e330ee865383,28.47827507509286,2948
C19d35e1e33ab6df96c5,2.8492440904242295,385
C19d35e1e33bd907b495,5.96300444128543,696
C19d35e1e33d81055dec,8.186292202997247,919
C19d35e1e33e3a642c92,11.47947749663301,1248
C19d35e1e36bb1197533,20.027175837286535,2103
C19d35e1e385c388a6ce,10.071281367861408,1107
C19d35e1e386e8270575,1,200
C19d35e1e3875e15cf3d,5.977230709855496,698
C19d35e1e388dd5a0fa2,1.6765097577968473,268
C19d35e1e3b4c321d4ed,11.983404456930412,1298
C19d35e1e3e7d4edcfee,13.647857432670577,1465
C19d35e1e40b7650bead,21.543201406044666,2254
C19d35e1e40e95313d3c,38.623662998020656,3962
C19d35e1e41052301152,30.632175001999716,3163
C19d35e1e411a5a38d72,33.51919741041822,3452
C19d35e1e41f54a772da,13.998326076161348,1500
C19d35e1e4226b2e4d93,37.622230922196,3862
C19d35e1e4264409fbbe,7.535869814047464,854
C19d35e1e42885c1cca0,3.198208408330549,420
C19d35e1e439145a714c,38.05952699739214,3906
C19d35e1e43ce0291c3a,18.693894507855298,1969
C19d35e1e4679b0849d3,27.613538771097986,2861
C19d35e1e47af62e7465,35.5225218339487,3652
C19d35e1e48a11cef8dd,35.725470432029795,3673
C19d35e1e496ffd46f39,8.294460247808665,929
C19d35e1e49d9015c180,20.010049087765108,2101
C19d35e1e49e24fd2537,11.710163847123203,1271
C19d35e1e4a59839fef6,7.879197648440963,888
C19d35e1e4a69d6b0077,26.051817278391784,2705
C19d35e1e4a731e41930,34.81142918216744,3581
C19d35e1e4a85a330d02,7.053207587919275,805
C19d35e1e4aa8e3ff07c,37.017222501562244,3802
C19d35e1e4ac24efee4b,18.112784744802045,1911
C19d35e1e4adca0cb5ee,22.720667584852347,2372
C19d35e1e4ce2ce07fa3,34.24504436316248,3525
C19d35e1e4f92e5f615a,15.524021831484927,1652
C19d35e1e51c44a45db2,10.643776155704979,1164
C19d35e1e51d4fabbf39,7.47918830195398,848
C19d35e1e5235858c278,4.902870309554785,590
C19d35e1e54d93c3e664,36.284477540373594,3728
C19d35e1e55b599c5099,1,200
C19d35e1e55c2a56301f,5.963350911603654,696
C19d35e1e55d125937e1,8.784946161867365,978
C19d35e1e55ee1e4d3f2,11.458470830508755,1246
C19d35e1e560f5ce2650,28.174278038205458,2917
C19d35e1e56299eb8b9f,20.002487537528037,2100
C19d35e1e57d22e7959d,35.76878813092987,3677
C19d35e1e583b59abeac,25.14978165930403,2615
C19d35e1e58ba9954080,17.14729137055629,1815
C19d35e1e5a671686d66,31.647495322124644,3265
C19d35e1e5f8377ef7ef,7.021097449299394,802
C19d35e1e5fd15a6f6e7,11.094520594320064,1209
C19d35e1e605f77931ec,10.412807908996967,1141
C19d35e1e611e711947f,13.107512901921977,1411
C19d35e1e61e72987727,32.937803261585024,3394
C19d35e1e61f6da1d9d7,35.459405191760446,3646
C19d35e1e631de20179d,34.97844950465557,3598
C19d35e1e634e5434393,7.994976860022189,899
C19d35e1e635566f00ac,13.002220669169217,1400
C19d35e1e6651e851e2f,36.325704698105916,3733
C19d35e1e668108afedc,14.894067278095878,1589
C19d35e1e673ada8651f,35.96444307893699,3696
C19d35e1e67c54be8cc8,35.52025913200171,3652
C19d35e1e683ab075c63,36.60284119105951,3760
C19d35e1e68e622a9f79,30.04109753895554,3104
C19d35e1e69502c0799c,10.982002045162488,1198
C19d35e1e6d32f050836,34.154782913873404,3515
C19d35e1e6e5cb522f85,20.766816453897604,2177
C19d35e1e6e9dfcd7755,28.807763295013558,2981
C19d35e1e7063ca194aa,25.047525688695554,2605
C19d35e1e7071ab3e9aa,11.024384329489315,1202
C19d35e1e708cd90d1fd,3.999949747155618,500
C19d35e1e70ace02edbb,8.998020883513439,1000
C19d35e1e70bdcb580a0,6.993775355764873,799
C19d35e1e70cba19995c,13.928701262010197,1493
C19d35e1e710419ad516,36.00819641266779,3701
C19d35e1e7341da91949,27.86732045807733,2887
C19d35e1e743ce3ccb5b,12.361038318074538,1336
C19d35e1e7589e46f1a1,19.327996291170436,2033
C19d35e1e7677d001a68,21.923837379560975,2292
C19d35e1e76b8c0b5d16,19.72255813880873,2072
C19d35e1e77e1e460e1c,9.843564490912705,1084
C19d35e1e79c18f457b2,23.18277774590211,2418
C19d35e1e7aa2c376e9b,9.704205000197419,1070
C19d35e1e7af0626bc3e,7.869013656319954,887
C19d35e1e7b1a4146962,15.423054193447927,1642
C19d35e1e7b7e7fff2fa,4.109121695617634,511
C19d35e1e7b90004d19b,33.12845052329427,3413
C19d35e1e7be3702b9d3,32.61902734028727,3362
C19d35e1e7c0780bb927,11.186679624762826,1219
C19d35e1e7c2126ddbc5,7.0489985835489,805
C19d35e1e7c4e66f2973,29.024530544255718,3002
C19d35e1e7c5590b9987,17.016807709985155,1802
C19d35e1e7d0bcc9e8dc,18.35954117970756,1936
C19d35e1e7deaa8d492e,12.77130004044101,1377
C19d35e1e7e001f95158,27.23139315694249,2823
C19d35e1e7e16e71e9f6,10.89292427385348,1189
C19d35e1e7e2e0387de7,5.898070484860915,690
C19d35e1e7f4c92b7dff,10.762210552711183,1176
C19d35e1e7f5d5ab61d0,25.382905780097307,2638
C19d35e1e8000128f7b4,11.490568693904347,1249
C19d35e1e801b9727104,10.096787773780699,1110
C19d35e1e8039dbabe56,18.998655083873192,2000
C19d35e1e8049f308d81,21.008945588685084,2201
C19d35e1e80562088694,5.974511273001898,697
C19d35e1e817a22858c8,4.997787833035852,600
C19d35e1e818eea6dcec,6.9917869534901085,799
C19d35e1e819fbc20732,7.997678948791374,900
C19d35e1e81b7542d987,10.999647154241911,1200
C19d35e1e81c3d28427f,11.99287216959119,1299
C19d35e1e81d203dddd7,22.007891659683136,2301
C19d35e1e81fcdda73ff,37.022338219874726,3802
C19d35e1e83edfd82ab0,34.00841068788157,3501
C19d35e1e83f9e6ad667,36.134611852858406,3713
C19d35e1e8414ac3d0b2,25.218877316699047,2622
C19d35e1e849100ccaa5,12.174219680560523,1317
C19d35e1e85dc85f47f0,35.50450348408021,3650
C19d35e1e87557df630e,23.392172001159057,2439
C19d35e1e881e708689d,11.5142935516892,1251
C19d35e1e8851a5c1796,27.48461124689685,2848
C19d35e1e8887524e7ce,15.172069805069384,1617
C19d35e1e8897fcf8402,9.040322994145145,1004
C19d35e1e88e1be9d55b,1,200
C19d35e1e898c24713ca,32.595446856430016,3360
C19d35e1e8ac8619f521,9.273080549774741,1027
C19d35e1e92b78e30e11,14.63074471734532,1563
C19d35e1e9375498d98c,36.278049962623854,3728
C19d35e1e93bc215bb7a,36.51165299159473,3751
C19d35e1e949a4be52ec,13.794489385757407,1479
C19d35e1e964d4301f44,19.18215576080673,2018
C19d35e1e9659e52b011,34.11401128232551,3511
C19d35e1e970a1b3b927,18.14284827956992,1914
C19d35e1e971a4cc4050,9.995129311521195,1100
C19d35e1e972efa85878,6.998726352312047,800
C19d35e1e99021dca953,11.697653612433237,1270
C19d35e1e991ff22cbea,10.893250292001529,1189
C19d35e1e993eeb9a4c3,8.046370350942793,905
C19d35e1e995d3cb7949,3.8902046756525954,489
C19d35e1e99ba754bfe2,14.31918068762522,1532
C19d35e1e9a1b8778b87,17.985807320745973,1899
C19d35e1e9a20620e100,12.749569691287851,1375
C19d35e1e9a3acece49f,16.114758474908786,1711
C19d35e1e9a935cd5d76,7.1653364678798,817
C19d35e1e9aa39921401,4.775374583964868,578
C19d35e1e9bfd51da801,22.85232227117638,2385
C19d35e1e9e5ef8445b7,11.398655055863227,1240
C19d35e1e9f214feb905,14.39602124677911,1540
C19d35e1e9f4fae6c6bc,35.551969802998315,3655
C19d35e1e9f86698ca3a,15.582893637871956,1658
C19d35e1ea006247d9bb,12.650930094859238,1365
C19d35e1ea019f63e437,3.0005098831582253,400
C19d35e1ea0211ee7257,33.13173214291669,3413
C19d35e1ea03ae608f16,7.967881069107698,897
C19d35e1ea04253d418b,23.108836742311496,2411
C19d35e1ea0534b1554e,3.991327150312284,499
C19d35e1ea162fea96e1,12.745426067061215,1375
C19d35e1ea18fc1d6a3e,9.938712461269603,1094
C19d35e1ea19e77c594b,6.001835659760015,700
C19d35e1ea1a979a099f,28.02434613135045,2902
C19d35e1ea1b7367ccaa,37.056606276441826,3806
C19d35e1ea1ce99fd375,34.061403125806756,3506
C19d35e1ea29e0315a9a,35.73568502743676,3674
C19d35e1ea2ad7d04986,12.592795335730417,1359
C19d35e1ea2bcaa0ff83,5.081202288205052,608
C19d35e1ea2c39e231c5,26.01428075563134,2701
C19d35e1ea3694fb8178,36.146946953438615,3715
C19d35e1ea39824eb2a2,22.568027654541773,2357
C19d35e1ea52f8bb5ad9,17.13359599505028,1813
C19d35e1ea5c697c1f8a,6.000372737759535,700
C19d35e1ea5de89575a9,10.006781305931513,1101
C19d35e1ea5eb0b3535e,11.799388601790293,1280
C19d35e1ea5fcf781b25,27.000899613402524,2800
C19d35e1ea6e2aae6fb7,11.012185350787304,1201
C19d35e1ea6fc8257290,17.247180608094396,1825
C19d35e1ea712228a3d6,6.97443600222572,797
C19d35e1ea74fa2e2644,3.972339158612878,497
C19d35e1ea80a95a7b41,13.656188045317391,1466
C19d35e1ea8171a2149b,34.20151211617215,3520
C19d35e1ea828924a306,1,200
C19d35e1ea8556e04fcc,8.016455102311914,902
C19d35e1ea86bdad9f1d,25.555272890532514,2656
C19d35e1ea871ac0cf9a,3.0000563588547333,400
C19d35e1ea885e046654,36.083616062970506,3708
C19d35e1ea8c5c205754,11.013923218149529,1201
C19d35e1ea8f401b7504,8.02013962434996,902
C19d35e1ea92f8bed74a,7.002453753354601,800
C19d35e1ea9d6fc5cd16,31.085985244563528,3209
C19d35e1ead9be7abaca,7.02389077010662,802
C19d35e1eadab2a26dfd,33.51378168135558,3451
C19d35e1eadb7ec28985,9.131581582469405,1013
C19d35e1eadcc6a32651,11.820033767724583,1282
C19d35e1eadd6fb7617f,30.323923850118163,3132
C19d35e1eaea96ba030f,36.293324839208736,3729
C19d35e1eaebeefbf1fd,32.134534965658055,3313
C19d35e1eaeefa8014ff,16.78707973396224,1779
C19d35e1eaf9f8d7465c,23.670829977749893,2467
C19d35e1eb0238a01ac2,36.61130565819876,3761
C19d35e1eb1194935aaf,36.016792907209,3702
C19d35e1eb1b8eca446b,18.822021128853535,1982
C19d35e1eb39556ce5ca,35.50735152106356,3651
C19d35e1eb4166ed6067,14.316392809547805,1532
C19d35e1eb56fea1329e,11.517589401968774,1252
C19d35e1eb574c05ef1a,25.815839652258074,2682
C19d35e1eb5d74bd9c65,32.99991778013589,3400
C19d35e1eb60ef847069,9.975944523294906,1098
C19d35e1eb628447672f,14.153475113635775,1515
C19d35e1eb65671eb4fe,5.82793128338447,683
C19d35e1eb745dda4ea8,28.039743507099615,2904
C19d35e1eb7dc972d304,25.11766128935626,2612
C19d35e1eb8f75a95877,35.30444282316591,3630
C19d35e1eb915df76c1b,32.26881120464591,3327
C19d35e1eb922d01a6fc,36.54669446083808,3755
C19d35e1ebaee895d8c5,34.010622451628684,3501
C19d35e1ebb0339e5df8,19.09986886199929,2010
C19d35e1ebb1eebba936,31.011461058715387,3201
C19d35e1ebb3b6f09b25,9.801322486188221,1080
C19d35e1ebb4f8807391,36.11148394316344,3711
C19d35e1ebb5c1191751,29.4523941756928,3045
C19d35e1ebb6e1057083,7.2123847161578265,821
C19d35e1ebc9156079f8,21.1474584927755,2215
C19d35e1ebca23cad027,19.721367701999398,2072
C19d35e1ebdebe7211bd,14.129566509525072,1513
C19d35e1ebf0bcae4e4e,27.253611115023464,2825
C19d35e1ec156ed0641e,11.428846288989755,1243
C19d35e1ec16fe551ab0,21.422027070265727,2242
C19d35e1ec3152efd500,18.86862905111012,1987
C19d35e1ec3983e93951,34.12109536215932,3512
C19d35e1ec403f0d2f56,25.004923397829355,2600
C19d35e1ec45d5b9b4a0,33.19429697465118,3419
C19d35e1ec4f96df5973,36.54478294911057,3754
C19d35e1ec846dd45dca,27.815696135551764,2882
C19d35e1ec8b7ac04136,27.458484867227188,2846
C19d35e1ec93ec53d32a,34.36992457780322,3537
C19d35e1eca897a5cb58,10.99186983179007,1199
C19d35e1ecac26c2d470,1,200
C19d35e1ecb80df0187b,36.312139478196556,3731
C19d35e1ecb903185181,5.514850655065568,651
C19d35e1ecbc9827e577,14.72153395971322,1572
C19d35e1ecc234156e4c,32.02791370139063,3303
C19d35e1ecca3202a185,23.61100721405472,2461
C19d35e1ece3c05344fd,9.03041212520954,1003
C19d35e1ece524b2e0ed,9.69521542336594,1070
C19d35e1ece77b5a9f03,16.50833032200031,1751
C19d35e1eceba0b540b9,21.040018842205956,2204
C19d35e1ecec32ab2808,31.002594033625495,3200
C19d35e1ecfad144c9c9,35.00332953039498,3600
C19d35e1ed00ffe21756,32.62108064716688,3362
C19d35e1ed04547e70b3,24.08801241428725,2509
C19d35e1ed5bf54101ad,15.009519189281585,1601
C19d35e1ed5fd6970bbe,9.882002519580718,1088
C19d35e1ed67c2c42e80,19.026337710397744,2003
C19d35e1ed6a2925e19c,29.022614016905177,3002
C19d35e1ed6cfee4f886,31.423142223684497,3242
C19d35e1edada110d023,37.51645714411468,3852
C19d35e1edd67c9dab9c,34.181756638808054,3518
C19d35e1eddcc2d632e5,16.476854500994587,1748
C19d35e1eddf4c744ed8,31.411285717274254,3241
C19d35e1edeafd4adec0,8.36224270979029,936
C19d35e1ee2b5f8502be,24.03412354980732,2503
C19d35e1ee391d79f83e,12.049759565433428,1305
C19d35e1ee3cf865e1c3,27.105175074844844,2811
C19d35e1ee535c3a5fb8,17.45538659600842,1846
C19d35e1ee5afc2e23e6,33.99262628337252,3499
C19d35e1ee5b63423749,1,200
C19d35e1ee5c2653362c,3.7974028122872068,480
C19d35e1ee7464a98038,6.396356907447022,740
C19d35e1eea1008e49cf,9.816390324522056,1082
C19d35e1eea241ebbd76,9.124806746443083,1012
C19d35e1eea3ae882863,5.585719540113557,659
C19d35e1eea68613e814,12.967165841467995,1397
C19d35e1eea7d3d7f7c8,1.9014160024410538,290
C19d35e1eea814ae28fa,33.65620175371651,3466
C19d35e1eeaa12782706,9.932911400913204,1093
C19d35e1eeac919a7448,28.27133570942774,2927
C19d35e1eeadf1db8a1d,4.909226706061702,591
C19d35e1eeafbcf2c821,20.002388616009444,2100
C19d35e1eeb0bfb1fb02,20.999158625582613,2200
C19d35e1eef44671ed1d,7.899298346570934,890
C19d35e1eef7ea920a4e,21.789968442072322,2279
C19d35e1eef871e2ee96,35.866828333873386,3687
C19d35e1eef96aed930f,24.683312444774323,2568
C19d35e1ef123ae54c66,18.96268065730538,1996
C19d35e1ef20a38a73e6,11.046591531016068,1205
C19d35e1ef23a07ea5ee,5.36869372492335,637
C19d35e1ef2cec35ad06,26.187888134432345,2719
C19d35e1ef3f8d4921c1,13.003587349973603,1400
C19d35e1ef45d8435b6e,34.764813025035316,3576
C19d35e1ef7bd49cc946,34.00827646155953,3501
C19d35e1ef92e2664091,2.999830056231918,400
C19d35e1ef9370cb6c0f,6.000013005791717,700
C19d35e1ef94a8e79c7c,5.000019323794861,600
C19d35e1efab999ee1b0,12.847017497869313,1385
C19d35e1efced53f0345,29.752503324148595,3075
C19d35e1efe196bd5041,6.997979444679608,800
C19d35e1efe402a4adcb,11.701928433233912,1270
C19d35e1eff189e774f7,32.35632550431406,3336
C19d35e1f01f2f052333,15.010854486021902,1601
C19d35e1f02418085845,12.515961877645758,1352
C19d35e1f037c47095a8,23.05737301578668,2406
C19d35e1f038a892765a,31.674304944628886,3267
C19d35e1f09c3ff952cd,33.02810922469866,3403
C19d35e1f0a732a7ef4b,8.425514843087118,943
C19d35e1f0b18efa5bbc,36.41350636768617,3741
C19d35e1f0ba33522387,18.383466339848678,1938
C19d35e1f0d53019c5e5,13.913275578231815,1491
C19d35e1f0e79b1f6023,31.955141984192874,3296
C19d35e1f111904f205c,33.824220700714854,3482
C19d35e1f11754ef50ec,13.640091257680576,1464
C19d35e1f11fd597f667,35.61853548232392,3662
C19d35e1f1273c879077,17.20831039617885,1821
C19d35e1f1320f11c965,27.751973574850517,2875
C19d35e1f1395bcbfc73,22.208100956410966,2321
C19d35e1f14397e73a09,12.158374185996319,1316
C19d35e1f153df80bfa4,1.3320963453606018,233
C19d35e1f158e122eaa4,3.240273470573279,424
C19d35e1f15963262c6f,6.736951006506307,774
C19d35e1f15a090ba84a,11.301548963665944,1230
C19d35e1f15c32c74558,19.048900546073696,2005
C19d35e1f175df6d4b86,11.531946753727047,1253
C19d35e1f177b61ae80d,1.9147745074890412,291
C19d35e1f17ce1e6cb8e,8.156774504789377,916
C19d35e1f17da786c586,6.027778062158375,703
C19d35e1f182f6bf0470,36.034789142139935,3703
C19d35e1f1839ffc2909,31.778524122069765,3278
C19d35e1f1970c0b9d47,23.42896460832619,2443
C19d35e1f1985b8e697a,33.32184793273917,3432
C19d35e1f1a6ec805aa0,27.044245631397594,2804
C19d35e1f1ba45da26c3,15.229979731935607,1623
C19d35e1f1c2f51aa3e2,33.123323571044736,3412
C19d35e1f1cddf4c984b,10.913817112132548,1191
C19d35e1f1ce69a372cc,4.857785835563707,586
C19d35e1f1cfe5d275e3,6.038361556274931,704
C19d35e1f1d4f780fa86,23.63161141988445,2463
C19d35e1f1d603b0e2d8,11.783486258509226,1278
C19d35e1f1d79e00df76,7.986506967791408,899
C19d35e1f1d92ed23e02,33.85345813262543,3485
C19d35e1f1ddd64749dc,29.43654747244514,3044
C19d35e1f1e10e5ee3c0,13.451967569993636,1445
C19d35e1f1e4d18c41e2,21.274267605840894,2227
C19d35e1f1e9315b70f5,18.90954988987711,1991
C19d35e1f1f80d0efbcc,24.71244502213086,2571
C19d35e1f21a744967e7,27.753803894633215,2875
C19d35e1f2521d8dfbf4,21.01310032373798,2201
C19d35e1f2541767f108,10.839741646708898,1184
C19d35e1f256a3f7a5b8,28.690995984577455,2969
C19d35e1f25bdf7de44f,18.004721974384744,1900
C19d35e1f25c1733bcfc,29.01500232312189,3002
C19d35e1f25d3d641e86,6.665778810853762,767
C19d35e1f25fd47ce2a1,4.631274048734603,563
C19d35e1f2605bc2c8af,16.88796267101318,1789
C19d35e1f265993b755f,19.000874028318037,2000
C19d35e1f2661f2ee829,13.999187056163803,1500
C19d35e1f267d7e22cc4,34.52288912635599,3552
C19d35e1f270efb2892d,21.485839243323916,2249
C19d35e1f2962f71b8fe,3.513620233536078,451
C19d35e1f29af98f9e90,13.141864274653347,1414
C19d35e1f29b73d7c5a2,15.851910261673181,1685
C19d35e1f29e9e9b159c,31.997333819099424,3300
C19d35e1f29f2ade4272,20.178946461307625,2118
C19d35e1f2df50d73dd3,12.243394440097914,1324
C19d35e1f2f503053484,5.1313095625830005,613
C19d35e1f2f6929daea7,7.179243480568302,818
C19d35e1f2f793bd6793,11.08089790055161,1208
C19d35e1f2f83049448e,18.064818116874523,1906
C19d35e1f3058781b4c6,31.035516638302852,3204
C19d35e1f33519a049c6,12.94779812849967,1395
C19d35e1f33cf3b8c753,14.714252332048593,1571
C19d35e1f34290e96cec,10.936982209640176,1194
C19d35e1f369a8c6fc1e,35.024682565971894,3602
C19d35e1f36d0e0b5bcb,33.08373526873641,3408
C19d35e1f37136463cb6,15.148459771389811,1615
C19d35e1f382cecc1270,3.9880919747348185,499
C19d35e1f3a2f44c84d2,5.6732237082496235,667
C19d35e1f3a8aef63d1f,27.670595847012915,2867
C19d35e1f3ae6013fad6,27.082679087071003,2808
C19d35e1f3eb6001550f,28.022578032566834,2902
C19d35e1f40cb2e3cba5,12.62824618895214,1363
C19d35e1f40d0c01c38f,9.002151937853327,1000
C19d35e1f40e91a568ac,29.02905335637663,3003
C19d35e1f40f14c741c3,2.9923098300154938,399
C19d35e1f41131dd6d67,16.647903914416887,1765
C19d35e1f42de7cdfd32,9.270920305678098,1027
C19d35e1f4412a4976be,13.743457192270245,1474
C19d35e1f45416ca066a,30.46025882844557,3146
C19d35e1f456fb3baa2d,31.100205259784698,3210
C19d35e1f45c15e74b88,35.17817255349904,3618
C19d35e1f460a422cc63,23.081876959085633,2408
C19d35e1f467cd0c24f2,11.029965872572275,1203
C19d35e1f4685dd2c26b,15.597024818619738,1660
C19d35e1f469c6b343e1,7.806870805295829,881
C19d35e1f46ae9bd33dd,3.9887636252838496,499
C19d35e1f46ca0e7b5dc,14.044621666037328,1504
C19d35e1f477689cc037,3.651836381432117,465
C19d35e1f478f28ab6c6,4.943409152831949,594
C19d35e1f47b0b4dd47b,8.832588206146761,983
C19d35e1f48ed17acd20,11.259776548282026,1226
C19d35e1f4996a3432f4,26.847849870696344,2785
C19d35e1f4a0b54b2e32,23.048094797106344,2405
C19d35e1f4ab9261c34c,37.59673746512742,3860
C19d35e1f4b0bd6cc1f9,36.722961711491486,3772
C19d35e1f4e92f138f7e,17.03581179048634,1804
C19d35e1f4fb61c66938,36.27658063894599,3728
C19d35e1f4fcccc75d33,34.513096668362486,3551
C19d35e1f5288f512e47,12.858416032388996,1386
C19d35e1f5555fd4df28,12.082634810164278,1308
C19d35e1f556c736bb84,20.169472679949102,2117
C19d35e1f55857e47b5f,33.88814218227455,3489
C19d35e1f5839db5a2ee,1.9933153397196464,299
C19d35e1f5841d3c1ab9,5.001169788646585,600
C19d35e1f5856a0598b0,8.024629641998091,902
C19d35e1f586d7774701,9.963263962104449,1096
C19d35e1f58ee737681c,9.800228558937265,1080
C19d35e1f590bf2f5cfc,36.835402477271906,3784
C19d35e1f59193ab211b,36.09287935173333,3709
C19d35e1f592b293d6d5,12.381324779462979,1338
C19d35e1f597dc63dbe0,36.05833573382165,3706
C19d35e1f5a20e20cd8f,38.5295068259337,3953
C19d35e1f5b38fc2a958,4.002677827719691,500
C19d35e1f5b4c8ceee7a,7.954282032030962,895
C19d35e1f5b5c5ff8f8d,11.481406109361684,1248
C19d35e1f5b807feb217,16.005180332668804,1701
C19d35e1f5bbe906dfc8,24.657828005666115,2566
C19d35e1f5cf73808033,17.62389915620885,1862
C19d35e1f5d35491658d,25.01680543677169,2602
C19d35e1f5d567dbeb79,11.510872768848097,1251
C19d35e1f5d7a39774d7,8.038425364241242,904
C19d35e1f5d85332400d,33.00491625124124,3400
C19d35e1f5dca4b92c93,27.808458971852207,2881
C19d35e1f5de437f856a,31.431935707671,3243
C19d35e1f5e7da174149,13.99554816814011,1500
C19d35e1f5e8ff9dd3b7,28.393906335450097,2939
C19d35e1f5ec09984873,31.712776375325713,3271
C19d35e1f60e10e29945,13.638776113298235,1464
C19d35e1f61028d5bbe7,20.781687039362936,2178
C19d35e1f612b46d75aa,32.25906813933398,3326
C19d35e1f61411522de9,4.405594828790828,541
C19d35e1f61e90cf523d,19.994713913962052,2099
C19d35e1f62e3480d8a9,35.09617741954311,3610
C19d35e1f6382a49b010,33.15741459441996,3416
C19d35e1f63e0472233f,32.25830028318225,3326
C19d35e1f64aa551c433,28.80189623135634,2980
C19d35e1f658e03f2e9d,18.126364207049704,1913
C19d35e1f65aa05e4f53,6.608100832464837,761
C19d35e1f65d9178faf5,12.919109657490893,1392
C19d35e1f66c3b1b850d,22.916634516584626,2392
C19d35e1f672fdf22282,29.120746549737408,3012
C19d35e1f673b181a65d,12.616975558551937,1362
C19d35e1f6741c1bb4a0,31.40653083256498,3241
C19d35e1f675812b7714,36.550352057008844,3755
C19d35e1f6c9132e4bfd,32.01857998434228,3302
C19d35e1f6ca55e93719,34.65016596712596,3565
C19d35e1f6cb0512ac45,6.81699474485295,782
C19d35e1f6cdd3b99823,12.130081416124225,1313
C19d35e1f6d35492e842,11.515292870326526,1252
C19d35e1f6d49be6e65a,8.007665993388601,901
C19d35e1f6d50f362101,34.657805404098845,3566
C19d35e1f6d6da98fe4a,6.002588064111146,700
C19d35e1f6d70f9de6cb,20.46749068854943,2147
C19d35e1f6e3aa1029f6,14.113027332598174,1511
C19d35e1f6fd90cc9de4,30.311680949590553,3131
C19d35e1f726cddc89a5,34.5548829857494,3555
C19d35e1f72d2243e453,12.71634003819523,1372
C19d35e1f743811f7d49,15.480433303569464,1648
C19d35e1f75946de6323,11.292961148380352,1229
C19d35e1f7764910a96c,16.847661220799623,1785
C19d35e1f78ffaced1b7,11.486839926757826,1249
C19d35e1f7906229f7c7,7.030737885010679,803
C19d35e1f791451ce0d2,14.007419573906976,1501
C19d35e1f7a36472a1a2,11.053600004296355,1205
C19d35e1f7cd61be1ca8,33.94526386530906,3495
C19d35e1f7d1515d269f,2.525482961168148,353
C19d35e1f7d2b9cb0fe6,5.1012824154320375,610
C19d35e1f7d38927998e,11.687733811698262,1269
C19d35e1f7ddd52acc0d,16.586706418287616,1759
C19d35e1f7e92721f08f,32.58907741772748,3359
C19d35e1f80c610a92f2,14.533752762984008,1553
C19d35e1f80f9b83c283,23.11095691876792,2411
C19d35e1f8260354f750,20.04429008121517,2104
C19d35e1f837179ef5da,37.59113450784975,3859
C19d35e1f83811dadef9,31.84578807863197,3285
C19d35e1f83c3dfe8e81,21.029473225729422,2203
C19d35e1f840d878e162,34.33154926344802,3533
C19d35e1f867efe4ddc2,16.794555954993175,1779
C19d35e1f86afc0e2daf,26.52544918697626,2753
C19d35e1f878cd084f4f,5.3779097428011005,638
C19d35e1f87fd603f975,15.005669563455735,1601
C19d35e1f8803a68ea2e,10.039951030050231,1104
C19d35e1f88169ec92d7,12.435096374934666,1344
C19d35e1f882b39eb6bd,17.003703658842937,1800
C19d35e1f883cd21d1bd,5.005976611368847,601
C19d35e1f884c7b9b026,21.9955351441727,2300
C19d35e1f886959e95e5,10.743874221017414,1174
C19d35e1f88ce086e776,31.89510174512387,3290
C19d35e1f8a5c82ec5b3,21.76401344269149,2276
C19d35e1f8ba10b19315,33.262647419390696,3426
C19d35e1f8c0cf04fa84,15.413536608029117,1641
C19d35e1f8dfb8044a0f,11.541515530039458,1254
C19d35e1f8e04e11803a,10.89305149069227,1189
C19d35e1f8e1929aab23,12.653946339648915,1365
C19d35e1f8e29498a683,6.045533807989145,705
C19d35e1f8e3b7f21df8,23.088095124192698,2409
C19d35e1f8e98a1e35fa,15.230816030263684,1623
C19d35e1f8ead85ab84c,11.88542329154777,1289
C19d35e1f8eb16e15a6a,8.499849501945812,950
C19d35e1f8eeed2b0b1a,4.459566251550097,546
C19d35e1f9220d29bc01,13.984163918480197,1498
C19d35e1f9604caa2f93,19.050173186620928,2005
C19d35e1f976aa6aabd9,27.592288231081113,2859
C19d35e1f97955782a6a,34.47006979222312,3547
C19d35e1f981d0664259,11.245887580502917,1225
C19d35e1f9830250490b,1.0116816683798697,201
C19d35e1f98472393dec,6.8255336902467425,783
C19d35e1f9857869e9d3,5.048892664655204,605
C19d35e1f98c6f9bfdc4,11.315870564678615,1232
C19d35e1f98d487ddce3,12.17166215426624,1317
C19d35e1f9ac6b6c167e,36.298385780536826,3730
C19d35e1f9ad7cb4b4ad,17.205281632299226,1821
C19d35e1f9aff38a128b,31.32019874937171,3232
C19d35e1f9e7a95d3a7d,13.52601950770322,1453
C19d35e1f9f3ff00a7f0,35.198977163100565,3620
C19d35e1f9f978c18e22,33.16051631781042,3416
C19d35e1fa35160a55ac,33.4097857445997,3441
C19d35e1fa3bebc1058f,21.14398364769478,2214
C19d35e1fa3cb623630e,11.199208390399109,1220
C19d35e1fa3efb038c04,5.792818246204018,679
C19d35e1fa5c7aa4f1eb,34.323411020044404,3532
C19d35e1fa7a3e0319ee,11.0766542526367,1208
C19d35e1faacb9aaee11,11.862344961858584,1286
C19d35e1fac00b43f2ac,26.235367665371754,2724
C19d35e1fb2930f3e086,6.450445708496662,745
C19d35e1fb57be81f16a,32.18779888248265,3319
C19d35e1fb58f9686b03,7.091439160683896,809
C19d35e1fb62bd90e79c,13.992491457962869,1499
C19d35e1fb639e3abb07,25.43131423526238,2643
C19d35e1fb7515b435d5,5.140356001835186,614
C19d35e1fb77382fca6c,11.253164218871786,1225
C19d35e1fb78c9a9fd47,28.543150410326476,2954
C19d35e1fb9955738034,30.56128900803777,3156
C19d35e1fbc8d8300d0a,28.01479402249798,2901
C19d35e1fbca36e90b7f,11.000125499182396,1200
C19d35e1fbcb0b2e8b31,34.28732602277368,3529
C19d35e1fbcda341ddd0,8.000046175094301,900
C19d35e1fbe1a67148c3,29.815376755432368,3082
C19d35e1fbe645f2de26,19.684707510243555,2068
C19d35e1fc04587a2af4,1.0007672966266443,200
C19d35e1fc05ff42e432,2.000224759912884,300
C19d35e1fc06528ed79f,3.000271710225012,400
C19d35e1fc07102406d0,4.000897072834451,500
C19d35e1fc085e7865c7,5.002033135621905,600
C19d35e1fc09e2e2e92f,5.998434262654808,700
C19d35e1fc0a553b3af0,7.000297926281413,800
C19d35e1fc0bb8555595,7.9932427870720275,899
C19d35e1fc0c5178fa54,8.99966150042907,1000
C19d35e1fc0d8e9a720f,10.02207641696033,1102
C19d35e1fc0eeb2d8252,12.012598610980666,1301
C19d35e1fc1d8c373105,22.527679220639204,2353
C19d35e1fc202ae64f95,32.33114509266766,3333
C19d35e1fc217e7b9131,27.770714097294864,2877
C19d35e1fc2507067109,3.9954362306582967,500
C19d35e1fc265544e5dc,10.105028895784097,1111
C19d35e1fc27d4702539,11.99440811733627,1299
C19d35e1fc400e33de37,24.533599416669524,2553
C19d35e1fc43b51ef011,3.9550937859362394,496
C19d35e1fc46b0bf5d5f,34.911481381768866,3591
C19d35e1fc4b70ee3dd8,35.43191452348388,3643
C19d35e1fc4f8abfc529,11.137405297056976,1214
C19d35e1fc5730369e08,7.965018530409191,897
C19d35e1fc695d4527be,19.431604337395683,2043
C19d35e1fc6c61a77e30,39.01732536983754,4002
C19d35e1fc6fd6301782,35.66378362488863,3666
C19d35e1fc7f40942d74,36.25276322495189,3725
C19d35e1fc81757ddc46,15.0255428090481,1603
C19d35e1fc86786f278a,16.671518165132376,1767
C19d35e1fcc4b844f681,12.287313578214109,1329
C19d35e1fcc71853e6fb,34.589399999938536,3559
C19d35e1fcc917429c2b,33.28571632337039,3429
C19d35e1fcca8f986e46,33.04562336359105,3405
C19d35e1fccb5e77b280,29.109875952676198,3011
C19d35e1fcccc02d94e0,5.003174112869593,600
C19d35e1fccd758ff85b,11.033953434213208,1203
C19d35e1fcce0422fb87,11.788231775501252,1279
C19d35e1fcda08f80b6a,35.28559604311859,3629
C19d35e1fcdd323714a6,32.635126993974986,3364
C19d35e1fcde71babe08,34.619405254262205,3562
C19d35e1fcf1f582e25c,7.945948802502455,895
C19d35e1fcf2b38386d8,11.118623981367584,1212
C19d35e1fd012deff0d0,12.125067431578119,1313
C19d35e1fd059d4a16ba,21.715186240618138,2272
C19d35e1fd10a314d21b,28.580202636293052,2958
C19d35e1fd14a8d46013,11.397995399732274,1240
C19d35e1fd1666b059f9,1,200
C19d35e1fd1992664f7a,18.535360094796452,1954
C19d35e1fd1a8080f204,8.773746581460584,977
C19d35e1fd1c3a6a7ced,12.259632294212238,1326
C19d35e1fd204463e97d,5.321942568110535,632
C19d35e1fd2629499902,18.251773909813803,1925
C19d35e1fd3b93a5b5ed,9.812200278161201,1081
C19d35e1fd3cffd0a2d7,19.672598804971795,2067
C19d35e1fd3d99d56330,33.00436260316948,3400
C19d35e1fd4768284495,8.899561902764049,990
C19d35e1fd4ae93569e4,2.4439753455605926,344
C19d35e1fd54171d862e,27.867246736854042,2887
C19d35e1fd55865240fe,36.242826616105944,3724
C19d35e1fd592b98a6f1,33.894563784400326,3489
C19d35e1fd5e20c0a4bb,27.179309449198676,2818
C19d35e1fd604f4ea0f9,37.05716027578371,3806
C19d35e1fd6157ff237d,18.17571321451508,1918
C19d35e1fd62bce29044,12.362012871074274,1336
C19d35e1fd636425686f,1.7554891476986623,276
C19d35e1fd646615d0bb,11.121805863049353,1212
C19d35e1fd6503b175dc,2.9652512594711204,397
C19d35e1fd85719fab01,15.909467684047884,1691
C19d35e1fd9cc0ba04f8,20.150106313867873,2115
C19d35e1fd9f0b6c5a06,1.001019411924748,200
C19d35e1fda18d959b6a,24.12100032648901,2512
C19d35e1fda39f90f8f2,10.054827887847637,1105
C19d35e1fda544fed4ae,11.993152502307463,1299
C19d35e1fda9f2613299,5.005662449325251,601
C19d35e1fdaacd382ae2,31.006807592643668,3201
C19d35e1fdae6f8cb872,16.039813949540157,1704
C19d35e1fdaff53dce4f,11.001030529778456,1200
C19d35e1fdb0f7cd6a97,4.999229540674859,600
C19d35e1fdb1e94d4dad,34.034266765012454,3503
C19d35e1fdb602a62c46,17.294037183682338,1829
C19d35e1fdb84ffc63e0,34.05874457101566,3506
C19d35e1fdc3b1c0e5c5,28.66931282787438,2967
C19d35e1fdcf96d8d97e,18.41554511390638,1942
C19d35e1fdd277d5e454,32.01794738550931,3302
C19d35e1fdd5efe699ed,15.020459955227608,1602
C19d35e1fdd6e6e41bce,1,200
C19d35e1fdd793ced3b6,2.966932231742625,397
C19d35e1fdd8caf0102d,6.018664201823857,702
C19d35e1fdd9c455a84d,9.085398443781422,1009
C19d35e1fddbc9e5ee9c,13.763690110677738,1476
C19d35e1fddd9a1ecf60,31.41085406379346,3241
C19d35e1fde3247f7b48,38.59072534900467,3959
C19d35e1fde40d708a1b,36.81400235353934,3781
C19d35e1fde584c3dc5c,38.109381425748964,3911
C19d35e1fde7e07f5471,2.9684066062227985,397
C19d35e1fde8b0feac31,4.980567633892086,598
C19d35e1fde9d25df079,8.954237112124483,995
C19d35e1fdea64af5284,11.497601836880705,1250
C19d35e1fdeb6498ef9d,17.20634812159927,1821
C19d35e1fdecbeae87f2,28.417585580618443,2942
C19d35e1fded094f6033,34.49254242275415,3549
C19d35e1fdf25c24ccaa,11.422827392955712,1242
C19d35e1fdf3b25f68a8,3.037934380443886,404
C19d35e1fdf49c128e1f,6.057922595437463,706
C19d35e1fdf52a3381ba,5.044119347507573,604
C19d35e1fdfc23c6fb97,11.947632002833481,1295
C19d35e1fe02e2e3a24e,25.532912121232833,2653
C19d35e1fe21df3299e4,27.98806867854401,2899
C19d35e1fe266fb44906,14.73224978241476,1573
C19d35e1fe6275b0789d,34.52999267167886,3553
C19d35e1fe6af42c6ce5,15.948321348690524,1695
C19d35e1fe6f80a4a020,30.576641778683477,3158
C19d35e1fea84b94cc7a,13.417363375596677,1442
C19d35e1feaee1188bc0,12.628905924259284,1363
C19d35e1feb8dca89c43,11.095667387650739,1210
C19d35e1fed29509e024,27.53756252431979,2854
C19d35e1feeee0a6daca,29.608583010894552,3061
C19d35e1fefe45387a83,13.323850957233715,1432
C19d35e1ff0a0024cd32,13.429147711064003,1443
C19d35e1ff0dda3f5e3e,15.084893642716239,1608
C19d35e1ff112bc34fc0,35.56601340970677,3657
C19d35e1ff21b1921ea2,17.882178721170348,1888
C19d35e1ff2e912a1e2b,14.168727528272356,1517
C19d35e1ff2f23907462,13.719691731044023,1472
C19d35e1ff3063cc5747,13.397255647441547,1440
C19d35e1ff509614174c,3.118655027879375,412
C19d35e1ff656514e93f,17.510094843353862,1851
C19d35e1ff670a092161,33.89443918700161,3489
C19d35e1ff6f13ebdad5,26.006680235708227,2701
C19d35e1ff773e1d7880,13.78312734055281,1478
C19d35e1ff9afb1b461a,2.009256433121322,301
C19d35e1ffb53e86983a,18.60607599754239,1961
C19d35e1ffbbc2d20fda,20.163559307331273,2116
C19d35e1ffc167ffb97d,16.01602983167596,1702
C19d35e1ffdaa2275f35,15.783920593565062,1678
C19d35e1fffc26c029ae,35.054258025944826,3605
C19d35e1fffd7cbd14c3,27.005556722892617,2801
C19d35e1fffec88e55d5,20.857230490238486,2186
C19d35e1ffff740cca36,11.055164114447855,1206
C19d35e2000088679ecd,7.008219995304915,801
C19d35e20003b31667b9,27.012125015854945,2801
C19d35e20008e9d13bf5,13.14731942063321,1415
C19d35e20009c33d53ff,8.577731940762474,958
C19d35e2000aae2f92a2,3.625477715135515,463
C19d35e20026440d26f6,13.678250839040835,1468
C19d35e2002b715c893a,35.14181364875204,3614
C19d35e2002d6519313b,32.18410203407788,3318
C19d35e2002e1a15f085,36.47445769911355,3747
C19d35e2007529e35a4f,22.012122240534666,2301
C19d35e200918593fdc8,23.785619712589316,2479
C19d35e200959b86d9c3,34.691001359937445,3569
C19d35e200ab4f08593f,27.994022522311738,2899
C19d35e200b604091779,15.073877876914455,1607
C19d35e200b790f9e7c6,3.000005272700329,400
C19d35e200b86f896ee6,9.996913946425234,1100
C19d35e200b9bc54bff6,5.999961204586514,700
C19d35e200c49f80920b,16.98869568233019,1799
C19d35e200c655334a2c,12.517166265943128,1352
C19d35e200d448f5c86a,27.809529224725402,2881
C19d35e201213a12ef08,1,200
C19d35e20122933f99ee,3.001516294429455,400
C19d35e201237b2bd08c,5.998358132976632,700
C19d35e201265aab8ff4,12.050549588551583,1305
C19d35e2016d33490885,9.012857768898268,1001
C19d35e2016f77a9da72,15.006661622047615,1601
C19d35e201727c8b3eb3,19.00288107412352,2000
C19d35e20176b13542b6,22.987994516725514,2399
C19d35e20184046ece1c,15.15212762253402,1615
C19d35e20196fcb6b986,36.56316364658789,3756
C19d35e20197c4e49aaa,33.102003716004496,3410
C19d35e201983ba35076,15.39911542537556,1640
C19d35e2019adbd2e590,21.68888432154468,2269
C19d35e201ab4a293a16,37.00230623002521,3800
C19d35e201c7a813d498,28.210870806184218,2921
C19d35e201d14bb0e6b4,16.266437845997952,1727
C19d35e20200585ee2c0,11.187464035895102,1219
C19d35e20202d9411bbf,10.361084163718742,1136
C19d35e2020acc9ee64c,7.989068078862286,899
C19d35e2020ea7e9cc63,5.950223024134912,695
C19d35e2022216f33142,23.098268589177405,2410
C19d35e20224329ac4f2,10.818709371833744,1182
C19d35e20227a1a3f808,6.776225018632025,778
C19d35e20228cb697d4b,13.816492523988893,1482
C19d35e20237057b3176,33.743463012357935,3474
C19d35e2023a10efa853,24.69553962880862,2570
C19d35e2023f143acd4d,35.377333995838256,3638
C19d35e2024d2f727e74,36.04076523726038,3704
C19d35e2024e3a1dda81,20.647259554357273,2165
C19d35e202516e17ab1e,33.40214846897588,3440
C19d35e2025ff3efc84b,15.209354885333017,1621
C19d35e202632ff33af2,12.960762285805274,1396
C19d35e20266cc965ceb,9.244650960202152,1024
C19d35e20267fbb90c0b,5.035194377260431,604
C19d35e202684deb2072,29.07240462374624,3007
C19d35e202889dfe95cf,34.41473523901291,3541
C19d35e2029d793ea585,14.016129070990694,1502
C19d35e202b09685bb4e,10.487589518493037,1149
C19d35e202b416e2e81b,31.537584252319878,3254
C19d35e202b7744e3877,25.51271710410493,2651
C19d35e202d7c7dddd51,32.77073956867359,3377
C19d35e202d813241b22,35.32237649658178,3632
C19d35e202dbab9f179f,12.479260851220872,1348
C19d35e202e17c8468c4,7.95141283956227,895
C19d35e202e26ce422aa,34.28730411743769,3529
C19d35e202e5f706d5f0,4.958835836376216,596
C19d35e202eb0ef5e11d,21.93730075621432,2294
C19d35e202f1134d2a4d,27.550177904576444,2855
C19d35e202f35c029fa1,9.99428687503493,1099
C19d35e202f5c0337311,9.37519760038469,1038
C19d35e202f62d8d7a4b,13.385175004439706,1439
C19d35e202f7231a0b4c,5.044071078871854,604
C19d35e20329783aa16c,7.222491617502196,822
C19d35e2032ae626186b,15.306899186303895,1631
C19d35e2032b759f314e,9.132187748706027,1013
C19d35e2033b4241edb0,35.07773904881892,3608
C19d35e2033d68d4b7e8,3.842383525444607,484
C19d35e2033f15ccb122,12.61820614057485,1362
C19d35e20340c13096ee,6.018850681734371,702
C19d35e2034af387856d,9.914241304774668,1091
C19d35e2034d389ec888,8.343429519134244,934
C19d35e20350d8df154d,3.214181870285164,421
C19d35e203558d0c2c26,16.326082369172745,1733
C19d35e20361afafcc99,1,200
C19d35e2037e5ff528d4,16.007190801402466,1701
C19d35e20380179c9f79,8.010962121717093,901
C19d35e2038e238fea88,13.117368041916379,1412
C19d35e20396125de1de,18.688725751265157,1969
C19d35e203974fc37937,18.75545113414455,1976
C19d35e203a75283091d,35.36913574475126,3637
C19d35e203ae5ba6b57e,27.877037515063556,2888
C19d35e203c2a23302b4,32.30241917184987,3330
C19d35e203c61090fc5b,35.553195967344735,3655
C19d35e203e1dcc5ba89,32.42138740795972,3342
C19d35e203e3403ac965,11.113499094410965,1211
C19d35e203f0c58e6c1e,31.322993916043107,3232
C19d35e203fde23357a8,35.67405046368524,3667
C19d35e20414abcbe207,30.959722916102564,3196
C19d35e204321bd6ca49,12.475895010226713,1348
C19d35e20434e1fa269f,36.18609269273287,3719
C19d35e20437c76db3cb,31.482879994575704,3248
C19d35e20438369807ed,8.906240126785223,991
C19d35e2043b355821f4,4.958309228388119,596
C19d35e2043d4d33414b,37.037931037098645,3804
C19d35e2043e6ca41d7c,29.561872279715246,3056
C19d35e2045cc0eb7ca5,15.038235699920644,1604
C19d35e20462e5f0867a,11.088830594169522,1209
C19d35e204632e45ab29,8.592625373706053,959
C19d35e2046545d2a49b,5.563217455293309,656
C19d35e20466a4355536,27.173580691929196,2817
C19d35e20467d67e8e5d,13.479216893629584,1448
C19d35e20470415558c1,11.190355197244232,1219
C19d35e204738554ba1a,16.760680820561525,1776
C19d35e204811660ab7b,9.515360548909706,1052
C19d35e20482a2a81b82,1.1077577117430935,211
C19d35e2048312ae29b7,6.8843448328219745,788
C19d35e20485d2e5d776,4.071976206865477,507
C19d35e204a188b18316,27.140854075750042,2814
C19d35e204a4c5a268b5,34.26258604354555,3526
C19d35e204ffba3ec1c4,9.421244440911725,1042
C19d35e2051f8b45e3aa,12.70590672196077,1371
C19d35e2053adab5b770,9.037964486030413,1004
C19d35e2053be7b60071,15.209215897730825,1621
C19d35e2053cc8074655,8.01239261490823,901
C19d35e2053d768060ef,3.9845742236914004,498
C19d35e205495b21e2f3,35.59312702813313,3659
C19d35e2054deb277e1c,32.92465027512463,3392
C19d35e205519305d88a,24.444743598092828,2544
C19d35e2056433b4172d,14.422474012250342,1542
C19d35e2056e5994093c,12.873429660930277,1387
C19d35e205705139eb9d,35.61001174808669,3661
C19d35e20599c990458b,10.749527383994886,1175
C19d35e205ab4273f105,15.395536002889921,1640
C19d35e205b29b0ccabe,25.268357802628238,2627
C19d35e205b3cced2422,11.006994196927694,1201
C19d35e205c042fd52cb,21.042956766971685,2204
C19d35e205c9c3827e04,33.04697991429593,3405
C19d35e205d031db8b06,31.0009668013402,3200
C19d35e205d7e5df8676,11.999171578401373,1300
C19d35e205dfc6e7109c,17.286854776489662,1829
C19d35e205e198e747a4,2.672511475263324,367
C19d35e205e5f0690644,11.11853806074209,1212
C19d35e205eaf9e154a5,6.948096217726252,795
C19d35e205f39b1ce3d1,22.834943636823297,2383
C19d35e206033d155b17,8.579896141521319,958
C19d35e2060410fe48f3,11.065333940182091,1207
C19d35e2060602e14d54,17.03053012341333,1803
C19d35e2060912afc143,6.988512153932622,799
C19d35e2060b14f5c495,15.184284727805313,1618
C19d35e2060dde77c0dd,3.599714534198489,460
C19d35e2060ecf409252,13.011615211295931,1401
C19d35e2061e2e291d64,4.284748466764443,528
C19d35e20625e6968b6f,30.50100976710121,3150
C19d35e2063c14f680d9,34.05045462919613,3505
C19d35e2064f9e4aa620,23.92042352988505,2492
C19d35e20662ce1ce1c4,32.129395444731415,3313
C19d35e206849d90c633,1.1565755074097481,216
C19d35e20685e3c9cb36,2.053586382771417,305
C19d35e20686fd4ce76c,5.990846517379371,699
C19d35e2068771cef76f,8.996411867669314,1000
C19d35e206898d6ec1b3,14.080117230905858,1508
C19d35e2069ce5501574,11.154013229926404,1215
C19d35e206b72bb3b512,12.671656797237235,1367
C19d35e206bd3313def1,28.533691433452894,2953
C19d35e206c3cc926518,19.641732190808657,2064
C19d35e206df36d4f077,34.47751334323161,3548
C19d35e206fb0e167f2b,9.556606944903008,1056
C19d35e207114ef26c20,30.417388629945926,3142
C19d35e2071af65c9b52,14.208936501383405,1521
C19d35e2071d410ffef2,13.34568457133879,1435
C19d35e2073476d40cf0,24.23979785315701,2524
C19d35e2073ed8bf9e45,29.628046232652466,3063
C19d35e2074ccf49e919,36.36122589708426,3736
C19d35e2074de68f1fa5,36.19457301727082,3719
C19d35e2075f26a2251d,26.000287672860402,2700
C19d35e2077cdec0bd28,28.542763000375437,2954
C19d35e2077d79e4d10f,19.777239871039587,2078
C19d35e2077e409f08b4,25.83812247644929,2684
C19d35e2081e32c603b5,32.482935601443394,3348
C19d35e2082511000e34,18.336556703876415,1934
C19d35e20826ba28f6c2,33.07604086335577,3408
C19d35e2083857debb98,15.70411891628186,1670
C19d35e2083d850ec62a,32.158129903475604,3316
C19d35e2083e25b6ed21,36.08202762701479,3708
C19d35e208409eb4f1cb,34.89845676960938,3590
C19d35e20843be760003,8.000692748774751,900
C19d35e2084526305e88,10.999643810679737,1200
C19d35e20847da68191b,16.011450162654857,1701
C19d35e20849fc974bad,34.93454844031622,3593
C19d35e2084a4242c3ec,20.04789132059569,2105
C19d35e2085447d9e4c7,10.827613026168564,1183
C19d35e208559fafc542,9.361961421292968,1036
C19d35e20856371f1850,3.2690139411844816,427
C19d35e2086f43f728cd,11.434079680709917,1243
C19d35e2087f0ebd9739,12.250058205790362,1325
C19d35e2088cb977e951,13.486999899360434,1449
C19d35e2088d6dba9bbd,28.634767210074298,2963
C19d35e208d4bf5cba46,12.419766703344216,1342
C19d35e208de41517cfc,12.084898082212487,1308
C19d35e208df866d888b,7.977899297666259,898
C19d35e208e04a8d8792,27.980740672343426,2898
C19d35e208e1c7a14313,17.097761946931037,1810
C19d35e208e2f87bb18c,3.983271389844196,498
C19d35e20901b0270280,36.628512160118675,3763
C19d35e20907d5bbf740,35.672995323770614,3667
C19d35e209226174d0f8,12.325293100315703,1333
C19d35e2094b5f885ad3,11.965294294864,1297
C19d35e2094c15d99e93,31.881122886791225,3288
C19d35e2094e3de5b4aa,9.856268464009558,1086
C19d35e2094f68e3a0d8,20.928443539588702,2193
C19d35e209506fc9469f,5.9819868771515505,698
C19d35e2095bf94d7872,18.59887685373198,1960
C19d35e2095cb29d940b,35.60964445037783,3661
C19d35e20963b46a6ce6,16.56234533859419,1756
C19d35e2096d0b242e0e,1,200
C19d35e20972e97b6956,8.621356738461323,962
C19d35e20973d15fc6e4,11.485363107726918,1249
C19d35e2097afc475638,11.413452719044656,1241
C19d35e2097d16930af3,13.885358428397517,1489
C19d35e209850e0b85e7,21.04889176113129,2205
C19d35e20989ff90fc07,33.00695859082379,3401
C19d35e2098c6aa89df9,14.157769219279476,1516
C19d35e2098e57f628db,18.001044488193966,1900
C19d35e2099cb7d3014d,33.01251112331348,3401
C19d35e2099defe5a531,19.00806337129059,2001
C19d35e209ab8c9b9aaa,31.706174424757748,3271
C19d35e209aedbe2809b,28.15693956242376,2916
C19d35e209afe0a2457b,22.560339576872547,2356
C19d35e209b00af07a93,35.264995990621856,3626
C19d35e209b51ebf95a1,28.163710648320315,2916
C19d35e209c52ac9b5ed,13.087946133906676,1409
C19d35e209c7ec701735,26.0081866713413,2701
C19d35e209c86555459c,15.121942383505356,1612
C19d35e209c9450005ad,14.0018472935865,1500
C19d35e209cb6aad9e05,32.002089043792694,3300
C19d35e209cc7bb6a1a7,9.985171181191602,1099
C19d35e209ce4aa5856f,6.000106125524706,700
C19d35e209f86ec6cfd8,11.021867852248302,1202
C19d35e209fc62c7676d,4.357063483745603,536
C19d35e20a00cdf87bd4,14.580932903701202,1558
C19d35e20a0bfdacf330,20.92108021808437,2192
C19d35e20a150d50fdc4,6.353652421517147,735
C19d35e20a173adf0ed8,1.69436856079227,269
C19d35e20a188f9f3801,5.904227554659503,690
C19d35e20a19604ba570,11.862779797751136,1286
C19d35e20a1aa83af0a4,30.234018543756058,3123
C19d35e20a1b969c8a0b,3.911643445474143,491
C19d35e20a2aca39aeaf,4.44404857501206,544
C19d35e20a2bb4dd35ef,1,200
C19d35e20a2d4d852829,1,200
C19d35e20a315f52533a,4.937233094055686,594
C19d35e20a32a9388908,8.993636067549737,999
C19d35e20a331b0982cc,12.49092372042622,1349
C19d35e20a360f48bced,34.96688564545936,3597
C19d35e20a5085a993c2,1,200
C19d35e20a527f31fd18,34.54905801936597,3555
C19d35e20a5364ba0490,14.97852561194113,1598
C19d35e20a596d07942c,10.155190021375047,1116
C19d35e20a66ef10cb64,13.52574920473926,1453
C19d35e20a834ecb0680,11.45248822927325,1245
C19d35e20a841117155b,7.401174882703642,840
C19d35e20a86777c1993,3.0355511280800864,404
C19d35e20a874c9d2b16,12.009894083024362,1301
C19d35e20a8d24628f6b,11.235724713894133,1224
C19d35e20a9011806bfa,26.98237070321417,2798
C19d35e20a92b7aebed2,6.187053711170857,719
C19d35e20aa2e9ea7805,28.99100754069932,2999
C19d35e20aa6b3148255,1,200
C19d35e20aa8647e06e5,9.60639971021011,1061
C19d35e20aaa1684fcbb,23.346521659250357,2435
C19d35e20aac92ea631d,4.99650938110062,600
C19d35e20aae505a1a39,33.91580720845863,3492
C19d35e20abc08baaab1,6.111331885316274,711
C19d35e20adee6b0f941,10.994317358101915,1199
C19d35e20adf73575d9d,9.998624740331747,1100
C19d35e20ae0e648e5dd,6.000094375988676,700
C19d35e20ae222372f69,16.544085014039194,1754
C19d35e20af0318e9e47,11.337922551229472,1234
C19d35e20af169fb9326,1.8321696232348055,283
C19d35e20af251f49557,14.343229310523613,1534
C19d35e20af6ac6da802,15.70994179112618,1671
C19d35e20af7b089aabd,5.8806075299551885,688
C19d35e20af9a0ea5092,23.392364584106804,2439
C19d35e20afaed61085e,5.834189232182365,683
C19d35e20b1f12d9a8eb,12.197411097371353,1320
C19d35e20b242d8303ae,33.184324435372844,3418
C19d35e20b2ec032d8cd,1,200
C19d35e20b2feac6c430,4.369023693997406,537
C19d35e20b31f3a7fb63,8.370368056518089,937
C19d35e20b33ef30883e,9.517606549179657,1052
C19d35e20b340ee1f945,11.531003912673066,1253
C19d35e20b3516a2d564,13.85951565277577,1486
C19d35e20b388d0486d7,36.08327043249303,3708
C19d35e20b4532ab7a40,10.185071678360936,1119
C19d35e20b46fa4dca17,16.902106809071462,1790
C19d35e20b48150b9baa,7.614784783665074,861
C19d35e20b493a23600e,17.230925749085497,1823
C19d35e20b4a354ab1a7,5.122854396237352,612
C19d35e20b804a727352,4.0177036938894,502
C19d35e20b8847e526c3,15.606108387114556,1661
C19d35e20bae16903c08,31.856782021630398,3286
C19d35e20bb437521e78,31.946262388552178,3295
C19d35e20bbe8bbddd17,36.79429235238913,3779
C19d35e20bc099ef0236,34.76388904770007,3576
C19d35e20bd03699fad5,1.0281441355001362,203
C19d35e20bdce99636b1,22.51644850502819,2352
C19d35e20becac72a791,4.092132672970235,509
C19d35e20bed57337913,1,200
C19d35e20bf1c3aa427c,16.070718679000645,1707
C19d35e20bf257c069c7,5.963060167730385,696
C19d35e20bf4f41db99d,11.003255579723742,1200
C19d35e20bf69afa37dc,11.797736742419959,1280
C19d35e20bf7231500c9,35.54569923985687,3655
C19d35e20bf8c80aed57,24.57111011167658,2557
C19d35e20c142ba224a3,5.882978844969101,688
C19d35e20c45802ed747,27.450903065346253,2845
C19d35e20c7dc7540f6b,1,200
C19d35e20c82af7f7285,19.585068885125416,2059
C19d35e20c8e1a835d9c,32.086329282939005,3309
C19d35e20c99b5266e60,31.38362608237532,3238
C19d35e20c9ec0d642ed,36.19424992727084,3719
C19d35e20ca1896ac765,11.025538709124431,1203
C19d35e20ca2a2929d6b,12.21430782582537,1321
C19d35e20cae4a0bbe23,21.374807629935628,2237
C19d35e20cc6acefb765,9.743224024801306,1074
C19d35e20cc90a0ea5b0,17.67224924857861,1867
C19d35e20cd29d2ecad1,1.9203160935466068,292
C19d35e20cd33e71ce4d,4.976717577148198,598
C19d35e20cd48c3c201d,6.933254858789632,793
C19d35e20cd5f4778a78,11.130903030545294,1213
C19d35e20cd651e82aa5,14.329700290241917,1533
C19d35e20cd705e8c2d6,23.278862939649663,2428
C19d35e20cd8c8553921,35.7657496752935,3677
C19d35e20cd9ce553bed,35.150699484448694,3615
C19d35e20cda8af7aaa8,29.33806115399733,3034
C19d35e20cdd3bea51a9,27.531222905881265,2853
C19d35e20d01af22b70a,36.59497165461446,3759
C19d35e20d1b5d3de821,30.466753249367272,3147
C19d35e20d41d82366dc,7.055380987247726,806
C19d35e20d43e1f05090,9.368723709881012,1037
C19d35e20d459bde0ccd,11.566911954736746,1257
C19d35e20d56eede7b7c,7.504958482726512,850
C19d35e20d57dad9cefa,34.68864430247966,3569
C19d35e20d5bc3b88386,14.293387047948482,1529
C19d35e20d615fa1ef7c,32.79365410970761,3379
C19d35e20d64df71ebcb,1,200
C19d35e20d6eded77b66,3.877064687707449,488
C19d35e20d7a09c541d6,12.165102640234652,1317
C19d35e20d7b938f49d0,31.616085032175043,3262
C19d35e20d97eda06c63,27.79580343023379,2880
C19d35e20dab1e2d1aab,1,200
C19d35e20dac44cc1c0e,3.634795822195531,463
C19d35e20dade1950f54,8.352559136995456,935
C19d35e20dae4f0c7b7c,9.712090103006876,1071
C19d35e20daf7017b4cf,13.977214820997942,1498
C19d35e20db02e3e967a,31.96627104784033,3297
C19d35e20db435e7873b,11.31514772546209,1232
C19d35e20db6fe498a1c,21.021500597204746,2202
C19d35e20db7493ac6d1,23.43720374223247,2444
C19d35e20dc021e9c89a,8.713597398295219,971
C19d35e20dc266497f4d,6.064842504184682,706
C19d35e20dc3796ffbde,37.509421202221645,3851
C19d35e20dc4c0c0553e,34.28818767650457,3529
C19d35e20dc6f57b6f35,34.00455367911762,3500
C19d35e20dc791d90b21,18.789078265203717,1979
C19d35e20e18843e59c0,14.17199460392806,1517
C19d35e20e3f578e41cd,10.956203868631176,1196
C19d35e20e411826e197,17.75237774502375,1875
C19d35e20e4cce95a72b,31.74064348459374,3274
C19d35e20e8445168362,33.8693621822055,3487
C19d35e20e8b1fe7236f,31.799436470384233,3280
C19d35e20e91f8913612,12.882586906808445,1388
C19d35e20e9de36483c7,19.173708060753743,2017
C19d35e20eac4874f3fd,18.489006914543765,1949
C19d35e20eb4fd2605a4,35.760428536887225,3676
C19d35e20eb7f5060fd7,8.982191359491878,998
C19d35e20eb876e7cb44,9.329239435440211,1033
C19d35e20eb974c2627b,12.804526188307793,1380
C19d35e20ed6a11582fc,10.88633275857347,1189
C19d35e20ed744e42487,1.9246344007558482,292
C19d35e20ed874b0d185,11.761476309283035,1276
C19d35e20edbb7f6e7da,7.742028445092982,874
C19d35e20edcf69fe568,5.51011736409341,651
C19d35e20edea153d783,11.954947472986055,1295
C19d35e20f244b832202,15.414992058793885,1641
C19d35e20f47e35d42e8,13.247450068923373,1425
C19d35e20f4d96c07816,24.166195397086295,2517
C19d35e20f5275685b5d,34.266031216028395,3527
C19d35e20f616dbc8975,29.543331427869045,3054
C19d35e20f6483edc3ad,30.45717829499258,3146
C19d35e20f880db828ee,13.386026116175357,1439
C19d35e20f94f8d67d84,33.36967745526207,3437
C19d35e20f9bd4763d0e,18.533098192364392,1953
C19d35e20fd84cbcb7c4,24.09234828339343,2509
C19d35e20fdd5dad4d6e,13.097649066393492,1410
C19d35e20fe901c95df9,18.356429757246378,1936
C19d35e20fec849b991f,28.809926730134173,2981
C19d35e20fed1937f281,6.143780560190075,714
C19d35e20feec39fbb21,10.551885645726404,1155
C19d35e20ff25b020afe,11.374265135484395,1237
C19d35e20ff86172d0e3,35.78889214461176,3679
C19d35e21045983fc440,34.803447457551535,3580
C19d35e2106e879d1280,24.310782549642457,2531
C19d35e21073d120de68,7.755591816544811,876
C19d35e21074cabe1fbc,10.918371936850706,1192
C19d35e21075d111ec45,32.90481630545237,3390
C19d35e2107c5dd267a6,30.013274335131715,3101
C19d35e2107dbdf637a8,23.051832233093545,2405
C19d35e2108012b56e1b,36.21171025292671,3721
C19d35e210832f8d6ccf,22.534263342255105,2353
C19d35e210b10a1a2ac6,8.45496522297072,945
C19d35e210cd51e18b1a,21.368722821146488,2237
C19d35e210fbf13aa4ff,36.35890808795415,3736
C19d35e2111e8d2de12a,27.126755544147464,2813
C19d35e21124e5ec83ce,3.003104872457526,400
C19d35e21125228816ec,6.014321588786862,701
C19d35e21126937901e2,10.319569502973806,1132
C19d35e211277b373b1a,11.83318120216804,1283
C19d35e211284d7313fd,13.63253781743984,1463
C19d35e2112b63717352,30.592233814949616,3159
C19d35e2113602fc9ace,36.3571415436928,3736
C19d35e2116016df1c7c,19.068381690820775,2007
C19d35e2116132a207a6,1.0004252044893398,200
C19d35e21162456fe0e2,11.001462674771894,1200
C19d35e21163c4360317,12.001482295076833,1300
C19d35e2116415775d42,6.000036915454976,700
C19d35e211656924307d,2.9988637376719494,400
C19d35e2117a06b6dd07,17.420726513506015,1842
C19d35e2117bd8d8d705,11.09389652125097,1209
C19d35e2117c91bfcd4c,5.9176303259099825,692
C19d35e2117d2cef4372,34.64984115198945,3565
C19d35e2117e2b1b942f,26.0012146964333,2700
C19d35e2117f44ddf906,30.276679288840242,3128
C19d35e21180a0802d81,28.008575506169876,2901
C19d35e2119249763183,19.991850064786046,2099
C19d35e21197cb7bd5a2,18.69658851203792,1970
C19d35e211ac47258f82,21.827692604815066,2283
C19d35e211b1923ea4f8,33.743506304041375,3474
C19d35e211bc7f33de86,37.12623503785096,3813
C19d35e211cdc6d09b8a,15.279219418938807,1628
C19d35e211d6ae3810b0,28.43503963393767,2944
C19d35e211f6494e6864,10.85819620101014,1186
C19d35e211fd50760d0d,17.071738735843212,1807
C19d35e2120c8f0b882f,10.144876891347792,1114
C19d35e2120de4f45777,1.001684536096762,200
C19d35e212165d27c581,6.9204326951029875,792
C19d35e2121847ad6ad3,2.806034130808702,381
C19d35e212198aeb2043,19.001409634869916,2000
C19d35e2121acc565134,22.89236673223677,2389
C19d35e212396c527552,12.446646159824194,1345
C19d35e2123a71cc424b,3.997132146558126,500
C19d35e2123ba700e2b0,10.97714660300683,1198
C19d35e2123ce7c7d33a,7.993838822781826,899
C19d35e212459e513d8f,10.970119477548828,1197
C19d35e2125bdeb4b680,24.986883206405874,2599
C19d35e212774e3cd4be,33.80860400849225,3481
C19d35e212946379bd71,36.249240251175,3725
C19d35e2129c8fc88ca5,29.491029175627077,3049
C19d35e212a4bb2b1c2d,35.548864365836494,3655
C19d35e212b2d80a28d8,19.92010573809464,2092
C19d35e212ed74e20b98,11.008448490605318,1201
C19d35e212eeafb6cb27,2.979907126305781,398
C19d35e212efa57ffc42,8.949794890376156,995
C19d35e212f05a014624,12.479016677994037,1348
C19d35e212f190954daf,6.003878456598875,700
C19d35e212fa091a9ec0,34.99221244421188,3599
C19d35e2130922af77f9,11.832080890934524,1283
C19d35e2130ebb95a686,29.259157173639526,3026
C19d35e2132214f91fd8,19.534235771022864,2053
C19d35e213245a1d86a3,35.52020791942299,3652
C19d35e21326e1167d6c,26.181260790325485,2718
C19d35e2132cfe09e935,34.52437997097903,3552
C19d35e213552963b1e5,9.734368859970026,1073
C19d35e2136bf3a6253c,21.32589882693906,2233
C19d35e213703c878c57,29.522436269222368,3052
C19d35e2137ca79a1cd6,15.721794755059086,1672
C19d35e21383f154b569,11.524997491576965,1252
C19d35e21384f6db010e,20.22818513933783,2123
C19d35e21385e7763db4,32.615778432786435,3362
C19d35e21388af58c579,5.917333926820877,692
C19d35e2138aeaefd900,37.019379438368176,3802
C19d35e213a11fbc7f39,15.854255582252405,1685
C19d35e213a36e0f7a42,27.97371224702426,2897
C19d35e213d3fc92e226,11.99582550879029,1300
C19d35e213d8b80962d6,10.891708475486597,1189
C19d35e213fc9a777e15,25.20852144215286,2621
C19d35e213ff7d987baa,15.30571070948108,1631
C19d35e21406def1fe8e,36.0535618635166,3705
C19d35e214073b6e5091,36.257084265941295,3726
C19d35e21433dbf90422,35.6293974260768,3663
C19d35e214426ab3aec7,19.49228856386125,2049
C19d35e214436485e2cb,28.63484241357616,2963
C19d35e214482e5ef569,32.88068798092842,3388
C19d35e21466d318dc86,16.957544809974838,1796
C19d35e214738af509ed,10.030514149216618,1103
C19d35e21479ca725721,35.01397904614178,3601
C19d35e2147a56ea88d6,27.03805526691379,2804
C19d35e2147bde8af8fe,21.495680778531465,2250
C19d35e2147d6b036a71,32.00927309144741,3301
C19d35e214c588ff18f5,18.009070408987572,1901
C19d35e214cc60f75490,15.018659879608792,1602
C19d35e214cd690e21ed,3.000767510182721,400
C19d35e214ce2a0060e5,4.998662177725099,600
C19d35e214cfc4c48d94,8.011685694723717,901
C19d35e214d0e66f3cad,9.995912812532655,1100
C19d35e214d1b2be238c,17.098873122131305,1810
C19d35e214d36fb0b32f,17.002965191972514,1800
C19d35e2151396fb49f8,30.114828357592938,3111
C19d35e21516c4327366,12.00058328419886,1300
C19d35e21517624ccf19,18.046239523957983,1905
C19d35e2151820854560,10.01516739554128,1102
C19d35e21519db26fdca,33.082986684699584,3408
C19d35e2151a124023fb,5.997570815859163,700
C19d35e2151c5ff15b97,33.40321975616281,3440
C19d35e2151eedb16255,36.119970139874304,3712
C19d35e2154254d7514f,12.95453008075446,1395
C19d35e21553bdd49ab5,28.875372102238405,2988
C19d35e21564129f537d,13.62475405116152,1462
C19d35e21567335e7a6b,8.761969826144911,976
C19d35e21580f3094467,18.6439950939154,1964
C19d35e2158de6f5ab86,11.777192576630231,1278
C19d35e2158e1285628d,12.771559215356723,1377
C19d35e21594c9314bb5,8.625062539900727,963
C19d35e215b1a94311a1,11.788940286058356,1279
C19d35e215b22dea8bd7,15.272827655964472,1627
C19d35e215b9d0933946,10.832602872520454,1183
C19d35e215bad462b3b9,35.40978078907733,3641
C19d35e215bb5abd8d2a,5.609570685683513,661
C19d35e215be4bb3427b,21.97468172274404,2297
C19d35e215d2d96fb168,8.629756864942298,963
C19d35e215d898cac5a6,15.727229063655512,1673
C19d35e215ead0547bcb,9.336888585854876,1034
C19d35e215ef19c3cf5f,11.841462176994533,1284
C19d35e215f0655d2c84,36.13287161973729,3713
C19d35e215f18d636bb0,7.112902349041289,811
C19d35e215f684151d5d,3.0882005573292304,409
C19d35e215f823bb646c,11.235830532561147,1224
C19d35e216095e7ad661,9.943470546985575,1094
C19d35e2160a29720825,7.990646291401893,899
C19d35e2160b8cd096ec,5.999421474344051,700
C19d35e2160c864ef589,14.992142346381979,1599
C19d35e2162d5cc96931,20.43887889364931,2144
C19d35e216490c22c5bd,11.742109025080863,1274
C19d35e2164c3f6dd3ad,7.806710914832794,881
C19d35e21651ada0a500,4.419926682957197,542
C19d35e2165394abe72e,25.214293313274197,2621
C19d35e21654847a4733,18.210346440254657,1921
C19d35e21655b3ad5517,36.5312378720382,3753
C19d35e21660b0dbdf04,31.41514925782627,3242
C19d35e2166e730830d3,29.57539478515176,3058
C19d35e216887cc8080d,8.365703324108035,937
C19d35e21689c140dbaf,18.263811942767056,1926
C19d35e2168d1f4c5052,36.591574247935384,3759
C19d35e21695417d1e80,36.816605984566365,3782
C19d35e21698faa16262,26.526091342124445,2753
C19d35e216a00d93f288,36.5909094952064,3759
C19d35e216aa1e4200ea,31.8683421432227,3287
C19d35e216acfa789e12,30.850535690473997,3185
C19d35e216ba98be6d8e,14.764958972828895,1576
C19d35e216c39ddc34dc,35.67895000175702,3668
C19d35e216c45fa0b2c4,22.4849312565884,2348
C19d35e216d293efabd6,23.380073865461505,2438
C19d35e216d46d1a995a,35.51859501790959,3652
C19d35e216db2971e162,38.447793878557974,3945
C19d35e216f6018f0b94,11.47899234891453,1248
C19d35e216f89ccb4fb0,16.149774371808153,1715
C19d35e216fd2f4c38b2,36.81862882364388,3782
C19d35e216ff3d83a774,38.998663958800925,4000
C19d35e217051a7e13b3,32.97958413050226,3398
C19d35e2171003dfb2ca,25.033769293400404,2603
C19d35e2172eadb5caf5,33.02178909882314,3402
C19d35e2174184fcefe9,13.915057861853464,1492
C19d35e2174b4f5c4b53,16.2566423250489,1726
C19d35e2175a6968133f,16.477926006518313,1748
C19d35e2176905dc3afc,12.567296811108005,1357
C19d35e217725663db18,5.7893776388272,679
C19d35e217734408b70e,8.513857983369583,951
C19d35e21775decc7ed4,9.543115371884342,1054
C19d35e217772fa588eb,16.64863009327867,1765
C19d35e21779a5121aaa,11.41666016698888,1242
C19d35e217a5e2b30fb0,22.059271331039604,2306
C19d35e217ac85dab305,11.888670969172905,1289
C19d35e217ae7fb9fd50,8.493209082502291,949
C19d35e217b019eaa6c3,5.085052757024478,609
C19d35e217b45a6cba47,3.6305272109043987,463
C19d35e217b7db216a0f,7.547201182889437,855
C19d35e217bd6516c117,14.423693730639574,1542
C19d35e217f3e6580b95,12.572140986752157,1357
C19d35e217f60299c8c3,34.538699487662555,3554
C19d35e217fa1e6b5ce3,18.705464195095878,1971
C19d35e2181a10ab7350,34.50419492082434,3550
C19d35e2181c5aa57368,31.02061597976417,3202
C19d35e21828efcfd1b1,8.053319549686549,905
C19d35e21845f7cba6c3,14.327171985729109,1533
C19d35e2186167bcc65b,31.045522518284283,3205
C19d35e2186c3813a886,7.893151096484706,889
C19d35e2186dac33fb4e,11.269495112725664,1227
C19d35e21875ee497a71,23.886407437329385,2489
C19d35e21883ba6c8c65,14.501003550617186,1550
C19d35e2188ca65a7919,20.10322320490963,2110
C19d35e218a0c9bfb341,33.837845266403384,3484
C19d35e218b757b57550,34.13651809009128,3514
C19d35e218bc74f2d3a3,25.144644295793274,2614
C19d35e218be1bad4131,30.728015345243353,3173
C19d35e218cd4fe630cd,17.682716602162124,1868
C19d35e218e3ab4299e6,7.088263470694713,809
C19d35e2190ddf63176a,3.9445728998866643,494
C19d35e2190eb9d1af0e,6.806554040174339,781
C19d35e2190f53879612,10.723797593939032,1172
C19d35e219101121827a,1.7877261834371523,279
C19d35e21911566f53b3,15.996756473924812,1700
C19d35e219152613406f,8.699109129964706,970
C19d35e2191f90650d3e,13.689239139420403,1469
C19d35e219216af80f3d,6.158577832324544,716
C19d35e219297a58ef35,15.014945262707192,1601
C19d35e2192a25c9a74c,18.998855466165743,2000
C19d35e219398f247709,9.420318343557113,1042
C19d35e2193ac9251416,14.216377994149749,1522
C19d35e2193f7d471982,34.32329267213052,3532
C19d35e2195dbc679447,5.489840701317357,649
C19d35e2196db8406227,16.59558508799262,1760
C19d35e2196f470cb2e7,36.26814715858521,3727
C19d35e2199309dac62f,32.7594390962265,3376
C19d35e219995bdbd9e7,18.371875251633156,1937
C19d35e2199c3f89dbc1,12.739773622349306,1374
C19d35e219a89827d3d7,37.52375701442469,3852
C19d35e219d1d2ecce59,4.974844743960754,597
C19d35e219d2aff80975,9.034590206934944,1003
C19d35e219d6c450bd50,11.108388632949021,1211
C19d35e219d8022bcf2e,15.689679780340823,1669
C19d35e219f45fcb415e,10.078035647497853,1108
C19d35e219f5661fd9d4,1.9797839732146771,298
C19d35e219f6ddd977d1,7.001056739589365,800
C19d35e219f785cb4c91,3.9928441347513846,499
C19d35e219fdb8ee66f5,34.67523007191834,3568
C19d35e21a41d8148b86,11.498273451806101,1250
C19d35e21a4288188a8d,3.000019945848753,400
C19d35e21a433a3c6281,12.000067581851267,1300
C19d35e21a449090b7e8,24.05509862048711,2506
C19d35e21a4607314aca,8.001135372716552,900
C19d35e21a47a45aaa17,4.997062392926351,600
C19d35e21a78e3fd3da8,9.868038222628376,1087
C19d35e21a7957e8f418,2.03118502282729,303
C19d35e21a7ad6c479cc,6.04814537722209,705
C19d35e21a7b1d22ef31,22.00762471491604,2301
C19d35e21a7c68d482de,32.13160229559173,3313
C19d35e21a7d37895888,5.024639970895842,602
C19d35e21a7e39345364,13.01876529566565,1402
C19d35e21a917a3830cb,15.359696361293189,1636
C19d35e21a9b2c62ddcc,21.55337759911652,2255
C19d35e21aa189aab8a9,33.40179920459912,3440
C19d35e21aa31b4a9ac5,11.66739263295597,1267
C19d35e21aab2e722115,34.70824902961912,3571
C19d35e21aadbc18dd78,36.10423452919904,3710
C19d35e21ae4811558f9,11.523340690427666,1252
C19d35e21afabdc5fe12,26.137935150990813,2714
C19d35e21b033ce7e979,26.38454115472223,2738
C19d35e21b06e149e729,35.58020851194726,3658
C19d35e21b2182fd4fd8,2.9718726218881297,397
C19d35e21b241b95494b,6.9883742461118,799
C19d35e21b2556daf184,10.077157993013513,1108
C19d35e21b2622bcd055,16.297944785208298,1730
C19d35e21b2b0c55ac60,22.000452011581984,2300
C19d35e21b2c9e7f9cb5,18.00639457464441,1901
C19d35e21b2d20ee7901,27.007744671361866,2801
C19d35e21b393be8da00,31.941853428416138,3294
C19d35e21b43c2009e3f,18.984411702163708,1998
C19d35e21b4f39cc87cb,35.97493652321816,3697
C19d35e21b5405fe9a0a,20.577235370176304,2158
C19d35e21b56503da786,11.045336179628768,1205
C19d35e21b572d7fcafe,4.99835648958104,600
C19d35e21b58592f3c87,36.29991911216176,3730
C19d35e21b5954777d2f,33.589591955613415,3459
C19d35e21b5befe66777,9.046224903233702,1005
C19d35e21b5c597a2c62,33.0387786877516,3404
C19d35e21b60d612e724,28.65323616867523,2965
C19d35e21b61daa67101,36.063424945525114,3706
C19d35e21b62791dbc5b,37.02000069980975,3802
C19d35e21b654b0725a3,36.885733105822666,3789
C19d35e21b81c2cc0b3b,32.791570522432345,3379
C19d35e21b86e44e57e3,9.999627081546617,1100
C19d35e21b873ec7db30,8.457491370782444,946
C19d35e21b8b47463ace,5.613746579997552,661
C19d35e21b8dae7af74e,32.01409875126147,3301
C19d35e21b98374bc199,29.31956367669564,3032
C19d35e21b9d8c371051,36.006976498498624,3701
C19d35e21ba2e8b89e5f,34.75679995930049,3576
C19d35e21ba74f2d57b1,28.218215286512972,2922
C19d35e21ba8816b4220,2.0949666455087455,309
C19d35e21bb235de213e,22.850065085182763,2385
C19d35e21becab9987ac,3.9531369013981728,495
C19d35e21bed6e349a98,7.001941064852214,800
C19d35e21beeb0072913,11.071846530231534,1207
C19d35e21bef7311f924,11.762324375889548,1276
C19d35e21bf1701a43d8,18.634643325298814,1963
C19d35e21bff5dabee60,24.713532780862057,2571
C19d35e21c3a518d4b02,10.99400659802382,1199
C19d35e21c3c0c804b6b,3.5734939692346277,457
C19d35e21c3dd0875fa2,12.35785132379039,1336
C19d35e21c3f499ed518,19.45802892601395,2046
C19d35e21c41abfcb037,8.665350977068906,967
C19d35e21c445fa2fc9b,5.42390274503415,642
C19d35e21c577b1518ab,15.19117511774547,1619
C19d35e21c5cf97d0c3c,28.45999977722089,2946
C19d35e21c656938b68b,11.090299853205178,1209
C19d35e21caa230e9fa5,3.1198668990734957,412
C19d35e21cb2e1a91258,12.091250860186657,1309
C19d35e21cbdd72d24f4,11.571471825890557,1257
C19d35e21cbeb8fa57d0,3.1061467088761634,411
C19d35e21cbf59c077b1,6.3916957855124235,739
C19d35e21cc0a94c9691,36.07889407789771,3708
C19d35e21cc1a103b498,36.7386177328468,3774
C19d35e21cc26f87c193,24.601117816394485,2560
C19d35e21cc4a2bab741,32.16338118325894,3316
C19d35e21d02d1cd8392,11.001165474797443,1200
C19d35e21d117d9ae015,22.08479292750411,2308
C19d35e21d1274d26a2a,21.979327969409475,2298
C19d35e21d16dd86c30d,11.039566436652768,1204
C19d35e21d17a29cb681,16.048481018201308,1705
C19d35e21d1897ed86aa,9.035855072295348,1004
C19d35e21d19545553f2,15.255964966633163,1626
C19d35e21d1af5dc2037,5.020074539478497,602
C19d35e21d1bf2307bdc,35.509237099957524,3651
C19d35e21d42b6eeffc3,29.675065920885885,3068
C19d35e21d439a5277e0,1,200
C19d35e21d45d8631c66,11.258119097464522,1226
C19d35e21d496744c08d,6.11719840935991,712
C19d35e21d4e85a03706,18.710010683997545,1971
C19d35e21d4fd6d711a0,29.36060828919288,3036
C19d35e21d51335db117,33.008194502065,3401
C19d35e21d7416defe68,36.539893463892575,3754
C19d35e21d77da462919,29.474386776210043,3047
C19d35e21d8057555c49,19.607411799208602,2061
C19d35e21d831b61117b,11.003186567085947,1200
C19d35e21d8425cc2444,2.99983852252071,400
C19d35e21d856d045ca5,8.001406853137876,900
C19d35e21d86e71fa488,12.000926101139704,1300
C19d35e21d875693e2c0,5.000264820305697,600
C19d35e21d888d507730,17.02234779491768,1802
C19d35e21da17f7c05b2,20.55940227497667,2156
C19d35e21dd9ff4f59d7,30.794933931728885,3179
C19d35e21e0156a90fdc,24.525168481481888,2553
C19d35e21e22a2340c43,18.596093649024898,1960
C19d35e21e4d6174d6bc,33.00654707072183,3401
C19d35e21e5a4b7fe4e9,25.855429291121503,2686
C19d35e21e5dfce8a002,36.79443606607638,3779
C19d35e21e61354956c9,16.248369570146927,1725
C19d35e21e63a6589ad5,36.27148108227728,3727
C19d35e21e7eaf973aa4,22.71349806286762,2371
C19d35e21e84b6ec95a5,36.499338947253186,3750
C19d35e21e89756a6cf0,34.38319838119363,3538
C19d35e21e8b6c345a03,37.69274539544143,3869
C19d35e21eaf58176087,19.72415883591678,2072
C19d35e21eb09948b1f6,2.923335815019752,392
C19d35e21eb19e3cabe8,10.495553076151591,1150
C19d35e21eb2f942d048,32.00474805136037,3300
C19d35e21eb3b9980e36,18.52357565968141,1952
C19d35e21eb49e17ded6,7.03866939149345,804
C19d35e21eb55f605750,33.656847206215645,3466
C19d35e21ed0b383662a,11.39739568955541,1240
C19d35e21ed29404b020,25.019641373748218,2602
C19d35e21ed43b8474da,35.79900152294233,3680
C19d35e21ed54e1cf399,9.75128385615274,1075
C19d35e21edb2ec6c18a,36.48823561476525,3749
C19d35e21edda1f9f912,15.116130617428896,1612
C19d35e21efb78281046,10.73500120157532,1174
C19d35e21f02e3917c11,33.50325755342326,3450
C19d35e21f045c8155dd,15.055589224837135,1606
C19d35e21f05b35d8583,35.79745115997428,3680
C19d35e21f0c6ff61c37,12.561000701512235,1356
C19d35e21f0ef44c1427,11.984242156266909,1298
C19d35e21f1ca2b43770,20.724660278655794,2172
C19d35e21f51f22eb90b,17.10192477508789,1810
C19d35e21f6514af3260,10.003208300113352,1100
C19d35e21f66adb0af0c,1.000875898161234,200
C19d35e21f68ed2a6a18,6.0002140044100205,700
C19d35e21f6922997b80,3.000007640184153,400
C19d35e21f87b2b71cfd,14.065839403941737,1507
C19d35e21f90c3025662,12.879618133112196,1388
C19d35e21f95bed746a1,31.277574882848903,3228
C19d35e21f98e1cdc1fe,34.82620894077509,3583
C19d35e21fb4122df59c,9.677390143369252,1068
C19d35e21fb7534fea9d,34.89663974932549,3590
C19d35e21fcc64fd9fc0,30.94306152916411,3194
C19d35e21fcf254e74f6,31.53329838341174,3253
C19d35e21fed5fa9d9e9,32.53201957157742,3353
C19d35e22017717f4794,35.341847816859726,3634
C19d35e2207dcb623102,20.007342589236067,2101
C19d35e2207e9c5064b4,3.923047108460221,492
C19d35e2207f51e74e30,8.340452107817876,934
C19d35e220802ff9ef8b,11.560217776926107,1256
C19d35e220810d23699c,26.000898739299053,2700
C19d35e22086e08ffbfd,25.001558034476634,2600
C19d35e2208c90544069,32.799489959398606,3380
C19d35e2208db6b4388a,34.123576463566806,3512
C19d35e220b0fb59ebc3,18.902095467293396,1990
C19d35e220b33d326dc8,25.161277656354706,2616
C19d35e220b7b9e2c146,27.980110170254964,2898
C19d35e220b8aee6b9a6,33.71578088218235,3472
C19d35e220bf25eec70f,37.01994102179498,3802
C19d35e220c3b4a4d7d2,34.26188142307025,3526
C19d35e220ca0858d187,36.58856062546905,3759
C19d35e220cbaba1bfef,23.621684932911133,2462
C19d35e220cd784c5632,35.142279152175476,3614
C19d35e220d378d5233b,11.88136392585104,1288
C19d35e220d429982b5b,9.976038216401324,1098
C19d35e220d54636d434,17.725464471290834,1873
C19d35e220d6cab3b877,5.989914206094,699
C19d35e220d921569fec,34.01860731220639,3502
C19d35e220fe3e3df7d0,15.257581457253664,1626
C19d35e2213303b0bb89,12.28202567553932,1328
C19d35e22164c0729f1a,23.363725874902556,2436
C19d35e221750c980374,30.85618252000287,3186
C19d35e221762047165a,11.44595219488266,1245
C19d35e22177e1e451e9,5.938467321338115,694
C19d35e2218336245619,8.52416811382346,952
C19d35e221939670478e,16.057551625333282,1706
C19d35e22195bd1a5e7b,23.307323512801787,2431
C19d35e2219bc823cff6,36.46264708248927,3746
C19d35e221b302896bb6,31.515313084324085,3252
C19d35e221c5f34cfda8,6.09975810476617,710
C19d35e221d9978796d0,34.004338091573814,3500
C19d35e221ec60278423,13.864475474939583,1486
C19d35e221f8c4b67d52,9.169144084201637,1017
C19d35e221f9b353f1f9,11.662985208735792,1266
C19d35e221fa6a15b0b2,7.208068926483799,821
C19d35e221fba1fea302,3.747498751648863,475
C19d35e22203065a724f,32.09473369923784,3309
C19d35e22204446c3b95,15.59332469766007,1659
C19d35e22205925a062b,11.105332384078512,1211
C19d35e222062367a964,4.592037103555187,559
C19d35e22211a1e9fbd3,6.902932405430456,790
C19d35e2221b606d9d33,23.48251075879592,2448
C19d35e2221c901b90c1,11.934627652056045,1293
C19d35e2222029c9019f,11.28372918284789,1228
C19d35e22224f9691898,22.026992265223026,2303
C19d35e22225f393ccfb,7.964551671078887,896
C19d35e222267cfc6994,3.6499899628497383,465
C19d35e22238221c4246,12.006533258655864,1301
C19d35e2223a8f2bce92,8.905092775574323,991
C19d35e2223ce17ef052,5.626625222177505,663
C19d35e2223db102181a,26.038225759878284,2704
C19d35e2223e93d2f660,14.969861134346742,1597
C19d35e2224456967c92,5.578216435919872,658
C19d35e2224f6587726c,4.282381556321968,528
C19d35e2225c0fd76b9f,30.561923708252127,3156
C19d35e2225dcbb789d3,36.78232621190015,3778
C19d35e2225fa6027f08,15.6882829133198,1669
C19d35e22260971b61cd,21.613787301378792,2261
C19d35e22261652404b8,1,200
C19d35e22263071b0677,38.05949130243708,3906
C19d35e22266aab5ef31,9.553001251216404,1055
C19d35e22267ecff7366,36.239436076899985,3724
C19d35e22268efebcb10,5.885469967032722,689
C19d35e222699da4ba17,35.305961412396044,3631
C19d35e2226a09649ee5,32.12152927098175,3312
C19d35e2226b626502f1,21.564546016718662,2256
C19d35e222750bbe6cb4,9.003421580679356,1000
C19d35e222768f2d09d8,5.991337711774355,699
C19d35e222779009eca0,2.001677038264324,300
C19d35e2228b39cbe820,35.653427857708145,3665
C19d35e222b443747f22,31.52930667377584,3253
C19d35e222ba7a6284fb,10.428727079759717,1143
C19d35e222c070ebee22,5.676591837618146,668
C19d35e222c356ce1399,3.5614419070445438,456
C19d35e222c59f78808b,17.135350766549465,1814
C19d35e222c6ed2506b0,34.04418890905323,3504
C19d35e222f5b0846877,28.33419619692124,2933
C19d35e223035a19a45d,38.00751214394071,3901
C19d35e223137cdb0723,28.983502550317272,2998
C19d35e223584e78a2d3,31.553352836427162,3255
C19d35e2236a69c78f79,24.114280208210563,2511
C19d35e223a0f5b325a6,11.60901866345684,1261
C19d35e223a16c251dc3,24.114727373819786,2511
C19d35e223ce9c46c051,12.522873797560244,1352
C19d35e223d01f30fc06,1.0649943196772595,206
C19d35e223d17a8fb1cb,9.981011843668567,1098
C19d35e223d3862b617b,5.078088618320645,608
C19d35e223d52443db95,30.443706918663516,3144
C19d35e223e0e73ac101,35.538480004194604,3654
C19d35e223e9faee78c2,12.376676552125597,1338
C19d35e223f05e0bfbf3,30.96758160834396,3197
C19d35e223f9ed03939d,27.432808323948453,2843
C19d35e223fd9eae8f8d,23.243874062402167,2424
C19d35e223fe96a724c8,11.004581876659417,1200
C19d35e223ff055eac5e,34.45081914167546,3545
C19d35e224002adefb4c,32.08518265353267,3309
C19d35e2240182d80d09,5.991979317374755,699
C19d35e224025aaa8103,36.58520610432839,3759
C19d35e2240d36474290,12.431366253831225,1343
C19d35e2242222300559,11.484646346841107,1248
C19d35e224322c8f605c,35.19742589463296,3620
C19d35e2243a35753de8,22.154881320001614,2315
C19d35e22476704a330d,29.366701704455874,3037
C19d35e2249692350a68,27.45995302927419,2846
C19d35e224ba1dd8164f,14.575333761828674,1558
C19d35e224c0dd8890ff,2.874118030351505,387
C19d35e224c2de14ccb8,5.1997319310226295,620
C19d35e224c5999ebd15,8.165528366084413,917
C19d35e224f216e91760,33.404983675919816,3440
C19d35e224f5eac9fcda,37.50806354825898,3851
C19d35e224f7803215fc,36.60288244483065,3760
C19d35e225064551a24f,22.94332169372826,2394
C19d35e2250d7de81a21,8.281295606018915,928
C19d35e2251a45ab8f5b,20.14756304813282,2115
C19d35e2254b6baa5bf9,31.014762538640728,3201
C19d35e225587679bc33,11.493570980790874,1249
C19d35e225597bd3345a,2.9967011467840754,400
C19d35e2255a53269433,9.021820686012912,1002
C19d35e2255b687567ea,22.01721914014762,2302
C19d35e2255cd08a5170,4.999479217549053,600
C19d35e2255e8fecdb19,18.002812201139143,1900
C19d35e2255fc916a336,36.48319244273534,3748
C19d35e2256233ece15e,4.236614796535011,524
C19d35e22597d91c04e6,6.944165589059602,794
C19d35e225a2cb69e364,11.188303742376608,1219
C19d35e225a7e55ca148,33.52803488186137,3453
C19d35e225c808f3dbc0,7.915863425612654,892
C19d35e225d5bffceadc,35.75477666710709,3675
C19d35e225d80582ee75,16.409602191729267,1741
C19d35e225dee4cf0cd2,35.541282186027665,3654
C19d35e225e37467b53e,12.373071613772446,1337
C19d35e2262d550d165e,3.969526401493105,497
C19d35e226338ed50437,11.164592600451684,1216
C19d35e22638bd9d2a2c,9.819280294352097,1082
C19d35e226398268292f,7.926350857221235,893
C19d35e2263b2312665f,15.483163237804696,1648
C19d35e2265764222187,26.059403812031515,2706
C19d35e22658017c6a09,20.396356734854745,2140
C19d35e226640ef06b33,12.988280181164095,1399
C19d35e226882aa1797c,35.82591179362671,3683
C19d35e2269eefcd8655,17.348372134702544,1835
C19d35e226c0d838fe14,10.94481498083127,1194
C19d35e226c8a52f180c,1,200
C19d35e226d219b366ca,33.7261683057257,3473
C19d35e226df877550ec,36.7081525457956,3771
C19d35e226e0365332b1,39.0043507114153,4000
C19d35e226e611df3915,15.481369490483745,1648
C19d35e226e99244184e,20.6897823024084,2169
C19d35e226ec1197bd4c,7.0481203090688656,805
C19d35e227158cbb26e0,35.50072450805541,3650
C19d35e227df76185bc2,32.036441717870446,3304
C19d35e227ee8b0c1478,13.221165647027131,1422
C19d35e227f333f8d5f9,9.19525196610449,1020
C19d35e227f5174f59d7,11.193492519504773,1219
C19d35e227f61f6882a7,12.962370311680392,1396
C19d35e227fd04c9b829,31.509117646013404,3251
C19d35e2280d01db50d9,31.388866862415888,3239
C19d35e228184a2a9c47,20.799723691472437,2180
C19d35e228239c185cb8,11.499986571542642,1250
C19d35e22825a5026837,3.0000049886860953,400
C19d35e228265a371b42,9.03613494148746,1004
C19d35e22828beb89d1e,15.023183003957769,1602
C19d35e22829e222e65a,34.08971199803557,3509
C19d35e2282b5254db21,5.000368275139378,600
C19d35e2282cb181a03b,35.00496047206074,3600
C19d35e2283381981f60,10.56668067310863,1157
C19d35e22835a90d82a1,14.029367337366216,1503
C19d35e2284b07201e3c,31.081491595820562,3208
C19d35e22855d368df9f,33.3366297018035,3434
C19d35e228569f4ae1be,29.563062097153036,3056
C19d35e2285708c70f83,9.820946320216239,1082
C19d35e2286556e3bc78,9.706051767865716,1071
C19d35e22871859eacc7,33.23337163904284,3423
C19d35e2287b0245c459,21.65193435457778,2265
C19d35e2289f32626575,5.654199577624269,665
C19d35e228cb6b9d417a,32.53577516645628,3354
C19d35e228d61bede390,13.222553144255444,1422
C19d35e228d780a8d231,6.8050942106863905,781
C19d35e2291aa146123b,14.967809503081478,1597
C19d35e2292085495306,37.012256104422825,3801
C19d35e22921e4e68dc9,27.73520544699822,2874
C19d35e2294afe6f50ce,6.954953534187124,795
C19d35e2295dcaa9ea12,31.500970245497967,3250
C19d35e22961336c7b79,12.4436946146069,1344
C19d35e229621fb2a997,1.9457756589987056,295
C19d35e22963a022037a,9.387986812857779,1039
C19d35e22966a14a4bf8,19.099319648715362,2010
C19d35e22967a5fb06c1,5.947844872803852,695
C19d35e229776a23824d,32.5456493003556,3355
C19d35e2298801c19b3e,36.063841231861126,3706
C19d35e2298accbc6055,34.06572092332635,3507
C19d35e2299cc4dc95e2,6.541619669657594,754
C19d35e229a410deb57b,17.627070366352307,1863
C19d35e229acfab02374,36.15839348544727,3716
C19d35e229b44487d4e6,18.749731643361915,1975
C19d35e229d440af1d04,10.806702422581564,1181
C19d35e229ec985ba388,35.42699885118519,3643
C19d35e229efc4788cf7,25.912228635046713,2691
C19d35e22a0ca96580e7,17.471558238510205,1847
C19d35e22a18d4d1ec6d,11.535269130664723,1254
C19d35e22a22eeb777e2,31.601274130906003,3260
C19d35e22a23391e59a1,36.170460990479484,3717
C19d35e22a376734a500,10.944222591246703,1194
C19d35e22a6460eae61d,26.969502133786015,2797
C19d35e22a82cc89ea72,11.310516831308268,1231
C19d35e22ad61b182eec,34.73834019503803,3574
C19d35e22ae5f2faa35c,21.064554166169135,2206
C19d35e22b07a6a288f6,38.66088876160341,3966
C19d35e22b191d1d00d8,22.97529376228157,2398
C19d35e22b1a80dc2825,30.784661207516642,3178
C19d35e22b1e92846c3f,11.487771862612936,1249
C19d35e22b210000e140,22.673387246131114,2367
C19d35e22b2435cbb1c3,2.377592918092449,338
C19d35e22b28f47f9f05,36.78763984495733,3779
C19d35e22b365e8c8173,33.29053990649893,3429
C19d35e22b5d9df24e03,13.335037972461732,1434
C19d35e22b611cb2c147,35.87626245718502,3688
C19d35e22b65a942831a,18.704388935683344,1970
C19d35e22b6686d4f55e,3.731757080628452,473
C19d35e22b816e149706,31.583247532187077,3258
C19d35e22b9a572aa9d9,7.985489950390695,899
C19d35e22b9b2ff3b1f4,10.265879882713408,1127
C19d35e22b9c78eaa423,11.473434620975548,1247
C19d35e22ba92ce3b25d,31.122662381276626,3212
C19d35e22bab589370d3,13.841355295940081,1484
C19d35e22bbbf6dfc510,11.099256205168356,1210
C19d35e22bbfd1bdfa2e,11.484287807824062,1248
C19d35e22bc1af6f288f,2.0001543132170054,300
C19d35e22bc274cdc65e,7.978454433817976,898
C19d35e22bc304336ba3,3.9988504289050866,500
C19d35e22bcba2a164c0,15.315405103605617,1632
C19d35e22be01c3158a8,30.575974617775337,3158
C19d35e22be2fd982976,36.488681087482554,3749
C19d35e22be4378c7d91,1,200
C19d35e22be6f553ca10,6.021687151803604,702
C19d35e22be77c9542b9,22.29194616103053,2329
C19d35e22beb5213458a,10.893180735959577,1189
C19d35e22bef39663f4e,17.534154280559036,1853
C19d35e22bfa496d12bc,21.984673853880963,2298
C19d35e22bfc5a192639,13.36004089208606,1436
C19d35e22c24ac04b1f5,36.15578794078855,3716
C19d35e22c41e063e55d,7.941862488545793,894
C19d35e22c420a42a6ea,13.029557415476036,1403
C19d35e22c43cef7ecb1,30.60887227095761,3161
C19d35e22c4bdd74db33,11.169854847769331,1217
C19d35e22c511ab4deaf,21.337069369983784,2234
C19d35e22c575eb7ffcf,36.011038052562604,3701
C19d35e22c587db60019,23.025795674736468,2403
C19d35e22c599ba857d2,13.472704801774597,1447
C19d35e22c5f6d59f9f1,32.033577179392566,3303
C19d35e22c61de01ceec,9.80433663291879,1080
C19d35e22c8360f40647,36.50989595246759,3751
C19d35e22c8cbc2c6cc2,14.85621995564717,1586
C19d35e22c9606e7d1a0,22.00983048685593,2301
C19d35e22c9c55e051cf,8.910556446035349,991
C19d35e22c9d7902a958,36.059312307164554,3706
C19d35e22c9e72006c50,16.009284060526202,1701
C19d35e22ca0cfbfc417,22.444808881639133,2344
C19d35e22ca5721d88ee,2.2361727897291503,324
C19d35e22ca7b91468ad,7.09685919563235,810
C19d35e22ca8a0cf5a5c,31.005094267098137,3201
C19d35e22cc88eaef788,7.894645953763712,889
C19d35e22ccda00fd046,31.519423219713307,3252
C19d35e22ccfaf3dc236,11.945961884138047,1295
C19d35e22cd0417cc3b9,20.566181603167855,2157
C19d35e22d002300c164,11.227894440622904,1223
C19d35e22d0eb77508c4,35.514743090562305,3651
C19d35e22d0f56f19c18,28.854533683990745,2985
C19d35e22d1edbf90219,16.97177411084279,1797
C19d35e22d25086ef00b,31.592325148075474,3259
C19d35e22d2b726f8590,11.744211225375699,1274
C19d35e22d2cbfe6c027,17.66161087970606,1866
C19d35e22d2de40a0109,8.3054758676788,931
C19d35e22d2e2c3fd2c2,4.0778764510454675,508
C19d35e22d3dc4e3c66f,12.99674211803053,1400
C19d35e22d59104e86dd,22.786985929953733,2379
C19d35e22d63b864d8ed,7.41734035531248,842
C19d35e22d6505aff0d5,9.97092637803793,1097
C19d35e22d6bbec4eb6c,16.56011823248287,1756
C19d35e22d8a3ea98358,24.537978628497218,2554
C19d35e22d8fac2f01fc,31.75736929164245,3276
C19d35e22d93576dbf52,34.57759414346779,3558
C19d35e22d943646e867,29.936738511114747,3094
C19d35e22d9f82177bfa,27.510166549419647,2851
C19d35e22da310b2d89b,36.051067253822005,3705
C19d35e22da5d6daba5b,1,200
C19d35e22da6e9ed1dd5,7.264767234102363,826
C19d35e22da7fe573ec9,10.347617812041936,1135
C19d35e22da8c264fcb0,14.183825003075286,1518
C19d35e22dcc97977ef2,34.20667593358767,3521
C19d35e22dd179573c37,31.95146938507184,3295
C19d35e22dd9d6d88ab4,12.522226086200037,1352
C19d35e22de655152b9f,16.539648017613455,1754
C19d35e22dec37305edb,12.654475637977974,1365
C19d35e22dedd0b1fa5d,1.7439889711787147,274
C19d35e22dee1c95b9d2,11.516287869397292,1252
C19d35e22defcbe2a119,24.07603578823972,2508
C19d35e22df076dc70e2,6.075229897796176,708
C19d35e22dfb3c5530ea,27.090525456060075,2809
C19d35e22e064a9c3a7a,33.19617141612176,3420
C19d35e22e116d18a88f,11.39416729515828,1239
C19d35e22e125c9ffecb,12.791254800982715,1379
C19d35e22e13fb852c02,7.7080199335549295,871
C19d35e22e14487e4311,16.916080459966874,1792
C19d35e22e15a1f6df50,32.28686878970885,3329
C19d35e22e178624aa66,21.99399336016603,2299
C19d35e22e1888c28e99,16.93861965591618,1794
C19d35e22e1e7416762d,3.9516622183798424,495
C19d35e22e1f1edde59e,23.208644043007858,2421
C19d35e22e208f4bca33,11.01588989121764,1202
C19d35e22e22dc60e3d9,26.21003533376223,2721
C19d35e22e23feb5d78f,6.478709971051085,748
C19d35e22e25a1119ef7,36.25692020329194,3726
C19d35e22e2632159742,31.008813737565184,3201
C19d35e22e2a27299d11,32.801891033284555,3380
C19d35e22e2b0ecb62aa,12.003597389283854,1300
C19d35e22e37fb3c2ba2,35.32320882599872,3632
C19d35e22e3943e5db0d,10.976908211984707,1198
C19d35e22e4efe61eb33,6.650794079810028,765
C19d35e22e52502f5d95,30.869813663481715,3187
C19d35e22e891727c3fa,13.614282182690873,1461
C19d35e22ea09c9aafb6,20.875841878409908,2188
C19d35e22ea6afe8a03e,25.033722721597456,2603
C19d35e22ea73f35bed8,11.287210720934667,1229
C19d35e22ea8b97fcdaa,19.033220143224373,2003
C19d35e22ea9b6e47d5b,26.03687134079889,2704
C19d35e22eac979b7134,9.4934873102478,1049
C19d35e22ead3302e2e6,27.040312359284613,2804
C19d35e22eb1850ae05a,1,200
C19d35e22eb77e4199f6,10.046468428789202,1105
C19d35e22ec00a4b517d,11.65135047443844,1265
C19d35e22ec11a45d912,1,200
C19d35e22ec324940ec8,19.23240966442221,2023
C19d35e22ec46cb83edf,8.544242921229483,954
C19d35e22ecbeca8e6ba,3.8380866805700635,484
C19d35e22ed3e9e58860,28.051667563266694,2905
C19d35e22ed4274079cc,24.274689603259233,2527
C19d35e22ed525faa5c8,38.290084223279976,3929
C19d35e22ed63cebb348,25.020620907749475,2602
C19d35e22ed716a2024b,11.116589204833572,1212
C19d35e22ed89d32e301,32.07284028135303,3307
C19d35e22ed975d17df0,29.021650756082455,3002
C19d35e22ee14003d6bd,6.023721674212035,702
C19d35e22ee32d037859,18.015249392208958,1902
C19d35e22ee6eeac6349,17.11866663137336,1812
C19d35e22ef5abc3887a,28.50652533772205,2951
C19d35e22f0990b7a45c,9.899900571319392,1090
C19d35e22f10a725635f,24.985623175453135,2599
C19d35e22f1192c28d95,11.681226805505679,1268
C19d35e22f167b284247,8.287065511780797,929
C19d35e22f17ae9d189f,4.469787685023387,547
C19d35e22f389261a13b,25.010484216853637,2601
C19d35e22f3cdf3eff0a,26.59892326947468,2760
C19d35e22f4cd681ad0e,5.977843251674959,698
C19d35e22f4d85d63ae4,9.957143241163894,1096
C19d35e22f4e33690722,20.26848189087955,2127
C19d35e22f53a6e5c5a6,35.01264890782936,3601
C19d35e22f56638269cd,29.084185923640423,3008
C19d35e22f60c9f94f27,34.08230010542475,3508
C19d35e22f62bd320a8d,11.501420332207854,1250
C19d35e22f638daeb06a,6.000232218446271,700
C19d35e22f64e743318d,9.974636469295069,1097
C19d35e22f65c5858dfc,6.9989399446611715,800
C19d35e22f673e2c91e5,14.026653300180307,1503
C19d35e22f68f82d9ffa,17.001258007948607,1800
C19d35e22f6e9ac35666,5.755105918256636,676
C19d35e22f941460d07a,18.006120718569072,1901
C19d35e22fa45f55effe,11.708607224610118,1271
C19d35e22fadfa1d5bd8,34.08718512760258,3509
C19d35e22fca1bde5c2c,20.127426657564964,2113
C19d35e22fd7132ff44e,14.48924389769896,1549
C19d35e22ff5c986def1,33.17520442183467,3418
C19d35e22ff68bb74b86,9.010035664996309,1001
C19d35e22ff711f332f9,1,200
C19d35e22ff8590f9a68,30.05530664024482,3106
C19d35e22ff954a2f70b,14.998074081613481,1600
C19d35e22ffabdae8cf8,7.995561319379614,900
C19d35e22ffbc3ff9cfd,4.999457741012762,600
C19d35e22ffcb51572a4,18.749118929648564,1975
C19d35e2300e6519c217,1,200
C19d35e2300fbc62538d,3.88071085868926,488
C19d35e23010dd7a8e85,6.747742518391566,775
C19d35e23011e735332f,11.226672036397845,1223
C19d35e2301933c1665e,32.163963826814935,3316
C19d35e2302487706392,9.546871471484149,1055
C19d35e23037f6692aee,18.752842607108658,1975
C19d35e2303ee63405a8,33.66751285652381,3467
C19d35e2304aea076294,12.256632116744322,1326
C19d35e23062ab6eb9ac,14.463234254522753,1546
C19d35e2306365c488dd,11.097979230413854,1210
C19d35e2306465d797e3,2.930017023157984,393
C19d35e23066892704ee,8.975472537300583,998
C19d35e23067cfbd3724,5.962877180197645,696
C19d35e2308aeeb8d460,12.036669585322548,1304
C19d35e23099a7eaab37,17.38139551388517,1838
C19d35e230a9b4eb7b2c,5.079099269008602,608
C19d35e230abab6907c2,7.93882827493803,894
C19d35e230ae16996e3f,11.927503931929387,1293
C19d35e230c8e53016a5,36.05465016745277,3705
C19d35e230cf2fe2bb15,21.78975537862274,2279
C19d35e230dc590b7e3e,36.86027053769835,3786
C19d35e230e9b708c549,14.711178097966915,1571
C19d35e230f099cbd947,22.730516475698693,2373
C19d35e230fe3c49bf4b,17.45791084861324,1846
C19d35e230ffd1118362,34.54264233962344,3554
C19d35e2310696b662c1,1.767843404097098,277
C19d35e2310f04be1991,18.368756402797324,1937
C19d35e23125b85e5038,35.62189528071293,3662
C19d35e23133c19101ac,33.38146661829831,3438
C19d35e23139fc8a7691,3.9958518117451916,500
C19d35e2313aaf107f29,11.05987056213564,1206
C19d35e2313d601a28a0,12.272514771147026,1327
C19d35e2313e8ef0fab0,34.02981740673337,3503
C19d35e2314124eb317d,27.03021043990696,2803
C19d35e2315205f79233,35.60788885890903,3661
C19d35e23166354cda0f,14.989119992388108,1599
C19d35e23168251c264c,25.02857818036768,2603
C19d35e23180b44b53c6,13.13064151481388,1413
C19d35e231a64e7298f5,11.54101067806627,1254
C19d35e231a71a9670e0,3.0012243472821183,400
C19d35e231acc32e8936,28.623044751455446,2962
C19d35e231adab396fcc,7.938605759555517,894
C19d35e231b3c3ad9586,4.980719047108485,598
C19d35e231b53932eac0,18.617971587432628,1962
C19d35e231b8bfc7124b,2.9213990263261524,392
C19d35e231b920e95da9,6.929257550107471,793
C19d35e231ba581bcfc1,11.022856229779896,1202
C19d35e231bc3c985e4d,11.80213571376325,1280
C19d35e231bd358427ee,21.18257942630596,2218
C19d35e231dd8de9bc51,16.590026637403145,1759
C19d35e231ed9e00413f,11.413669442108034,1241
C19d35e231f68fae837f,16.746863397326894,1775
C19d35e231f732939298,25.890575249562264,2689
C19d35e231f841ac8f76,6.732101978749343,773
C19d35e231fb1f6b06c4,1,200
C19d35e2320ce2e2ad1c,15.019095476041613,1602
C19d35e2321707f37d8c,31.300846826730847,3230
C19d35e2322e9a6b58bc,12.05255560373987,1305
C19d35e23236cf3d0419,31.90916370255183,3291
C19d35e23239fd7a1f24,9.880831472429678,1088
C19d35e2323ab06dc780,6.978264743679713,798
C19d35e2323b00013460,18.076952586321884,1908
C19d35e2323cff46eb12,4.9944062562167675,599
C19d35e2323efb84d771,11.150792532813929,1215
C19d35e2323fe60f1649,9.16595379912402,1017
C19d35e23240c72ce87f,5.004955859790157,600
C19d35e2324b76a78f29,26.78938492122567,2779
C19d35e2325aac341b82,31.43693899398313,3244
C19d35e232970dbdc7cd,17.35079965848385,1835
C19d35e2329d5b703b26,11.551583100908724,1255
C19d35e2329f8cdf62f5,6.0353756537298375,704
C19d35e232a350378f90,2.732631058461841,373
C19d35e232a59abccb99,33.785097934016264,3479
C19d35e232a619f8c39a,25.338920918139884,2634
C19d35e232ac31e9fcde,11.211888082331804,1221
C19d35e232d69b26a6e4,10.548547339607026,1155
C19d35e232da1cab106f,13.739090069784654,1474
C19d35e232de4cd376d4,21.705889152966265,2271
C19d35e232e2a7a9de90,27.546522926473735,2855
C19d35e232e5de28d9ac,38.24471080424668,3924
C19d35e232fcb3b378f0,11.509158530308449,1251
C19d35e2330ad63e9d1c,6.736035587590253,774
C19d35e233208dd1f7c6,36.57616788038792,3758
C19d35e233275f16a23c,16.955134604996825,1796
C19d35e2332d2a7df6a5,16.255564863826052,1726
C19d35e2332ef7201412,27.28021577811762,2828
C19d35e23341d6561afa,11.183106626053375,1218
C19d35e2334ea6b15ca0,34.47344705743715,3547
C19d35e2335dd97708e5,22.89104265908285,2389
C19d35e233600e67ca45,24.045965292947514,2505
C19d35e233636e66c552,33.34318637250831,3434
C19d35e2337a1077ae25,35.06650509023543,3607
C19d35e2339f69ee07b8,1,200
C19d35e233a111afebb5,4.8899269691143274,589
C19d35e233a3beaed25c,8.248544582436876,925
C19d35e233a59805d009,8.964399741685552,996
C19d35e233aadffa2f84,18.989375570172186,1999
C19d35e233ad85276bf7,24.842577105924757,2584
C19d35e233af3c276f5a,35.380483727141915,3638
C19d35e233bcfde7b76b,11.02816625665529,1203
C19d35e233bd4e0b8cfb,7.000675540229863,800
C19d35e233be0f36e8b8,2.9821766859636583,398
C19d35e233bff4d87072,23.356387453817042,2436
C19d35e233cdecdc43b2,25.95584973003078,2696
C19d35e233d74ab16972,1,200
C19d35e233e5ac0cb2e5,9.704804013337714,1070
C19d35e233e723a82fea,9.803782218235924,1080
C19d35e233eba8030dca,26.94512037277493,2795
C19d35e23408311fec5b,33.24986463386104,3425
C19d35e234131a369870,25.43265954949805,2643
C19d35e2341547b13ba0,36.34141554439836,3734
C19d35e2341794190358,36.82608048222032,3783
C19d35e2341ee13f257d,34.04792260862286,3505
C19d35e23422769226c2,32.23151279310402,3323
C19d35e23434c74d2106,14.530483484653125,1553
C19d35e234450d366bf3,10.021826158017333,1102
C19d35e234461ef9be6c,8.000315001450591,900
C19d35e23447fdb28185,2.9968599575284176,400
C19d35e23448e89d6c89,5.9550087670991765,696
C19d35e23449ac89680d,10.638942812397845,1164
C19d35e2344aa9368826,12.124570173561448,1312
C19d35e2344de95cf40c,11.536847357248796,1254
C19d35e23486fdaef486,3.0938399437687583,409
C19d35e2348730981a62,6.263224093180016,726
C19d35e23489f5967514,9.525950788032372,1053
C19d35e2349851debe2c,31.053076442513248,3205
C19d35e234a73a0da1bc,16.75882078267905,1776
C19d35e234a940672aa5,1,200
C19d35e234acb1b89b38,3.006061776061975,401
C19d35e234ae58057e6b,5.007925677454649,601
C19d35e234af35a4fb6a,9.027226331856482,1003
C19d35e234b0f4c8e633,11.500039879778939,1250
C19d35e234b140f46ea0,9.907388155379698,1091
C19d35e234b3976feb98,11.77825733968266,1278
C19d35e234b493ad3025,6.620414225657821,762
C19d35e234b5bac4bf1f,3.955369188557049,496
C19d35e234b704e4cca2,36.02991188497448,3703
C19d35e234f548966d74,25.85676558088202,2686
C19d35e234f65337114a,35.04805293796407,3605
C19d35e234fbf3c67176,35.29310033149723,3629
C19d35e234fd923af354,24.476414394046227,2548
C19d35e23506e63c5287,7.030678902071456,803
C19d35e2350b5df20b42,32.788041442840246,3379
C19d35e2350e688703b6,12.60452088908754,1360
C19d35e2351c3fad3cb9,10.946869237585211,1195
C19d35e2352e7f37e864,13.237026218872469,1424
C19d35e23539683f6f21,34.8479788993006,3585
C19d35e2353f80703ce9,10.025778982774403,1103
C19d35e2354010a7c7c5,35.00288656935349,3600
C19d35e23541f250aae5,8.00744432574477,901
C19d35e235428f4df383,4.9938580727232385,599
C19d35e2354a2a660bae,6.51986028103562,752
C19d35e2354b2ac42213,8.782745330904321,978
C19d35e23555142614a8,10.610461271873543,1161
C19d35e2355649d81597,7.82998685182708,883
C19d35e235598dd587ad,4.024204695038826,502
C19d35e23568c4d21ed6,15.43253092765513,1643
C19d35e2356a348b5d0e,16.659230277819947,1766
C19d35e23571731bc32e,35.091799007382605,3609
C19d35e23584fb205bdf,34.23392805956332,3523
C19d35e23593b50cc4f9,7.092059653634262,809
C19d35e2359c8490fdbb,36.28088626579309,3728
C19d35e235aadfe88bed,18.074687866231603,1907
C19d35e235b6e185cf08,23.68689078919005,2469
C19d35e235bbedc9cbea,16.42158017268811,1742
C19d35e235fc7f28b2b3,32.402953413527335,3340
C19d35e23603af1b8cb6,1.9973312078698955,300
C19d35e23604094b2330,6.997063274286695,800
C19d35e23605504e05d7,10.072148178124657,1107
C19d35e23606cdded28e,17.561822728812604,1856
C19d35e2360732dcb4de,34.641705845601955,3564
C19d35e23631efca1b7f,8.272831374932746,927
C19d35e23634e9149eda,15.039197094392177,1604
C19d35e23643a19fffbd,11.834327912799331,1283
C19d35e2365184b36309,8.958991207701127,996
C19d35e236baf6df946c,13.697246991159526,1470
C19d35e236cd27ec99b5,17.913164798712465,1891
C19d35e236e7fdc6044e,12.820536784553498,1382
C19d35e236ea2238c82a,34.3517965559775,3535
C19d35e236eebe94d499,28.308294534536326,2931
C19d35e236f0c051015e,9.432108998921212,1043
C19d35e23701b208ceaa,35.049333709686316,3605
C19d35e23731a97278a1,27.40406673901596,2840
C19d35e23732ae3279e0,34.238816596609226,3524
C19d35e2374368da2ca0,35.45180772829397,3645
C19d35e237594858497f,7.034085214024971,803
C19d35e2375a6629fe88,3.856423658217913,486
C19d35e2375bbc149a6d,1.4727522949051368,247
C19d35e237a82775b785,22.379395177140793,2338
C19d35e237ab1088dd62,2.7672468523124616,377
C19d35e237b1e2f04185,11.210338688969777,1221
C19d35e237b4165d8121,7.425723796879262,843
C19d35e237c885cdb8d4,27.923902650168746,2892
C19d35e237ca12413674,19.231132816593114,2023
C19d35e237ccd6dc84dd,34.96457143275694,3596
C19d35e237cd1491024c,32.02451483486199,3302
C19d35e237ce26011c10,10.285756039650192,1129
C19d35e237cfc6970950,5.961177741652683,696
C19d35e237d0eb39f89c,35.69260451726289,3669
C19d35e237d773c40e5c,32.30526175412221,3331
C19d35e237d8675315e3,35.38720552441206,3639
C19d35e237daf70b228c,2.723631388175408,372
C19d35e237dba2b80fa1,5.293927737295358,629
C19d35e237ddcf9498ff,10.662602142653817,1166
C19d35e237dfb8ff6d4f,12.47603739590534,1348
C19d35e237f2cb48ff7f,8.003985367877563,900
C19d35e23802d5f28bcc,12.132961143015343,1313
C19d35e2380833728436,25.69401834939443,2669
C19d35e2380f808bb594,32.09201407629833,3309
C19d35e23820ae468024,27.423099153619642,2842
C19d35e2384093e3a127,22.3501027470372,2335
C19d35e23844460ebba6,23.271219301793302,2427
C19d35e2385a5e8c27f6,10.119098781084269,1112
C19d35e2385b583fe359,22.043057067871892,2304
C19d35e2386055c88d5b,35.02334387903322,3602
C19d35e2386f8401eca7,3.5111887119637295,451
C19d35e2387ebc741ad6,13.99245133320238,1499
C19d35e2388c87668067,22.539633479721605,2354
C19d35e2389cd070c31e,10.84255830673752,1184
C19d35e238c66942b308,34.77588819576824,3578
C19d35e238ca99d1c9b5,16.884418035134086,1788
C19d35e238cb04ffb847,8.87046009719732,987
C19d35e238e47e10205e,32.25831949437779,3326
C19d35e238e55ba35408,7.331448351388767,833
C19d35e238e88f68f213,22.770035871046268,2377
C19d35e238e90084872d,18.015300418242244,1902
C19d35e238eaabb4139c,26.0119307773111,2701
C19d35e238f1cd96f5f5,11.522853039323513,1252
C19d35e238f256240fd7,7.722401228832836,872
C19d35e238f3b4adb297,4.340871488109697,534
C19d35e238f89d41e4bb,19.99912773548012,2100
C19d35e2390146aa82d8,3.791315693018686,479
C19d35e23902071109c1,8.74602037026826,975
C19d35e2390350c09d7c,11.163255501833827,1216
C19d35e23907c327b027,26.460872619409233,2746
C19d35e239117a3a3e55,21.681212237444253,2268
C19d35e2393406d83a1e,21.58794797274777,2259
C19d35e23952cffd0061,32.23902565784915,3324
C19d35e23954475cf022,27.369406698834798,2837
C19d35e2395c91975f98,20.417149862791582,2142
C19d35e239637bef779b,4.070212917842498,507
C19d35e239731f2aeb4c,33.84832961466935,3485
C19d35e2397cd8b70671,25.80906729619254,2681
C19d35e2397f13f27ebc,4.777382384231737,578
C19d35e239a277244df6,10.212516257325966,1121
C19d35e239a33552c0b4,12.48760813897733,1349
C19d35e239a54c692ad7,7.915028840770498,892
C19d35e239a726307e6a,5.001016578020136,600
C19d35e239a9828e7f83,21.435518987903684,2244
C19d35e239c52e6d40cb,31.34772447273308,3235
C19d35e239c69fe06852,34.70702991803032,3571
C19d35e239d518e24c3e,7.995713669239368,900
C19d35e239e29835c3ea,10.730107857390829,1173
C19d35e239e3d27990c6,24.72350222526087,2572
C19d35e239e496fc7e46,35.75314165877654,3675
C19d35e239ed00b1fa8f,11.06673370641618,1207
C19d35e23a085c9f0cd6,7.13107086604012,813
C19d35e23a09225b5eb7,10.910369033153266,1191
C19d35e23a0a5bdd70de,11.750408592812116,1275
C19d35e23a0e0eec1169,30.344472802782867,3134
C19d35e23a16eb34c080,33.56941176066079,3457
C19d35e23a47b48a67ed,3.951261605336561,495
C19d35e23a4940ff3c22,14.217515027726066,1522
C19d35e23a59e7d0f241,8.411614459422665,941
C19d35e23a858b522943,5.625523569605789,663
C19d35e23a8c5e6da385,8.47791338673236,948
C19d35e23a8f83f14918,10.683828717581058,1168
C19d35e23a94ae0a8957,21.23521916659342,2224
C19d35e23aaef64469b1,20.741410702544787,2174
C19d35e23aaffbe08790,29.843723486507848,3084
C19d35e23ab5815d0553,36.32747957695451,3733
C19d35e23ac42a18a898,32.89222716306846,3389
C19d35e23ac6f0e22c99,27.503142765991964,2850
C19d35e23ad13e7d1e88,14.718079485349278,1572
C19d35e23adc5738f7b7,33.72785683891839,3473
C19d35e23ae094b41063,12.819738995221467,1382
C19d35e23b14e3eb6c3a,11.005315124751434,1201
C19d35e23b163753f788,8.889462601777167,989
C19d35e23b1787e79262,5.9804560671693805,698
C19d35e23b1f74cacd5e,21.915231205647437,2292
C19d35e23b201ee8eb65,32.9059560542763,3391
C19d35e23b374a77138a,11.018530417624966,1202
C19d35e23b3832a7f799,8.937482715023979,994
C19d35e23b397d5f2002,4.976029065636179,598
C19d35e23b3e3d78a9cc,2.5117424023599924,351
C19d35e23b48417b3b02,15.087684671397385,1609
C19d35e23b4a4bc1db6c,33.12610327910351,3413
C19d35e23b53b74ae145,11.002224933624387,1200
C19d35e23b55cdd00d42,6.99520018434382,800
C19d35e23b579ac41df1,12.498427121275482,1350
C19d35e23b597a4f47ae,4.000055859284264,500
C19d35e23b60107e3027,25.41734644783355,2642
C19d35e23b72000b1da8,35.54917019625412,3655
C19d35e23b87c98ccb4a,31.81238291256036,3281
C19d35e23b9631ba21b8,31.482639239965014,3248
C19d35e23b9783137d59,36.01282293706928,3701
C19d35e23bd59d1dc88b,20.73264673389349,2173
C19d35e23c03fba41549,15.553443412126674,1655
C19d35e23c042691f8e7,6.935531691305448,794
C19d35e23c05788fb806,35.768897143664006,3677
C19d35e23c07d20d7479,1,200
C19d35e23c0d709a3f84,24.06055317566423,2506
C19d35e23c57c57548e8,21.12781097725559,2213
C19d35e23c5bf7e47c57,33.7133642490167,3471
C19d35e23c7bd295af0e,34.62067546048453,3562
C19d35e23cbb3c0f0720,35.72104987052363,3672
C19d35e23cbea55ec8c5,16.90426866458218,1790
C19d35e23cc71714499a,31.539688559869845,3254
C19d35e23ccb6a62f344,15.667552956577127,1667
C19d35e23ccd559a69a8,36.13030459378002,3713
C19d35e23cd2ac3f50df,20.61006859273654,2161
C19d35e23cd5072a9a78,1.8290496111261159,283
C19d35e23cd6aa2ff9c3,11.480544714933188,1248
C19d35e23cd722689616,12.063708426850145,1306
C19d35e23d00f9314f84,6.036284581306238,704
C19d35e23d0120d3c7ae,8.302639402118103,930
C19d35e23d039f9deac6,3.6409062380011155,464
C19d35e23d047732751d,9.33623941160632,1034
C19d35e23d14ff8fb923,13.556275905956872,1456
C19d35e23d3c960e7036,28.15525927713673,2916
C19d35e23d4b2235f4a2,18.69926959109913,1970
C19d35e23d9aa872268f,20.786941939485743,2179
C19d35e23d9e6aa9caf0,4.9887603807402625,599
C19d35e23da74e4bbc05,34.216244727086654,3522
C19d35e23dab499550a2,38.587336669965126,3959
C19d35e23dbddcc0bd59,30.294971773713556,3129
C19d35e23dc3b489aa1c,21.22595402562906,2223
C19d35e23de5c2d8073e,12.40715007459058,1341
C19d35e23de6adb34881,26.221581119353925,2722
C19d35e23decfbcff4e9,30.167201709815306,3117
C19d35e23df1936e5f00,31.111236756096165,3211
C19d35e23df46833f994,9.624766598511968,1062
C19d35e23df5d6fa41fb,36.021105962598995,3702
C19d35e23df6337b77c8,13.402746968032224,1440
C19d35e23e1c13c60f4a,13.158030959635376,1416
C19d35e23e1ebeb76c71,25.957095860743777,2696
C19d35e23e25fdf11b82,9.848348166159665,1085
C19d35e23e286c4328de,35.04207720369456,3604
C19d35e23e2e6edd4857,1.4542095177427914,245
C19d35e23e334a944471,31.100890421114322,3210
C19d35e23e402bf76ee4,11.142933402584777,1214
C19d35e23e41bfda8b3b,7.169497059402274,817
C19d35e23e42fdf1153f,26.543900536717402,2754
C19d35e23e448ffe181d,1,200
C19d35e23e45ff558754,14.366656349294864,1537
C19d35e23e57c694e0ce,13.256422835452103,1426
C19d35e23e58ac2aab79,25.334139000430532,2633
C19d35e23e5a637a7af2,31.327356091676286,3233
C19d35e23e5b8924cab3,30.728345705709682,3173
C19d35e23e5e12ce9836,11.04612133211977,1205
C19d35e23e62529bfb51,6.737006768394284,774
C19d35e23e6b0c93879c,37.00984152805238,3801
C19d35e23e71c1a6e733,3.7648645244431136,476
C19d35e23e75efe486e6,27.641679065820696,2864
C19d35e23e91aaaf8451,34.20383336479565,3520
C19d35e23ebf1e50d611,11.769618441666202,1277
C19d35e23ec047000b59,1.9776929930848408,298
C19d35e23ec1170407c3,9.852830668465712,1085
C19d35e23ec280dcb7c0,23.158483522706213,2416
C19d35e23ec33f0da93f,5.964062531633458,696
C19d35e23ec408ee2491,9.335550812407774,1034
C19d35e23ec77c005e15,21.95082073231728,2295
C19d35e23ece38a17b6f,5.926107113643288,693
C19d35e23ee3a23cc29b,34.662769679488385,3566
C19d35e23f0bc5ebff96,9.457001817021624,1046
C19d35e23f23aa19799c,15.794567249315303,1679
C19d35e23f2f3c1dbd1c,18.560542772434935,1956
C19d35e23f631d32d968,27.776393715516434,2878
C19d35e23f6f97ef0720,10.638766208428958,1164
C19d35e23f70ee8a6ef1,22.21429498965558,2321
C19d35e23f76febf98e8,11.945548187286036,1295
C19d35e23f7aa0ba3854,16.428254926538525,1743
C19d35e23f7b5354ec4f,24.057368569830867,2506
C19d35e23fd839729c55,27.482747011200438,2848
C19d35e23fe4bdeb1512,18.620766498983244,1962
C19d35e23fe5f9a671a0,10.944664034826197,1194
C19d35e23fe85068a45d,28.046187288528746,2905
C19d35e23ff3dbbf6b93,32.499351986111776,3350
C19d35e2400012b5dc37,26.294722902761766,2729
C19d35e240028cc2abd3,3.955782678325166,496
C19d35e24005d2e4c067,8.049391004606612,905
C19d35e24007fa3dd985,11.200785446189432,1220
C19d35e2400cb3afddf9,34.91100230082014,3591
C19d35e2401dfa1e6d9f,38.064348952316635,3906
C19d35e2401ed2bda810,36.14853147875954,3715
C19d35e2401f91dc25d4,33.68324283315422,3468
C19d35e240212cd1e4fb,32.85113751967447,3385
C19d35e2402b652cb1ce,17.07534597938769,1808
C19d35e2402cc0199d91,11.249388827195823,1225
C19d35e2402d3e270714,1,200
C19d35e24030bf715911,7.7475307388063,875
C19d35e240314816f7cd,16.977302290534997,1798
C19d35e24032a550bc6f,5.27554228837153,628
C19d35e24039e621793c,13.928855024406428,1493
C19d35e24041a5ba8afa,8.048821144490907,905
C19d35e24042f30bdb5b,5.004272166092951,600
C19d35e2404360d64cdc,2.014974523107486,301
C19d35e2405034b379a5,11.876937737829424,1288
C19d35e24052a1e20232,31.27056466386738,3227
C19d35e2406777dca0be,27.555391728177124,2856
C19d35e2407a19a17884,34.569118245773836,3557
C19d35e24087a507fcaa,4.948947000389047,595
C19d35e2408885c16c47,8.939992827053794,994
C19d35e24089cc345e95,10.096378769779179,1110
C19d35e2408a3c68e5ef,11.79320641793332,1279
C19d35e2408c1ee0fd28,13.51759057964012,1452
C19d35e24092c7cf8bd6,11.542140202204484,1254
C19d35e24096a6e89ba3,12.345038055456596,1335
C19d35e2409752bd4a38,22.310321868274578,2331
C19d35e2409e0d96c710,34.50698613971439,3551
C19d35e240a76094366b,21.504013400652237,2250
C19d35e240ba9fca50ea,16.13954262376985,1714
C19d35e241228d3710c0,37.24695428359637,3825
C19d35e24126f57bbe07,39.26044276307756,4026
C19d35e2412a2e1cc302,36.684570202299874,3768
C19d35e2412cdd6564a5,19.389444188387884,2039
C19d35e24130f8d18891,15.911047576852647,1691
C19d35e241326da2aba9,5.635338070679388,664
C19d35e24135a7355642,7.421341752678647,842
C19d35e2413774a192e2,11.269515180654652,1227
C19d35e24139ee800257,12.311014784384021,1331
C19d35e2413a43a8d194,34.02828653570026,3503
C19d35e2413f8df73580,39.00199613533479,4000
C19d35e241418f53f644,34.06795565148113,3507
C19d35e24142500a4571,28.30728197996778,2931
C19d35e241443af6155a,36.03094954947897,3703
C19d35e241472e70688e,31.62343887521958,3262
C19d35e241647d1faee1,27.317895986640178,2832
C19d35e241947729676d,23.589353830323827,2459
C19d35e2419d188b7234,32.3789776841249,3338
C19d35e241b634215f26,15.656801136618101,1666
C19d35e241c1ed141b31,27.043415111541417,2804
C19d35e241c294947dd9,10.981000408424073,1198
C19d35e241c745a68bcf,6.955819057385463,796
C19d35e241c845417daf,19.190097618852278,2019
C19d35e241cfe9ab0e4f,25.80559884948205,2681
C19d35e241d06f5a9255,32.287803854189654,3329
C19d35e241d1770834ae,1,200
C19d35e241d27bb5ef3e,36.26699560956468,3727
C19d35e2422855957200,11.539067856171528,1254
C19d35e2423819dc9f34,20.520872295636607,2152
C19d35e24248f12e4c62,11.717076808836767,1272
C19d35e2426f4b60aee3,28.85280054331427,2985
C19d35e24278dc0ded9b,17.33830784183472,1834
C19d35e242796b17f740,9.049731821063297,1005
C19d35e2427c10efdd44,4.000511805655126,500
C19d35e2427d48cc6d08,22.02800930630494,2303
C19d35e2427e555e504e,15.000935456736272,1600
C19d35e2427f1dfd4649,20.415143322157935,2142
C19d35e242811e2eb3cb,11.97697229581845,1298
C19d35e24282f1b02a46,27.907939470365267,2891
C19d35e242834e3a41f7,10.221579811834971,1122
C19d35e24284c23cdad5,6.955042697961046,796
C19d35e2428818edd845,15.119828972925466,1612
C19d35e242899d6b3752,11.264338237142285,1226
C19d35e2428a4c2cdce5,7.230101012614377,823
C19d35e2428b648bdad2,2.8390311672804347,384
C19d35e2429fdc4be3d9,8.915278809703628,992
C19d35e242a083a6b021,4.030395724997562,503
C19d35e242ad6cb16941,35.07036639639414,3607
C19d35e242b2487a250d,12.623025986738492,1362
C19d35e242b7067630d8,6.1109406415811165,711
C19d35e242ca6ba49608,13.89134722556054,1489
C19d35e242e248dace44,4.659709687300087,566
C19d35e242e8f741a173,34.581290865918824,3558
C19d35e242f9825c33da,27.552689909225446,2855
C19d35e242fb19eb1934,33.17583010536308,3418
C19d35e243166122d39e,11.027530152660635,1203
C19d35e243188778891e,1.995832577111365,300
C19d35e2431a10a45787,8.012304532862295,901
C19d35e2431cbdcc3678,13.577379692065538,1458
C19d35e2431e3003a27c,32.68317487028042,3368
C19d35e24320ee0cb262,35.615106706695116,3662
C19d35e24322742f6395,3.979862826990129,498
C19d35e2432363ff6c72,23.939156016096593,2494
C19d35e24324f57c4122,14.998256409893589,1600
C19d35e24325af5c12a9,32.79545059432727,3380
C19d35e2432760196bdc,21.191763790167073,2219
C19d35e2432962ceb2e2,9.5035107668679,1050
C19d35e24332a6e64f42,6.625279986340115,763
C19d35e2433502328927,11.987808105455454,1299
C19d35e2433958b5f40b,3.2379155178733328,424
C19d35e243416b20f246,35.70187102336573,3670
C19d35e24349967a3499,11.004119620195953,1200
C19d35e2434a6ddc4314,9.004733962234024,1000
C19d35e2434c0fa5e6fa,6.0005130829718905,700
C19d35e2438206d139cd,8.35943202040624,936
C19d35e243899aff7293,36.7662673197412,3777
C19d35e2438d738c8e5e,38.33259301115645,3933
C19d35e24394ee169db5,15.054499021825677,1605
C19d35e24397ac6ea84e,25.03584652528003,2604
C19d35e243a62c0c29d8,36.83272588953042,3783
C19d35e243a8a95eaa9e,19.380302071889776,2038
C19d35e243e01548f81f,1.8198217461147748,282
C19d35e243e1d55f4be7,5.958302403664492,696
C19d35e243e220ae5624,10.472057888212872,1147
C19d35e243e7cccb3667,28.181658316940126,2918
C19d35e243e869bfe1a0,34.3346076307904,3533
C19d35e243f9d2840004,32.70080663687502,3370
C19d35e243fa506be6b2,22.009799792702097,2301
C19d35e243fc9eba6a6a,35.55179791584517,3655
C19d35e243fdb22ef030,5.92816702959864,693
C19d35e243fe2986ba29,8.569806510041165,957
C19d35e243ff971bc25c,12.593720666260882,1359
C19d35e244017a0aaa9c,16.85558516919354,1786
C19d35e2440217e25bfa,25.514064403989572,2651
C19d35e244035a973d80,32.57053123627741,3357
C19d35e244164d312d75,5.872744283948352,687
C19d35e24428555058aa,15.338953533287254,1634
C19d35e2443b5a344022,15.315810745804248,1632
C19d35e2443dad80f950,25.19311553472164,2619
C19d35e2444ff86baa77,36.48282913155498,3748
C19d35e24450e8a240ff,30.995986622238604,3200
C19d35e2445e38e07835,29.626824478482018,3063
C19d35e2445f194ff81c,33.118568186817285,3412
C19d35e24461b5077aef,17.125009367883408,1813
C19d35e24464b006fd66,36.536513276787254,3754
C19d35e24466fb5dcea1,4.995569669811474,600
C19d35e2448faa35a85f,21.449656122770307,2245
C19d35e244b607bc5186,9.807432549846144,1081
C19d35e244b85e416e19,8.125502225627606,913
C19d35e244bbe2748dee,11.800583536448329,1280
C19d35e244bc05b9b9ad,5.463124565522099,646
C19d35e244d19c11f617,33.68635924732575,3469
C19d35e244d85b833a87,9.893129632638974,1089
C19d35e244d963c707e7,1,200
C19d35e244db22d7a84a,7.73130725887553,873
C19d35e244dc486e36f1,17.5553454553266,1856
C19d35e244dde15bb099,11.949791278134516,1295
C19d35e244deb896c457,3.946223586102435,495
C19d35e244df197e38ae,36.76187027488104,3776
C19d35e244e1f980ee3a,34.10837416712145,3511
C19d35e244e3eaca60c9,13.30165857844789,1430
C19d35e244e48ac2c1d4,16.459060068940236,1746
C19d35e244fc76c5417e,8.779544947499312,978
C19d35e244fd28085825,11.69096379647785,1269
C19d35e2450019a058a2,26.312875236367834,2731
C19d35e2450bfc1783a9,35.54414884077195,3654
C19d35e24524b7e33abb,22.50959793310802,2351
C19d35e2453c51de4d93,36.270666432252064,3727
C19d35e2454ba200d6c5,35.999319819480256,3700
C19d35e2454ced22d43d,14.744788973213204,1574
C19d35e24552525ab3ea,25.759237139879335,2676
C19d35e2455aa1fd99ff,28.216127935129776,2922
C19d35e24572a65570b1,10.993832589090855,1199
C19d35e2457424b6eb47,7.927434588460106,893
C19d35e2457538edcd6d,28.03140504418454,2903
C19d35e24576380a30ab,3.9150290696039636,492
C19d35e245770cfcf1ac,36.010075051980685,3701
C19d35e2457b44ec9d07,21.02377105466325,2202
C19d35e2457c27717140,33.29577549449107,3430
C19d35e2458c49c4262e,18.634210085546304,1963
C19d35e24593af765417,5.625834097195922,663
C19d35e245943c228bc6,9.101656796321015,1010
C19d35e24597b415512f,11.364484733106426,1236
C19d35e2459a183ec072,19.448043690426207,2045
C19d35e2459eb5926556,18.00512873775245,1901
C19d35e2459f62cb435b,11.994536338326634,1299
C19d35e245bb199f2d86,36.78762698823827,3779
C19d35e245bd7917a577,9.812662675530076,1081
C19d35e245c0d7735a1f,5.598310605363501,660
C19d35e245c152804386,13.960345818299375,1496
C19d35e245c354ae9013,4.411849189370482,541
C19d35e245c8ccad4719,35.317693534162,3632
C19d35e245c9b3098def,31.885565378775564,3289
C19d35e245ca6bab0fcb,26.791911585753688,2779
C19d35e245d6e0e915d0,7.522523689456306,852
C19d35e245d8c4bf4af4,7.011927063319575,801
C19d35e245d9f29f2762,4.053688683492008,505
C19d35e245f0420ca04b,36.05355165687575,3705
C19d35e245fa74958850,8.95057210845411,995
C19d35e246111c210765,38.70369771915368,3970
C19d35e24615519bdea9,7.596200679495345,860
C19d35e24616b58d91ee,19.525579059108736,2053
C19d35e246215d49e51b,21.55351287932097,2255
C19d35e24622c361ce7d,8.583448772584562,958
C19d35e246232252d117,35.76143598762879,3676
C19d35e246241eeda34c,6.952372475736846,795
C19d35e24644509c15aa,12.195372343771684,1320
C19d35e24660e7f183e1,36.65756722521044,3766
C19d35e246610bdce122,15.115056384282706,1612
C19d35e2466502ecc850,32.60754121483793,3361
C19d35e246686aeb6c45,34.00725877120651,3501
C19d35e2466afd284eef,21.273056348854016,2227
C19d35e2466cfb653f21,15.507412470148335,1651
C19d35e24688d219480e,24.703414938338817,2570
C19d35e2468dfd59b038,5.089871826689198,609
C19d35e24699de83ae9b,30.618190462242858,3162
C19d35e246a0b6e1f7e1,36.53177751205621,3753
C19d35e246a28874663d,35.000981439422134,3600
C19d35e246a5b9d97a47,9.440561100248642,1044
C19d35e246a61ff043a3,4.770619178017408,577
C19d35e246ac55c19ce0,11.10497571786071,1210
C19d35e246c00abe1c09,8.178163931624022,918
C19d35e246dbd8b87e45,20.34171394437223,2134
C19d35e246e57e8a4025,38.00841478965771,3901
C19d35e246e7703787c5,35.73515319486863,3674
C19d35e246ebdb63e03c,14.31399390486378,1531
C19d35e24710c3b44e47,36.357858303332726,3736
C19d35e2471a5ffe5e11,34.58027730137736,3558
C19d35e24723759b08c7,15.014347301907248,1601
C19d35e2472f0384a2fb,32.78807322004848,3379
C19d35e2473414a2d34d,36.78313645225105,3778
C19d35e2473a934b1776,34.68306584225725,3568
C19d35e24740c6805f83,13.658688387922112,1466
C19d35e24772fb7a8220,11.565505524976174,1257
C19d35e247743b0c7357,19.198277940330417,2020
C19d35e247752d86df1b,8.972956000329999,997
C19d35e247761192fd39,10.97592484794077,1198
C19d35e24777ea875b34,6.764262122222672,776
C19d35e2477e0ebf9610,26.061575869344765,2706
C19d35e24788424635e4,13.400764480523202,1440
C19d35e247893f63012a,26.200824667450487,2720
C19d35e247a2bf36c2b2,33.11288889809293,3411
C19d35e247a4d8e0e24f,34.522630970754975,3552
C19d35e247a5761a7c62,15.017837070261386,1602
C19d35e247a62cd311c8,17.0065678344363,1801
C19d35e247a743e52612,24.003285573923925,2500
C19d35e247a86d5afe4f,32.25402094327824,3325
C19d35e247aa9a646d7c,11.990367024496924,1299
C19d35e247ac8ab7fd0b,1.9927057176624898,299
C19d35e247ae28b82adc,8.972136730578601,997
C19d35e247b1f1745012,5.99577287493742,700
C19d35e247d3600d8b05,5.811298338568375,681
C19d35e247d4c9d49ba2,1.8209602447982343,282
C19d35e247eccf400966,35.8931623435082,3689
C19d35e247f1ee9a81de,29.673409835355905,3067
C19d35e24810ff56973b,17.421943539915837,1842
C19d35e2481288d1ebf1,10.453251635314603,1145
C19d35e24813647cdee3,36.8153815787106,3782
C19d35e248150337b293,7.839158805208062,884
C19d35e24818dca3e32b,5.960839821202652,696
C19d35e2481e22286af3,28.92481752457539,2992
C19d35e2481f135e5ec5,15.568500426359169,1657
C19d35e2482a64a83fa5,33.203459367576926,3420
C19d35e24846bff03a46,11.574365384148658,1257
C19d35e248483b5a4845,2.321171859903356,332
C19d35e2484fb5f689ac,10.806245594561505,1181
C19d35e24855bcd6e26c,23.304151852943523,2430
C19d35e24858f8aa03f6,37.01857724750826,3802
C19d35e2485a8b443495,5.04497405094648,604
C19d35e2485c953f8d8e,36.97827491271605,3798
C19d35e2485e6dee835c,30.587330178369342,3159
C19d35e2485f6ee114ec,32.84355068554704,3384
C19d35e24862e985d551,11.381107439811958,1238
C19d35e248644b5589c1,1.5927399307766505,259
C19d35e24869333781bd,7.7041932655959116,870
C19d35e2486b73a48156,4.488652695877605,549
C19d35e2488089a9e5a8,15.169645559332025,1617
C19d35e24886b585acb8,33.99205830049509,3499
C19d35e24887fa19477c,32.363177522057406,3336
C19d35e248880e9c9b2c,36.77802071989567,3778
C19d35e2488ae2bfc8e5,20.76973337725865,2177
C19d35e248983a4511da,1,200
C19d35e2489cf1944382,26.01170746355342,2701
C19d35e248a4780d9f44,15.008717324028531,1601
C19d35e248ab7af932c3,10.36986876361627,1137
C19d35e248ce95add778,13.501915796425825,1450
C19d35e248d3db326fca,31.959126871024974,3296
C19d35e248d4c45236fd,36.00607659430585,3701
C19d35e248d9cd58a4c0,12.949792216812146,1395
C19d35e248e49464a2c2,4.241292537501787,524
C19d35e248e53a5e2e43,34.596544428086716,3560
C19d35e248ed0dbad9c1,32.292264664655654,3329
C19d35e248f0435ed62c,20.007300560350224,2101
C19d35e248f37fe4d2fd,30.27677453832693,3128
C19d35e248f481861baa,32.009557412087055,3301
C19d35e248f7f22ef06c,29.043874867200266,3004
C19d35e248f87044e0c4,2.5542784394423106,355
C19d35e248fa123f89ff,16.02974432815664,1703
C19d35e248fc6931090a,22.02892341566055,2303
C19d35e248ffdbd8d6a2,10.717883061919087,1172
C19d35e249062b8fcd54,21.3780193151684,2238
C19d35e2490a28fbc042,7.8127002222727455,881
C19d35e2490b897a2355,35.04723548307184,3605
C19d35e2490c6b4b055a,17.045163929614315,1805
C19d35e249103a714535,20.497977241794455,2150
C19d35e249287e030b37,20.54264815096549,2154
C19d35e24934abce6e3f,27.06390590199444,2806
C19d35e24937b23120a0,31.098876211127052,3210
C19d35e2494ad2e10430,31.562066701175326,3256
C19d35e2494d771aaf02,15.559448089005349,1656
C19d35e2495323cd93ea,10.471687598943454,1147
C19d35e249547c8f0a90,3.9984030158475696,500
C19d35e24955311dc0df,7.927183816667379,893
C19d35e249574e8f455a,12.067422839571542,1307
C19d35e2496911451c63,33.41673381596559,3442
C19d35e2497378b7572b,28.429979351536563,2943
C19d35e249a4448e6a13,10.003566073269205,1100
C19d35e249a50a3c80a9,8.002059543298872,900
C19d35e249a7ff80cd78,4.000021492100516,500
C19d35e249a86bf59f71,12.001045794887265,1300
C19d35e249c0681ad2bc,16.463159950522936,1746
C19d35e249c1fd65d4ab,32.48701021844444,3349
C19d35e249c4ef124b1a,23.270798508108403,2427
C19d35e249d4d6b6aeaa,26.959536034168806,2796
C19d35e249dc9b17fd1c,6.036947598478951,704
C19d35e249dd83c53df3,11.337662218755131,1234
C19d35e249e0e7e4f614,33.27331487658903,3427
C19d35e249e72910df02,3.663104044343142,466
C19d35e249ffcf37433c,19.036045263111575,2004
C19d35e24a0799b1d097,28.63054617411789,2963
C19d35e24a0ca3d064a7,11.141057736183766,1214
C19d35e24a0d8eff3c06,30.140623997935453,3114
C19d35e24a4b3d1198ee,12.464242428882015,1346
C19d35e24a4e6f4f715b,27.289019950769013,2829
C19d35e24a54863258da,9.052025083201643,1005
C19d35e24a6a45fcd5f2,36.3864498636085,3739
C19d35e24a73b27bd8f5,13.262561214294797,1426
C19d35e24a772177aa96,19.951857878292614,2095
C19d35e24a85ca796d34,19.499984079056834,2050
C19d35e24a88b38819c7,4.359160858145219,536
C19d35e24a89f587a558,35.63213488375671,3663
C19d35e24a9a2952504c,7.103642091246498,810
C19d35e24a9bd039fc58,12.300893904722974,1330
C19d35e24a9c1aabab46,13.179593827323323,1418
C19d35e24a9f34560766,36.534176110948465,3753
C19d35e24aa4606c8a12,9.223214067559429,1022
C19d35e24aaa6004453b,23.72562624469302,2473
C19d35e24aafad4ef0eb,34.6606357319025,3566
C19d35e24ab255a9ff66,35.91415168858293,3691
C19d35e24ace68565e07,20.637315451215773,2164
C19d35e24adf090da2a9,6.040183869333331,704
C19d35e24ae08e2c5eaf,11.410408633134267,1241
C19d35e24ae25f8ddac2,12.782167762891357,1378
C19d35e24af09a5202e6,19.800905770079478,2080
C19d35e24b2d04794f7b,32.99200569531501,3399
C19d35e24b3e11b27308,10.988251671568344,1199
C19d35e24b5d2325af10,36.77160118035411,3777
C19d35e24b61e678a2ee,31.02027886987702,3202
C19d35e24b62b95ba96b,33.33541829208278,3434
C19d35e24b64bb9c6275,34.90300071777881,3590
C19d35e24b6e5d58a62a,12.850348689495844,1385
C19d35e24b708ae18b6e,18.78909267993967,1979
C19d35e24b760c0e860e,23.377374147882428,2438
C19d35e24b8d842f2778,11.038821035630491,1204
C19d35e24b8fce62dd4c,1,200
C19d35e24b915e0a3434,13.54137158761339,1454
C19d35e24b92d5791be6,27.256178206778216,2826
C19d35e24b9343408705,32.11121268782911,3311
C19d35e24b97e2c833ca,15.29348710471202,1629
C19d35e24b984bedaa33,8.760777103032307,976
C19d35e24b99e10db9ef,24.500093708991702,2550
C19d35e24b9a223a58ec,2.9937314160601582,399
C19d35e24b9bb9faed7d,36.48889855008366,3749
C19d35e24ba05a31f6ee,20.10430335609253,2110
C19d35e24bb09a6c53e9,19.37817576220387,2038
C19d35e24bc17b1b3e55,9.438682132950264,1044
C19d35e24bc2b804bfa8,12.003242658658255,1300
C19d35e24bc3286df261,14.842891884404477,1584
C19d35e24bc4d1036e30,6.891286679534817,789
C19d35e24bca2a8bca38,36.13186855546302,3713
C19d35e24bcb8b442baf,2.9031639915615086,390
C19d35e24bcd44254b45,33.41507373535372,3442
C19d35e24bd598a2b5d0,23.015577376951008,2402
C19d35e24bd88fd5d171,37.50619739056413,3851
C19d35e24be58872bf46,17.41607450751912,1842
C19d35e24be67ceb7057,30.33664732936618,3134
C19d35e24be8e05c4c1c,36.04803456853312,3705
C19d35e24bea2684efdf,27.797565371627474,2880
C19d35e24bf693968a2f,11.500548402019804,1250
C19d35e24bf8ff59ae68,7.837873703538694,884
C19d35e24bfab3b51f87,1,200
C19d35e24bfb43d667f0,33.99669395727592,3500
C19d35e24c01b6575dd3,20.14464503476608,2114
C19d35e24c099efd9247,37.03153780731256,3803
C19d35e24c15dee09a55,12.993882229701514,1399
C19d35e24c16ff2a50a9,3.816534010861165,482
C19d35e24c17df832579,9.752943066965967,1075
C19d35e24c19032dc4fc,33.97496080009987,3497
C19d35e24c1a27f090c8,4.919998256244065,592
C19d35e24c1b99bd3e9c,18.01706951177844,1902
C19d35e24c1e9554ae73,4.090296312105297,509
C19d35e24c20f685544f,10.972177567713661,1197
C19d35e24c3eb9ca1e8f,13.842502981220852,1484
C19d35e24c4e00dbd38e,2.5712940090545193,357
C19d35e24c577550af69,21.819290303803875,2282
C19d35e24c5843d1cf56,34.541465220248924,3554
C19d35e24c907eb160ca,17.619307243559046,1862
C19d35e24ca4bab4facb,28.43357247790706,2943
C19d35e24ca60d608521,38.56661398896881,3957
C19d35e24ca7830c1bdf,9.225214938759818,1023
C19d35e24caae9d05fdc,19.508770477058007,2051
C19d35e24cb5d1d721d5,32.675357448155175,3368
C19d35e24cde61d37793,34.43767851734119,3544
C19d35e24ce735d858b4,11.71172385465327,1271
C19d35e24ceafa82effe,9.107204686669911,1011
C19d35e24ceb35d2f405,36.484008683060175,3748
C19d35e24ced96b03c3d,25.45089920789558,2645
C19d35e24cefcf700c87,3.2394265489304344,424
C19d35e24d228e20152e,21.322926420907415,2232
C19d35e24d23afc92fe7,7.535877796866422,854
C19d35e24d29eab23f1e,37.53402252424917,3853
C19d35e24d2f8963e7b0,1.9960005355094972,300
C19d35e24d3016146af0,3.9847780384550178,498
C19d35e24d3110ab2ed8,6.999901433511455,800
C19d35e24d337c4749b7,10.041859354703275,1104
C19d35e24d34719e50f8,20.307542262706317,2131
C19d35e24d3634c87499,34.35090560397591,3535
C19d35e24d3b4349b55f,36.52256806048506,3752
C19d35e24d4234ba9f42,12.631416741543307,1363
C19d35e24d4cfbbd4bb7,17.130607561158218,1813
C19d35e24d59fda41e46,13.87031904380701,1487
C19d35e24d66211730a2,34.9111297101236,3591
C19d35e24d7e755b1905,20.813495177258734,2181
C19d35e24d861db99c6a,9.75643239671446,1076
C19d35e24d9664a9ea70,31.374925617908463,3237
C19d35e24d9e4762fb34,37.0616828957934,3806
C19d35e24da61d10d734,7.509227961459866,851
C19d35e24db0238b0f3c,5.8047425860329005,680
C19d35e24db1017c7d61,11.079526408108293,1208
C19d35e24db2f60bf393,5.982482073781395,698
C19d35e24db42788d44c,2.9488933538537823,395
C19d35e24db8ca70f7fb,33.00877667527954,3401
C19d35e24dc4ae1b33d4,27.39723741188763,2840
C19d35e24dd6a9d35b23,35.208363743608736,3621
C19d35e24ddc660b4f3b,20.45218627905095,2145
C19d35e24df238657ab0,9.832407492668711,1083
C19d35e24dfa5f4fd0d5,8.678969573158257,968
C19d35e24dfdaba2b2a1,4.375697879419603,538
C19d35e24dffe0862061,15.003634548756303,1600
C19d35e24e021463b577,17.34249576104716,1834
C19d35e24e04cf042330,34.317617630790565,3532
C19d35e24e0f6f54411d,26.280034357532305,2728
C19d35e24e11c09ba53e,34.137110325310054,3514
C19d35e24e34ae537b8c,26.870183065156787,2787
C19d35e24e694e4bc3f9,29.65089985391448,3065
C19d35e24e7d686ce356,11.09049636399987,1209
C19d35e24e7eb9361931,15.799633811000295,1680
C19d35e24e84978ce06d,28.245053596472708,2925
C19d35e24e85a2e32ea1,5.824008303232649,682
C19d35e24e86fe0325ac,29.33758663932413,3034
C19d35e24e87855a924b,1,200
C19d35e24e8bc7071ffe,31.131617920929703,3213
C19d35e24e8c1996e263,7.726845638321821,873
C19d35e24e9986a604bd,25.432794738791184,2643
C19d35e24ef121b93643,8.716630682713765,972
C19d35e24f022816b99d,15.889972551926656,1689
C19d35e24f082ebef588,1,200
C19d35e24f18f21a63d8,35.56272163664858,3656
C19d35e24f2222f29e86,2.9593839777500976,396
C19d35e24f23e87760c2,5.9816659156048715,698
C19d35e24f248bb30b5e,9.689477734130378,1069
C19d35e24f25e2b8e454,11.787722554343691,1279
C19d35e24f2629b17548,27.94744077866419,2895
C19d35e24f353ad8c469,11.999837220680028,1300
C19d35e24f39a5a936e4,28.670476081050165,2967
C19d35e24f3bd8e1ee23,31.736308919768668,3274
C19d35e24f45eb83d9b8,36.26067565817137,3726
C19d35e24f4b933aced2,26.527442848273243,2753
C19d35e24f4e926f6283,30.1266231455958,3113
C19d35e24f50fb1b3968,33.01129962709844,3401
C19d35e24f515b98ace1,36.32078685699003,3732
C19d35e24f5567f47288,36.13249331627502,3713
C19d35e24f7b966ccb3c,3.711591835539926,471
C19d35e24f7c54e8e2b4,12.514641937040334,1351
C19d35e24f7db50e39d6,7.775977676187219,878
C19d35e24f8ab4a52d94,18.66476477127192,1966
C19d35e24f8e5e782090,31.645395982276554,3265
C19d35e24f9ae5d344b0,11.951452500503137,1295
C19d35e24f9f6ba7b652,8.63670637139076,964
C19d35e24fa261b50eaf,4.739236306407888,574
C19d35e24fa32516d448,19.219400093977654,2022
C19d35e24fccf9cbc5a3,18.001634109452937,1900
C19d35e24fcd5e32e371,5.964071963796439,696
C19d35e24fce14d58815,9.052014660300093,1005
C19d35e24fcfd6f5c237,16.230689755493987,1723
C19d35e24fd0f5fc9cad,20.02899359906432,2103
C19d35e24fd1eb5051d4,22.035497263284437,2304
C19d35e24fd2c4cf0601,32.0307294258423,3303
C19d35e24fd5171813be,7.991347849358188,899
C19d35e24fd7a239b5ff,10.60696244748496,1161
C19d35e24fd98948faba,11.85573742412788,1286
C19d35e2500debde2762,35.84731256815971,3685
C19d35e25015c897689a,7.601406041351978,860
C19d35e25016feb5e875,5.055435680885887,606
C19d35e2501e045725d7,11.01785248588605,1202
C19d35e25020426e8973,13.581757471979415,1458
C19d35e2502a1c880800,30.527088330309077,3153
C19d35e2502e73faa7d2,4.104457602241098,510
C19d35e2503e783f7adf,15.518964869536482,1652
C19d35e25048bae77c57,6.007553288051109,701
C19d35e2504930dcfe98,9.066118646589747,1007
C19d35e2504a89075887,11.51002752714848,1251
C19d35e2504b144f71ba,27.155212179553345,2816
C19d35e2506cd67fa3ae,33.12212549968698,3412
C19d35e2506e247507ae,19.40844115500772,2041
C19d35e2508eb6445c88,21.00007197891125,2200
C19d35e25094ba3dbcb7,35.36695102275309,3637
C19d35e25095bc0c5cd8,10.932093198508985,1193
C19d35e250969cc19c12,28.742816779973808,2974
C19d35e25097cecb4c5e,5.961871101289764,696
C19d35e250b1569f185c,20.10978401599606,2111
C19d35e250b51d73b592,13.882183946716491,1488
C19d35e250b6449e1b38,32.399944125474846,3340
C19d35e250bb71558ce4,23.293375388976287,2429
C19d35e250d20af1bcdd,21.496523552759932,2250
C19d35e250decca9b62f,16.130831803665863,1713
C19d35e250e2bcab6180,36.117807345395256,3712
C19d35e250e57ddbc0a5,32.41993902535378,3342
C19d35e251067044135e,11.814648071411543,1281
C19d35e25107034a73db,8.574543594824314,957
C19d35e251081b3f528e,4.5423212552762875,554
C19d35e2517e00bde217,34.26373365854981,3526
C19d35e25187af5f4fe1,35.820044066727284,3682
C19d35e25189deed932e,36.35596944555531,3736
C19d35e2519e9a59c010,20.808823259040295,2181
C19d35e251a726438fc5,12.15194110995945,1315
C19d35e251a885ee2d88,26.289609396126615,2729
C19d35e251b65ac91e7f,36.59096529063328,3759
C19d35e251c701ef3939,10.916114573532965,1192
C19d35e251ca1e5a6b82,21.672699634856556,2267
C19d35e251e5188efbda,1.2418930352979376,224
C19d35e251f3f6e70e25,32.07619730691442,3308
C19d35e251f46324c64a,32.14551262950332,3315
C19d35e2521558b092ad,28.956139390087262,2996
C19d35e25228f64563bf,15.580688075667164,1658
C19d35e25229644583a9,27.557938882181624,2856
C19d35e2522ebe8f2ae6,34.012698798910876,3501
C19d35e2523a235fa100,13.849015178913328,1485
C19d35e2525bef0cbea8,30.614320917561102,3161
C19d35e2525dd8326472,33.844422459898745,3484
C19d35e252624ea28a97,10.947712466636917,1195
C19d35e252805bb097ce,19.63649122351912,2064
C19d35e25281adb622d0,36.47963821009744,3748
C19d35e2529aec71a947,30.492618659182202,3149
C19d35e252acef878f30,34.466046973153006,3547
C19d35e252adf7e34e38,36.43383502988362,3743
C19d35e252bc09e62048,37.66145805813269,3866
C19d35e252be0656ab10,11.738143499953773,1274
C19d35e252c03e2a3cb1,6.784468333583802,778
C19d35e252c17b0b8dc2,35.36814986512306,3637
C19d35e252c204aecded,29.900460967473435,3090
C19d35e252ed5d40eb18,6.240644309053838,724
C19d35e252ef7bd86106,10.73018319616969,1173
C19d35e252f1822627a8,22.28389040281675,2328
C19d35e252f4f6c0a01b,29.31056218335831,3031
C19d35e252f6a300fc90,33.217427150123584,3422
C19d35e252f7e004df46,32.685088606121305,3369
C19d35e2531f9546df25,22.616989417446767,2362
C19d35e2532b908f8559,17.020171356964482,1802
C19d35e253342e3119f7,13.828857516509725,1483
C19d35e253626e5660f0,34.52792421855568,3553
C19d35e2536c93153a12,19.845852143293552,2085
C19d35e2539010470f91,7.99684560654218,900
C19d35e25391145810f6,6.195952845277282,720
C19d35e25392fea8e377,4.041861724491585,504
C19d35e253a7a402e283,26.10556251953306,2711
C19d35e253c0c39cc356,6.386162779938107,739
C19d35e253c9eb77256e,13.718910952137687,1472
C19d35e253e5382b654a,34.11685027293898,3512
C19d35e254136762367c,18.04562953614684,1905
C19d35e254147e210716,25.890408750018242,2689
C19d35e254164543ce56,34.90400864835437,3590
C19d35e254505aed64ce,27.340178605556115,2834
C19d35e2545cacd74ea5,33.33861706501858,3434
C19d35e2546117c2f297,6.7062190899646135,771
C19d35e25462145af2d7,4.128000421519321,513
C19d35e25466d2af1a5e,1,200
C19d35e2546a2ca51987,32.53844404086041,3354
C19d35e2548f151f4375,13.888558199881476,1489
C19d35e25491075f62e2,35.50919889852758,3651
C19d35e2549a28c60439,9.303694107057087,1030
C19d35e2549e3d0a33a7,15.930775751052076,1693
C19d35e254db245d6c85,4.995103170979315,600
C19d35e254dc5feabe8a,8.804549726456512,980
C19d35e254ddad6181bb,9.848920307265889,1085
C19d35e254e274057148,12.381699680753528,1338
C19d35e254e94f8d4447,11.206576108613087,1221
C19d35e254ea0dc76b9f,1,200
C19d35e254ecd6b75187,7.021921405510119,802
C19d35e254edfe55faa7,27.774447996090927,2877
C19d35e254eea0cac8b3,5.199256801351749,620
C19d35e254f1e9c6524d,11.000787581021836,1200
C19d35e254f2664f3125,13.015955645703356,1402
C19d35e254f364e7bd75,9.001262290237975,1000
C19d35e254f59650545c,5.000702254471321,600
C19d35e254f6718d1d5d,19.010393114359232,2001
C19d35e254ff2a7b7f32,27.630300523509618,2863
C19d35e2551528443d9a,3.0099784300397014,401
C19d35e2551a5e65b36c,2.9360644451202367,394
C19d35e25556a0325734,35.579105826108375,3658
C19d35e2555b08e72045,13.556640079212467,1456
C19d35e25561a13f2d36,21.83263595890181,2283
C19d35e25564f6183acd,7.443536972492396,844
C19d35e255a5b2aecc55,19.81642158428872,2082
C19d35e255a9b341f331,16.09034479448948,1709
C19d35e255ab67decabc,36.29505015801562,3730
C19d35e255b0d408161c,13.142324222531403,1414
C19d35e255b1dd66ee63,9.913289379220211,1091
C19d35e255b283554550,13.504981377664157,1450
C19d35e255b7313ae805,37.044466507483186,3804
C19d35e255bb1ad11439,31.723992421681405,3272
C19d35e255bd6b28d399,6.724657222571908,772
C19d35e255c0f1c9b7e1,16.938440318959845,1794
C19d35e255c1e4706516,1,200
C19d35e255c450d9a21d,27.829720188039495,2883
C19d35e255ca7966bf15,29.212069492207817,3021
C19d35e255ce17283c9e,7.9698884346744485,897
C19d35e255ece3c053b8,11.04436681508592,1204
C19d35e255eee1532a35,7.016667485119669,802
C19d35e255f15b4af636,3.9961456277851988,500
C19d35e255f357ebcf34,16.17963036548348,1718
C19d35e255f7fd9e1ddc,27.40581534270243,2841
C19d35e255fca64ebb97,36.80166674706744,3780
C19d35e25608066e88be,19.60995590646605,2061
C19d35e2560af7be156f,35.66995319445687,3667
C19d35e2561be8fa671d,5.4088411646660965,641
C19d35e2561cd3cf8615,9.189705197082036,1019
C19d35e2561faa28fbb5,11.199912489530059,1220
C19d35e256217ec9bcc8,22.779242543637448,2378
C19d35e256229bbf4dd3,34.389373891864764,3539
C19d35e256233ac51175,13.61061886484329,1461
C19d35e2563c983dab76,36.40548378991114,3741
C19d35e2563dcf732156,29.875868854748703,3088
C19d35e2563fba9a8ad8,11.17005340646609,1217
C19d35e2564c804f5f3e,33.64852940452396,3465
C19d35e2564d333e24cb,35.72494530820251,3672
C19d35e2565e383c6107,10.789617988354431,1179
C19d35e25660b1b22a19,28.983297816198686,2998
C19d35e2567a0a4c1817,3.611892430091463,461
C19d35e2567e7b999a55,22.923189575453375,2392
C19d35e25695f2611e99,30.697462670761368,3170
C19d35e256b282b69106,4.155167545859788,516
C19d35e256bc8c109c1f,6.839171998496899,784
C19d35e256bd668b57ab,18.476082547425804,1948
C19d35e256d66c682356,26.932466273900193,2793
C19d35e25705bc4aa9ea,26.807153545419446,2781
C19d35e2570694bccf0e,3.716352770158295,472
C19d35e25708eb2850e8,11.734213605637665,1273
C19d35e257099424397c,37.522602156438246,3852
C19d35e2570b0166570b,8.88171184654507,988
C19d35e2570e5220ce24,28.33711543491401,2934
C19d35e2570f2760eef5,16.66819421557877,1767
C19d35e257267c47a5b7,19.006997747023618,2001
C19d35e25727c702b8d9,36.621824483801966,3762
C19d35e2576f8339d410,13.538004129461841,1454
C19d35e25771b672c1b0,34.25170975102567,3525
C19d35e2577fc225cc4a,19.158089333970334,2016
C19d35e257969cd92302,34.60142438334412,3560
C19d35e2579b9c064924,5.617849949550704,662
C19d35e2579e8f6f23a4,9.12999818366198,1013
C19d35e257a067d3a333,10.804867642553523,1180
C19d35e257a25ef78aeb,13.78560989927239,1479
C19d35e257a75a6c4fee,30.6892738729616,3169
C19d35e257a85c00aed9,16.94825514401526,1795
C19d35e257c38aa84b39,27.45936390449763,2846
C19d35e257cbce3b2c23,15.17134439169352,1617
C19d35e257d0d906ceec,38.02586785282071,3903
C19d35e257d11646eeab,33.37408638987893,3437
C19d35e257d6f42b758d,30.14978655377315,3115
C19d35e257d94354a5fb,11.293357177300992,1229
C19d35e257da6ecf5334,23.577748515177195,2458
C19d35e257e10e34f95c,9.123475337655982,1012
C19d35e257e2007204f4,25.816603080384514,2682
C19d35e257e43e1469a1,33.07383363367812,3407
C19d35e257e5c041502b,1,200
C19d35e257e6ce320f14,16.082918327510694,1708
C19d35e257e73d8fe697,35.1167920605137,3612
C19d35e257e91257ea92,32.71732968112082,3372
C19d35e257ea1904ccc8,11.670827245642105,1267
C19d35e257ec87c3e635,3.970913502557368,497
C19d35e257eeef8d43a4,10.71495952544269,1171
C19d35e257f312c7a258,4.951247234030612,595
C19d35e257fb025bd670,14.778802702639315,1578
C19d35e257ff5cc66595,31.36008881769418,3236
C19d35e2581cf86c32b9,9.173702246121039,1017
C19d35e2582e76028b34,18.23462327444231,1923
C19d35e25834b4100fe6,33.26179185606736,3426
C19d35e2583a3d29ad8d,14.007936132952267,1501
C19d35e25856502233f7,10.732544707364175,1173
C19d35e258841e5bef42,36.15399197930384,3715
C19d35e2589d6c6dc8e6,25.01835951202215,2602
C19d35e258a08933d04e,29.148446111238936,3015
C19d35e258a752dfdb2e,21.306287251318622,2231
C19d35e258b3c7c551e1,32.35506262193882,3336
C19d35e258b4628c3f69,21.67821108971114,2268
C19d35e258b6a42d5e90,11.417798542850418,1242
C19d35e258b95339b935,1,200
C19d35e258bdb13045c0,7.307788394791792,831
C19d35e258c03312c6fa,4.752496693535797,575
C19d35e258f19fcda831,24.976099321124032,2598
C19d35e258f5e4cfa655,35.97935767392497,3698
C19d35e258fc631b82ed,31.83156932957046,3283
C19d35e259036f03e05f,18.695966338210113,1970
C19d35e2590de3ea77dc,12.000575569550108,1300
C19d35e2590ee3c2d29f,18.03084590493498,1903
C19d35e2590f6afa0f22,2.000095856869524,300
C19d35e2591094373667,9.996135264593677,1100
C19d35e259119aa91b33,6.000501770014644,700
C19d35e259152a587448,25.868159489815262,2687
C19d35e25926daedb50b,36.8238197013822,3782
C19d35e259274b339634,38.03858099272029,3904
C19d35e25944a455c4a2,30.061487678680955,3106
C19d35e25971daf2e4c9,32.6452040129801,3365
C19d35e2598b4cf69cbc,22.918619905727894,2392
C19d35e25996d516c0fb,24.249135280163014,2525
C19d35e2599e0c7a5a5c,35.838289618817946,3684
C19d35e2599fff7a8a2a,35.923718894780656,3692
C19d35e259a086beec96,32.75517116535895,3376
C19d35e259aa7cf95280,11.224928176254094,1222
C19d35e259acfed684eb,1.2560193010183416,226
C19d35e259b15c96538f,24.363411914288985,2536
C19d35e259b2dc77e413,7.646603371292368,865
C19d35e259b435f6a374,5.108056474831957,611
C19d35e259b6551a3aa4,33.23543450462193,3424
C19d35e259cd95154a6f,13.35467200464586,1435
C19d35e259dabdb73702,18.73104386882049,1973
C19d35e259dd27d55b04,33.921831977788194,3492
C19d35e25a0dab8eec1f,30.792937512745475,3179
C19d35e25a16c30b0fc9,19.403352046675362,2040
C19d35e25a1d2458dc09,27.076619341208893,2808
C19d35e25a2a3af0653d,16.873288372678136,1787
C19d35e25a50ad94f071,19.849159505230755,2085
C19d35e25a51d85bd448,2.0038029423554145,300
C19d35e25a54206bf784,17.4954073483543,1850
C19d35e25a569a0cac4d,11.466140908812871,1247
C19d35e25a606b1aefa5,3.9503126337412335,495
C19d35e25a61e4fb2fb6,6.485780632774084,749
C19d35e25a628d609f9e,9.991681696059889,1099
C19d35e25a63e5c367f0,11.80252075971269,1280
C19d35e25a680a328d2f,25.319930851366667,2632
C19d35e25a965b983e77,6.2651830331646785,727
C19d35e25a9f5ed80c23,17.115615755847816,1812
C19d35e25aa04e133346,36.55125432519786,3755
C19d35e25aa3aeddf13f,35.795136438544375,3680
C19d35e25aa72016647e,28.22740095270235,2923
C19d35e25ab50e80235e,1.1074577254048958,211
C19d35e25ac5cc80f661,4.9461709202509665,595
C19d35e25ac781484068,9.865084505463846,1087
C19d35e25ac9a6f43df3,11.098654822783955,1210
C19d35e25ace345ef044,13.161300300760338,1416
C19d35e25adb2c1e91b8,20.791810100502655,2179
C19d35e25ae57f4cf8d1,11.395369039815149,1240
C19d35e25af469db097d,19.460423937633003,2046
C19d35e25b12222263b7,28.20355378547338,2920
C19d35e25b13f95f37a1,33.05510833927115,3406
C19d35e25b1a737a352e,20.067983856270054,2107
C19d35e25b2efb27a12f,16.76680620910899,1777
C19d35e25b3c8a79cc51,35.029078819333265,3603
C19d35e25b4421765f03,19.681935474809855,2068
C19d35e25b47b7203ba9,31.693629348059464,3269
C19d35e25b4f18ed0950,5.083956622838655,608
C19d35e25b52019758f5,2.2014742301825985,320
C19d35e25b7097813313,24.254551083865902,2525
C19d35e25bb8d1ecc499,13.905032630826037,1491
C19d35e25bc87e1fc8d8,27.924843943423912,2892
C19d35e25bcb15d087ac,17.368105610139775,1837
C19d35e25bce1b02e202,19.178683135295085,2018
C19d35e25be191e6d6dc,36.35919972492097,3736
C19d35e25be4e58b8198,6.1626539750159965,716
C19d35e25bf691696957,35.87956460278116,3688
C19d35e25bfe1d636fe0,17.073114744024508,1807
C19d35e25c02ba5bad6b,28.628156900573984,2963
C19d35e25c07f48835b7,11.59765767296117,1260
C19d35e25c0886a6ac2d,1,200
C19d35e25c0a45b410a4,30.084296733868914,3108
C19d35e25c0b71eaeddf,7.084431200586832,808
C19d35e25c0e651bcf17,17.83367769170545,1883
C19d35e25c0f29e406f5,1,200
C19d35e25c2394dd5504,31.452833394880138,3245
C19d35e25c2e26b3aa4d,30.071526974011075,3107
C19d35e25c30c181207a,29.03462339823049,3003
C19d35e25c311f463127,33.104908334845035,3410
C19d35e25c37f9cec080,7.231175825360693,823
C19d35e25c3c10806d5c,13.118176848828282,1412
C19d35e25c3e80aa4f6c,11.208168519925215,1221
C19d35e25c5c2dfe23d8,33.501396834183325,3450
C19d35e25c683febdd37,9.315949665743284,1032
C19d35e25c6b5a965637,8.527628689235343,953
C19d35e25c6fa8f2c9ba,32.042218890080804,3304
C19d35e25c7125462835,21.392266530887916,2239
C19d35e25ca60c432f82,34.241758944546696,3524
C19d35e25caf7e683a36,6.00141903638837,700
C19d35e25cb0250758dc,11.0182312251181,1202
C19d35e25cb2a8e80f22,8.997195314697672,1000
C19d35e25cb3da1be417,36.08280702468015,3708
C19d35e25ccb9bce40df,16.242940852885305,1724
C19d35e25cd1a15582ae,39.043903110410895,4004
C19d35e25cd2af3340fd,25.43251700468736,2643
C19d35e25cd321697b71,34.80263244555375,3580
C19d35e25ce7033258ea,33.52940956811658,3453
C19d35e25ce80f22babc,12.4239617991815,1342
C19d35e25cece16bc605,7.006138535783169,801
C19d35e25d20b490fd0b,9.184247042817944,1018
C19d35e25d348b29da55,16.07202714879195,1707
C19d35e25d3aaf71ac75,6.7248415523138725,772
C19d35e25d4348ae6fb4,34.39330772429454,3539
C19d35e25d555754e3aa,14.209682237187199,1521
C19d35e25d5d39449f1a,34.99820542227253,3600
C19d35e25d5f60f51ab1,9.674857548484178,1067
C19d35e25d60120cf2b3,11.43846877092898,1244
C19d35e25d74288e54d3,18.068105451421598,1907
C19d35e25d7c8cd37300,28.981388094389796,2998
C19d35e25d7e675eba4d,9.806881224680353,1081
C19d35e25d80f8a64972,6.086481866392945,709
C19d35e25d8895cd7afd,23.792591804361052,2479
C19d35e25d8cec916e47,34.71994298477187,3572
C19d35e25d8e1aef5a0d,32.10022466411399,3310
C19d35e25d983edf143e,11.861071127791257,1286
C19d35e25dcdf62f30cb,18.020495845603513,1902
C19d35e25dd50697e1d8,24.56038806926278,2556
C19d35e25dd861c311fb,32.989214470275655,3399
C19d35e25dd97fc79584,10.885308812976477,1189
C19d35e25ddf0d2fadce,22.897259100714148,2390
C19d35e25de4084f226b,2.1692810571104486,317
C19d35e25def0734d906,5.119011773689776,612
C19d35e25e0ff184c1b3,26.903636861953334,2790
C19d35e25e131012c08a,34.8918835132717,3589
C19d35e25e1439c25261,18.993617301951193,1999
C19d35e25e150a39adb3,10.017182864638226,1102
C19d35e25e179a82bd51,36.0035873839612,3700
C19d35e25e184e5ff504,6.003403736833406,700
C19d35e25e2be61f4036,11.17102999538532,1217
C19d35e25e3822e2c11e,1,200
C19d35e25e39e2c38daf,10.685536614347573,1169
C19d35e25e3a208febfc,20.308685946607536,2131
C19d35e25e464dbbd57d,1,200
C19d35e25e489e66c440,13.391679488860493,1439
C19d35e25e49db1ac1c4,28.638882086871384,2964
C19d35e25e4a042adc18,34.62487018616292,3562
C19d35e25e885dd30caa,14.783289456073906,1578
C19d35e25e8f602c095e,33.69943509604968,3470
C19d35e25ebc37388f0b,11.730800348717915,1273
C19d35e25ebd68fdf1be,1,200
C19d35e25ec03055d73e,10.618812321797687,1162
C19d35e25ec1f1c49cba,16.687845387347465,1769
C19d35e25ec230621085,8.691288779365847,969
C19d35e25ec3763d7d09,6.91537292093157,792
C19d35e25ec5a75a11f1,21.30686732628587,2231
C19d35e25ed0f24a9596,35.53087916777496,3653
C19d35e25ed15b2ae5f9,33.016926126968336,3402
C19d35e25ed97da57e2d,28.061190368055286,2906
C19d35e25f257f0757d8,29.69487832757228,3069
C19d35e25f28834bcc99,14.631913004292592,1563
C19d35e25f2c61be73c4,36.24429948949062,3724
C19d35e25f640319412e,20.541295372571533,2154
C19d35e25f72720b3c06,10.005979916870603,1101
C19d35e25f73bec14721,11.017381244668279,1202
C19d35e25f79f4132d4d,17.011273887953486,1801
C19d35e25f9575880b13,29.799724408488796,3080
C19d35e25f960241ff00,6.780612735180108,778
C19d35e25f97101b9357,10.547224966494383,1155
C19d35e25f98fbe1490d,16.42415559244774,1742
C19d35e25f9f5e46d08f,1,200
C19d35e25fa9bd9c0da1,9.140624257472563,1014
C19d35e25faad024abcf,11.329170517464812,1233
C19d35e25faba9d49eff,22.76084102587864,2376
C19d35e25fad9b6d9f4d,28.595608871567613,2960
C19d35e25fb17099788f,34.52747219591179,3553
C19d35e25fb5ef843929,23.746823083838546,2475
C19d35e25fe620dee44b,14.660685640792183,1566
C19d35e25febdb0667fe,12.288780495022852,1329
C19d35e260070abf2caf,9.619196695035418,1062
C19d35e26008d4c74b52,12.83922747413879,1384
C19d35e2600938135d63,7.617672436575755,862
C19d35e2600a5db9c1c2,32.00036688802781,3300
C19d35e2600b8aea3693,20.00040339393541,2100
C19d35e2600cccdd9556,3.7299373772328073,473
C19d35e2600d386be347,13.012367048540305,1401
C19d35e2600e3bb06fed,23.05318465889262,2405
C19d35e2602f99a0410a,24.768572000349238,2577
C19d35e26062fdd38b41,11.51511028616766,1252
C19d35e260d3a69913e7,6.217274634013378,722
C19d35e261145848844a,9.857190929740343,1086
C19d35e2611b4194fbe5,33.44147823980691,3444
C19d35e2611cc360c152,31.366381239881722,3237
C19d35e2613cb4563d9c,11.717327688955443,1272
C19d35e2613d0cc052a3,18.929515500612055,1993
C19d35e261592bed69a9,26.623004549554636,2762
C19d35e2616bede1fbd9,19.399213036796645,2040
C19d35e2616e0e63a9d4,23.563096436966063,2456
C19d35e2617ca926db9d,1.993853058727106,299
C19d35e2617dbbb624d0,5.993297432479342,699
C19d35e2617e32320b4d,9.045368992566875,1005
C19d35e2617f68e0e2c9,12.195432020927973,1320
C19d35e2618084f7e6ef,18.664854591491554,1966
C19d35e2618a3cc0fe65,36.041340203215924,3704
C19d35e2618dfedaa1fc,12.79202852229849,1379
C19d35e261957de3e15b,12.048408232009686,1305
C19d35e26196c0405ac5,1.859332147590232,286
C19d35e26198d72a21b7,11.21043800393367,1221
C19d35e2619a7b20049c,9.533823182019898,1053
C19d35e2619ce5721422,4.569820175308721,557
C19d35e2619d5c5e4bf5,28.617723827772963,2962
C19d35e261c4da9b6790,10.52653309907678,1153
C19d35e261c569fc253f,1.766195518090258,277
C19d35e261c7630e6cd9,7.157529097631922,816
C19d35e261cab33e48ac,11.68700650079931,1269
C19d35e261cb745bd287,3.7179385092668515,472
C19d35e261f5780cc3da,9.541013211194842,1054
C19d35e261f833c868d5,29.53098463853725,3053
C19d35e261fbefcd33d8,32.9026061294122,3390
C19d35e262044a7e5231,38.17995263265025,3918
C19d35e26235d6112670,25.31716689084756,2632
C19d35e262373085f0c4,20.240574844230995,2124
C19d35e262425b30a0cb,29.430876441135364,3043
C19d35e2624e80a8af18,13.514452733431549,1451
C19d35e2625017ec38ac,20.497336279406863,2150
C19d35e2627f77967f15,32.27164217651722,3327
C19d35e262839957b181,12.067173989691145,1307
C19d35e26290a231d5da,8.61800566803741,962
C19d35e26295524009ea,6.539532192176527,754
C19d35e262a19b94211b,24.634476856422626,2563
C19d35e262bd9ef2445b,1.9779619863962767,298
C19d35e262cabf48c8a9,35.39267831032467,3639
C19d35e262cd315070e8,22.82973627072719,2383
C19d35e262cea92ef5e4,32.304906461656294,3330
C19d35e262d26ddfbda6,11.194604013454775,1219
C19d35e262d355d150da,27.823215978807976,2882
C19d35e262d6e3c93767,6.9769418700118955,798
C19d35e262da3043c04f,37.904309465689145,3890
C19d35e262db554857a8,29.78955029043052,3079
C19d35e262dc5fe85809,20.89737900629978,2190
C19d35e262dd5b6edcca,5.017781782968388,602
C19d35e262df7e6c4091,35.308852178061045,3631
C19d35e262e80522ecfb,17.233375880862237,1823
C19d35e262e9daec05fd,9.530458004368702,1053
C19d35e262ebb65cf514,19.995231459634798,2100
C19d35e2630ce99e8a51,18.550323121858447,1955
C19d35e2631584a76156,17.13625548601119,1814
C19d35e263538139cece,15.676620841583876,1668
C19d35e263717cb1de6c,24.037712713973196,2504
C19d35e26388f1a04f1a,30.512832005742407,3151
C19d35e263a35ec04881,33.07826387110264,3408
C19d35e263aafda78877,9.508564210326739,1051
C19d35e263ab38cec584,1,200
C19d35e263add197b30c,7.083796857640637,808
C19d35e263b2ac45da41,5.153424808296943,615
C19d35e263cb6f06c4f7,21.45217118487623,2245
C19d35e263dea0c3eb5f,19.637307956157343,2064
C19d35e26450f16fabf4,33.472397707668144,3447
C19d35e2645ae29cff46,17.125708327701112,1813
C19d35e2645d23652254,25.78412063350944,2678
C19d35e2646a40ff2fc5,20.36164794914256,2136
C19d35e264752bc3c267,9.917117299929751,1092
C19d35e2647f74bc5106,25.4189616887049,2642
C19d35e26481ce3ad828,28.680379886287795,2968
C19d35e264aec1d57798,30.403837640255418,3140
C19d35e264e6c003e3eb,11.370795449749334,1237
C19d35e264ea34add3c3,23.2770168282909,2428
C19d35e26526a6830449,15.365103012796745,1637
C19d35e2652a1cd3b49b,9.97031495723547,1097
C19d35e2652d7213f9f7,7.97621663486772,898
C19d35e2652e88ad5430,3.609891790371043,461
C19d35e265300c13b3f5,27.45806554602013,2846
C19d35e2653138119423,15.029672647897348,1603
C19d35e2653202205f7b,11.787266896357151,1279
C19d35e26536705eda97,34.71044264187573,3571
C19d35e26539c0e02952,30.41899975872567,3142
C19d35e2653bf179cc91,12.790638057328563,1379
C19d35e2654239b0cdf1,13.983232798492873,1498
C19d35e265771e823281,9.653354667995314,1065
C19d35e26578d862cdc7,13.793115780621466,1479
C19d35e2657942297f9b,6.090978986854358,709
C19d35e2657a9130d917,34.49670560666441,3550
C19d35e2657b1f442af6,2.8770405238774885,388
C19d35e2657c0b115009,18.72414091453375,1972
C19d35e26589ff9e1a9b,4.85369524853271,585
C19d35e2658afb58fcb4,6.0883461618735515,709
C19d35e2658d89484423,9.959461064417006,1096
C19d35e2658ead13aa1a,13.576174347268232,1458
C19d35e2658f2e8a6523,34.32683844261773,3533
C19d35e26590016582fc,23.308729754128212,2431
C19d35e265944d6a19ea,13.24856862784316,1425
C19d35e265b4c4feec46,8.331684560708789,933
C19d35e265b6cb5981f1,5.012830334192203,601
C19d35e265bd9648c658,31.875671240035246,3288
C19d35e265c23781af83,24.392546960226973,2539
C19d35e265cf859ed3eb,8.932216796638485,993
C19d35e265f1e4038312,11.318700031185356,1232
C19d35e265f43ea82dab,10.961410721521537,1196
C19d35e265f53fb41edb,33.44618510099258,3445
C19d35e265f7e727cf6f,6.808312915541787,781
C19d35e265fd85a3965b,14.209871556171251,1521
C19d35e26604881dabae,36.232190809689676,3723
C19d35e2660d420a4c9c,29.422604241136664,3042
C19d35e2662612895293,29.34760491664301,3035
C19d35e26628e657b6c4,35.53390200250238,3653
C19d35e2667f07d98eaf,11.053288440388927,1205
C19d35e266840089fdbf,21.389267976725026,2239
C19d35e26689bc5fb727,4.8341217160617225,583
C19d35e26691cce72aab,36.446680195691286,3745
C19d35e26694bf0e7c49,6.656734123703991,766
C19d35e26696c722fd5c,13.424430455634432,1442
C19d35e2669c940ffc67,32.977819637514116,3398
C19d35e266c1eda766cc,15.511311831968783,1651
C19d35e266e529e4681a,23.42324555401296,2442
C19d35e266fb07d333f1,16.44214990290636,1744
C19d35e26700b795a57e,29.963279392915346,3096
C19d35e2671bcb8ff293,13.790636034686035,1479
C19d35e267568dc49dc4,23.297769988547763,2430
C19d35e2675a9ed0d7d6,10.703163755329895,1170
C19d35e267605ef8bd20,34.744629184756214,3574
C19d35e2677657242362,11.00042718613278,1200
C19d35e26777f63b189c,31.00150787996968,3200
C19d35e26778e1b0f855,7.0003434924676435,800
C19d35e267796f2b4e61,2.0000567174030373,300
C19d35e2677eb6aa4bf3,27.539897710054525,2854
C19d35e26786cc58a6ab,11.364546568540344,1236
C19d35e267897cb6845e,27.414430084742047,2841
C19d35e267908c0356cc,10.955169455510521,1196
C19d35e2679305936ed3,9.380607276170837,1038
C19d35e267fc5a10ef0f,26.29162758411545,2729
C19d35e268023d798b4f,10.945459478181156,1195
C19d35e26804d73b65bc,9.360423434146915,1036
C19d35e2680531a7b71b,4.845798685787691,585
C19d35e2681a525a88ed,11.305094264469696,1231
C19d35e268260f3707bc,15.720440458981042,1672
C19d35e26855a830785f,23.995740001646787,2500
C19d35e26859c72d19ee,5.428029717558067,643
C19d35e26866141db09e,21.600377942230867,2260
C19d35e26873dff48ea6,13.103897854744009,1410
C19d35e2687c0f750c09,35.72065635492744,3672
C19d35e2687d164aafe0,9.607226600154092,1061
C19d35e26880739a69ee,22.886095813167838,2389
C19d35e2688621544aef,32.6745040491752,3367
C19d35e2688705cbf7b3,4.753071674950041,575
C19d35e26889505546d1,33.17462357089479,3417
C19d35e26898879d6098,29.144465689204775,3014
C19d35e268ad8586627e,11.332248449673658,1233
C19d35e268b118a4ad09,9.680023663589354,1068
C19d35e268b2ba892d6c,5.540319932990194,654
C19d35e268b3f1a91178,23.291050040968432,2429
C19d35e268b4053ea8fe,20.19911886056811,2120
C19d35e268b514b45b71,36.37010170500146,3737
C19d35e268b9aaef0d2a,36.41938737810172,3742
C19d35e268c617712b44,36.40504292171293,3741
C19d35e268c7309a78a4,33.09808900671127,3410
C19d35e268c8e094d4b2,13.96334311337764,1496
C19d35e268c9d7c26eb3,30.41998086312714,3142
C19d35e268cad60f3029,11.476040762346557,1248
C19d35e268cba68ea40b,17.510559825329054,1851
C19d35e268cee2d33d15,8.252262481396128,925
C19d35e268cfe615b911,15.075979431430394,1608
C19d35e268d0a4db9514,30.017274255776528,3102
C19d35e268d24965e914,3.991636345033148,499
C19d35e268d42bed270c,12.036639191129938,1304
C19d35e268d5031f72fa,29.006322999072697,3001
C19d35e26904ebc6b0e1,19.6672455695483,2067
C19d35e26916bbe5f07f,19.304110890133234,2030
C19d35e26927ed794400,35.21401389071474,3621
C19d35e2692acfe1cc3b,14.61601075962119,1562
C19d35e2692b472681f2,24.78883979577968,2579
C19d35e269454681fb24,19.21929628839363,2022
C19d35e26946ea06eae6,10.286874457867313,1129
C19d35e269486ed9519d,33.63114960210887,3463
C19d35e269517eabfdbb,31.687918229587012,3269
C19d35e26988084ab873,33.65915377172525,3466
C19d35e269928ddda324,35.22400967275877,3622
C19d35e269947425e693,21.311582575966856,2231
C19d35e2699e31736524,11.984952580011043,1298
C19d35e2699fd0b0c797,32.3291028651635,3333
C19d35e269a000afc771,28.82387563598759,2982
C19d35e269b75842b2cf,9.905263658610606,1091
C19d35e269b883bd6cc2,1,200
C19d35e269b9bca3bf42,7.04558541085887,805
C19d35e269ba8cfbdbba,11.50428974397663,1250
C19d35e269bb835edbd3,4.001881447803764,500
C19d35e269c03c7a3352,36.81050524143438,3781
C19d35e269c7f2cfe316,21.49461351565395,2249
C19d35e269e9e5580a0f,1,200
C19d35e269ef0420a92d,5.891999559793132,689
C19d35e269f08511d89b,7.281576726680126,828
C19d35e269f2046c92c6,10.624065896255683,1162
C19d35e269f88cb9fa45,19.441076280428824,2044
C19d35e269f9f5a965e9,11.834415152961428,1283
C19d35e269fcbb1fbcae,33.3689560446501,3437
C19d35e26a0462430628,11.628653627900428,1263
C19d35e26a0f6864900d,10.731374021318135,1173
C19d35e26a1035f6f684,14.448477923933892,1545
C19d35e26a25a738b341,13.18648166337768,1419
C19d35e26a33d33a89bf,15.297901884905825,1630
C19d35e26a34f60e5cd9,2.966626374672243,397
C19d35e26a3594e58fd5,9.989221798165415,1099
C19d35e26a378fa57ca2,5.985393536557282,699
C19d35e26a380e1ef3d8,29.753636863745406,3075
C19d35e26a3f31c0c3c5,37.03663956686335,3804
C19d35e26a40d6bd5b1a,31.967987396254287,3297
C19d35e26a496d3ecdb9,26.220320341988362,2722
C19d35e26a4b039abf55,38.69868287222176,3970
C19d35e26a519d62338a,31.498718851585203,3250
C19d35e26a530d343069,16.850273327826375,1785
C19d35e26a54c404f1d5,34.268366494765175,3527
C19d35e26a58b9a400b7,7.371813524223803,837
C19d35e26a5b10eca452,36.29138263507855,3729
C19d35e26a6fa8a3252e,27.837202456688598,2884
C19d35e26a7003308a5d,33.3161650475572,3432
C19d35e26a907c238cf7,30.590998506529118,3159
C19d35e26a9a7d07143b,31.33294741857173,3233
C19d35e26aa31c1b5ed3,13.67732571166082,1468
C19d35e26aa7b8a4ef71,11.164667167851407,1216
C19d35e26ab264c2c320,32.929764911485194,3393
C19d35e26ab3fc0287f2,15.468862945145151,1647
C19d35e26ab802644149,1,200
C19d35e26ab971bb4e72,5.347793222058937,635
C19d35e26aba8552aa38,9.308493618292609,1031
C19d35e26ac517039422,14.429548174575784,1543
C19d35e26ac718b98009,32.255006408038646,3326
C19d35e26b0e9d2e70da,16.327367833996966,1733
C19d35e26b13ac054bb7,34.06786007619807,3507
C19d35e26b1cc8309c13,1,200
C19d35e26b1d5bd063fb,6.201302899808896,720
C19d35e26b1e21fa6af9,8.034076366325205,903
C19d35e26b1f8d62ac50,10.93432281896471,1193
C19d35e26b2151bd4044,14.901207248722665,1590
C19d35e26b2259a61ccf,27.792872887201792,2879
C19d35e26b2a0f4ce2a2,32.98182897346263,3398
C19d35e26b9114360da1,17.267884061313595,1827
C19d35e26ba7c300414e,18.411371609506148,1941
C19d35e26ba85b02f146,32.801743684583236,3380
C19d35e26ba9bca54bcf,34.75281895253627,3575
C19d35e26bcc3752f932,34.06044049166013,3506
C19d35e26bcd70ea3609,11.64644726009703,1265
C19d35e26bd0d872fd00,3.53436365612127,453
C19d35e26bd66955cdb3,10.968595022306456,1197
C19d35e26bd7d5e26dc9,31.601826065066906,3260
C19d35e26bd84f565b03,15.059599063069044,1606
C19d35e26bdd62dc257f,7.55190014363896,855
C19d35e26bdebd225a3a,32.06851501115702,3307
C19d35e26be1d231c413,30.031095394824533,3103
C19d35e26be32fb0233a,25.067128480029286,2607
C19d35e26be400255c73,4.82597167144377,583
C19d35e26be500dadaf9,10.958651375386214,1196
C19d35e26be626a965de,20.05463679995063,2105
C19d35e26be75aeeecbc,29.604990638426038,3060
C19d35e26beb96855e02,17.383555373612218,1838
C19d35e26bf895b80e2f,34.639940052496655,3564
C19d35e26c0b0cb833e8,18.052181003676168,1905
C19d35e26c139ce253df,13.331038570434139,1433
C19d35e26c140308d9e1,23.18268357689026,2418
C19d35e26c1a801f9e4e,25.26372892559903,2626
C19d35e26c1d916eaa9b,1,200
C19d35e26c1e0c1feef0,5.245148074089493,625
C19d35e26c1f6f330bff,9.294316048355714,1029
C19d35e26c203112174a,11.007299781756984,1201
C19d35e26c3023d2d81d,17.3890725179106,1839
C19d35e26c37d5e5c2f5,34.75725383666785,3576
C19d35e26c3a9e8aae7d,34.74569543538281,3575
C19d35e26c46d1a28b7b,36.15110796697619,3715
C19d35e26c54201131d0,22.8462936305285,2385
C19d35e26c563ab6e8da,33.468839606256914,3447
C19d35e26c60405c3308,11.164546249060113,1216
C19d35e26c6172a1f9a3,12.169113355206544,1317
C19d35e26c63981cc432,23.599846521954273,2460
C19d35e26c640cf0d9dd,33.50989745990116,3451
C19d35e26c652fba77d9,36.688100730789955,3769
C19d35e26c6662699b8c,1.3109999468793903,231
C19d35e26c67415405b3,5.0077683244683415,601
C19d35e26c69c4bb9837,12.422090143951724,1342
C19d35e26c735ffc3326,24.489766510024523,2549
C19d35e26c806838a560,26.551617364474065,2755
C19d35e26c84f9dc58ef,15.125584928276611,1613
C19d35e26cb12b1008fc,34.196755374017904,3520
C19d35e26cb22ea4fbc1,36.30529025962015,3731
C19d35e26ccae332cef8,28.248807045421046,2925
C19d35e26ccf1cf641c5,37.05615124073868,3806
C19d35e26cdd11dd0516,19.702190181095506,2070
C19d35e26ce65f7a3386,10.956514612306348,1196
C19d35e26cf92dd592ce,33.09517764253745,3410
C19d35e26d026fa2779b,11.173721434399473,1217
C19d35e26d03ec88fff6,7.916680502039095,892
C19d35e26d055012d678,3.993168169550854,499
C19d35e26d28319c795f,26.526787086029305,2753
C19d35e26d2db183a945,19.39214729428622,2039
C19d35e26d44613019f2,35.42441870704321,3642
C19d35e26d4a2f3d0ebe,32.6295461608413,3363
C19d35e26d5585633f79,10.7779181683723,1178
C19d35e26d57f5abf3ac,17.43743248806094,1844
C19d35e26d59aae7fdbe,21.55248626594842,2255
C19d35e26d5a644bff15,33.79266088683305,3479
C19d35e26d635cd9ea2f,32.11781025254273,3312
C19d35e26d76b00a2952,32.27207237797437,3327
C19d35e26d776d829e68,34.682222975659066,3568
C19d35e26d96e2c8dc52,12.235175754654199,1324
C19d35e26da4889c3ed4,4.026845265060381,503
C19d35e26da61bd5beae,7.097365192224065,810
C19d35e26da73dcf5bc1,1,200
C19d35e26dbd9345aa43,19.699917838014297,2070
C19d35e26dc34fcfb12b,12.946905719132591,1395
C19d35e26dee65cd5a36,32.25262193490753,3325
C19d35e26df65fdff6e5,36.57909353292165,3758
C19d35e26dfc0aa0c2af,2.6910704192033146,369
C19d35e26dfdf7f59b77,5.800729667487242,680
C19d35e26dfe451544dc,11.110159855854173,1211
C19d35e26e00b06fe7d2,33.77806058597479,3478
C19d35e26e0186ace5c8,32.431602383517856,3343
C19d35e26e039106bb3f,28.69575470962752,2970
C19d35e26e0485499fb8,36.405313893523214,3741
C19d35e26e0c3880e538,22.036844910886085,2304
C19d35e26e16fef482ef,34.116148501427205,3512
C19d35e26e18f3312b37,22.836714131434455,2384
C19d35e26e24587d6ce9,10.0003984371486,1100
C19d35e26e256edf27f0,2.0000184633732463,300
C19d35e26e2690fa1cad,6.000082632820953,700
C19d35e26e275f18493e,5.000199244102465,600
C19d35e26e30674fb241,26.574234906705502,2757
C19d35e26e48237aa1a3,7.553910613144834,855
C19d35e26e4d67afbf5d,15.700891149393236,1670
C19d35e26e4f4cd61d8d,14.375845400785309,1538
C19d35e26e5b987f9ec4,31.156246263082174,3216
C19d35e26e5d65226a97,21.786024326512713,2279
C19d35e26e5e9d08f4bc,34.60762304584988,3561
C19d35e26e786f28a5c5,34.846133924339654,3585
C19d35e26e8bb688bdd0,34.84482732600413,3584
C19d35e26e9bee07a204,11.049103203088018,1205
C19d35e26e9c9a60c27e,31.622214086225675,3262
C19d35e26e9dec352791,17.26388079400329,1826
C19d35e26ec1164f8cb2,29.253877377556666,3025
C19d35e26ec2fc70545b,11.223387812631007,1222
C19d35e26ec3816a3d6a,22.82697225713073,2383
C19d35e26ec40a724301,7.35987340124035,836
C19d35e26ec54cb4a5d8,1.7491027272919064,275
C19d35e26ed3a2a0c1ae,5.822484159958543,682
C19d35e26ed4fd3a093a,8.575040951742492,958
C19d35e26ed6fa684c02,16.60287604242695,1760
C19d35e26ef9d5cae60f,19.473526029145738,2047
C19d35e26efb29085dc8,10.785978023411545,1179
C19d35e26efc2f249db9,7.747635287870097,875
C19d35e26efda4741680,29.760357317465456,3076
C19d35e26efe0802e5eb,21.055783932750597,2206
C19d35e26f0234a25ef9,27.365404053218345,2837
C19d35e26f461f7653d4,32.42876134589019,3343
C19d35e26f77a915b5a6,12.252352128005644,1325
C19d35e26f7b06af1e93,20.74895347803222,2175
C19d35e26f81968ac232,32.943498162728424,3394
C19d35e26f9d68cf687f,24.362519626935555,2536
C19d35e26fc10e5eb520,15.483464950750191,1648
C19d35e26fc638d3e34a,9.854783610332172,1085
C19d35e26fcc633da963,7.422966099981218,842
C19d35e26fd2cc52d14d,1,200
C19d35e26fe38e98b0d5,20.711544259446626,2171
C19d35e26fecf96f4c2e,36.40018425853399,3740
C19d35e26ff3e74dc4ea,34.63112485773207,3563
C19d35e26ff95226ce48,5.970555461184351,697
C19d35e270046de43454,17.252019579510645,1825
C19d35e2701f296aa03b,22.252283307205854,2325
C19d35e2703b53252227,31.869429930509025,3287
C19d35e2704bb72aa803,3.4413621801458003,444
C19d35e2704cb613ced6,5.474912595743625,647
C19d35e2704d2cab4372,11.408654939977788,1241
C19d35e2704e6757e33f,13.00086701816511,1400
C19d35e2705eb93972b3,7.843725572311377,884
C19d35e2705f5b1ffe67,5.963166873189033,696
C19d35e27060eb3f6d85,1,200
C19d35e270612d25b80f,33.504187778514755,3450
C19d35e27067d8ef3545,13.99984855855009,1500
C19d35e27068cd88f981,2.4966497573961854,350
C19d35e2706c256e8214,8.980392084402313,998
C19d35e270737910354c,5.416081893612741,642
C19d35e270741e819844,21.036417761113395,2204
C19d35e27075744cdc5d,35.303015616524526,3630
C19d35e270762d7747b6,27.72163054874928,2872
C19d35e2707aa6750f80,32.38765114933982,3339
C19d35e2707d7d819c05,15.284421770046098,1628
C19d35e27081c634e55e,33.43012514671946,3443
C19d35e270868c7a8561,11.818300049873494,1282
C19d35e27087dda74de4,2.711193749385332,371
C19d35e270887cc2e33e,10.370868301711512,1137
C19d35e27089d92d4a70,30.80485378207399,3180
C19d35e2708b54c17710,7.252665583622812,825
C19d35e2708ddd39bd4c,35.686484617898884,3669
C19d35e2709158af6867,12.042872758806892,1304
C19d35e2709e979a1a38,1.4662924668146804,247
C19d35e270a446f20253,15.36994582363319,1637
C19d35e270b4596dec9b,13.987188043007432,1499
C19d35e270b59ac5f98f,10.786993402453621,1179
C19d35e270b6ce8b4a92,5.15264234535592,615
C19d35e270b73dd8f760,8.219804876313692,922
C19d35e270d15bd60b05,18.75418011902071,1975
C19d35e270d3cad0f68b,14.371338709795202,1537
C19d35e270e9a0fcc493,13.238969682537094,1424
C19d35e270ea156d0f88,1,200
C19d35e270ef18e8e678,10.572483290138505,1157
C19d35e270f1cbfb42b3,7.257962530121774,826
C19d35e270f4adbb7ce2,16.78286466516525,1778
C19d35e270f73f001a7d,32.39764799387446,3340
C19d35e270fd82474e49,22.59418668009613,2359
C19d35e270ff4684befd,11.167704018149735,1217
C19d35e271030b6d3874,35.547988895104105,3655
C19d35e27107697d6caa,33.834027070737804,3483
C19d35e2710b08511cbc,13.008008775176155,1401
C19d35e2710ed61ed56b,7.013967850985699,801
C19d35e2710fe4fd478c,5.004947880342311,600
C19d35e2713255ffed06,12.792628375391772,1379
C19d35e271352ef2787b,20.840068570769354,2184
C19d35e2713701312513,32.98684261697822,3399
C19d35e27140012c6528,9.140338697475988,1014
C19d35e27142879ae75f,11.104878273648586,1210
C19d35e27157806f3236,35.16850316862343,3617
C19d35e27162099357cb,25.911494544095106,2691
C19d35e2718c8da8c6d7,35.57936618925978,3658
C19d35e27194caeb2fdf,28.063507781336533,2906
C19d35e271ada81e8cd1,21.82424702999486,2282
C19d35e271c0dd0a16c9,2.9584274570748903,396
C19d35e271db457fe9f0,35.810171145861645,3681
C19d35e27211d8537c13,25.504739046043944,2650
C19d35e27232cc43420b,38.87421654732003,3987
C19d35e2723bd2dc373c,28.874375370270986,2987
C19d35e2723eb7c84bfe,33.24482503779416,3424
C19d35e272405176e334,32.119295446835196,3312
C19d35e27241d2d35ed7,12.583996854668444,1358
C19d35e27242416c9dc9,9.225045441875997,1023
C19d35e2726a8e7e450c,19.12038305741116,2012
C19d35e272764f4ab982,28.238541411514976,2924
C19d35e272868118c8c9,20.76673777407603,2177
C19d35e27289d45b8be5,29.18487418588531,3018
C19d35e2728bd08d5048,11.340391089175933,1234
C19d35e27293738f0d95,2.88531447454028,389
C19d35e2729493bafc7b,5.75236563162592,675
C19d35e2729555139d28,10.472041372915557,1147
C19d35e272969fb9f2a9,17.86139446354247,1886
C19d35e272971bde31d6,35.64314121404751,3664
C19d35e272a0d2e891ab,15.666346192327387,1667
C19d35e272a190626752,32.26963935616682,3327
C19d35e272b2237d76ba,16.410093646867757,1741
C19d35e272c4a237f2e8,34.43586131227802,3544
C19d35e272cbfcf03b20,22.707563384932975,2371
C19d35e272d03923bf04,16.269865101092154,1727
C19d35e272d90bf24837,17.16516346391916,1817
C19d35e272db931a7786,13.074571331953324,1407
C19d35e272def0c50abb,9.755923480917566,1076
C19d35e272e0131f7692,1,200
C19d35e272e1f7a9aa6d,5.583955241731797,658
C19d35e2731621d11fb6,18.519563913325943,1952
C19d35e273175049aaed,23.58711268283603,2459
C19d35e2731c1483db70,34.641539353369694,3564
C19d35e2732d61ea7173,22.539341503832595,2354
C19d35e273359989655f,33.870583020310846,3487
C19d35e27342154171bf,12.005196350104328,1301
C19d35e273431ca63aa6,10.035156689882529,1104
C19d35e2734414d69151,4.98916588248688,599
C19d35e27345339595ec,15.998789123017993,1700
C19d35e2735a11759a41,19.90380205710166,2090
C19d35e27389003b1cdb,34.80675161446399,3581
C19d35e273a6948f754c,5.178207660378303,618
C19d35e273a715606345,8.145799904005155,915
C19d35e273ab0fb310b3,10.987251906124188,1199
C19d35e273aff9cf9053,11.419661780887438,1242
C19d35e273b0980af904,34.11664717012364,3512
C19d35e273c0d4efa5e5,16.662784078805778,1766
C19d35e273d64133aa72,13.40593744066531,1441
C19d35e273d85971ece7,23.071571010417642,2407
C19d35e273e77efc9902,33.00271895855339,3400
C19d35e273e9c115ce80,36.151488945310916,3715
C19d35e273ea29c147b4,34.97904667165455,3598
C19d35e273ebb9ade4fa,23.023905028624135,2402
C19d35e2740df363fee5,7.588834063129373,859
C19d35e2742d73070a66,17.564811886065822,1856
C19d35e274311c01aef7,13.649866405116958,1465
C19d35e2744648083f13,17.39471964953746,1839
C19d35e27448e1e75c86,38.03924191474839,3904
C19d35e27470265d58b6,33.12497295907754,3412
C19d35e274805768d21d,11.024797907697439,1202
C19d35e27482b83f2c49,1,200
C19d35e2748586835394,17.737181504693446,1874
C19d35e274892c68b524,8.004260896227395,900
C19d35e27490497e35cf,4.1936584093316345,519
C19d35e2749f2cf6a650,16.11035689282452,1711
C19d35e274aab46aad5e,5.875836945571055,688
C19d35e274ab4928756b,8.107269984638307,911
C19d35e274ada7890073,9.595831984733323,1060
C19d35e274ae92583364,36.20719254963948,3721
C19d35e274b5ed61b868,22.885311588434316,2389
C19d35e274c192a76f33,6.997914002868562,800
C19d35e274c21f938454,12.040565940398242,1304
C19d35e274c4051b1a82,3.98661332816557,499
C19d35e274ce98766802,19.217737292381457,2022
C19d35e274d768c9e4e7,31.576945882309897,3258
C19d35e274eb39a527f9,33.19125652473046,3419
C19d35e274ff8f7298a2,9.431844879890827,1043
C19d35e2750191ea55b9,10.836584616650113,1184
C19d35e2750333dc78ce,15.079174514998542,1608
C19d35e275180b3dd203,36.04865470799273,3705
C19d35e2751ea3b5614e,4.40610587442847,541
C19d35e275219cd2b0ce,32.7898790219413,3379
C19d35e2752e08fc7df2,31.01084711007795,3201
C19d35e2755225795308,15.018060154653588,1602
C19d35e275531b852993,23.99973506796678,2500
C19d35e27559262ada8f,5.117976273733269,612
C19d35e2755a83136adc,3.0112486474655116,401
C19d35e2755d52ebbe62,31.059454189973362,3206
C19d35e27560f998a284,35.0293836703312,3603
C19d35e2757262b4614c,25.051788461134528,2605
C19d35e27579bc416f7b,28.025055681027762,2903
C19d35e2759e2d659f28,15.335783956333175,1634
C19d35e275a2a2f6712d,4.063224786763442,506
C19d35e275d7922c7a43,5.884514001692998,688
C19d35e275d85d529ecf,32.91557683006591,3392
C19d35e275e831e0c701,35.561447547309356,3656
C19d35e275e95a3da698,25.65961002581317,2666
C19d35e275f9beb53c7c,36.159231140133016,3716
C19d35e2760d65090e85,18.515483807580328,1952
C19d35e276252357cd79,5.7933111592886455,679
C19d35e27628d14b364a,29.738688976871792,3074
C19d35e2762effcefcf4,35.631558325494126,3663
C19d35e2762f794ce6b1,10.950484451827274,1195
C19d35e276300e68b300,33.400186024911555,3440
C19d35e27632641a69a2,20.566563115828142,2157
C19d35e276441b74d743,20.162444410902996,2116
C19d35e276549ca962e2,12.03926830328761,1304
C19d35e2767297c47882,5.837944474761772,684
C19d35e27695ee3df17e,16.365110120572254,1737
C19d35e276b946f47444,32.783305780842156,3378
C19d35e276d685e3b802,14.99200827705686,1599
C19d35e2771018afb304,7.887168924393992,889
C19d35e277168599ca1c,35.58291918316657,3658
C19d35e2772813102ffe,2.070173191600166,307
C19d35e277573fb29302,34.161395241640726,3516
C19d35e2776accd2fcc2,27.03701996842715,2804
C19d35e2776df5f81912,12.094881228995433,1309
C19d35e2777837a91b87,30.455138411629566,3146
C19d35e2777de71167be,18.49228072421778,1949
C19d35e27785a6a10df3,5.18141764455491,618
C19d35e27788e38ee840,11.00042093747649,1200
C19d35e2778d463b87c2,35.30821637822293,3631
C19d35e2778e929cca38,25.016232652719253,2602
C19d35e27796830d382e,11.233746838933351,1223
C19d35e27798274e1acc,9.315734377356385,1032
C19d35e277997a41b959,5.826913650911491,683
C19d35e277af62ab68a0,3.808432625003598,481
C19d35e277c190fec3b7,14.274486687303707,1527
C19d35e277c55eb4f8f7,10.081751907476848,1108
C19d35e277c624ecab57,7.988244151343074,899
C19d35e277c71b4860b8,3.002240337653619,400
C19d35e277c85f9ec252,17.342969301796785,1834
C19d35e277f1cc21eddb,31.513073087803892,3251
C19d35e277fef0a6e7d8,11.354906938544241,1235
C19d35e27800e13bf9c0,29.70590418253012,3071
C19d35e278163954fca7,1,200
C19d35e27822d0ee676a,34.388341040314664,3539
C19d35e278287f5da4f0,1.072612778637651,207
C19d35e2782c7b61fd02,11.010484398204964,1201
C19d35e2782dd0ff8c3d,9.00099649736908,1000
C19d35e2782e093558a9,21.338236877060506,2234
C19d35e2782f91ed6e57,12.497771866052034,1350
C19d35e278309655235b,4.998915976351186,600
C19d35e27850eb45f51b,33.99779016334667,3500
C19d35e278625e8fa50b,27.847322765607093,2885
C19d35e27863f678a85a,32.23595481762267,3324
C19d35e2786425a63ebe,35.39809083166332,3640
C19d35e2786a39a39d23,35.694403066636056,3669
C19d35e278799c5a44d3,32.94720474076934,3395
C19d35e278987a8df108,10.730898010623656,1173
C19d35e278a058634f9a,1,200
C19d35e278a27aa810ff,28.927926696048146,2993
C19d35e278a3fd0636f6,35.49868119424576,3650
C19d35e278a5870570c8,14.164587628504792,1516
C19d35e278a6f507c6ad,4.16924092720843,517
C19d35e278ba8f022254,18.11190037911505,1911
C19d35e278bc4ae8cb45,12.078552644114438,1308
C19d35e278c6821ac798,12.211697490331664,1321
C19d35e278d3e9b3f0b6,10.953155780127052,1195
C19d35e278d49f8f6c6e,1,200
C19d35e278d6b9d37c8b,14.172643480541979,1517
C19d35e278e072cdd6db,7.568931704376442,857
C19d35e278e32c6aa3da,4.416548776392776,542
C19d35e278e6a2e3d61e,36.026226118522054,3703
C19d35e2790480cea3b8,12.746089666739664,1375
C19d35e279074f07a5cc,11.545915540735601,1255
C19d35e27908cdc37167,22.814464405756674,2381
C19d35e2790a20afad23,5.902697918674316,690
C19d35e27924b85f657e,20.10755208002014,2111
C19d35e279318cf116ac,1.9942281672229882,299
C19d35e27932275291b8,5.017131943378829,602
C19d35e279337a0bd626,7.089061180684556,809
C19d35e279349aae40bb,11.03372793277805,1203
C19d35e2793565627bb4,12.484768774774325,1348
C19d35e27936d9880fad,30.15044613528818,3115
C19d35e27939d3d45c06,36.13529481240415,3714
C19d35e27958311c0fde,8.003306208901952,900
C19d35e2795983ba5991,11.000759669965996,1200
C19d35e2795adb2da344,1,200
C19d35e2795bd52d0978,5.000455493115911,600
C19d35e2795c88a2eb32,1.997635818995335,300
C19d35e27975f8a5e812,32.13220006143458,3313
C19d35e2797646a0dce5,30.079570867706725,3108
C19d35e2798a598113ad,22.763985382528645,2376
C19d35e2798e6698367a,25.010580422407237,2601
C19d35e279913760b200,11.11701367450298,1212
C19d35e27992fc55d063,5.001334045847866,600
C19d35e279b155cdb4aa,11.476189013990902,1248
C19d35e279b683b0db11,23.175113205450412,2418
C19d35e279b966010895,11.277817660689207,1228
C19d35e279bb929e5ac3,5.344191634381893,634
C19d35e279c77adf6719,23.369529466792017,2437
C19d35e279ebca0ce315,11.117872062370699,1212
C19d35e279ecd75f333a,1,200
C19d35e279fac4f89040,8.926049356008217,993
C19d35e27a009b349287,3.2553905882723377,426
C19d35e27a027198c1ac,13.741571421487626,1474
C19d35e27a2243461f9a,31.28487707508351,3228
C19d35e27a536ffb17a7,11.312152651600462,1231
C19d35e27a5421928a78,13.639245817031368,1464
C19d35e27a578cd69aa4,6.564609497304478,756
C19d35e27a5895b213b0,37.50446687218507,3850
C19d35e27a5a04d99a17,5.004879522661024,600
C19d35e27a5c9822b696,27.769263077938216,2877
C19d35e27a6c3483191d,9.26847419315845,1027
C19d35e27a6d95870c03,16.533369016072914,1753
C19d35e27a6f4c2ef6b2,1,200
C19d35e27a81e84932df,12.989231850435202,1399
C19d35e27a9cd3c683fd,34.17898912964706,3518
C19d35e27a9df23709ab,22.054812623969024,2305
C19d35e27acf884d2c5c,36.41067017645851,3741
C19d35e27adc2367f802,29.74801826737075,3075
C19d35e27b0d7b50ba70,11.253106291564539,1225
C19d35e27b0f16bb3cb4,11.269145282381958,1227
C19d35e27b12ff5bcf32,7.624658850929298,862
C19d35e27b132e61f72a,14.047889130772964,1505
C19d35e27b19c7fcfd91,30.008805708250215,3101
C19d35e27b249fde0965,9.359992346836854,1036
C19d35e27b461dec0cdf,10.967447860865384,1197
C19d35e27b4a0c0afb30,14.076376030165461,1508
C19d35e27b7da14a915e,11.735079390210641,1274
C19d35e27b818480f394,30.557658248456136,3156
C19d35e27b82f97d65a8,34.49992055516438,3550
C19d35e27ba418901d3a,20.231614622862402,2123
C19d35e27bc854ebfb75,11.747830254706306,1275
C19d35e27bce5459886e,30.757349528092462,3176
C19d35e27be1ee9473c2,37.120298941193184,3812
C19d35e27bebc6bf78cb,33.77944532660173,3478
C19d35e27c0658d65fc6,33.14284001987124,3414
C19d35e27c0e57bd6ebd,18.02593193585377,1903
C19d35e27c1248ad2dfc,12.526346799632973,1353
C19d35e27c1693325e6c,5.108423033247901,611
C19d35e27c2bc7d25e0c,11.674596531085575,1267
C19d35e27c2cf705207a,1,200
C19d35e27c2d09b7309a,25.7461150612971,2675
C19d35e27c2e78479ed8,9.131429444004281,1013
C19d35e27c31cc900855,34.39575681921426,3540
C19d35e27c34cc30bbc6,5.117594925209469,612
C19d35e27c363ed36663,35.32505616475319,3633
C19d35e27c4212b403a5,30.317009571492683,3132
C19d35e27c507d9a3676,20.518832230522104,2152
C19d35e27c731d1a9fb6,27.1154811937287,2812
C19d35e27c76585aa9c7,17.90795889278053,1891
C19d35e27c8b0416bf83,12.33718088536779,1334
C19d35e27c8c83659d9a,12.47924254932681,1348
C19d35e27c8ddf5cb9d0,15.237646980229977,1624
C19d35e27c8e19e84153,29.208052844020493,3021
C19d35e27c8fa27f0ae6,12.76575600550121,1377
C19d35e27c90d4e2d31d,16.404491553377476,1740
C19d35e27c91c8737356,14.96312162409394,1596
C19d35e27c92595e26cc,20.49186962085043,2149
C19d35e27c937da003e0,27.787658679605382,2879
C19d35e27c944b96ffd8,21.508888183007702,2251
C19d35e27c95e515ad20,13.566978830761727,1457
C19d35e27c96ee05ae42,15.159299588022158,1616
C19d35e27c97020f6cfe,12.19932608573551,1320
C19d35e27c9858488088,18.852753045216634,1985
C19d35e27c9981547375,29.811935617295433,3081
C19d35e27c9a10741f56,21.055682426258702,2206
C19d35e27c9b9614eae5,12.002294401875824,1300
C19d35e27c9c0b02fbce,12.629318833148034,1363
C19d35e27c9d708ab291,13.578696828826345,1458
C19d35e27c9eb1b3ea31,12.297449659564538,1330
C19d35e27c9f7384f53d,24.484045312926614,2548
C19d35e27ca0755a29c4,24.52403210633294,2552
C19d35e27ca1dc4b3721,12.128617925616552,1313
C19d35e27ca2226cb54b,13.459380937487857,1446
C19d35e27ca3e31e4837,25.787471592623174,2679
C19d35e27ca43c691332,25.901789484595913,2690
C19d35e27ca52dd53305,27.86349575379263,2886
C19d35e27ca666d465d7,20.77817422148758,2178
C19d35e27ca747b3fb8b,33.003477090282914,3400
C19d35e27ca868bdf0cc,29.783433271056218,3078
C19d35e27ca981a7976b,15.128317779209095,1613
C19d35e27caa94852466,18.703574456509468,1970
C19d35e27cabd66700ec,18.64986801324054,1965
C19d35e27cacfec2db9c,26.916237941845733,2792
C19d35e27cad9014bb01,13.564123429156512,1456
C19d35e27caed0e486a0,25.680110283889448,2668
C19d35e27caf8ce055e5,16.516925641065033,1752
C19d35e27cb0e0c56255,16.56337624042902,1756
C19d35e27cb1997ff3ee,13.652290701686566,1465
C19d35e27cb26528b251,23.318955896989298,2432
C19d35e27cb30762e62d,29.785737936255174,3079
C19d35e27cb48da72c32,13.578929927277962,1458
C19d35e27cb6c56291f5,20.911111796310845,2191
C19d35e27cb72f424dac,20.900294496636644,2190
C19d35e27cb8669ec0b3,20.62822240422079,2163
C19d35e27cb915c12e4b,26.661729476996346,2766
C19d35e27cba675da4b3,27.68911709870102,2869
C19d35e27cbb6117a4f4,20.78034218585821,2178
C19d35e27cbd55b245c9,12.094799816561117,1309
C19d35e27cbe213a131a,11.974909966508664,1297
C19d35e27cbf4e537bbf,13.642321066656166,1464
C19d35e27cc00abc1e33,25.888860407574597,2689
C19d35e27cc12ecd99ec,27.83102011346976,2883
C19d35e27cc210e97dfb,19.257707734782716,2026
C19d35e27cc4b7c2ae62,12.037842370977044,1304
C19d35e27cc683a14cf1,15.125696742934691,1613
C19d35e27cc77542c301,13.768822667416854,1477
C19d35e27cc85889e081,31.576438734171454,3258
C19d35e27cc957df933c,23.255171870558595,2426
C19d35e27ccafe263bef,22.896879007744907,2390
C19d35e27ccb5f5c3898,14.77130718866559,1577
C19d35e27ccd9aed3b06,24.67112179472099,2567
C19d35e27ccef5e23d63,22.896113456318517,2390
C19d35e27cd08b2abe44,12.63453320107441,1363
C19d35e27cd1763237da,29.886244461323923,3089
C19d35e27cd2e58e2104,17.09618790985416,1810
C19d35e27cd365f1ed50,29.57356961948809,3057
C19d35e27cd49e86fcf0,31.263801478780135,3226
C19d35e27cd567dd5866,29.752007981547525,3075
C19d35e27cd74e127de4,28.771914377696973,2977
C19d35e27cd904017d60,27.881197748773197,2888
C19d35e27cda56a33da9,17.946042398498324,1895
C19d35e27cdb48f51e19,18.813848184623037,1981
C19d35e27cdedafe3da8,16.00697222191044,1701
C19d35e27ce19fb4b3e3,14.948354199916762,1595
C19d35e27ce37e430542,18.863185167636054,1986
C19d35e27ce9c3f7a036,13.478254189050594,1448
C19d35e27cea01736390,14.997381604619395,1600
C19d35e27ceb8671b146,27.694573186867622,2869
C19d35e27cec1961cc61,33.00179034166333,3400
C19d35e27ced50289e4b,15.011616293600667,1601
C19d35e27cee054cbc9c,15.063449922851177,1606
C19d35e27cef4bbd4130,15.145491167973464,1615
C19d35e27cf0c3e99991,14.992616865348708,1599
C19d35e27cf17780e0c5,13.447361638979427,1445
C19d35e27cf2d93061b6,13.533621170716074,1453
C19d35e27cf3b41bb3b5,29.086564865879897,3009
C19d35e27cf45f02aeda,14.92276223280822,1592
C19d35e27cf55bdc5a77,6.999305261563895,800
C19d35e27cf79dc44926,16.605122878306062,1761
C19d35e27cfc65fef5c5,29.0145056796832,3001
C19d35e27cfd73fb1eea,29.91307478150869,3091
C19d35e27cff4a222162,28.771022580197933,2977
C19d35e27d0174fbbc13,18.676131286476334,1968
C19d35e27d0284393ace,16.605724777842173,1761
C19d35e27d0325116e8c,13.562581564273998,1456
C19d35e27d04de5481d2,13.564329250053946,1456
C19d35e27d051754f3c6,15.05136583222756,1605
C19d35e27d06cd71aaad,15.083450890092339,1608
C19d35e27d079c9776ed,18.67870765363702,1968
C19d35e27d086bf940ca,24.672385509273944,2567
C19d35e27d09599c6ae5,25.83476502473133,2683
C19d35e27d0a0b72766c,25.69633713222085,2670
C19d35e27d0b441c69ce,28.977502476630452,2998
C19d35e27d0c39d5d216,29.791401365839803,3079
C19d35e27d0d666c0f19,29.865646016477275,3087
C19d35e27d0ec2aa32f0,31.44515333616254,3245
C19d35e27d0fb99c3830,31.585808063363796,3259
C19d35e27d108a0b9749,31.78710258309013,3279
C19d35e27d11b81d1c51,13.72500249253564,1473
C19d35e27d134b326e9a,30.74804959147855,3175
C19d35e27d149e16898e,10.009880333516179,1101
C19d35e27d16f2f1f447,9.44169568171497,1044
C19d35e27d1782575997,18.61649819983224,1962
C19d35e27d18f889b67f,20.8325787579738,2183
C19d35e27d1bfa1f164d,10.037294877471247,1104
C19d35e27d1c7c3d0e69,10.045504569200945,1105
C19d35e27d1dda79183d,34.163158946425675,3516
C19d35e27d1ec08b6a8e,30.21556964452228,3122
C19d35e27d2154431390,15.215280105854145,1622
C19d35e27d22975f8f60,11.99057126744111,1299
C19d35e27d23b8dce456,29.82450263959829,3082
C19d35e27d258f5f2837,31.112499186196786,3211
C19d35e27d264896a11a,5.995049996338835,700
C19d35e27d27b876da2f,33.05540905781138,3406
C19d35e27d282209982c,10.003693863694604,1100
C19d35e27d2bdce5c5e0,16.44909818730894,1745
C19d35e27d2d6bc77cd8,33.019068983048086,3402
C19d35e27d30ba99b438,9.913618259123083,1091
C19d35e27d3270b44da0,31.12146132534741,3212
C19d35e27d342430131c,16.51484456603137,1751
C19d35e27d359181fefd,9.009466916997962,1001
C19d35e27d361d422aa5,25.625450017274787,2663
C19d35e27d38b2226c59,22.792046345705128,2379
C19d35e27d39c9b75950,29.819008275926752,3082
C19d35e27d3afce11683,9.972257234455585,1097
C19d35e27d3b48a62940,22.50356327281162,2350
C19d35e27d3d9d9cbbd7,34.54422443420887,3554
C19d35e27d3ef824d6b8,29.986119058384936,3099
C19d35e27d3f37ad332f,11.98848966236095,1299
C19d35e27d407f59d128,34.07197315121382,3507
C19d35e27d41d0a889f0,11.76229917627973,1276
C19d35e27d4202e7f260,11.972189902113827,1297
C19d35e27d43cf506f6d,15.08386109389466,1608
C19d35e27d44cefbeb1d,34.58116261257351,3558
C19d35e27d47ca1d919c,9.987801875456881,1099
C19d35e27d49d48614f4,18.800386617207945,1980
C19d35e27d4a17eec135,31.614091507645053,3261
C19d35e27d4b9e870346,33.08364806569953,3408
C19d35e27d4d0a10d100,35.571253917333635,3657
C19d35e27d4f99f0b6bc,31.780051976881673,3278
C19d35e27d50e6765712,31.60914003391562,3261
C19d35e27d5192862c44,27.696529829847883,2870
C19d35e27d5289651d8d,31.76422369494311,3276
C19d35e27d5327cf062f,31.45372649407377,3245
C19d35e27d54d6399cb2,31.11685950484965,3212
C19d35e27d558c1cf046,31.737651686604558,3274
C19d35e27d568dabbd07,34.051909748385306,3505
C19d35e27d57295fadf7,31.613483293122343,3261
C19d35e27d58f475ed9c,6.9959154975932085,800
C19d35e27d59d5b9c6fd,25.678130517197108,2668
C19d35e27d5a3ed2a491,31.05511524310632,3206
C19d35e27d5b6f070dad,15.51333408090443,1651
C19d35e27d5c0dca51bf,33.13061915089697,3413
C19d35e27d5d07835d6d,34.06257783221933,3506
C19d35e27d5ee957e1cf,29.9492937797081,3095
C19d35e27d5f6a89ddae,33.11995000985966,3412
C19d35e27d6081efb9c8,30.11451157907998,3111
C19d35e27d623e9a8f92,31.09977681416957,3210
C19d35e27d675f3c5e2a,34.7068151550304,3571
C19d35e27d6816949dbc,35.58104890811269,3658
C19d35e27d69d2d95498,34.03069068597635,3503
C19d35e27d6a64a35409,29.62577978288109,3063
C19d35e27d6ea3a131ed,16.441317815049885,1744
C19d35e27d7152b5beb4,11.977656091705141,1298
C19d35e27d73c01ee11a,27.573584174933547,2857
C19d35e27d742d1edb1e,35.56931312431132,3657
C19d35e27d75522fcd93,4.926742077392346,593
C19d35e27d77bfcca961,7.003675217758119,800
C19d35e27d79e590bea5,35.532549118236666,3653
C19d35e27d7adfb37803,35.53884129769473,3654
C19d35e27d7be6fd1e0e,13.472698822088534,1447
C19d35e27d82d0130e4d,8.955818827645167,996
C19d35e27d8b7d709d1d,9.956418760372216,1096
C19d35e27d8d178f5346,29.719385923281145,3072
C19d35e27d8e4d156704,15.074704576542825,1607
C19d35e27d8fa24ea9fe,29.877101005501945,3088
C19d35e27d960fe74b0e,27.762405656230058,2876
C19d35e27d9775cfea2a,35.52945132087246,3653
C19d35e27d9b8e3a0171,15.018258208098498,1602
C19d35e27d9e2bbf1e8f,34.088159534028954,3509
C19d35e27da113b96cf6,8.9818498577782,998
C19d35e27da3c2f73e16,9.020246754031685,1002
C19d35e27da65747ee2f,35.532656690021646,3653
C19d35e27da8db9a272c,6.93615828915942,794
C19d35e27da9b8861a00,7.000966323228434,800
C19d35e27daea3cf8f5d,35.570838409927745,3657
C19d35e27daf64628f8b,9.824900146530135,1082
C19d35e27db1c2af91ff,33.229622335853215,3423
C19d35e27db278235e76,34.22489386093553,3522
C19d35e27db3763e8691,35.54210759149479,3654
C19d35e27db50b2879dc,31.164026711367256,3216
C19d35e27db6d43d2efb,6.998978863362695,800
C19d35e27db7dba87f65,11.498178180446825,1250
C19d35e27db99e1019ed,31.166823513153755,3217
C19d35e27dbcdb6acadf,8.989616973772073,999
C19d35e27dbdd0b44c3f,10.02336327123719,1102
C19d35e27dc0893b0514,36.073642678597146,3707
C19d35e27dc2c550b52f,33.00284283071179,3400
C19d35e27dc662eeedf5,4.9661201458775945,597
C19d35e27dc79cad3403,12.089485212926624,1309
C19d35e27dc83d93467c,34.033433256544726,3503
C19d35e27dca8aeac599,8.03275984004492,903
C19d35e27dcbd1631ff1,9.996830390352878,1100
C19d35e27dcee5435da0,9.996992191708257,1100
C19d35e27dd04c35cd90,33.09355973685463,3409
C19d35e27dd3d435f7a4,9.962696711486558,1096
C19d35e27dd619a7d184,6.997030196774163,800
C19d35e27dd889358186,11.998440527591233,1300
C19d35e27ddb67c5f751,11.000235377355926,1200
C19d35e27ddc39acf219,6.997479622928588,800
C19d35e27ddd8413d459,7.997509806666171,900
C19d35e27ddef4c631ca,22.643300959473105,2364
C19d35e27ddfb2b803ab,31.056434684609773,3206
C19d35e27de14d2ec3a9,10.010256617790375,1101
C19d35e27de664b43266,31.06881219988442,3207
C19d35e27dea117e7df7,31.568499450388025,3257
C19d35e27df1d925187c,33.1328717682461,3413
C19d35e27df2f3b49df7,33.039216823193456,3404
C19d35e27df3d3f7cee2,11.929323794941492,1293
C19d35e27df4a9a3aa2e,34.2027857694213,3520
C19d35e27df5ee20f9ef,9.003798699722283,1000
C19d35e27df639b6db31,10.000423357936166,1100
C19d35e27df9204b88f1,2.3818397211700524,338
C19d35e27dfaf3d3e673,20.61587834874025,2162
C19d35e27dfd0974fa21,11.753945352297237,1275
C19d35e27dff60b87130,9.035814607356473,1004
C19d35e27e0049e10e87,6.987097278589594,799
C19d35e27e01c0c44f8b,9.964348379209065,1096
C19d35e27e03553c50b3,9.99101767215486,1099
C19d35e27e041d1a89da,11.785597948500545,1279
C19d35e27e0b546763df,11.005875313441475,1201
C19d35e27e0cfb051be2,9.997241152310687,1100
C19d35e27e11633f9717,8.998345529762375,1000
C19d35e27e139a410f94,9.803319158140809,1080
C19d35e27e1720e66bbf,9.993750007237473,1099
C19d35e27e19b762bca0,9.988048068791384,1099
C19d35e27e1d95b4e739,9.98252631864649,1098
C19d35e27e1e9e789cb4,6.986500088230244,799
C19d35e27e1fa8dc3c60,16.903809442830948,1790
C19d35e27e220411482b,11.000807177094321,1200
C19d35e27e24b645daac,29.495782853232132,3050
C19d35e27e2520644de3,12.04966660800572,1305
C19d35e27e26ca6a0aea,9.950393049101182,1095
C19d35e27e28354d30ed,12.030344346211457,1303
C19d35e27e2c2aebd6e8,34.64021199034426,3564
C19d35e27e2efc62ee65,9.02912894662528,1003
C19d35e27e33fb9e43ec,36.032772998711,3703
C19d35e27e35c5ba4e99,7.66600468457441,867
C19d35e27e36b2aa2094,9.994379038102752,1099
C19d35e27e3c1f1aaddd,7.993491971267618,899
C19d35e27e408f6848e0,11.495493248732547,1250
C19d35e27e42540fa8ff,11.500085194870035,1250
C19d35e27e449894b53a,4.986734591123308,599
C19d35e27e46cd0f6679,36.02305667804852,3702
C19d35e27e4749b63d75,11.000912594616382,1200
C19d35e27e497e500d07,11.499697754381137,1250
C19d35e27e4feca13f65,8.998168398496754,1000
C19d35e27e50f9a965fa,10.005671051972971,1101
C19d35e27e51a2b0d683,7.9812435511762825,898
C19d35e27e5240f50d7a,31.63973965761542,3264
C19d35e27e53473e5b3e,35.55678624993982,3656
C19d35e27e54a4860e31,31.10052249889449,3210
C19d35e27e553b7b4b01,35.54998795845007,3655
C19d35e27e59f7a9584c,29.632909341283995,3063
C19d35e27e5a6ce67d8a,4.0016803164869925,500
C19d35e27e5cdcf840ee,5.968170823328245,697
C19d35e27e5f5dcec766,34.57009319088524,3557
C19d35e27e61cc328d76,31.52148089398663,3252
C19d35e27e62786d1b17,31.459719915470142,3246
C19d35e27e63a59ee906,31.58345774751577,3258
C19d35e27e6446ed3594,31.59918905478168,3260
C19d35e27e65a71e1173,33.060506472777426,3406
C19d35e27e66171c4bb7,33.13854555863097,3414
C19d35e27e67e3838128,33.05078149019533,3405
C19d35e27e6802d1238d,33.069732230899234,3407
C19d35e27e6916d91a7e,33.01484972944852,3401
C19d35e27e6a25fc4cb5,32.97789001110283,3398
C19d35e27e6bb3812fa4,34.009466370503986,3501
C19d35e27e6c247524f6,34.13157246133017,3513
C19d35e27e6d5eb598e3,33.061023586690645,3406
C19d35e27e6e3b67ad9d,34.10324891975327,3510
C19d35e27e6f681df633,34.052615593294604,3505
C19d35e27e7024cecc58,34.10473564437627,3510
C19d35e27e715fe7c509,34.02611477006227,3503
C19d35e27e72ae6cc33f,34.02653250808455,3503
C19d35e27e73fb031b2e,34.029960583874846,3503
C19d35e27e74fecc00d3,34.036397443243814,3504
C19d35e27e75662560fa,34.03964818708909,3504
C19d35e27e76decd9eb0,34.02752057558958,3503
C19d35e27e7799cc1d5d,34.086983233720254,3509
C19d35e27e7858e82aea,34.03500356951948,3504
C19d35e27e7930e472ed,34.02351563060849,3502
C19d35e27e7a69604aa8,33.04234958563045,3404
C19d35e27e7b1137a99a,33.17164350558181,3417
C19d35e27e7c215f3b6b,34.12146317361063,3512
C19d35e27e7d5ab761cf,34.05196097537548,3505
C19d35e27e7e08887737,34.58957601391862,3559
C19d35e27e7fd74af695,34.632242021766615,3563
C19d35e27e80d258b8aa,35.54729559831278,3655
C19d35e27e811c1c3552,34.54969703158451,3555
C19d35e27e82aa913dd6,34.602074068249394,3560
C19d35e27e83079ef274,34.035518770789544,3504
C19d35e27e8443880af3,34.64164583214546,3564
C19d35e27e85a5afbab2,34.5737348069045,3557
C19d35e27e876b38e324,34.54845079481541,3555
C19d35e27e88deb38c31,34.57106319197628,3557
C19d35e27e8967a37fe5,34.538124129025576,3554
C19d35e27e8a102741d6,34.70492852422017,3570
C19d35e27e8b485b1452,34.568717777545295,3557
C19d35e27e8c2d46bf46,35.51230533522076,3651
C19d35e27e8d2973ea9e,35.532287367821944,3653
C19d35e27e8ea133ecfb,35.54631453648231,3655
C19d35e27e8fcdc19b6e,35.61716610206752,3662
C19d35e27e904eee0dfc,35.534842264442695,3653
C19d35e27e9184780af9,35.55927084468176,3656
C19d35e27e927b3fd064,35.57182990126509,3657
C19d35e27e932e60b8ed,35.52251275520597,3652
C19d35e27e9488e10b05,35.556733384435645,3656
C19d35e27e95923bd1a3,35.53567424082874,3654
C19d35e27e96951d09e0,35.536228928251006,3654
C19d35e27e97a7c4bbf1,35.528769393292606,3653
C19d35e27e989f1c49a2,35.5347426359733,3653
C19d35e27e99a7e9cffa,35.53643772766427,3654
C19d35e27e9adbc49ada,35.516503380901064,3652
C19d35e27e9bebd516e6,35.54506311764667,3655
C19d35e27e9c218304bc,35.54196192495421,3654
C19d35e27e9d509f27d8,35.5194467403536,3652
C19d35e27e9e18dd329a,35.51645553361961,3652
C19d35e27e9f03ad66b3,35.554780736754665,3655
C19d35e27ea08d7c0563,35.607858609632075,3661
C19d35e27ea169019a4e,36.012546580117245,3701
C19d35e27ea210b66b46,36.04396252615701,3704
C19d35e27ea3292534ca,36.04930479111771,3705
C19d35e27ea4d5f151d9,36.04460873243291,3704
C19d35e27ea57c3f6d38,36.04106875690809,3704
C19d35e27ea6dc967546,36.00585655913695,3701
C19d35e27ea75fa5aa8d,36.016141195092004,3702
C19d35e27ea8ed215996,36.036977490247054,3704
C19d35e27ea9b887125f,36.06081591594123,3706
C19d35e27eaa11e64625,36.01132452320857,3701
C19d35e27eab0f560ee1,36.017081791556954,3702
C19d35e27eacf67eb0c1,36.010993695810285,3701
C19d35e27eadea00dec6,36.04753599373639,3705
C19d35e27eae913f66dc,36.01224963716221,3701
C19d35e27eaf156a167a,36.02396682882548,3702
C19d35e27eb052d4b118,36.271654467639436,3727
C19d35e27eb188a55d9e,36.025850687357845,3703
C19d35e27eb2c83bfb3b,36.03139875218332,3703
C19d35e27eb3bf80fd7c,36.08583904194191,3709
C19d35e27eb48b3e075b,36.04729056024413,3705
C19d35e27eb5e144a9d7,35.5399889239546,3654
C19d35e27eb6e9eec149,36.27356511642485,3727
C19d35e27eb72e0e6bf7,36.25681276669826,3726
C19d35e27eb8d21b23fe,36.29793272039097,3730
C19d35e27eb9ffa5e266,36.276426333731486,3728
C19d35e27eba7be6d5d0,36.27721388702207,3728
C19d35e27ebb9c942b3f,36.294047958392,3729
C19d35e27ebce4ea29df,36.287010176595125,3729
C19d35e27ebd99499b96,36.52601419146491,3753
C19d35e27ebe8d59c61b,36.5267243044008,3753
C19d35e27ebfee732eeb,36.51497241461307,3751
C19d35e27ec0fef001a6,36.521831557920365,3752
C19d35e27ec1abea10d2,36.53548974519321,3754
C19d35e27ec263b83780,36.75845776794914,3776
C19d35e27ec3e8b42cd2,36.77723856333938,3778
C19d35e27ec4a533c822,36.76869977793368,3777
C19d35e27ec5f4b9b186,37.00635629862372,3801
C19d35e27ec63ef056ad,37.01583636710489,3802
C19d35e27ec743ac8b02,37.077154773017995,3808
C19d35e27ec860130433,37.00891756211981,3801
C19d35e27ec9254202e7,37.03245579357024,3803
C19d35e27ecadfd69cd4,20.624042439077844,2162
C19d35e27ecbdf016da7,24.25049009504352,2525
C19d35e27ecc5083e9ac,25.614285028938525,2661
C19d35e27ecd2b4014cc,25.690635085624926,2669
C19d35e27ece936626bc,27.59694668554699,2860
C19d35e27ecfcd8e973c,29.744397819011574,3074
C19d35e27ed05e562fc0,31.07975074856465,3208
C19d35e27ed10071532c,31.12789839434359,3213
C19d35e27ed202e15a1a,31.044220313537675,3204
C19d35e27ed367cc54ec,31.110953077988896,3211
C19d35e27ed42566aa66,31.050436779631706,3205
C19d35e27ed53d3fa096,12.989157361174858,1399
C19d35e27ed65306ba69,13.59333578991606,1459
C19d35e27ed705f262ba,15.02465494852195,1602
C19d35e27ed8b7610ac1,15.015915921025428,1602
C19d35e27ed9dbdda17f,16.04891220402828,1705
C19d35e27eda43711665,16.049827644968694,1705
C19d35e27edb93ac901f,16.27961267295223,1728
C19d35e27edc6a41ba9a,17.0459559425272,1805
C19d35e27edd89bfa6eb,17.00413782627064,1800
C19d35e27edeb4958513,17.18501999088819,1819
C19d35e27edff9fac69e,17.51772877611532,1852
C19d35e27ee01f2a514a,19.024051035804288,2002
C19d35e27ee1d8601dea,19.05016348736342,2005
C19d35e27ee234a0f745,19.133163933627802,2013
C19d35e27ee36538fa4c,19.017832433688195,2002
C19d35e27ee456b300eb,19.99969832148346,2100
C19d35e27ee5dc8fcaaf,20.05035812794222,2105
C19d35e27ee6cd7b177a,21.026075672325884,2203
C19d35e27ee7c1b5ac56,21.105545754557802,2211
C19d35e27ee8a08a58a9,22.004360816659677,2300
C19d35e27ee983a92e6d,21.99960424146358,2300
C19d35e27eea7a7ca766,21.981043059131473,2298
C19d35e27eeb8ac7740b,29.263474716841976,3026
C19d35e27eec54134e6d,23.204471131890184,2420
C19d35e27eedfa6087f6,27.560447729762874,2856
C19d35e27eee4aa2a16c,30.08527494907787,3109
C19d35e27eeff038de28,32.01552562266842,3302
C19d35e27ef005e9c41c,33.045255398967385,3405
C19d35e27ef2129dfbf0,2.0008099154156462,300
C19d35e27ef3968dc5f7,4.000138559063493,500
C19d35e27ef4bfa22646,4.998131526818114,600
C19d35e27ef5d06cf958,4.993196786364797,599
C19d35e27ef61a33ed6f,6.000162268416828,700
C19d35e27ef72987b19c,6.001424876708487,700
C19d35e27ef8184d49fc,5.99881751369911,700
C19d35e27ef9f4a69830,6.000021680436676,700
C19d35e27efa88c06e04,5.999967586459659,700
C19d35e27efba31436b4,6.000276051220757,700
C19d35e27efc88acbe37,5.999196475532402,700
C19d35e27efd0f326701,5.978595031471093,698
C19d35e27efecdbeeaa7,5.998940514222529,700
C19d35e27eff59d05860,5.977444580911239,698
C19d35e27f008d5baffe,6.000203667071079,700
C19d35e27f013b7f2d92,7.00039551779443,800
C19d35e27f02f6eda5fc,7.000312305312379,800
C19d35e27f034e28f600,6.999579166799294,800
C19d35e27f042d0ee3fb,6.999344840061285,800
C19d35e27f05cb3f83b8,6.996436758116164,800
C19d35e27f06f3d23185,6.998957649365778,800
C19d35e27f0797243f56,7.999914140436867,900
C19d35e27f08dc6e425f,8.005140740166434,901
C19d35e27f09096dfeff,7.996646597014824,900
C19d35e27f0aaa7ff1b8,7.998455847040569,900
C19d35e27f0bc1dbd063,7.994734419971324,899
C19d35e27f0ce5d551d5,7.95158059123769,895
C19d35e27f0d67c5088f,7.999469732084417,900
C19d35e27f0ec554a720,8.994405778897045,999
C19d35e27f0f0ce316a1,9.001590280322363,1000
C19d35e27f10bcb23bfa,9.002642417627461,1000
C19d35e27f11bf45bb18,8.998483685771772,1000
C19d35e27f122712b183,9.000529293273818,1000
C19d35e27f13b0c48db1,8.998609371380356,1000
C19d35e27f14c6c86e0b,9.000585743745892,1000
C19d35e27f15c1137854,8.981904351094864,998
C19d35e27f162c625955,9.99850274217594,1100
C19d35e27f17114774b3,10.019617263198702,1102
C19d35e27f18d2e7ac64,10.003125750655506,1100
C19d35e27f19fa8efed2,9.998775366279206,1100
C19d35e27f1a0d4e95fd,9.960591292031275,1096
C19d35e27f1b038df99c,10.001016779411415,1100
C19d35e27f1c7cc609dd,10.007292825818244,1101
C19d35e27f1d766dd3d6,11.000620483807976,1200
C19d35e27f1ebc819316,10.99964639965061,1200
C19d35e27f1f38adffdf,11.002240068479134,1200
C19d35e27f2067f249e3,11.001890503782331,1200
C19d35e27f216ae30e64,11.003625722896409,1200
C19d35e27f23912a58d9,11.500367740607873,1250
C19d35e27f24b1a19d2c,11.506497633180441,1251
C19d35e27f25522c1886,11.501904795674006,1250
C19d35e27f2620e0a0b6,11.504987058566204,1250
C19d35e27f271a83d363,11.797499468130825,1280
C19d35e27f28559b864a,11.998338418468906,1300
C19d35e27f29249c10b5,11.997862581768327,1300
C19d35e27f2ad076fcb1,12.50415563424087,1350
C19d35e27f2bffa912a4,23.16398538126751,2416
C19d35e27f2c4f7f5e9d,12.496332552827154,1350
C19d35e27f2d19cb910a,12.510289136109416,1351
C19d35e27f2e67a139e6,12.488375529490481,1349
C19d35e27f6300c4de68,4.006490608969658,501
C19d35e27f6d5484fff7,3.9998097595915203,500
C19d35e27f7453d57155,5.981758619712484,698
C19d35e27f77bbd0a977,6.000079053549084,700
C19d35e27f7cec34b0fd,6.002984182820085,700
C19d35e27f7e654336f2,6.9995622686086865,800
C19d35e27f8d94805e83,7.953837791747293,895
C19d35e27f8ea428d44f,7.005199013393882,801
C19d35e27f92ccb763c9,6.999901458762783,800
C19d35e27f970cda5831,6.999239662509168,800
C19d35e27f9864fb32c9,8.787292054820169,979
C19d35e27fa136d3a25f,8.000279201593916,900
C19d35e27fa63fd3f10c,8.995236063365928,1000
C19d35e27fb6aaff56f4,9.001268866344455,1000
C19d35e27fb9bfcabfbb,9.00028655809072,1000
C19d35e27fc7417a1bd5,10.004544328019458,1100
C19d35e27fce047f76e9,9.99701657756721,1100
C19d35e27fcf4ad5584e,11.00159323088594,1200
C19d35e27fd706924db6,9.999504113771689,1100
C19d35e27fdfe87454ea,11.994472089288779,1299
C19d35e27fe1d4fa26c3,11.000248836436574,1200
C19d35e27fe5d163db21,10.999723764396778,1200
C19d35e27ff844dfee93,12.000186073633689,1300
C19d35e28000e5d5bc5e,12.000193203154128,1300
C19d35e2800115f3293d,12.015057371172334,1302
C19d35e280059c509fd7,13.505763685245023,1451
C19d35e2802f14fd1f2a,31.090536796597593,3209
C19d35e28037da50bf62,16.596835551120474,1760
C19d35e28040c3a9a5ce,31.57385652517254,3257
C19d35e28044c914506e,31.783981782874424,3278
C19d35e280463d33c37c,35.52215779708383,3652
C19d35e2804af1bd0f8e,36.50688889901618,3751
C19d35e2804c7d2c9376,36.760130013456184,3776
C19d35e2804d6ff97cdd,37.00714151103365,3801
C19d35e28062c2b53af8,12.000670380738951,1300
C19d35e2806368535dd3,34.05830178365184,3506
C19d35e2806438ec9839,34.012015678420596,3501
C19d35e28065a63be2ab,2.9790540687751137,398
C19d35e28067e4348138,11.98133556861817,1298
C19d35e28068ad99e475,36.768220574751396,3777
C19d35e2806ab2f8ac49,35.54572165465138,3655
C19d35e2806b7f116a1b,34.03498188832018,3503
C19d35e2806e630522aa,12.184028156053296,1318
C19d35e2806f695d4eb8,11.044629920895547,1204
C19d35e280717cddc0c8,16.520203411762253,1752
C19d35e280739c872564,36.01577237149025,3702
C19d35e2807a6297eda4,1.9377453771914281,294
C19d35e2807b62818e8f,11.000919235299571,1200
C19d35e28081e97f3854,36.5172399624279,3752
C19d35e28082064112e7,13.725305940107184,1473
C19d35e28083c09df885,8.983896959701198,998
C19d35e280848634a418,9.000419582170563,1000
C19d35e2808726488e81,16.995019812034197,1800
C19d35e28088ed48853f,5.999051242868799,700
C19d35e2808b47cdd91a,1.9696433642625812,297
C19d35e28090a44a97ab,15.084998907375455,1608
C19d35e28091a0f954ea,4.9940473038140105,599
C19d35e280945835ebec,36.0077909734964,3701
C19d35e28096a83a52cb,33.09616576844829,3410
C19d35e280979748278b,21.030987180337533,2203
C19d35e28098375c647d,8.998625011609445,1000
C19d35e280992b1c5beb,9.979289247898471,1098
C19d35e2809ade8cc36e,11.998823655755007,1300
C19d35e2809b87051ab3,1.0003062081439957,200
C19d35e2809c0eebd53f,23.05710738703427,2406
C19d35e2809d805a5206,34.09574257008613,3510
C19d35e2809e3830082d,34.0583507597871,3506
C19d35e2809f6cccba9d,24.05821562837168,2506
C19d35e280a02eefbc79,36.00591075969907,3701
C19d35e280a1b2b8587d,2.000189998331453,300
C19d35e280a26e5b1d77,35.04291879202755,3604
C19d35e280a531ba4f96,12.047521641440174,1305
C19d35e280a7e3043da7,11.99436689564787,1299
C19d35e280a80b9d77ec,12.048510222087986,1305
C19d35e280abf21766d5,11.500112643397694,1250
C19d35e280add5f39997,11.794297193773213,1279
C19d35e280af94c97bf1,22.16178024586248,2316
C19d35e280b36e1f2708,34.01158323275377,3501
C19d35e280b498039d46,35.53158496513771,3653
C19d35e280b55f76c03d,35.519534466360525,3652
C19d35e280b64dc66dbf,36.019649215084186,3702
C19d35e280b7ea1f0ef7,36.02518241906445,3703
C19d35e280b8ada4d516,13.631924302801384,1463
C19d35e280b981de5fd2,24.177302394539772,2518
C19d35e280ba0d67be80,12.00563110600273,1301
C19d35e280bba922be9e,14.02171835432048,1502
C19d35e280bcb89e9cd7,16.111017548392457,1711
C19d35e280bdc7773ebd,20.06926773999893,2107
C19d35e280be1e3c17c8,33.019331414458115,3402
C19d35e280bf175580c2,5.0000776062686585,600
C19d35e280c0a6cdfa37,9.00550571744885,1001
C19d35e280c1436a4683,8.991493271573338,999
C19d35e280c23889d4fc,8.995056017958733,1000
C19d35e280c3dd2e21d2,10.003809388901638,1100
C19d35e280c42f6b5045,10.012635799792664,1101
C19d35e280c57d823b09,10.002093916012958,1100
C19d35e280c6d5186977,10.001497593712683,1100
C19d35e280c7ad86cbb2,9.999897564311608,1100
C19d35e280c8d92b8415,11.005214841208186,1201
C19d35e280cf33a86615,7.996322474987172,900
C19d35e280d023856714,7.940154762873265,894
C19d35e280dd5f31a3c8,7.991675534718492,899
C19d35e280e0780d0c4a,8.989434868154627,999
C19d35e280e424a0361a,9.010006265173176,1001
C19d35e280e609272c7c,8.983690973795076,998
C19d35e280e8c6688e80,8.950790691670141,995
C19d35e280e901ec19c3,8.988688902814063,999
C19d35e280ee80005efc,9.97306198954129,1097
C19d35e280f0f6a633d7,9.983636737597312,1098
C19d35e280f2546fe826,9.999377861422683,1100
C19d35e280f91a44e0d3,9.999122023760243,1100
C19d35e280fab5dbee0f,10.007968525311563,1101
C19d35e280fb5c2dfc1a,10.003053485300416,1100
C19d35e280fdad2c67c4,10.002174077969038,1100
C19d35e280fea14b4d28,11.002233375962708,1200
C19d35e28101e7cfebcd,10.010149501658049,1101
C19d35e28102023c992e,10.016657360891077,1102
C19d35e28109220ea454,12.019346647824738,1302
C19d35e2810af390012e,11.499265607705567,1250
C19d35e2810f4a4bda95,11.000381635741707,1200
C19d35e2811766178cbf,11.979814423462404,1298
C19d35e2811828a13ff6,12.487897093066797,1349
C19d35e2811ae757b3bc,10.002794271021276,1100
C19d35e2812a7f84b330,33.071845720292146,3407
C19d35e2812ba317f97e,34.583111033222295,3558
C19d35e2812ca0b2750f,12.320447608003603,1332
C19d35e2812d7f4c51cd,13.558705831302992,1456
C19d35e2812eacb13226,15.118254546943941,1612
C19d35e2812f8e43609f,18.79804192831515,1980
C19d35e28130c4b54e76,20.718720346998992,2172
C19d35e28131f8e22a68,25.625287757788897,2663
C19d35e2813331124c34,11.477487143363291,1248
C19d35e2813c2a6d8f6a,9.00042992598905,1000
C19d35e28144f3a3742f,31.600034109706126,3260
C19d35e28145e57c1722,31.695277450343383,3270
C19d35e281468f88efaa,29.24662864172713,3025
C19d35e2814762a749ff,28.94853976155049,2995
C19d35e281483b9b7bbd,29.649587828960513,3065
C19d35e2814cd1880b1b,31.65950640293169,3266
C19d35e2814d7b1476a3,33.040849091149916,3404
C19d35e2814ebec55a15,34.064790055930935,3506
C19d35e2814f77ed172b,34.05099381999752,3505
C19d35e281502ca6c6e6,34.536563305627105,3554
C19d35e28151fa44583d,31.608266688666905,3261
C19d35e281552d300b85,9.986530505267131,1099
C19d35e28160971b82ae,33.02465288094652,3402
C19d35e281617f2c6aed,33.037220960419006,3404
C19d35e28162816b1eb9,34.040335732331464,3504
C19d35e28163f2416cfb,16.039058181562154,1704
C19d35e281640fd980a3,21.062320393837282,2206
C19d35e281654b0ef348,20.153185290112983,2115
C19d35e281662e79b4dd,20.077602055949647,2108
C19d35e281677d46baf2,21.01742290931375,2202
C19d35e2816825deb0cc,21.04615573387686,2205
C19d35e28169e012ae44,22.143435979932985,2314
C19d35e2816a20ef248d,24.008684467334174,2501
C19d35e2816b42c1f61a,25.037939685110523,2604
C19d35e2816ca602b59b,28.083277848254777,2908
C19d35e2816de4557da5,5.00036557734702,600
C19d35e2816e00255903,7.000781506680538,800
C19d35e2816ffa5c8f0b,7.999227169854367,900
C19d35e28170ee358b3b,7.998577050674238,900
C19d35e281719de4ca2a,9.00037761773426,1000
C19d35e281725e3f1bf7,10.005761710207757,1101
C19d35e28174ea672e40,33.93278880149761,3493
C19d35e2817ff0e2651a,10.000310061412845,1100
C19d35e2818044ff6a4b,18.000461612334707,1900
C19d35e28181ccf0b256,34.03094332504445,3503
C19d35e28184debe176f,34.0276246407483,3503
C19d35e2818ad30d7520,16.01689252473697,1702
C19d35e2818d21076dbc,13.518301395556172,1452
C19d35e2818eae149022,20.58725104068816,2159
C19d35e2818f0fa3c506,24.112825300769682,2511
C19d35e281917b06f4ec,31.54526502138802,3255
C19d35e281925c5e1658,35.51199506226603,3651
C19d35e28193815c232f,13.689567670544772,1469
C19d35e281941795c320,14.99476819227996,1599
C19d35e28195f83f0ee4,24.20296719620003,2520
C19d35e281962cfe4ee5,29.809260012951505,3081
C19d35e28197ffd9b9cf,7.000532884407104,800
C19d35e28198f5325dae,7.9982188352012775,900
C19d35e2819b3ab1e078,36.28946980720465,3729
C19d35e2819d6e2c68e5,34.04520336043361,3505
C19d35e2819e5275d7fb,36.30813085275477,3731
C19d35e2819f53bcf4a0,15.014079967331408,1601
C19d35e281a0d455f315,16.03296707768609,1703
C19d35e281a223f48430,9.998636274409721,1100
C19d35e281a4f2448700,34.538366596667366,3554
C19d35e281a76435c763,36.26284494962932,3726
C19d35e281a9c1d7b8a7,10.035344616431924,1104
C19d35e281ac172f52ef,3.000054902241948,400
C19d35e281ae718ca48d,5.9958072794952,700
C19d35e281afb175472a,12.099540834630861,1310
C19d35e281c505734310,1,200
C19d35e281c8af2525b4,4.908276525657814,591
C19d35e281cb192dc7cd,7.000681585382389,800
C19d35e281cc01acc8a8,18.00007182488999,1900
C19d35e281ce7fbf7a62,7.000732894927869,800
C19d35e281d0f851198d,9.000953179679282,1000
C19d35e281d338f587a7,18.00638100721582,1901
C19d35e281db3d66d648,39.005308856416086,4001
C19d35e281dc6824fa7e,12.13914854397742,1314
C19d35e281dd7d98b792,29.645958785016298,3065
C19d35e281deedcfe7df,3.999974632543944,500
C19d35e281df646402e4,9.000254041997346,1000
C19d35e281e68ed7150b,16.531946674632138,1753
C19d35e281e7293a20ea,29.03313794705077,3003
C19d35e281efed13a73c,35.531564238226615,3653
C19d35e281f0a3dff91b,8.009225810001348,901
C19d35e281f8e20a2e20,22.62229722035248,2362
C19d35e281fc74fe3520,11.502487801050288,1250
C19d35e28201fdd8226c,7.999069730536491,900
C19d35e282039f84bbf0,11.498311173561794,1250
C19d35e2820554cc7c0b,15.009677126878968,1601
C19d35e28206a3a69849,15.999932218098662,1700
C19d35e2820754286c23,16.121850010453898,1712
C19d35e28208cf3ee0a0,18.017639695892232,1902
C19d35e2820984fa9586,24.438932090457158,2544
C19d35e2820aaeaf67d6,24.024607914491433,2502
C19d35e2820b56050117,24.16463098156665,2516
C19d35e2820c69bfa0d9,27.071491643782522,2807
C19d35e2820d616dc808,30.023376169228822,3102
C19d35e2820e62bc1210,1.9985341040638969,300
C19d35e2820f07133d59,1.997415334121318,300
C19d35e2821009eb7b0e,6.000883479487325,700
C19d35e282114c19e11b,5.9924322239320595,699
C19d35e282123f9822da,6.994257927500758,799
C19d35e28219ccc98629,34.521026855910144,3552
C19d35e2821ab0ec686c,34.52226106416679,3552
C19d35e2821c805b273b,32.066938939965745,3307
C19d35e28225ecddccd2,9.988133235074667,1099
C19d35e2822654145342,9.994165507923306,1099
C19d35e28227ce7c5fde,11.002069380295616,1200
C19d35e282287971cc8a,11.500644567605331,1250
C19d35e28229c02b7bf0,11.80707330126814,1281
C19d35e2822af67b1c77,11.998696445002453,1300
C19d35e2822be3bae33c,12.499248130630795,1350
C19d35e2822c453680b1,31.524848429900096,3252
C19d35e2822d01884af1,37.00789369345129,3801
C19d35e2822e29ad4487,10.999905190033639,1200
C19d35e28232008074cc,36.02365882034459,3702
C19d35e282332ea06f1b,36.00574649717469,3701
C19d35e282351b40c750,34.54517378470638,3555
C19d35e282365c994947,27.647840710949442,2865
C19d35e28237c7e0a241,36.27165277136747,3727
C19d35e28238a0e137a5,16.546770188860204,1755
C19d35e2823e40c6fcb8,12.059907857178555,1306
C19d35e2823f20bd2e8c,36.10359068655067,3710
C19d35e282401371855e,36.538173133804584,3754
C19d35e2824167c87f98,36.75788769925962,3776
C19d35e28242b8163022,24.188239731959428,2519
C19d35e282430340f7ce,18.990084405476974,1999
C19d35e28244475d7f69,7.9962411203237655,900
C19d35e2824786853d21,11.500773261673764,1250
C19d35e282495e7d75f7,35.52460276277383,3652
C19d35e2824a67712868,9.97156151763929,1097
C19d35e2824b72ee0ec9,7.0003929639496105,800
C19d35e2824d12f1bef8,15.064520492057499,1606
C19d35e28251d29b16be,36.022204174653034,3702
C19d35e28252960e8f77,36.52000086349536,3752
C19d35e282532906f02e,37.01013206590944,3801
C19d35e282550aead273,36.7651300844369,3777
C19d35e2825618bd0c52,22.88647885964888,2389
C19d35e28258be4604fd,3.000214897570403,400
C19d35e2825b3311e3ef,12.04588477316966,1305
C19d35e2825c0e77601f,25.758183988481914,2676
C19d35e2825d7f89d482,16.002887089649008,1700
C19d35e282623ea0c4d6,33.057048360084046,3406
C19d35e2826327024ebe,13.511205469304917,1451
C19d35e2831952cfe73a,34.545101342143276,3555
C19d35e2831d2ef04a26,11.995254047070238,1300
C19d35e2831e0906c07a,9.994450796876182,1099
C19d35e28321b6debd1a,8.998959152884972,1000
C19d35e283224b55d2ce,36.2617834230699,3726
C19d35e283241d02c686,22.076471117320576,2308
C19d35e28326259c5af4,37.008663414820376,3801
C19d35e283274f909ffb,36.76370228939011,3776
C19d35e2832d1b34ce69,34.54734106461387,3555
C19d35e2833190451496,16.009249267381286,1701
C19d35e28338a9a2ce73,36.50710417398724,3751
C19d35e283396e72f0c4,36.50985114419749,3751
C19d35e2833aa35b0554,18.009707785329606,1901
C19d35e2833b3de57592,25.007253156645184,2601
C19d35e2833c422355d7,27.531636946333208,2853
C19d35e2833d35022f19,28.014232289843886,2901
C19d35e2833e71b22dc2,31.02748103367502,3203
C19d35e2833f25c0bd49,33.030177460781914,3403
C19d35e28340e9fee4c9,34.00853187805763,3501
C19d35e28341db6a637e,5.9994781568312785,700
C19d35e28342d08ab629,5.999927454841943,700
C19d35e2834368d1c29e,8.012833064569001,901
C19d35e28344476c9c5e,9.000300830323734,1000
C19d35e283459ba28bdb,9.997440759161814,1100
C19d35e28346f378fb2f,11.99986185612045,1300
C19d35e28348d0170ec9,34.6106175686243,3561
C19d35e28349c65e50fd,35.547949498908565,3655
C19d35e283502c685b34,34.58190188675823,3558
C19d35e28351aac62ebb,36.27385080634962,3727
C19d35e28352e67d8d61,12.000904889656745,1300
C19d35e28353ff7ca8ef,5.00015470546724,600
C19d35e28357681c1325,28.781773818911997,2978
C19d35e28358ccc74dd1,13.00264849155466,1400
C19d35e28359ff4ceff8,18.996633408799273,2000
C19d35e2835d71eb4d7d,34.53503159599523,3554
C19d35e2835ea6ffce89,3.000160266677845,400
C19d35e2835f03862e0a,10.006239217117264,1101
C19d35e283607b661b92,11.97341097657432,1297
C19d35e2836838a8f43b,36.76081640376403,3776
C19d35e283691cc3644f,15.19471865318563,1619
C19d35e2836a06f5838f,23.077760154213426,2408
C19d35e2836ba125570f,11.999734220950652,1300
C19d35e2836c0c974626,8.000860775337447,900
C19d35e283735addd628,36.53464866096884,3753
C19d35e28375ca684b03,27.56013816799649,2856
C19d35e2837684816885,11.004110884945737,1200
C19d35e28377e391a356,12.477098467792363,1348
C19d35e283788ad5d844,11.497893155570937,1250
C19d35e2837b90fc11ca,11.002796087879057,1200
C19d35e2837f4d64f765,11.500277618027884,1250
C19d35e283862c010934,36.53314242568551,3753
C19d35e2838987aa0e50,18.640345609590753,1964
C19d35e2838a26a7e461,20.572067730049795,2157
C19d35e2838b34b853b0,25.71280391661632,2671
C19d35e2838cbbef965a,12.999210555646485,1400
C19d35e2838d9ae4d1e9,7.996877121574969,900
C19d35e283961c55eda5,36.2773042583422,3728
C19d35e283974a4a2eca,36.51060092103392,3751
C19d35e2839f0f053136,36.26984944991374,3727
C19d35e283a0d5d5dc5a,36.307054196484486,3731
C19d35e283a13dcc5bbd,13.596973373486057,1460
C19d35e283a5a34672cc,36.26168897750209,3726
C19d35e283a6af096dd3,36.7629879311157,3776
C19d35e283a735138cf4,5.000263630796836,600
C19d35e283a8f30db6d2,4.999846513576493,600
C19d35e283abf615a2c5,4.000031105388464,500
C19d35e283b379c30891,31.561800035406034,3256
C19d35e283b4e19006da,31.668757315999663,3267
C19d35e283b5a7717a72,34.00729365895711,3501
C19d35e283b6e404dca1,34.02426795862158,3502
C19d35e283b73c048c76,34.00225156579949,3500
C19d35e283b843cd4dd0,32.95008990920616,3395
C19d35e283b95e9009b0,5.000855390473421,600
C19d35e283ba9d998929,5.000089216968741,600
C19d35e283bb0158939a,4.991063612958975,599
C19d35e283bc9fd3b93d,5.000048728486163,600
C19d35e283bd45fe313b,5.000004897332329,600
C19d35e283be04be3444,5.000009062801362,600
C19d35e283bf7e29dcff,5.999937471107765,700
C19d35e283c0f0029dc7,5.999332434633048,700
C19d35e283c16b4cabd9,12.158201827098454,1316
C19d35e283c2419bbfc2,13.538360586903222,1454
C19d35e283c6faa9fe86,33.01362487010165,3401
C19d35e283c78f146544,33.016738455189305,3402
C19d35e283c8599fd69b,33.02966291098156,3403
C19d35e283c9cdcecc5a,33.029202447750514,3403
C19d35e283cfc801dbdc,6.999807747183628,800
C19d35e283d01b86c37b,36.01791679966205,3702
C19d35e283d18acee6cc,20.603876271683188,2160
C19d35e283d235d26da9,31.53895618743952,3254
C19d35e283d341475e8d,4.000044340834737,500
C19d35e283d4a9159d25,5.962083565180477,696
C19d35e283d59761ae2b,5.999468182446085,700
C19d35e283d690eb6993,6.000624019802471,700
C19d35e283d9c6c51b8f,9.9979411966766,1100
C19d35e283da8c5d704d,11.805576668172494,1281
C19d35e283dfd2a6626c,18.62529494228498,1963
C19d35e283e3208babc3,20.637506394510773,2164
C19d35e283e489aef553,16.0714686628505,1707
C19d35e283e5ed828d65,18.60508978923384,1961
C19d35e283e66dde230c,28.031318390497855,2903
C19d35e283e7d12598f1,27.015371823148588,2802
C19d35e283efe6199431,34.51854995590934,3552
C19d35e283f0fc789810,35.54604697739516,3655
C19d35e283f1ae160122,35.509674422583046,3651
C19d35e283f200691c10,36.75978007685319,3776
C19d35e283f3cb22001a,36.75892248752513,3776
C19d35e283f44c3cb657,25.612061122889187,2661
C19d35e283f59c1a051f,29.674429165004263,3067
C19d35e283f7b2fddfbf,5.99982140508457,700
C19d35e283fc46b12f96,36.01232161151658,3701
C19d35e28400b234eca8,36.254995188201164,3725
C19d35e2840278c8d3cb,36.2557782100757,3726
C19d35e284048a4c36ea,36.26033051039515,3726
C19d35e2840507ca429b,36.50184241341066,3750
C19d35e284099aa54057,36.756799211546436,3776
C19d35e28419b3b4f62c,22.684903817661638,2368
C19d35e2841d183f8fd1,37.00952135288299,3801
C19d35e2841eab07719b,37.00611225381422,3801
C19d35e2841fe72e614a,37.07885617113706,3808
C19d35e284200e66dca3,4.999523062053008,600
C19d35e284218673255c,5.999471058586694,700
C19d35e284335c4cc745,9.001889030493468,1000
C19d35e284341b44a1ba,6.999812296953229,800
C19d35e284393856bb67,7.000460071490388,800
C19d35e2843c9831413b,24.163810565110523,2516
C19d35e2843d1d19c017,19.02526412417127,2003
C19d35e2843ea640752d,36.008903719668,3701
C19d35e2843fbdc88262,22.588085561711644,2359
C19d35e284405aae4514,22.55059295468763,2355
C19d35e2844537943c94,18.014053841365516,1901
C19d35e28446114df32e,11.000860045161003,1200
C19d35e284487bcb86c0,36.772084270518214,3777
C19d35e2845f2e5689b1,9.99948562752714,1100
C19d35e28460bdeb87f6,26.139453493316886,2714
C19d35e2846123f96caa,6.783797121175368,778
C19d35e284623a7cb386,10.23788652346223,1124
C19d35e28463fc548171,11.971700706988619,1297
C19d35e28464861d41c2,12.500638483319642,1350
C19d35e28468b1b4eaef,10.000056969666444,1100
C19d35e28469d456d0e6,11.500687446390547,1250
C19d35e2846f3ec2f615,16.71998665435854,1772
C19d35e284707fab99a4,20.552619439329334,2155
C19d35e28471555c988a,12.995641637626187,1400
C19d35e284723db1b339,16.03545522540909,1704
C19d35e28473175445fc,21.991424984260288,2299
C19d35e28474271b8f46,7.99142544000815,899
C19d35e2847f1bed1cf0,18.74356638547059,1974
C19d35e284806ff83ab6,23.993095712177876,2499
C19d35e284814e16cff2,6.999104423307278,800
C19d35e28482ce501eab,12.001140400435371,1300
C19d35e284839eecfff8,8.002621125510435,900
C19d35e2848730191e3c,36.01271556159581,3701
C19d35e284886124c9be,36.78752326995661,3779
C19d35e28489e4003fc4,33.005918976583224,3401
C19d35e284902e4c62af,10.999229113834826,1200
C19d35e28493ba37a1a9,9.99936827421084,1100
C19d35e28494af331f7a,34.53683766517604,3554
C19d35e28496224d35db,8.000651828590799,900
C19d35e2849de5e1573b,9.000611239170368,1000
C19d35e284aba034fc62,33.04073372416221,3404
C19d35e284acaede20e4,33.02016735371872,3402
C19d35e284b952d840bb,20.04466508836089,2104
C19d35e284ba8ce63aba,16.006698265247547,1701
C19d35e284bbe24b63ba,18.000280067025752,1900
C19d35e284bc75d3a544,22.033821987790688,2303
C19d35e284c3c33afccc,35.00167187776047,3600
C19d35e284cb0be81cb2,36.00809603358195,3701
C19d35e284cf12bac814,36.761133099991866,3776
C19d35e284de3b6e45eb,36.254700582588555,3725
C19d35e284e6528dbfde,36.5133804805973,3751
C19d35e284e9a6a3e074,18.013196319879977,1901
C19d35e284f19dfcde88,28.016081647322313,2902
C19d35e284f38fffc2b8,31.088981587558337,3209
C19d35e284f9808e85c2,23.02163259784955,2402
C19d35e28503554ae0f3,13.493829268146566,1449
C19d35e285079736ad8d,18.069156302654566,1907
C19d35e2850c57527926,31.546730190350274,3255
C19d35e2850df1c1fc13,34.52701886413347,3553
C19d35e2850eb6cbfe0c,13.761187503985262,1476
C19d35e2850fb93141d6,28.6462757635178,2965
C19d35e2851083c6d310,25.00604391997561,2601
C19d35e2851b9b218e60,8.983228365776482,998
C19d35e2851fd6644c84,11.495828548425893,1250
C19d35e28521e4301000,11.494271881346217,1249
C19d35e28522aedb0729,2.999171221432318,400
C19d35e285238e4e25ee,11.503411831110702,1250
C19d35e28538e38a6c0b,2.992485773268679,399
C19d35e2853ffa97a074,15.987664937919286,1699
C19d35e285424e338c75,11.998358655825266,1300
C19d35e28545f1922029,19.02315014169342,2002
C19d35e2854654e63569,4.998010453554299,600
C19d35e28547fafbe584,6.000128832073088,700
C19d35e28548849c5a97,5.99994771408996,700
C19d35e28549dd5f99f7,7.998158273271699,900
C19d35e2854a472d1ff5,8.999137744042065,1000
C19d35e2854b82e0a356,11.001601573395659,1200
C19d35e2854cd4d49caa,12.499777837894284,1350
C19d35e2859b6e5c61d5,16.532666143602082,1753
C19d35e2859cb994d246,25.035681334984236,2604
C19d35e2859daaa85773,10.004328505906237,1100
C19d35e285a271d32644,10.007156112581576,1101
C19d35e285bc9e05c34e,31.589953313413016,3259
C19d35e285bd544140b3,32.96082803780993,3396
C19d35e285be23590cb5,34.027772410634576,3503
C19d35e285bf8b65d140,24.09013018890021,2509
C19d35e285c0a699403b,24.14394404415505,2514
C19d35e285c13ccdb7fd,28.78349353056938,2978
C19d35e285c493c8ec05,11.000110431777276,1200
C19d35e285c5f79ad1d8,11.499363409569629,1250
C19d35e285cc2242bd03,21.07233837430716,2207
C19d35e285d0a3547ea4,34.00190958739079,3500
C19d35e285db07c58787,31.569618453426894,3257
C19d35e285dc9d962a45,15.001107683455434,1600
C19d35e285dddb46e7c0,29.69167105701942,3069
C19d35e285e0d09aaac0,36.75382199619181,3775
C19d35e285e45ad78067,34.52271757053387,3552
C19d35e285e5a63556d0,34.58426826724717,3558
C19d35e285e666538f75,35.52244413986702,3652
C19d35e285e74b871054,37.530236013786045,3853
C19d35e285ebf1ff6f46,37.501884463401325,3850
C19d35e285ec51ee677f,8.993011344155931,999
C19d35e285f0afba69e6,8.995717248600982,1000
C19d35e285f170d958a3,9.000094457021898,1000
C19d35e285f26aca120d,9.010937475308072,1001
C19d35e285f585b606fb,27.04340416891399,2804
C19d35e285f63a5f8c2f,7.989757447137357,899
C19d35e285fc4f0f4dca,36.02016516431182,3702
C19d35e28602c3df14ea,34.01356029003546,3501
C19d35e28608eecbd9f2,8.99891637771045,1000
C19d35e2860938f33939,12.480904607244447,1348
C19d35e2860e052b7ae1,34.56477773683745,3556
C19d35e2860f22ea4662,17.004930815405498,1800
C19d35e2861190dba91f,34.54163773259553,3554
C19d35e28619ab55400d,31.51354317539771,3251
C19d35e286297d4a99f9,12.05555448067909,1306
C19d35e2862a35cd426b,16.547068223627015,1755
C19d35e28631405ac756,16.040960756679763,1704
C19d35e2863614333968,20.58743443350572,2159
C19d35e28637e24bef8d,24.99900266442119,2600
C19d35e2863bc1445946,16.01272186530601,1701
C19d35e2863c9dba0ab3,21.039117428568314,2204
C19d35e2863d3a14f5dd,23.005583821884453,2401
C19d35e2863e0f3f2a73,35.00315261379957,3600
C19d35e2863faf5d1f7f,3.0000293260581192,400
C19d35e2864042f85fcf,4.0004123232255635,500
C19d35e286414e7f6fc1,4.999765735888184,600
C19d35e28642bcf648fd,5.001508312338964,600
C19d35e28643f8b9d181,6.998798884615442,800
C19d35e286448a78028d,8.997512466828955,1000
C19d35e286457b9e3e58,9.994333191499667,1099
C19d35e28646e8bff5c8,9.999677031394887,1100
C19d35e28647c9308997,11.00302207598603,1200
C19d35e28648017cf6c8,11.79388198246598,1279
C19d35e286572008c8c2,35.53750296867612,3654
C19d35e28659031a77b0,10.001880682298573,1100
C19d35e2865f91293552,36.02901535230549,3703
C19d35e28660b7e45583,3.9891991896549794,499
C19d35e28661c1b16f34,3.9997713820241474,500
C19d35e286621a0e3ca4,11.800876754685708,1280
C19d35e28664d5abe0e6,7.999974919701028,900
C19d35e28668a5eabbc7,37.506501554239584,3851
C19d35e28669be2366b5,7.000042538701071,800
C19d35e2866b527e12ad,37.00654345019895,3801
C19d35e2866df709677a,35.01348995247834,3601
C19d35e286712ecde3da,10.002017758788941,1100
C19d35e28675817c5862,10.000691212884972,1100
C19d35e28677ac0ac92e,19.024015533722487,2002
C19d35e286782fc298bd,12.499108635168072,1350
C19d35e28679f8734e05,36.00491055058906,3700
C19d35e286805b5c5fdf,12.041600575838725,1304
C19d35e286870787d819,36.00647732144634,3701
C19d35e28688d2a37c82,36.27733516190986,3728
C19d35e2868988783f02,36.50303391304492,3750
C19d35e2868f956da84f,35.516965596949284,3652
C19d35e28694d77cdb0e,37.50092370676637,3850
C19d35e2869600c2334e,6.000183385504411,700
C19d35e286a024022bcd,18.031006265380682,1903
C19d35e286a2b9a21d15,15.115508068927578,1612
C19d35e286a311619162,39.015077341034655,4002
C19d35e286a497a5c9c4,9.99106857240658,1099
C19d35e286a8e8320c06,3.999944790984941,500
C19d35e286a974591aa3,3.998521502373147,500
C19d35e286aa439d9496,3.996302060683701,500
C19d35e286b57444ad18,37.50317141413491,3850
C19d35e286be1d0614a6,3.9997962061643055,500
C19d35e286bf90cdff4c,4.815312822928229,582
C19d35e286c08e4ca8ef,5.999959726531224,700
C19d35e286c103342a29,8.999971097981971,1000
C19d35e286c2dd448aa9,9.000352898167124,1000
C19d35e286cf48b2bcd5,36.506129190179564,3751
C19d35e286d1bd470c6f,12.04652685053362,1305
C19d35e286d2d55c8a4f,15.025993349308447,1603
C19d35e286d41d5cb6c4,36.51477897443253,3751
C19d35e286db98cdddec,12.487463936894176,1349
C19d35e286dc4f1805e5,10.99957057588368,1200
C19d35e286ddc9bbff97,11.003925690989828,1200
C19d35e286e41198004d,8.003519305343596,900
C19d35e286ea46841a34,1.000406430787352,200
C19d35e286eb97d0d5be,3.9989327821672696,500
C19d35e286ee5efbce94,36.75962463579501,3776
C19d35e286efe98fd483,16.002058487255574,1700
C19d35e286f06921b9de,5.9997852600771,700
C19d35e286f19c332452,11.01055211753198,1201
C19d35e286fa6f095772,9.976287217293212,1098
C19d35e286ff9604ae55,38.014585468772005,3901
C19d35e287075cb4e225,35.52646855431884,3653
C19d35e287081a0fa5c4,11.501556001851442,1250
C19d35e287107f29b0bb,37.50061142112899,3850
C19d35e2871277dbb1a9,5.999718101013515,700
C19d35e28713ae28ab03,6.991081080088863,799
C19d35e287227c0958bf,11.502348868294956,1250
C19d35e28730a1488211,36.02192792636814,3702
C19d35e28731e31340f6,12.997272075372809,1400
C19d35e287335d99e80c,36.00816151793441,3701
C19d35e2873d0ea3cd26,13.4904882215736,1449
C19d35e2874070b19406,15.026450657060712,1603
C19d35e28741a8030021,18.511691693352365,1951
C19d35e287425ce29310,22.530399559577987,2353
C19d35e287433332ede5,25.58562320649588,2659
C19d35e2874483630e1f,11.000046310545994,1200
C19d35e2874d63ebf1f0,2.999523967364882,400
C19d35e28752d8047ef0,36.75513972599817,3776
C19d35e28754a127210c,37.00272610051201,3800
C19d35e2875bb7d797c1,36.517066634172934,3752
C19d35e2875eb3214b70,10.00279064035195,1100
C19d35e2875f76876388,11.500184168897485,1250
C19d35e287637374c289,36.25687451123471,3726
C19d35e287659af61aab,2.000426501056986,300
C19d35e2876bae38661f,36.0031789854696,3700
C19d35e2876c60a63e56,1.9882110131316473,299
C19d35e2876da52beccd,4.998085686756576,600
C19d35e2876e2548e1d8,11.999847939614948,1300
C19d35e2877865b34f23,31.02797924471214,3203
C19d35e2877f8d37f993,11.00070204367586,1200
C19d35e2878260777743,12.013949567870409,1301
C19d35e28783980381e4,1,200
C19d35e2878444921599,8.997423035643742,1000
C19d35e28789e04cdbf3,36.501010134670864,3750
C19d35e2878a65d59458,31.013776944278824,3201
C19d35e28793ef47f418,37.53250330423902,3853
C19d35e2879e9a9321be,24.099561078483404,2510
C19d35e2879fdaf99421,21.07459852934538,2207
C19d35e287a02c7fd19b,21.00119941874844,2200
C19d35e287a1e525e87d,5.000024398165933,600
C19d35e287a298d4f359,6.0009814865819315,700
C19d35e287a35d028607,5.999915869773713,700
C19d35e287a41b7ea7bb,6.998941900979505,800
C19d35e287a57b0b9269,7.000091903166432,800
C19d35e287a674d56cc7,8.000086041699525,900
C19d35e287a770038b4a,9.995362346304724,1100
C19d35e287a8f85a332f,18.00288054702659,1900
C19d35e287ad7aaadcda,7.000046819135062,800
C19d35e287aeee45891b,11.00012370030489,1200
C19d35e287af82315173,4.9998196699439434,600
C19d35e287b2c5e97384,12.482157777603806,1348
C19d35e287b3867b5e08,5.999959913104635,700
C19d35e287c882a3abcd,6.000212467933088,700
C19d35e287c927d29171,7.001125322170645,800
C19d35e287ca2ec097b1,8.999016951323982,1000
C19d35e287cf5d7ddcb4,18.604520006108352,1960
C19d35e287d51bd9a8b4,24.087540717777333,2509
C19d35e287eba405760b,36.75307826682333,3775
C19d35e287ec6084568f,4.9999819619251715,600
C19d35e287edb09aba3f,7.99603493588575,900
C19d35e287f287f21032,25.586286606394324,2659
C19d35e287f834e432a8,12.005262551941918,1301
C19d35e287f96012e0a8,11.998774944424508,1300
C19d35e287fa2e7c1480,12.000112197252582,1300
C19d35e287fb0a80f990,11.99886903617048,1300
C19d35e287fcca815a80,12.001327942204815,1300
C19d35e288053df28e6e,24.20217521156393,2520
C19d35e288147c74651b,4.99756021594727,600
C19d35e2881589933a98,4.999671358733759,600
C19d35e2881cd50c07d1,5.00017876041654,600
C19d35e2881d041537ac,5.974334032806557,697
C19d35e288265123d194,31.55625523718604,3256
C19d35e288276c3d2b60,15.999902213290065,1700
C19d35e288287a2241b9,19.081992247007875,2008
C19d35e2882ee310f51a,33.0360469027274,3404
C19d35e2882f2d637981,34.03982221358757,3504
C19d35e28830a9ec8dde,34.01136905658081,3501
C19d35e28831c1698a18,18.581783317671455,1958
C19d35e288322ed94c78,16.49143165265961,1749
C19d35e288339641b1ce,24.10267438555712,2510
C19d35e28834ad5d001c,36.01191147598492,3701
C19d35e2883f3b64d432,7.999683535325201,900
C19d35e288402d475509,12.494959561278511,1349
C19d35e28844b7942922,8.999509463771943,1000
C19d35e28845b5db6abb,11.99988431935156,1300
C19d35e2884ad04c6414,38.01553267018441,3902
C19d35e2884b59c49ce2,5.9974510495851705,700
C19d35e2884cf140483e,12.000978574029384,1300
C19d35e288530c84cfaf,18.029323058189853,1903
C19d35e28855593a5415,35.0015750608796,3600
C19d35e28856de41a003,6.000016913256137,700
C19d35e28857434088ae,5.999560413270242,700
C19d35e2885836866041,7.999924989266531,900
C19d35e28859b8aafe5d,8.000226500402535,900
C19d35e2885a06aa8627,8.999881597146805,1000
C19d35e2885b9cc02a64,9.999316269986776,1100
C19d35e2885c5a7e6139,11.00106622601874,1200
C19d35e2885d1a31a519,11.503306296518726,1250
C19d35e2885e75a74389,11.799324124128155,1280
C19d35e2886e1ad9f96e,25.58477647453654,2658
C19d35e2886f1950832c,20.008310259418874,2101
C19d35e2887041f55080,10.000464181739703,1100
C19d35e2887c8d90fbfa,25.567101319737432,2657
C19d35e2887dbf45b15b,7.000189988996836,800
C19d35e2887e4a231be8,9.999999218242792,1100
C19d35e28892f91b9a5f,7.999049852405882,900
C19d35e2889304bf8be4,10.00188197931211,1100
C19d35e28894e9027ec7,11.000094469383066,1200
C19d35e288953d65519c,11.502409372701054,1250
C19d35e28896af3f8ba7,11.499973482780856,1250
C19d35e2889ea9d8d5cd,12.500908730382578,1350
C19d35e2889fb3044c31,7.000007269161579,800
C19d35e288a040969957,10.00075607594549,1100
C19d35e288a1e78d3835,10.00107620347411,1100
C19d35e288a25c38e0a2,9.997021524314809,1100
C19d35e288a91e397df2,34.01354067393906,3501
C19d35e288abe50412ac,17.005806165078155,1801
C19d35e288acda718a19,11.979409231613946,1298
C19d35e288ade13d4850,34.01999218361225,3502
C19d35e288ae668a3371,13.47325875242408,1447
C19d35e288af24cca60d,16.39960839025845,1740
C19d35e288b18b6adbe6,15.051274846922455,1605
C19d35e288b4052fc53f,7.996040813772045,900
C19d35e288b5f80ed12c,17.005974314005357,1801
C19d35e288b9153ac999,12.029050475507743,1303
C19d35e288bcf3835727,22.003369544024466,2300
C19d35e288bfac5d93b3,29.007308448190834,3001
C19d35e288c0cc0e119d,10.002620399265256,1100
C19d35e288c2490a33cc,34.001503961849835,3500
C19d35e288c3faec3ac3,8.999121504313626,1000
C19d35e288c4e4b39023,8.999674694505934,1000
C19d35e288c5dbf122f9,9.999402043640625,1100
C19d35e288cc84f03f68,18.58727883680048,1959
C19d35e288cda30717cc,22.540485496384218,2354
C19d35e288ce058e1bda,27.026711148495544,2803
C19d35e288cf10849867,4.000394659016364,500
C19d35e288d029632385,4.999128840665235,600
C19d35e288d19bd511e5,5.999536116759871,700
C19d35e288d27ab8c64f,6.9991980987610205,800
C19d35e288d398ea7797,9.993712232027,1099
C19d35e288d4e87b7729,11.496201758201426,1250
C19d35e288d88540bda3,35.51043806381521,3651
C19d35e288d968cbf431,16.55474742450765,1755
C19d35e288dabc9aabf5,20.031443697005226,2103
C19d35e288dc33340901,37.52459134013331,3852
C19d35e288e0027560eb,15.074400249206294,1607
C19d35e288e14bb48780,1.9976751623234532,300
C19d35e288e58267ee68,7.00222625643998,800
C19d35e288e603d8305a,18.00279663272892,1900
C19d35e288eb424c12f2,12.001887546430734,1300
C19d35e288ed259f7c51,7.999139641292282,900
C19d35e288f39cdd5285,12.004766180415935,1300
C19d35e288f40419687e,11.799454342896427,1280
C19d35e288f87449c87f,10.997056814812453,1200
C19d35e288fb49bb5d88,8.997667211338005,1000
C19d35e288ff16e6ae51,10.013149486491672,1101
C19d35e2890014e52967,11.499639419981904,1250
C19d35e289016803082d,9.946962056571923,1095
C19d35e28902d5ffd8bb,11.797588515018976,1280
C19d35e28904627af265,31.439251053181035,3244
C19d35e2891016eb043c,11.499531464352387,1250
C19d35e289215b2105e5,3.995948602310406,500
C19d35e289281032d266,18.70304285468496,1970
C19d35e2892a8de5f603,16.48996280212611,1749
C19d35e2892b8a2dc0bb,10.00483240387734,1100
C19d35e2892c47591924,9.000240555134397,1000
C19d35e2892d2fcf6bc4,11.000011170708673,1200
C19d35e2893242cc6df0,8.996131344755542,1000
C19d35e289347bfc6720,11.96248511325642,1296
C19d35e2893590a4da90,12.02853527820395,1303
C19d35e28936162c8fc1,28.013501591273084,2901
C19d35e28939c373cde2,15.15550958483851,1616
C19d35e2893b83f6b7f1,7.999429814402025,900
C19d35e28941d4f6788a,10.999856937852847,1200
C19d35e28943fde60be5,11.50117993677142,1250
C19d35e28944e4cacb03,31.454380571500916,3245
C19d35e28945c031d83e,28.558047431840144,2956
C19d35e289490f615dfb,32.011284561096886,3301
C19d35e2894b507e6246,4.976023669455313,598
C19d35e2894d537e8873,12.497155054836599,1350
C19d35e289511ac9fec3,3.000294843508528,400
C19d35e289527ac6e41a,2.999180427423738,400
C19d35e28953ed9adc0d,6.000146461137655,700
C19d35e2895426ff88dc,11.796853336682318,1280
C19d35e28955010455c5,9.000267496746174,1000
C19d35e289564bbd8c88,12.008623860663196,1301
C19d35e28958d51cbab4,8.99691750865929,1000
C19d35e289596e9b2550,24.16172963579708,2516
C19d35e2896098286d7c,7.000027013741827,800
C19d35e289616fe2e8ae,7.000050314820808,800
C19d35e2896313c1a1c9,11.499467772103221,1250
C19d35e28967ceb23b23,9.995781698246404,1100
C19d35e2896847289dbe,31.027626509887547,3203
C19d35e28969aec0286d,7.999520622989024,900
C19d35e2896a0b35852d,8.9998336644974,1000
C19d35e2896b99429b90,11.00248510526555,1200
C19d35e2896db22f1767,10.00670404924798,1101
C19d35e2896e286e6eac,11.498659197975538,1250
C19d35e2896f4a375142,11.9957800526227,1300
C19d35e289703e70a22f,8.000021483565169,900
C19d35e289717cf6fcea,8.999931325836291,1000
C19d35e2897290c568f5,11.000023244888567,1200
C19d35e28973990ad844,10.999975729199267,1200
C19d35e28975a34b57b3,12.000883783815834,1300
C19d35e289761ab8e329,11.000275782820985,1200
C19d35e289799fdbc371,18.001167455395862,1900
C19d35e2897a08f0c104,36.001581602721885,3700
C19d35e2897b1dfa8c12,5.000768183067086,600
C19d35e289878e278016,31.003173933630265,3200
C19d35e2898d5f5573be,36.503857235470974,3750
C19d35e2899971d44a1f,12.135391242804213,1314
C19d35e2899daf19fb28,12.069841151968633,1307
C19d35e2899e2b52786c,11.006445221150619,1201
C19d35e2899f06e40ab8,13.508478431039077,1451
C19d35e289a0c95b27c8,22.543756554660533,2354
C19d35e289a1c7b512e9,21.892465439835625,2289
C19d35e289a5679f4658,9.999319928492891,1100
C19d35e289a720620dc1,20.019053662575836,2102
C19d35e289a852c9eb72,26.013018876986717,2701
C19d35e289a956079fba,5.000024161423468,600
C19d35e289aa1f704007,6.998197088560987,800
C19d35e289abeba58db8,10.000620602502787,1100
C19d35e289ac63301993,10.999953419555405,1200
C19d35e289ad030a8b66,12.496243171846599,1350
C19d35e289b353717739,8.013633775324992,901
C19d35e289b4987b9315,13.534180974162192,1453
C19d35e289b7681e063e,11.000684565985544,1200
C19d35e289bb39b24812,1.9998204253048122,300
C19d35e289bcce8ee02c,2.0000701423493616,300
C19d35e289c8a7ff3eaf,32.99730827887081,3400
C19d35e289cd973a6db6,36.750271504240786,3775
C19d35e289cfd08e996a,8.982876905496063,998
C19d35e289d0db0f89af,10.999417195356072,1200
C19d35e289d697b3effa,10.00415916244006,1100
C19d35e289d760b8664f,12.021420728401425,1302
C19d35e289d80f2f7d71,33.02907718226176,3403
C19d35e289dc122dfebc,10.004897015030927,1100
C19d35e289ddc0cd0322,15.202488246741089,1620
C19d35e289def9cef5e8,2.000017592390835,300
C19d35e289e1836c84fe,21.01299441921863,2201
C19d35e289e4631f030e,16.016164785731306,1702
C19d35e289ee942c7dd1,25.00519671959997,2601
C19d35e28a2389f6206b,9.998227712785203,1100
C19d35e28a24be54434c,8.999852134607403,1000
C19d35e28a25c8dd7946,36.00765670457584,3701
C19d35e28a26f8c6b757,11.99649460997535,1300
C19d35e28a2708487b25,13.503674472333945,1450
C19d35e28a28f3ce2d14,22.51646610567163,2352
C19d35e28a29e9040977,16.531195596378147,1753
C19d35e28a2a48c4750b,22.004023157370565,2300
C19d35e28a2b4ffb84ae,11.799949518075215,1280
C19d35e28a2ffbb22473,16.998334540521835,1800
C19d35e28a301df9350c,18.004889823324476,1900
C19d35e28a3237652b1d,23.009854124765024,2401
C19d35e28a36df40bede,25.66161345770277,2666
C19d35e28a37bd52b253,18.997524600779577,2000
C19d35e28a39bf633024,2.0010433932153355,300
C19d35e28a3f8bc0e320,16.519910305575564,1752
C19d35e28a447b373e9e,37.00259710582481,3800
C19d35e28a452c6423d1,33.00420484221015,3400
C19d35e28a49ff27820f,11.498855622665715,1250
C19d35e28a4c6cfd3384,8.994993296253835,999
C19d35e28a4de53eb5b6,15.003296872363439,1600
C19d35e28a4fb8f87911,20.009146616397246,2101
C19d35e28a502b76a061,7.998655372888563,900
C19d35e28a57a7320d1f,18.049006015291216,1905
C19d35e28a597afcd452,37.000879848936194,3800
C19d35e28a5acd8e5071,21.016049210408482,2202
C19d35e28a5bbc5c3852,4.996515170126468,600
C19d35e28a5c99aa21e7,8.000396087815302,900
C19d35e28a5d2806a461,11.799000031973216,1280
C19d35e28a5e0f52a580,13.467172951667823,1447
C19d35e28a61c6c57855,7.994333763499751,899
C19d35e28a6204a7f754,34.52600657032732,3553
C19d35e28a63b49bd4a3,13.517582945095246,1452
C19d35e28a67bf0ea854,18.000662739687336,1900
C19d35e28a694697011a,11.79993613388636,1280
C19d35e28a6b17f58679,35.54698999116259,3655
C19d35e28a6c4fd9b9e9,35.53226186768646,3653
C19d35e28a6d0e32babf,36.01738541693896,3702
C19d35e28a6e1b8945e6,36.02100537597287,3702
C19d35e28a6fcb57b2f7,36.26058777777425,3726
C19d35e28a7053eae636,11.50167519493762,1250
C19d35e28a7aef74b87f,34.01048846897271,3501
C19d35e28a7b2b540e8e,36.26041147948555,3726
C19d35e28a802a72c5f6,18.026822266748663,1903
C19d35e28a810386988c,8.996885342824303,1000
C19d35e28a824d1fe128,9.995747301446652,1100
C19d35e28a8320aff2f6,9.99916302549365,1100
C19d35e28a87969013c6,27.007922360952442,2801
C19d35e28a9374468256,34.51670114964195,3552
C19d35e28a94e1f9bcfe,12.008509714885191,1301
C19d35e28a95672a38da,13.53435745839385,1453
C19d35e28a96b09e98ac,14.998646196285296,1600
C19d35e28a97dc59dd87,18.521424720526195,1952
C19d35e28a983ebf5c5f,20.538936168258655,2154
C19d35e28a9909aefbdc,22.553283675232027,2355
C19d35e28a9ae011b15d,27.548699347346695,2855
C19d35e28a9e92873af6,22.711694843154444,2371
C19d35e28a9fb679d52d,25.546078824636567,2655
C19d35e28aa0ab46030d,30.012906265709937,3101
C19d35e28aa6e9606ace,13.528916189998318,1453
C19d35e28ab250a47c64,11.797480958839381,1280
C19d35e28ab79b7931fd,15.036165218972942,1604
C19d35e28abf946e3acb,9.999811183998059,1100
C19d35e28ac300fadd4b,8.99821799190186,1000
C19d35e28ac869e0224e,18.527398844793357,1953
C19d35e28ac9a487a1cb,18.529928519794023,1953
C19d35e28acdcd92565d,15.173849904840463,1617
C19d35e28acfd3bd911b,34.0072917150242,3501
C19d35e28ad9e5f13246,2.994848552747988,399
C19d35e28ada57559cb4,3.9315157515090875,493
C19d35e28ae2871fa0cd,11.498640258998114,1250
C19d35e28ae56bffe4a3,29.594848766226477,3059
C19d35e28ae8f8636c03,12.023609557859174,1302
C19d35e28ae9ea734a79,13.501062342418333,1450
C19d35e28aea941276c3,15.061934353550699,1606
C19d35e28aeb16a2ee43,15.018210877214273,1602
C19d35e28aec905cd2d2,22.608318572787486,2361
C19d35e28aed7c1acecf,31.021933621541095,3202
C19d35e28aee98852c4a,29.57814879083278,3058
C19d35e28b015a65031c,7.000260615482917,800
C19d35e28b0425b760b9,34.51493344686855,3551
C19d35e28b09ca6410f4,13.581152709319332,1458
C19d35e28b0c24a152eb,37.00483331049819,3800
C19d35e28b11b170f698,24.10596963176154,2511
C19d35e28b12f8f7e4d0,29.002251019961875,3000
C19d35e28b13a97baee1,9.999775212935528,1100
C19d35e28b18a9a57b95,7.989860291323521,899
C19d35e28b1ab88af2ad,9.002430429556606,1000
C19d35e28b1bb7bb2f43,7.9992941694135995,900
C19d35e28b1c655a3f70,15.014260756725657,1601
C19d35e28b1ec5e30347,18.02465830448549,1902
C19d35e28b1f6f486326,18.014455440426538,1901
C19d35e28b2037a42dee,19.023148457258035,2002
C19d35e28b212b58f614,21.003470006239084,2200
C19d35e28b2211c05f7c,3.9997583469829654,500
C19d35e28b2376d31412,4.000148643901037,500
C19d35e28b2431eca282,4.997506046180834,600
C19d35e28b25e4fb9c71,4.9999899615173815,600
C19d35e28b26c171366d,6.000063697514949,700
C19d35e28b275d3e4b71,6.000055040581822,700
C19d35e28b28d0f21034,6.000070854870878,700
C19d35e28b29ef5db772,7.999812022731754,900
C19d35e28b2a7487c404,8.001419645365992,900
C19d35e28b2b0beec735,8.999728932075893,1000
C19d35e28b2cf68ae038,8.999625164563211,1000
C19d35e28b2d858216c1,8.999811291658352,1000
C19d35e28b2e4c41d570,9.99417318610249,1099
C19d35e28b2fcd65e6e0,9.999942808917755,1100
C19d35e28b30878ed2c1,10.000046278147705,1100
C19d35e28b3156153a80,9.999335147360942,1100
C19d35e28b32aa03d04a,10.000160045412002,1100
C19d35e28b339d614c77,10.000549502268255,1100
C19d35e28b341fc8766a,9.999795802627794,1100
C19d35e28b358f2f71f3,10.999980731377859,1200
C19d35e28b36ce1fa712,11.500253675318975,1250
C19d35e28b378e774f5a,11.799616533627104,1280
C19d35e28b38583c378b,11.800771361085642,1280
C19d35e28b39a778ebcb,7.999938817712484,900
C19d35e28b3d46eda726,11.000197663205903,1200
C19d35e28b3e72ce99cf,3.9962934197980324,500
C19d35e28b3f5c2b3871,3.9741923209950034,497
C19d35e28b40919a6ed7,5.999973437789989,700
C19d35e28b43c440200f,31.021119056535074,3202
C19d35e28b448690f52b,4.0000951967207286,500
C19d35e28b453b6b8b35,8.995971850037979,1000
C19d35e28b4b4ea86cf0,11.500286711874018,1250
C19d35e28b4d3bdeabdf,32.001107454103995,3300
C19d35e28b4eb707ff48,9.999618346346072,1100
C19d35e28b512b0ab4f2,3.000040682230412,400
C19d35e28b527fb02821,2.9960870593043856,400
C19d35e28b5354f60abd,5.997534275020793,700
C19d35e28b54b101e8ea,6.000080405854284,700
C19d35e28b55e3835e57,6.002208319496926,700
C19d35e28b564726dab3,6.0000556645214616,700
C19d35e28b5742fd96db,6.0001030823091765,700
C19d35e28b5831afff64,7.999816789387303,900
C19d35e28b5af7836938,12.016847510411987,1302
C19d35e28b5b38a3a81a,16.598586249694414,1760
C19d35e28b5c311e7909,22.545231218729935,2355
C19d35e28b5dec15701c,5.9991798709691695,700
C19d35e28b5e0d2440f6,9.999851675859949,1100
C19d35e28b62374317a6,11.990463869257267,1299
C19d35e28b63cff4f678,15.004089148513136,1600
C19d35e28b64b1568eaa,8.00004129444571,900
C19d35e28b653d4bfc31,9.00008809928818,1000
C19d35e28b6666093d75,10.99999439511814,1200
C19d35e28b68503aee25,9.998952609311383,1100
C19d35e28b6962cca96d,9.996696398297857,1100
C19d35e28b7502e9895f,11.499953898369066,1250
C19d35e28b77532666e6,13.51739785455314,1452
C19d35e28b7b4144dcc6,15.02690677158498,1603
C19d35e28b7c54d78ead,12.5001010313934,1350
C19d35e28b7ddc5332fe,12.500593542632048,1350
C19d35e28b8258caff68,10.003352012871675,1100
C19d35e28b884f41b957,8.999897053815722,1000
C19d35e28b8941905c05,8.000166773918972,900
C19d35e28b8a66ee8045,7.9999997870949295,900
C19d35e28b8bd06439d6,8.999003210677282,1000
C19d35e28b8ef2e3dcc5,38.00746882711995,3901
C19d35e28b93abb85f33,31.57171236460136,3257
C19d35e28b9438e41e26,22.567523629697984,2357
C19d35e28b95db2e0aae,6.001042767135106,700
C19d35e28b9bea920c89,12.004694777472613,1300
C19d35e28b9d43ba4580,9.999711036829993,1100
C19d35e28ba436e2f7b9,17.001956513963577,1800
C19d35e28ba5dd2d2b41,9.000226163658718,1000
C19d35e28bab8a7c94fa,8.998110085518702,1000
C19d35e28bace6205d59,10.006902265582497,1101
C19d35e28bae5cb19474,25.538191881210476,2654
C19d35e28baf75f0ac77,3.9985585441148954,500
C19d35e28bb02279ae30,7.000005535586588,800
C19d35e28bb4ad0ebcc3,12.48790863699833,1349
C19d35e28bb680eefb0c,34.525891360984076,3553
C19d35e28bb7d82d7cd0,35.51819594487165,3652
C19d35e28bb875dae1cd,2.996487279170447,400
C19d35e28bb991093430,3.993807884531062,499
C19d35e28bba98fb17bc,3.997911753893939,500
C19d35e28bbb44c60fd3,10.001046282134949,1100
C19d35e28bbc480f942b,9.998128524770499,1100
C19d35e28bc08cdbcfef,8.998183764743075,1000
C19d35e28bc494d9f972,20.543221039504036,2154
C19d35e28bc529d201df,5.9998228508770355,700
C19d35e28bc60ac19b81,11.01782358356553,1202
C19d35e28bcba627ed29,24.06683042187073,2507
C19d35e28bccde87b166,31.56769232335972,3257
C19d35e28bcdaa18d403,31.493934133659884,3249
C19d35e28bce516b0f06,29.579926833012735,3058
C19d35e28bd4818b40ed,5.9899071521395655,699
C19d35e28bdfe74525ca,22.533375120447136,2353
C19d35e28be0d0c5dd70,9.994016872874413,1099
C19d35e28be16ae48215,12.023000017541595,1302
C19d35e28be4cf017e0b,29.56007590265359,3056
C19d35e28be5260e66ec,31.53696327109149,3254
C19d35e28be9f922c359,31.51539004965742,3252
C19d35e28beac9efdd61,19.00024742140785,2000
C19d35e28beb741760c2,9.996980551289173,1100
C19d35e28bf61a00241f,34.02548908923504,3503
C19d35e28bf7a8d5c00d,15.00350319148094,1600
C19d35e28bfb0a5199ff,23.008768809705185,2401
C19d35e28bfc74545d2a,25.52967277921652,2653
C19d35e28bfeb1b40b4d,27.001042871191235,2800
C19d35e28c04fb9bc3e9,18.003684697299526,1900
C19d35e28c0523b8f6d6,20.00459983943645,2100
C19d35e28c0673c5822d,23.001444039186687,2400
C19d35e28c078e008c8a,27.01218382820044,2801
C19d35e28c0ecc79234a,3.0000157486583805,400
C19d35e28c117d2744b4,20.02166023616769,2102
C19d35e28c127e91cb42,6.00000851754066,700
C19d35e28c148ccfa324,6.000230954188681,700
C19d35e28c1506a123de,9.99664800727306,1100
C19d35e28c16884c085f,11.998297203129077,1300
C19d35e28c17ac068096,11.998325585880112,1300
C19d35e28c18a0effd83,16.053888460519868,1705
C19d35e28c19ff1dde2d,16.008811030031914,1701
C19d35e28c1aeded9931,19.99622395972436,2100
C19d35e28c1b96e3b2bb,21.987893512133578,2299
C19d35e28c1c4de08512,28.03840174651266,2904
C19d35e28c1d2dbc738f,1.00006842699176,200
C19d35e28c1e2b62b774,1,200
C19d35e28c1f8c7a86a1,2.999983887262576,400
C19d35e28c209af5be00,5.000042673696396,600
C19d35e28c2101dbe6e1,5.999782542171412,700
C19d35e28c228c44efe2,5.999942274012325,700
C19d35e28c236c380f9d,6.999433675773439,800
C19d35e28c244c2079f3,7.000096455171387,800
C19d35e28c2526882dd1,6.9997958242095555,800
C19d35e28c26ebe1c326,6.99973816190216,800
C19d35e28c27c21f786f,7.000005973793245,800
C19d35e28c28e8f23578,8.000684889042226,900
C19d35e28c290e191f62,8.000007308981674,900
C19d35e28c2a72b0f3b5,7.9999773830852705,900
C19d35e28c2be76098e4,7.99924865024284,900
C19d35e28c2cd7806edc,8.99953275551956,1000
C19d35e28c2db36083cf,8.999548755214548,1000
C19d35e28c2e30cf56a6,9.042820538258916,1004
C19d35e28c2fe5a9716e,8.999699017026598,1000
C19d35e28c30d82249ed,8.999840873571635,1000
C19d35e28c318907b3a6,9.999594466433715,1100
C19d35e28c32241afba0,10.000593589897564,1100
C19d35e28c334230cecf,9.999496055453344,1100
C19d35e28c346ae0c84c,10.000754026404394,1100
C19d35e28c351722bc40,9.999509175066843,1100
C19d35e28c3667c785fa,11.000067966201767,1200
C19d35e28c37c2f283f6,12.008400760839137,1301
C19d35e28c38dc77e658,11.800771342356214,1280
C19d35e28c391a9aa2f7,11.800902231296728,1280
C19d35e28c3aa5c73452,12.499942060175917,1350
C19d35e28c3b22a36e63,12.495592247041737,1350
C19d35e28c3f348058d7,15.995681610817842,1700
C19d35e28c436ff4c47a,8.998351818399142,1000
C19d35e28c45657fe550,20.524769176548812,2152
C19d35e28c463d50a13a,6.9994529438337745,800
C19d35e28c4712f4ec12,14.995359246365576,1600
C19d35e28c483eec6b65,20.55016620016346,2155
C19d35e28c49fd66f155,27.53843751695319,2854
C19d35e28c4ad1866bed,25.566004824464017,2657
C19d35e28c51afa0cba2,3.996890259260176,500
C19d35e28c525d28bdf7,4.000118952113107,500
C19d35e28c53d7513eb5,3.999758228648645,500
C19d35e28c547ad91ab0,28.019435436606347,2902
C19d35e28c5524488446,9.000042179055267,1000
C19d35e28c56da101caa,11.000134814705145,1200
C19d35e28c571335c42c,28.564243490178818,2956
C19d35e28c588cda06a7,28.551768985971695,2955
C19d35e28c59cc4c69c4,29.53226653363165,3053
C19d35e28c5a21959d3d,21.028233256896087,2203
C19d35e28c5b25426cd8,1.0000208545360145,200
C19d35e28c5c898f2bb4,4.000087261125824,500
C19d35e28c5eb269aa5a,13.519672243789946,1452
C19d35e28c629ec600f2,1.999670069835609,300
C19d35e28c64dca76633,2.9994411197098274,400
C19d35e28c6f1dde3c31,4.000088269275777,500
C19d35e28c72a317ae2e,3.999669639674821,500
C19d35e28c73d6ef49b3,10.001476331910684,1100
C19d35e28c798f8e7875,31.538720305016824,3254
C19d35e28c7a2fd56edd,4.000480792553421,500
C19d35e28c7b5477603c,5.000378898725856,600
C19d35e28c8156f90cc5,36.25892286351247,3726
C19d35e28c8296b45ace,7.999932376691779,900
C19d35e28c8ed3f9eaf2,20.51725883133208,2152
C19d35e28c8fb7e1a2ae,20.531183646254647,2153
C19d35e28c95c8d6e65e,7.999963069942076,900
C19d35e28c996d55eb3e,11.49993930256522,1250
C19d35e28ca698208574,8.999804400950405,1000
C19d35e28ca86e7bfe17,9.998686491021077,1100
C19d35e28cad5b8da0d0,8.05382634835133,905
C19d35e28cae818852ab,8.999985388998569,1000
C19d35e28cb3382dfb8c,29.57961332498902,3058
C19d35e28cb4baa0b60c,11.000778327517672,1200
C19d35e28cbd60db248c,15.002136150410488,1600
C19d35e28cbe2cc2e17e,15.002908322873775,1600
C19d35e28cbf59c47aae,15.006686397558427,1601
C19d35e28cc0ac04aeb2,16.007241404545802,1701
C19d35e28cc19f2f8f65,19.99699439538053,2100
C19d35e28cc24e787a2d,24.020369594849562,2502
C19d35e28cc371ae32b8,5.999758783850705,700
C19d35e28cc4da6fb219,6.0000975293046555,700
C19d35e28cc58843daaf,5.999738042890719,700
C19d35e28cc61b2a7179,7.9960461053457745,900
C19d35e28cc76265122f,8.000002739916653,900
C19d35e28cc861fa78f5,8.00010265492429,900
C19d35e28cc9011bea7e,8.999951927807846,1000
C19d35e28ccaa202506a,9.999238546103065,1100
C19d35e28ccbab939bcf,10.000075375361028,1100
C19d35e28ccce3e88985,9.999878192231556,1100
C19d35e28ccd6ccac73c,10.999984082244628,1200
C19d35e28ccea7e7b37a,10.999998832341412,1200
C19d35e28ccfac78fb5d,11.799652740590188,1280
C19d35e28cd0f9daad8d,12.499402604287638,1350
C19d35e28cd4a5cf51af,25.005297768927637,2601
C19d35e28cd7450252d2,12.052715267678362,1305
C19d35e28cd80a24c442,11.99720096285353,1300
C19d35e28cd940ea86df,13.426571311061513,1443
C19d35e28cda69d153a8,14.998065433432053,1600
C19d35e28cdb72915156,14.985427206033563,1599
C19d35e28cdc78351767,20.52802821025513,2153
C19d35e28cdd8f99def0,5.0009062970854785,600
C19d35e28ce2727d289b,7.999990875387559,900
C19d35e28ce48b14ef63,7.000004957798596,800
C19d35e28ce580febf2c,7.000020966605558,800
C19d35e28ce672f23558,8.000015990995777,900
C19d35e28ce99718d400,22.013652444911212,2301
C19d35e28ceaaaa2d608,12.005255798529832,1301
C19d35e28ceb5eaf98ab,23.03229688593948,2403
C19d35e28cee1fb53c0e,12.008405700560456,1301
C19d35e28cef4137b70d,13.523736487459033,1452
C19d35e28cf0761d59a7,18.482839273457504,1948
C19d35e28cf289e5fd19,20.536738299593072,2154
C19d35e28cf35c0a5225,28.52471777265801,2952
C19d35e28cf482cad133,29.5344818630693,3053
C19d35e28cf5d56c47bd,9.996731805677005,1100
C19d35e28cf67b6e4d8f,27.01333222254213,2801
C19d35e28cf70f2c78fa,4.999726883711494,600
C19d35e28cfca19be652,21.00080608717414,2200
C19d35e28cfdeb00e04f,9.999975625436303,1100
C19d35e28d01b3d49b4b,34.56208703361573,3556
C19d35e28d0929436860,7.999994133417904,900
C19d35e28d0be0900c34,9.995319497013051,1100
C19d35e28d0c360d8c25,34.543117831782055,3554
C19d35e28d0d85055fe0,35.51699296788652,3652
C19d35e28d1208344ec6,5.000010984939731,600
C19d35e28d16a2b9e554,34.519624900941274,3552
C19d35e28d1fd955755f,9.998408562420149,1100
C19d35e28d2447208ece,13.500825614491706,1450
C19d35e28d25d6d28e47,14.995675466001051,1600
C19d35e28d26fae95f89,16.53622907819228,1754
C19d35e28d279e6b8859,16.491339826718086,1749
C19d35e28d28d8827729,31.584181018950648,3258
C19d35e28d3153846d54,4.999816391197036,600
C19d35e28d38ae7b4cc1,3.9999989507107894,500
C19d35e28d3d6ea32bb0,30.00292675439642,3100
C19d35e28d3e60b53c12,4.001550527176852,500
C19d35e28d43642665a7,31.53189023171168,3253
C19d35e28d44ad5b8511,36.00099893869434,3700
C19d35e28d454e9a1654,9.999239231402129,1100
C19d35e28d4ca4503db9,7.997393645404565,900
C19d35e28d4d4e4e6f5c,11.499907461348785,1250
C19d35e28d4ef006ad73,9.99932186878894,1100
C19d35e28d4f1fb7acb9,7.999768595118396,900
C19d35e28d50cbffd207,7.000036284546522,800
C19d35e28d51e397c860,7.999971509884878,900
C19d35e28d52601cb47c,6.000022709360137,700
C19d35e28d5728596dd2,27.008187055815675,2801
C19d35e28d58a6a8b56a,27.01268592051236,2801
C19d35e28d5a708c2c31,33.027197985309826,3403
C19d35e28d5cc41263c9,9.99326156355985,1099
C19d35e28d5e07322d43,8.999739175972215,1000
C19d35e28d60ede91205,34.01112838902458,3501
C19d35e28d610ba61649,14.998288857680354,1600
C19d35e28d62dd2f33b1,27.535925394008178,2854
C19d35e28d633dcc5d38,14.99845928453661,1600
C19d35e28d64172daff0,16.00984691628827,1701
C19d35e28d6538e71247,3.000103133082632,400
C19d35e28d668770c11b,4.0000345665143895,500
C19d35e28d67b5924a91,4.9993973152782365,600
C19d35e28d6850451b6f,7.0000622138050375,800
C19d35e28d692b9e9ee8,7.000113429948981,800
C19d35e28d6ad909e49a,7.999942720130552,900
C19d35e28d6b649e66c6,8.00013054669214,900
C19d35e28d6cc0a43648,7.999466558599023,900
C19d35e28d6d0c7017ac,8.999683814061493,1000
C19d35e28d6e29774dea,9.99982651350493,1100
C19d35e28d6f1a8fe584,9.998767995183803,1100
C19d35e28d70cdf31565,11.49908504820351,1250
C19d35e28d71092fccb9,11.799787640577385,1280
C19d35e28d73e9b695b0,3.9953829683803117,500
C19d35e28d834fc39956,13.503719365122091,1450
C19d35e28d84b3bb6aee,31.013680496329673,3201
C19d35e28d8574412d6e,2.9976994755205237,400
C19d35e28d8649fefe47,3.0001217987649684,400
C19d35e28d885972b9c2,18.50327301736128,1950
C19d35e28d894686c528,18.57941055910936,1958
C19d35e28d8a3feb7d18,22.51611836705745,2352
C19d35e28d8bf88fe612,29.579850803834,3058
C19d35e28d8cb977314f,7.0000664950627,800
C19d35e28d92f86f1a13,22.57318807776517,2357
C19d35e28d93fc34e349,6.999999463149798,800
C19d35e28d9bd9a88795,5.999992645280896,700
C19d35e28da0c75622f8,37.002638899593215,3800
C19d35e28da5a64cebee,36.754740191844206,3775
C19d35e28daaf1124b71,11.799384914938761,1280
C19d35e28daf61ab07bc,9.003137566272146,1000
C19d35e28db117261b4a,9.998741572892099,1100
C19d35e28db24b583867,12.006335908910982,1301
C19d35e28dba78f2ec43,31.526827880583102,3253
C19d35e28dbb8d132833,31.007820009535898,3201
C19d35e28dbc7873dc8e,29.00139673990709,3000
C19d35e28dbdd04a5410,12.001162799915091,1300
C19d35e28dbec07a30aa,11.999723289460809,1300
C19d35e28dc4517171c8,15.048820421749621,1605
C19d35e28dc52375d63f,18.514370199076613,1951
C19d35e28dc65315aa55,20.557465089599095,2156
C19d35e28dc7e3dac09d,22.493818292456222,2349
C19d35e28dc843502704,9.00124133084619,1000
C19d35e28dc9497cead1,8.999505029531319,1000
C19d35e28dca50de39bc,8.999999783326736,1000
C19d35e28dcb1019fb21,9.999644148683375,1100
C19d35e28dd0b12e7128,22.509215883426528,2351
C19d35e28dd188daec90,22.56539231260453,2357
C19d35e28dd26cc62627,11.998347146061617,1300
C19d35e28dd300d0c2b7,17.004861030917798,1800
C19d35e28dd447741d5d,18.997542937422466,2000
C19d35e28dd5f66830eb,7.999966243044181,900
C19d35e28dd67ad78132,8.000010224445564,900
C19d35e28dd7de2edf44,8.001435321953856,900
C19d35e28dd8e6f07a11,8.000238681361216,900
C19d35e28dd9a9b9baa6,9.000114254749374,1000
C19d35e28dda6c81a816,9.000215167243821,1000
C19d35e28ddb7585c396,10.000264576159271,1100
C19d35e28ddc8a6aa234,10.999967559984855,1200
C19d35e28ddd4ca0fb53,10.999945268925874,1200
C19d35e28dde1872bfa9,11.499989230055403,1250
C19d35e28ddfc87d5833,11.499296317450616,1250
C19d35e28de3c273f840,28.529567414537187,2953
C19d35e28de4310c3d35,28.67263004477682,2967
C19d35e28de5c84e7e37,13.998914573514337,1500
C19d35e28de6a3b1803e,7.0000060501415895,800
C19d35e28de7d73f9be5,10.999846345357422,1200
C19d35e28de83cfde151,33.002802374260966,3400
C19d35e28deb8fe9f5b2,8.00000166921496,900
C19d35e28dece3c5279a,11.499973861684788,1250
C19d35e28ded12347422,12.499498743868784,1350
C19d35e28df11ebb96c8,8.002172511682163,900
C19d35e28df2c50d78d0,7.999994839715057,900
C19d35e28df8c5445935,33.011347725144766,3401
C19d35e28dfe7343ca53,10.999996586278266,1200
C19d35e28e13e48dd664,33.01494566662587,3401
C19d35e28e148b3d4192,34.53771451398884,3554
C19d35e28e185ee119bf,32.995398006811826,3400
C19d35e28e1958676dab,34.00651855216414,3501
C19d35e28e1acefe8da5,34.00644654786242,3501
C19d35e28e1b6ab65e5a,34.01138923954772,3501
C19d35e28e1c97c2491c,34.00522454130536,3501
C19d35e28e1da9ad88f9,34.00349854607567,3500
C19d35e28e1e0abe633e,13.503561058193858,1450
C19d35e28e1f3704bc63,16.518587283759143,1752
C19d35e28e2321bf94d9,34.510529967157794,3551
C19d35e28e24482a2b60,34.537599268063055,3554
C19d35e28e2526d9318b,13.50843450785929,1451
C19d35e28e2606f6eb6e,15.011180338765378,1601
C19d35e28e274e130b4b,18.516302884378,1952
C19d35e28e2890e9b762,22.52194731722904,2352
C19d35e28e29107dbe0f,27.52079941480207,2852
C19d35e28e2d8cdbecff,32.98612144602987,3399
C19d35e28e2e25648b91,33.016398516597626,3402
C19d35e28e2fa00893a5,33.02100316322642,3402
C19d35e28e304159e403,33.08535306755023,3409
C19d35e28e3146ec9b42,33.02236147390113,3402
C19d35e28e3291bc62de,33.01835044273981,3402
C19d35e28e334629d04c,33.026371817307115,3403
C19d35e28e34d5a2a3b7,11.49977957768355,1250
C19d35e28e3aaeb021a2,34.01209592580365,3501
C19d35e28e3bf3e72d27,34.514080287873924,3551
C19d35e28e3c4afb1d6a,35.52774974263948,3653
C19d35e28e4021320710,34.00918125405915,3501
C19d35e28e4131b82cef,34.00985477247694,3501
C19d35e28e42500abb33,22.513771025017554,2351
C19d35e28e46c5cacadd,31.528377567787455,3253
C19d35e28e534659c2a3,1.9996613094249962,300
C19d35e28e545ff9288f,3.9991108350559865,500
C19d35e28e552598e359,8.016636802198754,902
C19d35e28e56d3cb3e72,12.500344155728657,1350
C19d35e28e574f85fe77,36.503028346057334,3750
C19d35e28e5b941c78f2,9.999703703680494,1100
C19d35e28e5c3e71e647,9.999944095752625,1100
C19d35e28e5f226d654e,34.00588671989993,3501
C19d35e28e60a110b45b,34.00670391597072,3501
C19d35e28e61ff0a153d,34.009510053210455,3501
C19d35e28e62889341a7,34.52201311168698,3552
C19d35e28e63925ba559,34.512851819556566,3551
C19d35e28e69ae88f1f4,34.52875784370806,3553
C19d35e28e6a28cd833d,34.532252452355436,3553
C19d35e28e6b3b08355c,34.52344530479046,3552
C19d35e28e70d110f416,10.003287023648664,1100
C19d35e28e84949da8c6,27.007952118244745,2801
C19d35e28e86fc833c34,31.50753138978159,3251
C19d35e28e87d977bfe5,20.54579318719181,2155
C19d35e28e8845644993,20.52740200852254,2153
C19d35e28e896f713e4a,36.00037084038815,3700
C19d35e28e8c81a6c0eb,39.00845949655676,4001
C19d35e28e8d89a2ffa5,12.996889440391405,1400
C19d35e28e8e2f586c47,15.011960681693585,1601
C19d35e28e8f4f4a3485,20.00110519352432,2100
C19d35e28e9028f0d42d,24.00268528264839,2500
C19d35e28e9186102efd,30.999678545324908,3200
C19d35e28e92553c783a,31.010078673263063,3201
C19d35e28e93d382e3a6,34.00305523784101,3500
C19d35e28e94e03eaa08,6.000178237887897,700
C19d35e28e95a8406038,8.001507453413376,900
C19d35e28e9686410f85,8.000008934754533,900
C19d35e28e97390f923b,7.99980024867824,900
C19d35e28e988768d469,7.999943474040695,900
C19d35e28e996a8109e6,9.999898739733158,1100
C19d35e28e9aa39f6577,9.999727820579299,1100
C19d35e28e9bd4b7c5c8,9.999801430339861,1100
C19d35e28e9cbb9e26e1,9.999243382799742,1100
C19d35e28e9d6979627a,10.999525055958086,1200
C19d35e28e9ebe27a42e,11.993253963424387,1299
C19d35e28e9fd82bb31f,10.99998876633986,1200
C19d35e28ea0f14ef620,11.495789976537512,1250
C19d35e28ea1e1ea73f5,11.499992589970446,1250
C19d35e28ea28ad90e5d,11.799897187909387,1280
C19d35e28ea7d827e568,12.012301775318605,1301
C19d35e28ea89a9cb609,7.000019865621226,800
C19d35e28ea9918ebe06,8.00000638400567,900
C19d35e28eaa1e72371c,9.999215873962708,1100
C19d35e28eab72ab41f9,11.000093028828774,1200
C19d35e28eb38d5160fb,29.012245202311124,3001
C19d35e28eb4a97436fb,7.999693188321939,900
C19d35e28eb5c689999d,11.000683098773434,1200
C19d35e28eb8520e828a,9.999587530634386,1100
C19d35e28ebb33721207,16.5570212713705,1756
C19d35e28ebc8cf8ccfd,15.002911750651656,1600
C19d35e28ebd686ec45a,15.00284565365044,1600
C19d35e28ebef41c477b,7.99946271083319,900
C19d35e28ec1a3d8c225,35.504146331977495,3650
C19d35e28ec243709296,36.25809111653795,3726
C19d35e28ec32cc1f9f1,18.525305563166157,1953
C19d35e28ec41adb2a1f,5.000889074798834,600
C19d35e28ec5fb09c1b1,5.000063350869923,600
C19d35e28ec634a8e83e,7.000019173291422,800
C19d35e28ec75041e4b2,8.000084923004863,900
C19d35e28ec8c552e834,8.999948199870412,1000
C19d35e28ec9fff06209,9.999955749249706,1100
C19d35e28eca0bb139b9,11.000304607144173,1200
C19d35e28ed0c6853aae,35.503021731278785,3650
C19d35e28ed66ebaba82,35.51714704611633,3652
C19d35e28ed7bf33f6fc,35.503375293054404,3650
C19d35e28ed8d7e26eb3,36.25941615394344,3726
C19d35e28edf9071ea2e,1.0000590697133402,200
C19d35e28ee05b6a5f68,11.000540931180886,1200
C19d35e28ee95440f321,18.99962430988295,2000
C19d35e28eedc7470926,34.52088658295069,3552
C19d35e28eee30298596,36.75721805222452,3776
C19d35e28ef27bdf6a49,31.513570604239643,3251
C19d35e28ef33c19d421,31.01703977559204,3202
C19d35e28ef494e695b9,32.017570056919666,3302
C19d35e28ef5d73b72f8,1.0000335910674192,200
C19d35e28ef8d6865e20,36.256646577546384,3726
C19d35e28ef9830add11,13.499279553932373,1450
C19d35e28eff26edf1e2,36.00198482210229,3700
C19d35e28f006faf2624,29.010226313495032,3001
C19d35e28f02e5180a90,16.00186071684485,1700
C19d35e28f03c7d93edf,8.999719507900048,1000
C19d35e28f08968b0040,20.539138593292407,2154
C19d35e28f0927d8e92c,1.0000203399810133,200
C19d35e28f0a744d6b48,2.0000184322531203,300
C19d35e28f0db7f266c3,36.01545892688501,3702
C19d35e28f0e87b825cb,36.015691403561036,3702
C19d35e28f0fcf2f804b,36.26015652956365,3726
C19d35e28f194c516799,37.00204609427749,3800
C19d35e28f2140eabd37,35.507937661617156,3651
C19d35e28f226569d6f4,28.001533717326396,2900
C19d35e28f239eb6dc6b,7.000005128142431,800
C19d35e28f24195ceaaa,7.000091409070391,800
C19d35e28f25eb568370,10.999998514265783,1200
C19d35e28f28a2835b2c,11.801215851422638,1280
C19d35e28f2bb6f11cbc,36.00248261615472,3700
C19d35e28f2caf401ee8,20.004685031827023,2100
C19d35e28f32b4717402,36.00859237966595,3701
C19d35e28f39ae06842c,36.00477903242167,3700
C19d35e28f3b5e754876,7.000001483594148,800
C19d35e28f3c4a2e7ef3,9.999301421270394,1100
C19d35e28f3da706b1ad,11.0002875451199,1200
C19d35e28f475664eb54,31.00746195088392,3201
C19d35e28f4e8d313179,34.00750817562279,3501
C19d35e28f4f8a98ed76,13.518420742976618,1452
C19d35e28f50742f8a2e,20.543005156769386,2154
C19d35e28f51a1c26159,31.015100961663297,3202
C19d35e28f582db9f989,2.000017378214398,300
C19d35e28f59d8ea208d,5.000003078117368,600
C19d35e28f5a151427a0,6.999997203510912,800
C19d35e28f65900c5491,35.5114413044443,3651
C19d35e28f6638f5b1bd,27.00230897336266,2800
C19d35e28f6757e5da6e,27.00397028224908,2800
C19d35e28f6a3e7f9b65,25.521104020205673,2652
C19d35e28f6b7a3dd15f,36.750949770411154,3775
C19d35e28f6f14a98233,36.75447812441624,3775
C19d35e28f796814d17b,15.015811783409644,1602
C19d35e28f7a9983ee14,17.01192831575321,1801
C19d35e28f7bc9e876cd,18.001027937819526,1900
C19d35e28f7c84deb755,22.515182362933054,2352
C19d35e28f7e209d2db7,22.00496459803517,2300
C19d35e28f7f08e9a07c,3.000015919737873,400
C19d35e28f8135320e8e,6.00003045675094,700
C19d35e28f823709d946,7.999993672293639,900
C19d35e28f839f9eef1b,8.99965124848957,1000
C19d35e28f84e9e1449c,8.999983539624354,1000
C19d35e28f852ef35fec,8.999932820173496,1000
C19d35e28f8653c84e9e,9.998915117400431,1100
C19d35e28f8708e10d90,10.000248215114322,1100
C19d35e28f88796739c4,9.999615032922007,1100
C19d35e28f895f4b5565,9.999025300570981,1100
C19d35e28f8a9a5654ce,9.998029728721601,1100
C19d35e28f8bc4f9bd27,10.99996032957694,1200
C19d35e28f8ce75bf271,11.000436055426054,1200
C19d35e28f8d6ef34e14,11.49970788740798,1250
C19d35e28f8e8227fdf3,11.500025869432328,1250
C19d35e28f8f2059f242,11.500925559796864,1250
C19d35e28f906ae91d62,12.000039343806149,1300
C19d35e28f914eb33001,11.999896458246436,1300
C19d35e28f9239446cdf,12.500582839801227,1350
C19d35e28f95c014ce57,35.50723692492654,3651
C19d35e28f965125a203,16.00667081746743,1701
C19d35e28f97075384c2,22.5010152041368,2350
C19d35e28fa59c07a49e,3.000040313483618,400
C19d35e28fa65966992e,4.000052157101936,500
C19d35e28fa793023648,6.000438706914957,700
C19d35e28fab6cc7b8d1,11.999775941558973,1300
C19d35e28fac958c2d05,12.009750299559265,1301
C19d35e28fad838e8439,20.515539623367516,2152
C19d35e28faed2264c6f,11.994048055126584,1299
C19d35e28fafd2e8e666,15.0127546058339,1601
C19d35e28fb07bd59514,16.529849875799997,1753
C19d35e28fbdff4f54db,33.017469994817695,3402
C19d35e28fbe1f1908fe,35.52652766920801,3653
C19d35e28fbfce1965fd,25.5188164055507,2652
C19d35e28fc064ba80c1,28.52686755609009,2953
C19d35e28fc468735549,27.516433698070855,2852
C19d35e28fc55f30d422,29.00708111717545,3001
C19d35e28fc7eeeca982,11.499792156392513,1250
C19d35e28fc81318265f,11.499765229019216,1250
C19d35e28fd15faecd07,35.509141539984064,3651
C19d35e28fd2a0faeb02,8.00009192452569,900
C19d35e28fd35fd36e7a,10.999993540704732,1200
C19d35e28fda556323f9,17.009408374593068,1801
C19d35e28fe0b92be569,15.019869968719757,1602
C19d35e28fe2da4eba83,24.01505315375502,2502
C19d35e28fe70a9c7a26,18.544860721167353,1954
C19d35e28fe832e83c24,24.038596512322204,2504
C19d35e28ff300f5df21,13.503017444048746,1450
C19d35e28ff4afb101f9,6.000433341815223,700
C19d35e28ffb514b8226,36.509549612912664,3751
C19d35e28ffcb9d010d0,27.530558187286708,2853
C19d35e28ffd92ab2744,20.99992953649041,2200
C19d35e2900201da122a,11.001749456963852,1200
C19d35e290087ea33fbd,36.25677844403589,3726
C19d35e29009ab7041fb,4.000034736858225,500
C19d35e2900ab2645925,12.50041036496767,1350
C19d35e2900b38a4b90e,7.0000046590220695,800
C19d35e2900f025904db,9.99987848661579,1100
C19d35e29017eb74be75,17.646041504242387,1865
C19d35e2901863fd9bba,19.005150763582886,2001
C19d35e29019b838788b,25.01200632943377,2601
C19d35e2901a6715a882,26.00256742203672,2700
C19d35e2901b61a5365c,5.000044136731367,600
C19d35e2901cd85ed426,5.999969235436789,700
C19d35e2901dcc92b5a2,6.999889764435167,800
C19d35e2901fa02c5fdd,9.000076950358736,1000
C19d35e290209064d7eb,10.99998469081596,1200
C19d35e29021220fddf1,11.00001424756563,1200
C19d35e29022ae05e7fd,10.999317881440017,1200
C19d35e2902a9ee8eda1,9.999673669952937,1100
C19d35e29032812b2ac6,33.005711186640255,3401
C19d35e290339bd81d1e,34.515899144644116,3552
C19d35e2903441ff77cd,35.50277239283381,3650
C19d35e29035276653a6,34.506062125746425,3551
C19d35e29036fb95c152,31.018326726105585,3202
C19d35e29037b20e5f2e,31.01432174508975,3201
C19d35e290383324d408,17.005832120738184,1801
C19d35e2903bda681fa6,14.996330646689652,1600
C19d35e2903c458775a4,31.01706767776858,3202
C19d35e2904453827a59,34.51430234726224,3551
C19d35e2904959c3f8dc,10.000462554789339,1100
C19d35e2904fb72a7329,28.526551382210997,2953
C19d35e290503d457223,17.999497988438655,1900
C19d35e29052d49c8025,25.01336406493045,2601
C19d35e290584282d4dd,36.50459425343966,3750
C19d35e29059184ac28c,37.00084477844763,3800
C19d35e2905ac8b24a1d,29.004304177998062,3000
C19d35e2905d18352059,34.000146976111104,3500
C19d35e2905e152d70f7,35.50469710206361,3650
C19d35e290627bd38628,28.54289456005376,2954
C19d35e290637b13e441,28.536800698471136,2954
C19d35e29064acc584cf,29.53080278066463,3053
C19d35e2906514d73b75,29.522936269408905,3052
C19d35e2906999d9d43a,11.999920843689907,1300
C19d35e2906ac17b6867,8.532229254753478,953
C19d35e2906bca5de173,8.999434784764139,1000
C19d35e2907483192a48,7.000020175920299,800
C19d35e2907806c0c4e1,36.25638967811413,3726
C19d35e2907c363452d0,38.00351278146074,3900
C19d35e2907d39c18265,23.99493873922672,2499
C19d35e2907e39f5b72d,5.999989958171,700
C19d35e290818e49c68a,35.51348924309241,3651
C19d35e29082fe528396,36.008665682235986,3701
C19d35e29083586628a5,13.504597975812977,1450
C19d35e2908476f26a9c,24.01284393704059,2501
C19d35e29090d3ca576d,33.027013856918046,3403
C19d35e2909149125957,34.51738077920982,3552
C19d35e2909203111282,35.51796112180303,3652
C19d35e290979017d050,8.999293006555547,1000
C19d35e2909cbca20485,33.017166574198136,3402
C19d35e290a31db5f497,34.014561833862714,3501
C19d35e290a4fddd4c9b,34.51971776928099,3552
C19d35e290a59086c9b1,36.00298757935168,3700
C19d35e290a6ea1c6912,36.00390997602293,3700
C19d35e290a721d3e736,11.799914500883869,1280
C19d35e290ad9176aec1,34.50793986231971,3551
C19d35e290afb9d7be21,36.004703033498394,3700
C19d35e290b0cc979d56,5.998260029322614,700
C19d35e290b32bcce4cd,9.999985904033478,1100
C19d35e290b47e92d809,33.01408881990933,3401
C19d35e290b6699c20c8,17.006531934622217,1801
C19d35e290b7a5bf244b,19.0037360336849,2000
C19d35e290b9fc8020fa,3.9997835166001865,500
C19d35e290baa3c64003,7.000026562633265,800
C19d35e290bb34eb45c5,7.999991448056215,900
C19d35e290bc126b326a,7.999937663943324,900
C19d35e290bd361af60d,7.999980414261173,900
C19d35e290be566f322f,8.999722696303,1000
C19d35e290bf17f9f741,8.999806680917787,1000
C19d35e290c0bbc9d7a2,10.00006853140725,1100
C19d35e290c18c096ee8,10.000147293864377,1100
C19d35e290c28c74c216,9.999773195498184,1100
C19d35e290c3d67eabd4,9.99759328558028,1100
C19d35e290c473290bb2,10.999775185716892,1200
C19d35e290c581ed00e4,11.499830804439357,1250
C19d35e290c6743b6e3e,11.50470273574955,1250
C19d35e290c70a92b6a5,11.799829685392016,1280
C19d35e290c87b7f0907,11.999818736118277,1300
C19d35e290c92746ad49,12.014920606077956,1301
C19d35e290ca4c97c5e3,16.518889049268065,1752
C19d35e290cbc598b4b6,28.62124590325364,2962
C19d35e290d04611fb1c,13.50554296251574,1451
C19d35e290d52fb73ffb,20.00151994236266,2100
C19d35e290ead3374c07,21.00133727591825,2200
C19d35e290ef6f3cbd41,36.751038618731585,3775
C19d35e290f3e626f415,6.000102892589046,700
C19d35e2910711d5ed52,1.9993965959572204,300
C19d35e291081db9b22e,3.998156827952747,500
C19d35e291098862c61e,11.499946500212163,1250
C19d35e2910cece04f86,31.487855770041538,3249
C19d35e2910d492b378d,34.51110532697636,3551
C19d35e2910e7d2fa40f,35.5151450145681,3652
C19d35e2910f8ef8f0c1,20.5072711855946,2151
C19d35e291107edfc0b8,29.011641217986302,3001
C19d35e29111808f1521,5.000042871420882,600
C19d35e29112e78a2203,11.000195796952072,1200
C19d35e291174bc16f93,33.0065686883944,3401
C19d35e291188a79cef2,22.508194062008325,2351
C19d35e291196dc5b313,23.994923857573493,2499
C19d35e2911a2483a229,28.52894035153554,2953
C19d35e2911b1eb08a7c,31.0101412293179,3201
C19d35e2911f6250ef7b,39.004222162562684,4000
C19d35e2912121f75306,16.018353699093495,1702
C19d35e291244c8b30e2,27.503585311326475,2850
C19d35e29129ad65d307,17.00036490465198,1800
C19d35e2912a0b1d0749,18.002614941511172,1900
C19d35e2912f934e3290,11.000053351276872,1200
C19d35e29132cd7db17b,31.51929364315783,3252
C19d35e2913320225a00,33.0063149104613,3401
C19d35e29134dfe2ad5d,33.016699288846105,3402
C19d35e29135679d9c88,1.000020899652191,200
C19d35e2913a826459b3,34.00211360888452,3500
C19d35e2913ba346f7f7,34.00104464453879,3500
C19d35e2913c05d3d801,34.51498445139548,3551
C19d35e2913de0272156,34.50624680372783,3551
C19d35e2913e540227db,34.50434374871537,3550
C19d35e2913fb3604133,34.50515523479135,3551
C19d35e29140265e0a84,35.50427987929888,3650
C19d35e2914c54240be1,31.50709766199969,3251
C19d35e2914dba4d9c28,35.50396472688828,3650
C19d35e29152eb572ecd,10.833286578912329,1183
C19d35e29155a4d8618d,31.468187948435872,3247
C19d35e2915c62434b24,33.005643651829665,3401
C19d35e2915d100db915,15.01369326119733,1601
C19d35e2915e8b26068f,18.53321250708269,1953
C19d35e2915f719488fd,16.507637180957005,1751
C19d35e2916038125de9,24.011026054083466,2501
C19d35e291615e912966,31.017715854307095,3202
C19d35e2916a5c48a8df,36.007453207181676,3701
C19d35e2916b30505df7,12.001812289776433,1300
C19d35e2916c59050be6,16.49257505287297,1749
C19d35e2916d751db8c1,18.503162399482246,1950
C19d35e2916e84a36ef7,20.519214712539814,2152
C19d35e2916f6127a2c9,20.50911833618904,2151
C19d35e29170fb8808b8,17.011599501765367,1801
C19d35e291716e7a47d1,6.999845368853515,800
C19d35e291722529cbc0,7.99998777099395,900
C19d35e291736da85709,7.9994168757411925,900
C19d35e29174bde53067,9.003599293027118,1000
C19d35e2917525231afe,8.998137486907,1000
C19d35e2917658320072,9.998408289122743,1100
C19d35e29177ff719bd8,9.999757908710222,1100
C19d35e29178fa2941c5,9.999187174949945,1100
C19d35e29179fe218fa8,9.999923459754138,1100
C19d35e2917a132f4843,10.000076286508873,1100
C19d35e2917baa2a5637,9.999830920238962,1100
C19d35e2917c29a52cae,10.999928764575742,1200
C19d35e2917ddd7b55f1,11.50271978019639,1250
C19d35e2917e4c34d7e0,12.497871455270634,1350
C19d35e291840b355b8a,34.50745490130754,3551
C19d35e29187a072689c,37.00059660359681,3800
C19d35e2918890ff6ecb,16.010257582900504,1701
C19d35e29189f60d364d,18.000953200807555,1900
C19d35e2918a11a5539f,19.0032038542824,2000
C19d35e2918b4583bbf9,21.02883746090397,2203
C19d35e291903bad95f1,8.000008543997183,900
C19d35e29191ecb95118,8.998184419627778,1000
C19d35e2919779a8d427,3.000081797960964,400
C19d35e291985378f6c2,6.000036594102428,700
C19d35e2919962fb40ee,6.000089545614588,700
C19d35e2919a68313b4c,6.0001191424636255,700
C19d35e2919b0b846610,6.000032311468869,700
C19d35e2919ce6a5c909,7.0000196272869415,800
C19d35e2919dc1109b8d,9.000285355632931,1000
C19d35e291a30cc8fefe,11.000088208614919,1200
C19d35e291b1076ed532,35.51019802935551,3651
C19d35e291b5b539eb03,11.799512464464476,1280
C19d35e291b88100f999,34.00211879451628,3500
C19d35e291b9cfff69c3,34.00100028840295,3500
C19d35e291ba3a4da09d,39.00095320623036,4000
C19d35e291bbb3248571,16.503783693756354,1750
C19d35e291bc5b668df3,16.486126312430876,1749
C19d35e291bd1e120509,18.51433955057779,1951
C19d35e291cdfa346000,34.51035432021235,3551
C19d35e291cea7b99413,7.9999787414206835,900
C19d35e291d3b7e70dc5,7.999736148645223,900
C19d35e291d45b7083ca,29.523341624407042,3052
C19d35e291d55812aedf,2.00014551137022,300
C19d35e291d64bad3406,2.9998295092429297,400
C19d35e291d966bc161c,9.999744293915573,1100
C19d35e291dfddce2f25,1.000019845613469,200
C19d35e291e0ef97a11e,2.999087773407418,400
C19d35e291e575f282f0,8.99950327988357,1000
C19d35e291e738529f2e,32.98246471443704,3398
C19d35e291e8d0167014,11.799796415796283,1280
C19d35e291ee710d74c3,31.012536088667066,3201
C19d35e291ef4339f726,31.00479614196728,3200
C19d35e2920249ddd6a5,31.510449615178313,3251
C19d35e29205d30745b0,11.499754688360406,1250
C19d35e2920a00473562,10.999987690600983,1200
C19d35e2920cbe8035c1,11.00016246538313,1200
C19d35e2920e15c29b17,3.000202025307819,400
C19d35e292102bd244e7,3.0000157486583805,400
C19d35e29211b490f379,3.000136520876224,400
C19d35e292139d5c86de,9.996155207109698,1100
C19d35e2921cec47de15,10.002849516254907,1100
C19d35e292241a97f031,8.99870707942296,1000
C19d35e292285005b338,33.00608618067217,3401
C19d35e2922941820454,11.499497020136328,1250
C19d35e2922d0d0ec971,23.018207098240563,2402
C19d35e2922eaf17542f,9.999383960961984,1100
C19d35e29231e303798d,11.49997603629711,1250
C19d35e29234c04cce6e,35.508767663686925,3651
C19d35e29239a1754373,29.53876157755343,3054
C19d35e2923ad21b6094,38.00411808151772,3900
C19d35e2923b15d20be9,8.000343727724989,900
C19d35e29241d3c53e7f,16.046486125220532,1705
C19d35e2924286b5d193,23.040481300037133,2404
C19d35e2924bf98a72fe,33.00773555409534,3401
C19d35e2924cce0b9968,34.50518951474895,3551
C19d35e2924df0e8265c,37.511764792695935,3851
C19d35e2924e5b27c72c,22.50636674905382,2351
C19d35e29256d261644e,11.990603673666541,1299
C19d35e29257d4bd7b07,13.508074444059021,1451
C19d35e29258fb235581,22.51213004836197,2351
C19d35e29259ac6c4b57,29.73158336695043,3073
C19d35e2925ab5acc756,28.551103072656385,2955
C19d35e2925fa3dfec6c,12.50042781682942,1350
C19d35e29265005a25d0,11.799340275278313,1280
C19d35e2926631bb373e,7.999912143287046,900
C19d35e29268d8e08c77,10.00030554001473,1100
C19d35e29270f1f4a2b1,37.5035898507927,3850
C19d35e292712c2b2fa0,37.5090497828138,3851
C19d35e292744b7f3e79,36.50847529560172,3751
C19d35e29278771b1456,15.001027175227168,1600
C19d35e29279a0b528a3,16.998372332071565,1800
C19d35e2927a5e4a62bf,19.00711842334844,2001
C19d35e2927b96d9fb5c,19.003363886593267,2000
C19d35e2927ca6e91bfd,21.00206111035862,2200
C19d35e2927dc01660a4,29.005592053621413,3001
C19d35e2927ed7f6f2fe,4.9999041038561405,600
C19d35e2927f04bd2b15,7.000011339829667,800
C19d35e292811f0f1277,8.999836779853535,1000
C19d35e29282616bbe60,9.000287789803027,1000
C19d35e292838ef5da10,9.997656044662184,1100
C19d35e292844f59a18a,9.997037831452943,1100
C19d35e2928568cd803a,10.999884201803033,1200
C19d35e29286f41c44a1,11.500459186430856,1250
C19d35e29287cd30b468,11.99856051459177,1300
C19d35e29293ad500eb0,3.0000931354626963,400
C19d35e292941e223ed0,3.9999978396371123,500
C19d35e29297527b5215,33.0090796629361,3401
C19d35e2929cd38b7208,13.50942383278791,1451
C19d35e2929fd21a1fb6,13.517019564512111,1452
C19d35e292a260e24425,14.996021148675277,1600
C19d35e292a554fe1806,9.999106866379236,1100
C19d35e292a914684b7c,8.999932221492852,1000
C19d35e292af6c546f7d,31.4960721162996,3250
C19d35e292b09ca99044,34.50529248389763,3551
C19d35e292b2443d44aa,29.548336700058442,3055
C19d35e292b548f5b659,32.994890109582414,3399
C19d35e292b68802f99f,36.50176123631147,3750
C19d35e292b7966e8226,13.001509176953833,1400
C19d35e292bfbdbf59fa,6.00018752012495,700
C19d35e292c0ae136d77,9.99869028325486,1100
C19d35e292c2b4e582a9,4.99060818715011,599
C19d35e292c471816544,4.000011951827305,500
C19d35e292c55d3b6cd0,4.999704941321113,600
C19d35e292c6a59db14b,5.000099917715742,600
C19d35e292c7b9d67655,6.000075481981212,700
C19d35e292cca12a3d01,11.498950824077257,1250
C19d35e292cd80bf5b72,15.00495776214119,1600
C19d35e292dae7dfdcf4,34.00626256577907,3501
C19d35e292e7ef2cea1f,12.498686540237344,1350
C19d35e292ea620bc8dd,11.500090289952821,1250
C19d35e292edb012b3b2,22.532532316520626,2353
C19d35e292fde718bc71,31.51305050602201,3251
C19d35e292fe27860208,18.513587048402847,1951
C19d35e292ff53195abc,2.0000178725819424,300
C19d35e293008fdaf1cf,5.0000230453762065,600
C19d35e293017859249c,5.999733060383546,700
C19d35e293069b4710f6,12.499651791118282,1350
C19d35e2930be02f56ed,28.50628873773194,2951
C19d35e29313c4680113,17.0022024999173,1800
C19d35e2931445f2bf53,5.000030452915028,600
C19d35e29315f6a75cfe,5.000111020896072,600
C19d35e2934ade702d41,31.009374720131817,3201
C19d35e2934b1c640c42,6.000000440768767,700
C19d35e2934fcff26118,9.000098929451715,1000
C19d35e29351de5558b6,13.533247056498247,1453
C19d35e29354eb019577,25.003385232703348,2600
C19d35e2935c54219c92,34.50423990577769,3550
C19d35e2935d03fd264d,36.259026781384335,3726
C19d35e2935e68e9b9a6,4.999902296067529,600
C19d35e293636968c8b3,15.999466509373297,1700
C19d35e293703878a3b2,1.000089334369616,200
C19d35e29372f2ea992c,15.001827669034736,1600
C19d35e29375efe2d2d4,9.99924793702954,1100
C19d35e2938c782fef07,31.500232982314866,3250
C19d35e293930609362a,33.01446251089836,3401
C19d35e293964cfd7f3c,22.51369868310696,2351
C19d35e293972b1bf483,27.50537074559139,2851
C19d35e2939880b94b8f,29.512025298800598,3051
C19d35e2939e9e00c220,36.00075391622668,3700
C19d35e293a4948b8fb5,34.50761651671816,3551
C19d35e293ada6c37221,4.999848458247562,600
C19d35e293b789e9de14,5.999928448168215,700
C19d35e293bf147cd793,26.086392926570994,2709
C19d35e293cb0055a132,6.000080477123135,700
C19d35e293cc89d0b6af,7.999660894208313,900
C19d35e293cd2f79ca24,9.001081627813388,1000
C19d35e293d0266485dc,30.001904452423844,3100
C19d35e293d1bdfbf602,5.000010142113864,600
C19d35e293d33633971a,36.00459546058893,3700
C19d35e293d4be4339e6,7.999500100805178,900
C19d35e293d73a68fb87,7.000114325197809,800
C19d35e293e0c1f26ed5,4.001580393881556,500
C19d35e293e7261ef41a,16.552850440888037,1755
C19d35e293e85b619767,34.50186453339832,3550
C19d35e293e92c09280a,29.51406160524589,3051
C19d35e293eb0bf513df,2.0000182160574513,300
C19d35e293ec95f4852f,3.0000157486583805,400
C19d35e293f023ba26dd,35.50299194026625,3650
C19d35e293f1b81a644b,4.00008805329048,500
C19d35e293f280602f47,4.000052420920039,500
C19d35e293f3a2dce416,5.000024696942458,600
C19d35e29401f720bce7,6.000035484417356,700
C19d35e29404dc77eda1,33.00926753417865,3401
C19d35e29405c4563922,6.999127688162199,800
C19d35e29414f2eef0f7,31.505971110610226,3251
C19d35e294156c004ac4,3.000222939876045,400
C19d35e294161f0f899b,3.0000157170163546,400
C19d35e294171ab3b81b,3.0001378718595566,400
C19d35e294195a381ee4,3.000118576594009,400
C19d35e2941a345b795e,3.999931333105322,500
C19d35e2941bd005f486,4.999965822343495,600
C19d35e2941ccdb059a3,6.000008562656837,700
C19d35e294216d4c6954,3.999986444182708,500
C19d35e2942749953ff3,7.000003518169038,800
C19d35e29429635873cd,2.0000044980196074,300
C19d35e2942d6e6d316f,4.999952739214944,600
C19d35e294310476019e,4.000013355662091,500
C19d35e2943384b70be5,9.000600015264538,1000
C19d35e2943412bcecef,10.000430422340559,1100
C19d35e29443a0fe2188,7.999449519608185,900
C19d35e294499d976e0d,34.506525996683564,3551
C19d35e2944a168ef132,7.00035436491037,800
C19d35e2944b8e7ec033,11.0000459141826,1200
C19d35e2944fc3c81b33,28.999663449884167,3000
C19d35e29465cea4e9bf,33.016515317621135,3402
C19d35e2946632903794,34.012599413197805,3501
C19d35e29467ed8970ae,16.516535429888084,1752
C19d35e2946809f55a33,18.487488618752995,1949
C19d35e29469f74207cc,18.505662329349573,1951
C19d35e2946a3452649f,20.511801062951495,2151
C19d35e2946b7f3fd276,22.51693490451805,2352
C19d35e2946c95e8c3d2,28.53283544635826,2953
C19d35e2946df1b47356,9.001336257979915,1000
C19d35e2946fbacc3c2a,33.00062029674591,3400
C19d35e29470f8798aab,33.005384045297326,3401
C19d35e29471d84b5bc2,35.502897935408654,3650
C19d35e29473d94b2c33,35.50344343043534,3650
C19d35e29475adc8f810,11.99627462796345,1300
C19d35e294767ffd7092,22.515562490055952,2352
C19d35e294831adc4986,19.055601872619043,2006
C19d35e29484c95d660c,9.984714094133457,1098
C19d35e294851f8ad00c,9.999362487799313,1100
C19d35e294868e50a27f,9.999989377311428,1100
C19d35e2948775a44e2f,11.000019121921449,1200
C19d35e294889bca1e9f,34.00760309295177,3501
C19d35e294893f31c2a2,12.499728493494436,1350
C19d35e2948a6a7dc0a7,21.00153901140263,2200
C19d35e2948b6e6ca24b,26.0091960623901,2701
C19d35e2948c1d32e147,3.999632107797951,500
C19d35e2948de68a4d4d,3.999929507606787,500
C19d35e2948e4b1e270c,5.999993041028762,700
C19d35e29490879ffef1,7.000005646443423,800
C19d35e29491c5b0c97f,6.9990088247841795,800
C19d35e294929422d305,7.99998599718533,900
C19d35e2949327ca4784,8.99995103320354,1000
C19d35e294946d8482ee,8.999999904018836,1000
C19d35e294954b215373,9.000027192788204,1000
C19d35e294963f6e6d0f,9.999516889011126,1100
C19d35e29497cf05b207,11.499718290260937,1250
C19d35e2949c0553c036,27.50540812730682,2851
C19d35e2949da010ca9d,29.517758081484864,3052
C19d35e2949e54e9a21b,31.006036115683216,3201
C19d35e294a679705e62,10.003215286812381,1100
C19d35e294adc4848fa2,31.51340111067579,3251
C19d35e294aef4c65ecb,13.509625108676296,1451
C19d35e294afedc86dbf,15.011432544343446,1601
C19d35e294b0573b3c39,29.515540781122144,3052
C19d35e294b14ba51855,22.505542163517973,2351
C19d35e294baab33fcf2,29.523010673954797,3052
C19d35e294bb0a19f210,9.99985201576212,1100
C19d35e294bca1d2023e,9.999816228508557,1100
C19d35e294c02dfbad67,33.00652964403508,3401
C19d35e294c1516560d9,20.032022837659582,2103
C19d35e294c20c278fbe,36.00330953136001,3700
C19d35e294c52191bcf6,28.52706868287667,2953
C19d35e294c61974606f,32.98976402956649,3399
C19d35e294c78c20aeff,36.002075754978165,3700
C19d35e294c8af4f72a8,36.00188398276844,3700
C19d35e294c9820e1afc,36.002203367162146,3700
C19d35e294ca138e9db7,36.00272350758423,3700
C19d35e294cb816fe33d,9.999987107175293,1100
C19d35e294cf17b8d63f,25.00274204829114,2600
C19d35e294d72a40dbe0,14.99984728336977,1600
C19d35e294d879edf899,16.000000895363073,1700
C19d35e294d950ab8e7b,15.998512752368097,1700
C19d35e294da3fbd477b,27.00744387062271,2801
C19d35e294dbd2aeb135,1.0001009128810587,200
C19d35e294e5c2e11166,31.497088570527705,3250
C19d35e294e65bcb51a2,9.999045508458497,1100
C19d35e294e7836d8081,9.996744113558826,1100
C19d35e294e8f4f5a958,7.973306491905641,897
C19d35e294e942a28a21,31.509658724125284,3251
C19d35e294ea17b056df,31.501129856432055,3250
C19d35e294eb858295e2,31.502517755448267,3250
C19d35e294ec474e7ef0,31.506061888025506,3251
C19d35e294edb6b8b11a,31.00447128480868,3200
C19d35e294ee1322f4fb,31.49601980884873,3250
C19d35e294f954b37aac,11.999661049785713,1300
C19d35e294fa977c4e03,32.00713147481633,3301
C19d35e294fbc99d388c,31.501437905864147,3250
C19d35e294feaca44b87,34.50277550536521,3550
C19d35e294ffcf3f05a0,22.518645783098343,2352
C19d35e29500e1c2b8dc,25.539807438010055,2654
C19d35e295013c5cb9b1,31.005905110395858,3201
C19d35e29505a035b90f,13.503375124189361,1450
C19d35e2950679574960,20.50944570806723,2151
C19d35e2950752fbf902,20.51392666563022,2151
C19d35e29508928daaef,1.001476279648828,200
C19d35e2950ccf6b241e,34.01725027047562,3502
C19d35e2950df04c4d53,20.999859375541522,2200
C19d35e29514ae4f4731,34.000575468381356,3500
C19d35e29519d5e5b01b,34.00452571437768,3500
C19d35e2951af5faa673,26.002221172598826,2700
C19d35e2951bc11ef7f5,3.999990468956908,500
C19d35e2951cc573b9be,4.00001849028078,500
C19d35e2951d2b02962d,3.9999978396371123,500
C19d35e2951eb9c26be9,6.999926995586589,800
C19d35e2951fd96b107b,33.014394171195725,3401
C19d35e295204662ef16,34.00234215534143,3500
C19d35e29521c993cf07,34.50370057014002,3550
C19d35e29522e0758b3c,36.25123864031202,3725
C19d35e2952307b66f18,3.9999508524081078,500
C19d35e29524613b7e18,4.000049363900298,500
C19d35e29527f982e7d3,33.00143051059198,3400
C19d35e295281fc5c5d8,34.003725481438856,3500
C19d35e29529a167dc21,33.99581765802397,3500
C19d35e2952a059a02bc,36.000583929311425,3700
C19d35e2952b34c28340,4.999572992782213,600
C19d35e2952d9e90f1ee,34.504588114499256,3550
C19d35e2952e5874112d,21.001044354276722,2200
C19d35e2952f2b516800,9.000001115343448,1000
C19d35e2953c92d8bac6,33.001283756013954,3400
C19d35e2953d243d03f8,33.00197708762873,3400
C19d35e295444a7812a4,11.499710234984516,1250
C19d35e29545d87b4ef4,11.499511506658376,1250
C19d35e29549135ad740,35.50275008161971,3650
C19d35e2954eeb0d4b06,33.003854129005724,3400
C19d35e2954f81e16483,35.50276437389093,3650
C19d35e29550926e9ade,15.999556092454517,1700
C19d35e29551985d86d1,24.003239509995172,2500
C19d35e29552e8d02487,36.00644458434302,3701
C19d35e295539275f0de,5.999937631317798,700
C19d35e2955441632ed6,8.000016172299675,900
C19d35e295552bfea085,7.999956087741265,900
C19d35e2955656905b52,8.999966610959772,1000
C19d35e29557517dd2c3,9.99949735408399,1100
C19d35e29558be629199,10.999991420253751,1200
C19d35e2955f6087c966,31.500750496335055,3250
C19d35e29560a356823e,34.50249516933453,3550
C19d35e295618c763234,34.50254403170606,3550
C19d35e29562cf5edf7c,12.005116761143766,1301
C19d35e29563eca2d425,13.501843046907869,1450
C19d35e29564517e547c,18.51417135075854,1951
C19d35e2956545160b5d,20.502150429555286,2150
C19d35e29570cccf417f,34.5132571364897,3551
C19d35e295712c1b7859,25.50671720792772,2651
C19d35e29572b2c24e49,27.508351074359933,2851
C19d35e295737578f166,28.50529368444633,2951
C19d35e2957d94ebda3e,34.50503352944377,3551
C19d35e29581f2aa8a33,31.50437449061226,3250
C19d35e29582b0cf729a,36.0061124196158,3701
C19d35e29588cdb43db8,7.0000171785536045,800
C19d35e2958e6cf0ac87,33.00685539636192,3401
C19d35e2958ff5a843f6,36.00252369448275,3700
C19d35e2959c204fbcc2,35.500915202395724,3650
C19d35e2959db3fd5e8d,35.50609856690972,3651
C19d35e2959e09faf0fd,34.50221340958908,3550
C19d35e295a014f3ea2e,33.00711756157587,3401
C19d35e295a1901e9298,36.502341940974844,3750
C19d35e295b2a59527b1,16.4977081940848,1750
C19d35e295b41719ea37,35.50145757197382,3650
C19d35e295b52f8d13f5,35.50126198237063,3650
C19d35e295b6e904cf23,36.00296768809372,3700
C19d35e295b7da38ac42,20.502015990578453,2150
C19d35e295b85e6fbd57,11.8000851368682,1280
C19d35e295be6841276d,32.999520931669196,3400
C19d35e295bf99b6624c,22.492376937701763,2349
C19d35e295c40957b3b5,33.00342098203792,3400
C19d35e295c52f0966fc,37.00077182942249,3800
C19d35e295c63fbd3119,37.00059570820314,3800
C19d35e295cf99cf4a47,9.999948934293334,1100
C19d35e295d2185240f6,37.00027810252944,3800
C19d35e295d3bdc93ed5,37.50227993839002,3850
C19d35e295d4a9991655,22.50006553426828,2350
C19d35e295df70fb75d2,35.50139423612222,3650
C19d35e295e0d425b8fa,35.50244831140788,3650
C19d35e295e1eab6d8ec,18.497858286698637,1950
C19d35e295e2d8f959c4,35.01285318293542,3601
C19d35e295e5989d7afd,34.503586373144636,3550
C19d35e295e6b86b81c1,34.501280437798464,3550
C19d35e295e7b75216c2,35.501826838289624,3650
C19d35e295e86449acf5,36.001874142175346,3700
C19d35e295f39e506f28,34.50282112276199,3550
C19d35e295f84e4e919b,34.5050526372053,3551
C19d35e29601122fcba8,31.497213679907638,3250
C19d35e29602f60bdd5d,35.50182097753759,3650
C19d35e296039afd4d68,15.000634441178844,1600
C19d35e296042ab11cff,15.00201299272291,1600
C19d35e296052130eeb5,15.999911436149498,1700
C19d35e29606bc94ebcb,16.00058606650148,1700
C19d35e29607e8e1abfb,17.99973484694048,1900
C19d35e29608cb163bf8,19.00454836617474,2000
C19d35e29609d1161329,18.99989977604278,2000
C19d35e2960a8acaf5a6,35.00032900698232,3600
C19d35e2960b97675a02,4.000086872753637,500
C19d35e2960cc87a5e47,3.9999891779580814,500
C19d35e2960d4e53090f,4.999684670773585,600
C19d35e2960ecbaf6bd7,4.9984061223140035,600
C19d35e29610d96a4f2f,6.000005187884001,700
C19d35e296119d584fbf,6.999995653765977,800
C19d35e29612dc796389,7.0000104232451505,800
C19d35e29613ee739107,6.999652532950449,800
C19d35e296147dcf6264,7.998517387536792,900
C19d35e296152e5e9f79,8.999856501596975,1000
C19d35e2961668120fc4,8.999945613825124,1000
C19d35e29617600d2094,9.99954300449875,1100
C19d35e296187b44c35d,10.000160631061586,1100
C19d35e29619fe9970e5,10.000024593606362,1100
C19d35e2961af2af3c16,10.999983734443559,1200
C19d35e2961bb6715f4a,11.00001122744501,1200
C19d35e2961c87cef782,10.999886314701369,1200
C19d35e2961d9f82cc2a,10.999954502090244,1200
C19d35e2961eb4a01b03,11.49996298544285,1250
C19d35e2961f78a6a497,11.498604428144482,1250
C19d35e29620af6533da,11.799838416925503,1280
C19d35e2962162534564,11.799883181449584,1280
C19d35e296225bd6f1b9,11.999666746479843,1300
C19d35e296279881f2c5,35.50249942276359,3650
C19d35e29628c5932e6f,36.00271077711839,3700
C19d35e29629c829e63c,36.00082217869092,3700
C19d35e2962aa81ca1b0,36.25113363921257,3725
C19d35e2962bcc516f24,36.251978064605886,3725
C19d35e2962c1ddfaf67,36.25106567903068,3725
C19d35e29633dbe382b5,18.502729893436804,1950
C19d35e2963c27898b92,36.001153431719004,3700
C19d35e2963d07324b14,13.500322918382052,1450
C19d35e2963eac5b8746,13.499505103593352,1450
C19d35e2964aa51e6bd1,35.503478477582526,3650
C19d35e2964b4b84737e,18.503661565147823,1950
C19d35e2964c89b7faaa,24.00429841453063,2500
C19d35e2965699b7c690,31.003951808780776,3200
C19d35e296570a364075,8.999998945190832,1000
C19d35e29658eb7b398f,8.998712375302263,1000
C19d35e29664c59b11cd,34.50200373869027,3550
C19d35e29665afa6e04b,34.501877081258364,3550
C19d35e296662d119f00,28.504095698092065,2950
C19d35e2967450720295,33.99910524104726,3500
C19d35e296756b7f8764,27.502060013357095,2850
C19d35e29676d4426ff7,29.508167584762926,3051
C19d35e2967b21f54629,34.50173081967202,3550
C19d35e2967ce005c013,34.50740820223575,3551
C19d35e2967d60d56990,35.50082077456587,3650
C19d35e2967e58599973,35.50099792119624,3650
C19d35e2967faa4aa26d,36.500788869903616,3750
C19d35e296801d5b4d45,27.50320770825684,2850
C19d35e29681f64252a2,28.50577515733255,2951
C19d35e296820e76c06b,31.003501153778018,3200
C19d35e29684acb39588,35.50123653161725,3650
C19d35e29685f30a91e2,31.500717261748715,3250
C19d35e2968d826f79b0,36.000547674650115,3700
C19d35e2968ed75244e2,36.00021005892101,3700
C19d35e296930a0f8f2d,36.5006504354797,3750
C19d35e2969d156a79cb,34.001602865853734,3500
C19d35e2969e64f67ee5,23.003332083610484,2400
C19d35e296a341664990,34.50324352753564,3550
C19d35e296a447db2696,35.501992984550945,3650
C19d35e296a7d78a9aa4,34.00089072709242,3500
C19d35e296a833a3cfcd,13.50099695486069,1450
C19d35e296a9568fd000,16.50502089439811,1751
C19d35e296aaab72bedf,31.00161685177664,3200
C19d35e296ad13123866,16.499698234042295,1750
C19d35e296aede6db301,25.502241310356414,2650
C19d35e296b3bd57dad3,38.00529411819905,3901
C19d35e296b465de444f,4.00024539650095,500
C19d35e296b51435865d,5.999768789257475,700
C19d35e296bbca98e972,25.50283515375382,2650
C19d35e296bd94e257ae,31.49777536295553,3250
C19d35e296be75de20b1,33.00690842333691,3401
C19d35e296bf9a42948a,34.50186985676522,3550
C19d35e296c08f26d8b0,31.003196355807034,3200
C19d35e296c253bcd9ec,34.50114197253088,3550
C19d35e296c35ea0c93a,31.002394043122557,3200
C19d35e296c4976fec01,34.00119943416746,3500
C19d35e296c534fd8ade,6.980419705690841,798
C19d35e296c6136188e5,7.000002543984931,800
C19d35e296c7fd805c88,6.99999641237367,800
C19d35e296c840d05473,6.999905486943727,800
C19d35e296cf39074172,34.50494371435955,3550
C19d35e296d0fe91e4fe,35.50091627827688,3650
C19d35e296d19c24f5aa,35.50361411511464,3650
C19d35e296d2d013a345,16.001979123797227,1700
C19d35e296d3115fc077,19.007647217161715,2001
C19d35e296d4afd8c717,19.003027627436296,2000
C19d35e296d54b122497,6.000031438737502,700
C19d35e296d7fced2d75,7.000015558784204,800
C19d35e296d82bb22f1d,7.000305536002598,800
C19d35e296d9930dbbad,7.000018366662005,800
C19d35e296dab3cf6e7d,7.0000171785536045,800
C19d35e296dc4f6e2b67,33.00131143410148,3400
C19d35e296dd381ecc2f,35.50190356082907,3650
C19d35e296de6851204f,35.50190443172801,3650
C19d35e296e006204ba6,7.000013261194603,800
C19d35e296e1876d92ad,7.000877851924192,800
C19d35e296e25d015849,7.000455922800933,800
C19d35e296e355c78245,7.000040729533259,800
C19d35e296e4ba125ae5,7.000108282688263,800
C19d35e296e597301b0f,7.000012550103143,800
C19d35e296e659476eb3,6.993275392507492,799
C19d35e296e967fc47b7,2.000022192500952,300
C19d35e296eb5c50d5d5,7.000149793105162,800
C19d35e296ec9eb7b673,6.999888625014102,800
C19d35e296f05d8a288f,34.00219595081861,3500
C19d35e296f13489e53e,35.50087519694087,3650
C19d35e296f28982a6f4,29.004019158812426,3000
C19d35e296f383d65586,2.0000182796324926,300
C19d35e296f43df2e0d3,3.000512450142631,400
C19d35e296f5d4dd4f53,7.000036267692752,800
C19d35e296f6614cfd1c,36.501787903298776,3750
C19d35e296f7e0e788aa,36.75226906540176,3775
C19d35e296fca200ed87,35.502862723257735,3650
C19d35e296ff90179c23,7.999868678798007,900
C19d35e29705b8a200e5,34.00125258475893,3500
C19d35e297063c6a6d10,37.00012057524963,3800
C19d35e2970708cf2bf9,20.501314638219068,2150
C19d35e2970c20b8fa36,36.5015649325295,3750
C19d35e2970da07f8eca,17.999963881641897,1900
C19d35e2970ffefc1922,5.999964217576807,700
C19d35e297108639a172,8.000007418577672,900
C19d35e29711bfa5f41f,8.000008464016618,900
C19d35e29712c8692e8b,8.000062576893605,900
C19d35e2971323cc6ece,9.99994555822555,1100
C19d35e29714f0f8eaae,10.000956529415443,1100
C19d35e29715b621c6f2,11.499974104648615,1250
C19d35e2971690e68362,12.000127157938461,1300
C19d35e2971acb23b973,32.99886284424441,3400
C19d35e2971bdb4e1db4,33.99961515494068,3500
C19d35e2971c134b5a61,34.501060658249564,3550
C19d35e2971d598209da,34.503254600597316,3550
C19d35e2971edbd0a589,34.50166458560708,3550
C19d35e2971fa9b95e3e,35.50055282663426,3650
C19d35e297203c32a414,31.0016841501328,3200
C19d35e29721a34366c1,22.001711338200074,2300
C19d35e2972225972bb9,8.00000208554237,900
C19d35e29726a88d4bf9,7.9999822506337805,900
C19d35e2972787394427,7.999756878167486,900
C19d35e29728b7d90117,8.000001050769967,900
C19d35e2972ccb99ee1e,28.50454791397356,2950
C19d35e2972da0720f91,8.999765464915237,1000
C19d35e2972ef12d61d3,6.000008631264804,700
C19d35e2973024a7a1a7,35.50118580309418,3650
C19d35e2973199d2a4ac,35.50047358415307,3650
C19d35e297322bbd927f,5.999034511069917,700
C19d35e297337a381414,6.000526775809633,700
C19d35e2973adfa28299,5.997855730908769,700
C19d35e2973f25343ac7,6.000008562656837,700
C19d35e29740b9dccb4f,6.000010704767824,700
C19d35e2974715fdbb48,36.25011236591575,3725
C19d35e2974c6889d8fb,3.9950010690856876,500
C19d35e29751079be3a1,39.00479400767666,4000
C19d35e29752c0f830ce,3.959409866174162,496
C19d35e2975f4ed4430d,33.00142694720738,3400
C19d35e297603884bbe2,33.00013688902789,3400
C19d35e2976132fe111c,34.00142956818743,3500
C19d35e297620fc76e48,6.000008410036209,700
C19d35e2976b36769ab6,34.502336562375795,3550
C19d35e2976c00d54401,24.00435666172331,2500
C19d35e29776a1732df2,36.50165408326534,3750
C19d35e297779fb9389a,13.501650596345886,1450
C19d35e2977871382d74,6.0000083464611675,700
C19d35e2978314a1a014,35.500590764049846,3650
C19d35e2978cb9be5c65,20.499000350892086,2150
